NO,LICENCE_NUMBER,NAME,LOCATION,MMDA,REGION,TYPE
1,PC/AS/R/0261J,10 O'CLOCK PHARMACY,"H/NO. MZ 13 ANTOAKROM STREET TOWN STREET
ANTOAKROM",AMANSIE WEST,Ashanti,Retail
2,PC/GR/R/0558K,18 KADMAT PHARMACY LIMITED,H/NO. GB 12 CP TAXI RANK GBAWE,GA SOUTH,Greater Accra,Retail
3,PC/WR/WR/0328J,180 PLUS PHARMACY LTD,H/NO. 33 KUMASI ROAD GYEDI BIBIANI,BIBIANI-ANHWIASO BEKWAI,Western,Wholesale/Retail
4,PC/WR/WR/0229M,2 CAPSULES PHARMACY,"MANKESSIM WHITE HOUSE, TAKORADI",SEKONDI-TAKORADI,Western,Wholesale/Retail
5,PC/ER/R/0503L,27TH PHARMACY LTD,"H/NO. E43 POST OFFICE ROAD GLORY OIL SERVICE STATION
DONKOKROM",KWAHU AFRAM PLAINS SOUTH,Eastern,Retail
6,PC/AS/R/0103A,2SD PHARMACY,AG-0576-08068 METHODIST HOSPITAL STREET - ABURASO,ATWIMA KWANWOMA,Ashanti,Retail
7,PC/AS/R/0010E,360 PHARMACY LTD.,"PLOT NO. 16,BLOCK IV BUOKROM HIGH STR. BUOKROM
KUMASI",KMA,Ashanti,Retail
8,PC/GR/R/0395K,3A HEALTH PHARMACY LTD.,BLOCK 7 OPPOSITE EDO HOUSE FRIMPONG-WE BUBUASHIE,AMA,Greater Accra,Retail
9,PC/GR/R/0189E,3CARE PHARMACY LTD,"OPP. LA BAWALESHIE PRESBY SCH. - - OKPONGLO-
BAWALESHIE",GA EAST,Greater Accra,Retail
10,PC/CR/W/0078P,3J's PHARMACY,STORE 1 & 2 NEW MARKET ROAD - KASOA,AWUTU SENYA EAST,Central,Wholesale
11,PC/GR/R/0456K,3J'S PHARMACY,H/NO. GL 022 NII TETTEH JAMES STREET RICO LA,LA NKWANTANANG-MADINA,Greater Accra,Retail
12,PC/GR/R/0026E,3KS PHARMACY LTD.,H/NO. 4 ASOFAN HIGH STREET - ACCRA,GA WEST,Greater Accra,Retail
13,PC/GR/R/0226E,3M & C PHARMACY,H/NO. 1 COTTON STREET EAST LEGON LEGON,GA EAST,Greater Accra,Retail
14,PC/GR/R/0454L,4A'S PHARMACY LIMITED,GK-0566-0647 - SANTEO TEMA,TMA,Greater Accra,Retail
15,PC/AS/R/0111D,4TRESS PHARMACY LTD.,"PLOT NO. 87, SOUTH ASHIAM - - ESERESO",BOSOMTWE,Ashanti,Retail
16,PC/ER/WR/0319J,5K PHARMACEUTICALS LIMITED,H/NO. A170 SARFI BAGOBIRI STREET ZONGO ASAMANKESE,WEST AKIM,Eastern,Wholesale/Retail
17,PC/AS/R/0084E,7 DAYS PHARMACY LTD.,"PLOT NO. 17, BLOCK C KRONUM KRONUM",KMA,Ashanti,Retail
18,PC/AS/R/0199E,7 STARS CHEMIST LTD.,"PLOT 3, PFS SUAME-OFFINSO RD. - BREMAN",KMA,Ashanti,Retail
19,PC/AS/R/0372K,72ND PHARMACY LTD,"PLOT C, CHIRAPATRE ESTATE",KMA,Ashanti,Retail
20,PC/AS/R/0093N,77 ELIXERS PHARMACY,"OTN 52, BLOCK 52 - AHENBRONUM KONONGO",ASANTE AKIM CENTRAL,Ashanti,Retail
21,PC/AS/R/0317K,77 ELIXIRS PHARMACY,"PLOT 1, BLOCK 7, AGOGO",ASANTE AKIM NORTH,Ashanti,Retail
22,PC/NR/R/0188F,A & A PHARMACY CONSULT LTD.,"NAAGAMNI FILLING STN, NIM AVE, JAKARIYILLI, TAMALE",TAMALE,Northern,Retail
23,PC/WR/WR/0016N,A & B PHARMA LIMITED,"H/NO. AP 1/10E, APOWA",AHANTA WEST,Western,Wholesale/Retail
24,PC/CR/WR/0158G,A AND E PHARMACY LTD.,"H/NO. STORES 1 & 2 ACCRA RD, PACIFIC FILLING STATION,
MANKESSIM",MFANTSEMAN,Central,Wholesale/Retail
25,PC/GR/R/0032G,A-BLACKS PHARMACY,"STORE 1&2, ABLEKUMA CURVE POKUASE-ANYAA RD, -
ABLEKUMA",GA SOUTH,Greater Accra,Retail
26,PC/GR/WR/0016J,A-SARPS PHARMACY (ANNEX),"H/NO. C55, SE7 NEAR PALACE FLOWER POT EAST AIRPORT
HILLS ACCRA",AMA,Greater Accra,Wholesale/Retail
27,PC/AS/WR/00115,A. A. B. PHARMA & TRAD. CO. LTD,"H/NO. EJ 1, EJISU",EJISU-JUABENG,Ashanti,Wholesale/Retail
28,PC/CR/WR/0092B,A. B. CHEMIST (GH) LTD.,PLOT 79 COMMERCIAL ROAD WINNEBA WINNEBA,EFFUTU,Central,Wholesale/Retail
29,PC/BA/WR/00040,A. K. GLOBAL PHARMACEUTICALS,"H/NO. PLOT 15 MAIN STREET OPPOSITE MARKET
NKRANKWANTA",DORMA WEST,Brong Ahafo,Wholesale/Retail
30,PC/GR/WR/00002,A. M. E. PHARMACY LTD.,"H/NO. B 669A/6, - ABOSSEY OKAI ACCRA",AMA,Greater Accra,Wholesale/Retail
31,PC/GR/R/0048P,A. M. GAMBO PHARMACY LTD,K-0650-7914 LEGON HILLS DRIVE - SANTOE,SHAI-OSUDOKU,Greater Accra,Retail
32,PC/GR/R/00416,A. Q. PHARMACY LTD,GOIL SERVICE STATION - CIRCLE-CAPRICE ROAD ACCRA,AMA,Greater Accra,Retail
33,PC/UWR/WR/00003,A. RAZMAK PHARMACY,UNN. STORE WAPAANI ROAD MARKET SQUARE WA,WA,Upper West,Wholesale/Retail
34,PC/WR/R/00047,A.A.A. MENS PHARMACY,PLOT NO. 4 MARKET CIRCLE MARKET CIRCLE TAKORADI,SEKONDI-TAKORADI,Western,Retail
35,PC/CR/R/0380H,A&E PHARMACY LIMITED ANNEX,"STORE 3 & 4 CAPE COAST ROAD NEAR SANDFORD CLINIC
MANKESSIM",MFANTSEMAN,Central,Retail
36,PC/AS/R/0347J,A2 PHARMACY,"H/NO. PLOT 1, BLK 6 CPC-KROFROM STREET ODUMASI
KROFROM",KMA,Ashanti,Retail
37,PC/GR/R/0094J,AA-DANHARIS PHARMACY LIMITE,"H/NO. GCA/0001 EVANS KWADWO STREET ANYAA
ABLEKUMA N.I.C",GA CENTRAL,Greater Accra,Retail
38,PC/GR/R/0183F,AA-DANHARIS PHARMACY LTD.,ANYAA-ABLEKUMA - AGAPE HIGH STREET AGAPE,GA SOUTH,Greater Accra,Retail
39,PC/GR/WR/00203,ABANKS CHEMIST,H/NO. 24 MANGO TREE AVENUE ASYLUM DOWN ACCRA,AMA,Greater Accra,Wholesale/Retail
40,PC/GR/R/0011B,ABBA CHEMISTS LTD,"H/NO. R1 THORN VALLEY ROAD SAKUMONO SAKUMONO
ESTATE",TMA,Greater Accra,Retail
41,PC/GR/R/00843,ABBYPHARMA LTD.,"H/NO. 255/2 NR. ELECTORAL COMMISSION MADINA NEW
ROAD MADINA",ADENTAN,Greater Accra,Retail
42,PC/GR/R/00843,ABBYPHARMA LTD.,"H/NO. 255/2 NR. ELECTORAL COMMISSION MADINA NEW
ROAD MADINA",ADENTAN,Greater Accra,Retail
43,PC/GR/R/00210,ABED PHARMACY LIMITED,H/NO. 55 KOJO SARDINE LA ACCRA,LEDZOKUKU-KROWOR,Greater Accra,Retail
44,PC/WR/WR/00016,ABESAM PHARMACY,H/NO. 1 JOKO ROAD - BIBIANI,BIBIANI-ANHWIASO BEKWAI,Western,Wholesale/Retail
45,PC/GR/R/00003,ABGRAD PHARMACY,STORE NO. C/B14 - COMMUNITY 8 MARKET TEMA,TMA,Greater Accra,Retail
46,PC/CR/R/0533L,ABI-A PHARMACY LTD,H/NO. 916 MARKET ROAD - KASOA,AWUTU SENYA EAST,Central,Retail
47,PC/WR/WR/0050H,ABIGIPHARMA LTD,"H/NO. PT 44 NEAR SAMRII PHARMACY RACE COURSE
TAKORADI",TMA,Greater Accra,Wholesale/Retail
48,PC/AS/R/0143J,ABIPII PHARMACY,H/NO. AK 9 - NEAR PALACE AKYAWKROM,EJISU-JUABENG,Ashanti,Retail
49,PC/CR/R/0151G,ABIRIC PHARMACY,"PLOT 588 BLOCK C ESTATE JUNCTION, NEAR PRINCE DERICK
INT. SCH, KASOA",AWUTU SENYA,Central,Retail
50,PC/GR/R/0421K,ABIS CHEMIST LTD,H/NO. 9 MAMAH ADJELEY ROAD - MARTEY TSURU,LA NKWANTANANG-MADINA,Greater Accra,Retail
51,PC/GR/WR/0075G,ABLAZE PHARMACY,"H/NO.33, ADENYENASEE ROAD, NEW WEIJA, ACCRA",GA SOUTH,Greater Accra,Wholesale/Retail
52,PC/WR/WR/0036P,ABOAGYE PHARMACEUTICALS LIM,H/NO. C16/3 - AYEBOESO SEFWI WIAWSO,SEFWI WIAWSO,Western,Wholesale/Retail
53,PC/GR/WR/00310,ABOKOBI PHARMACY,H/NO. 0600 - ABOKOBI ACCRA,GA EAST,Greater Accra,Wholesale/Retail
54,PC/WR/WR/0003D,ABOSO PHARMACY LIMITED,"H/NO. 191, NO. 9 ZONGO LANE STR, NR LORRY STATION,
ABOSO",PRESTEA HUNI VALLEY,Western,Wholesale/Retail
55,PC/AS/R/0183M,ABSAK PHARMACY LTD,"PLOT A, BLOCK 30 - BREMAN KUMASI",KMA,Ashanti,Retail
56,PC/GR/R/0196C,ABSOLUTE HEALTH,UNN. HOUSE ACCRA NSAWAM ROAD POKUASE POKUASE,GA WEST,Greater Accra,Retail
57,PC/WR/WR/00012,ABUAKWA PHARMACY,H/NO 22/7 LIBERATION RD TAKORADI TAKORADI,SEKONDI-TAKORADI,Western,Wholesale/Retail
58,PC/AS/R/0174K,ABYAK PHARMA LIMITED,"PLOT 9, BLOCK 1 ADJACENT SIKA FM KROFROM KUMASI",KMA,Ashanti,Retail
59,PC/AS/W/00054,ABYAK PHARMA LTD,ASOKWA - OPPOSITE AMASS SECONDARY SCHOOL KUMASI,KMA,Ashanti,Wholesale
60,PC/CR/WR/0147E,ACCESS PHARMACEUTICALS,"H/NO. 244/4, BAWJIASE ROAD KAEMEBRE KASOA",AWUTU SENYA,Central,Wholesale/Retail
61,PC/VR/WR/0569K,ACCESS-B PHARMACY LTD,H/NO. 26 ASONFU AVENUE DOME HO,HO,Volta,Wholesale/Retail
62,PC/GR/R/00005,ACCRA CHEMISTS LTD.,H/NO. C 12/2 HALL AVENUE ADABRAKA ACCRA,AMA,Greater Accra,Retail
63,PC/GR/R/0157M,ACCRA MEDICAL CENTRE PHARMA,H/NO. 11 ANGOLA CLOSE RINGWAY ESTATE OSU,AMA,Greater Accra,Hospital Pharmacy
64,PC/WR/R/0082K,ACCURATE PHARMACY,PLOT NO. 10/26 SHARA BAR ESSIKADO TAKORADI,SEKONDI-TAKORADI,Western,Retail
65,PC/GR/R/0061D,ACHEAMPONG PHARMACY,"PLOT NO. 81, ACCRA-KASOA ROAD WEIJA WEIJA",AMA,Greater Accra,Retail
66,PC/AS/R/0072B,ACHEBAY PHARMACY,"PLT 9, BLOCK D MEDOMA KUMASI",KMA,Ashanti,Retail
67,PC/NR/R/0262P,ACHEBO PHARMACY LTD,H/NO. BIL 485 FK2 PUFFIN STREET BIEPIELA TAMALE,TAMALE,Northern,Retail
68,PC/GR/WR/0001K,ACTIKID PHARMACY,"UNN. STORE TUBA TOLL BOOTH KASOA AMANFROM UNN.
STORE TUBA TOLL BOOTH KASOA AMANFROM AMANFROM
KASOA",GA SOUTH,Greater Accra,Wholesale/Retail
69,PC/GR/R/0047L,ACTIKID PHARMACY,H/NO. A18/595 OBLOGO STREET SIPONPON DANSOMAN,GA CENTRAL,Greater Accra,Retail
70,PC/GR/R/0208F,ACTS PHARMACY,"NO. 1 ESTHER AFRIFA SHOP, MENSAH GUINEA HIGH STR.
ACCRA",AMA,Greater Accra,Retail
71,PC/GR/R/0160L,ACTS PHARMACY LTD,H/NO. H11/12 COFFEE STREET DAR ES-SALEM TESHIE,LEDZOKUKU-KROWOR,Greater Accra,Retail
72,PC/GR/R/0100M,ADALITS PHARMACY,H/NO. R15 VIENNA CITY COMMUNITY 8 TEMA,TMA,Greater Accra,Retail
73,PC/GR/R/00964,ADALITS PHARMACY LTD.,"H/NO. A60 CHECK POINT SPOT ASHAIMAN LEBANON ZONE 2
ASHIAMAN",TMA,Greater Accra,Retail
74,PC/UER/R/0250N,ADAM A PLUS PHARMACY LTD,NAAGAMNI FUEL STATION - KUMBOSIGO BOLGATANGA,BOLGATANGA,Upper East,Retail
75,PC/AS/R/0353K,ADAMS PHARMACY,H/NO. AN 192 - - ANWIANKWANTA,AMANSIE CENTRAL,Ashanti,Retail
76,PC/AS/WR/0203E,ADAMS PHARMACY,"H/NO. K.O. 165, AHENFIE STR. KOKOFU KOKOFU",BEKWAI,Ashanti,Wholesale/Retail
77,PC/GR/R/0060N,ADANE CHEMIST LIMITED,H/NO. CU 230 ROYAL STREET BETA JUNCTION ABEHENEASE,GA SOUTH,Greater Accra,Retail
78,PC/AS/WR/0596L,ADANSIMAN PHARMACY,"GCA 0196, ADIEMBRA-ADANSI",ADANSI NORTH,Ashanti,Wholesale/Retail
79,PC/AS/WR/0064A,ADARF (ANIMAH) HEALTHCARE LT,"H/NO. EJ 16 BLOCK D, EJISU",EJISU-JUABENG,Ashanti,Wholesale/Retail
80,PC/UER/R/0251N,ADASTRAF PHARMACY LTD,"H/NO. 65 BUGATE PLAZA ROAD OLD JUNCTION,
TINDONSOBLIGO BOLGATANGA",BOLGATANGA,Upper East,Retail
81,PC/UER/R/0002P,ADASTRAF PHARMACY LTD,"H/NO. TG-123 HOSPITAL BAARE ROAD OPPOSITE HOAPITAL
SEOK TONGO",NABDAM,Upper East,Retail
82,PC/GR/R/00752,ADAZARA PHARMACY,H/NO. A 54/18 ASUABA STREET - DANSOMAN,AMA,Greater Accra,Retail
83,PC/GR/R/0183C,ADD PHARMA (GH) LTD,"H/NO. 13, INDEPENDENCE AVE, FREETOWN EMPORIUM
MOVENPICK HOTEL ACCRA",AMA,Greater Accra,Retail
84,PC/GR/R/0424K,ADD PHARMA GH LIMITED,GL-070-4578 LAKPA STREET - TSE ADDO,LA NKWANTANANG-MADINA,Greater Accra,Retail
85,PC/AS/W/0082N,ADD PHARMA GH LTD,50B ADDO KUFFOUR AVENUE - KUMASI,KMA,Ashanti,Wholesale
86,PC/GR/R/0139K,ADD PHARMA GH LTD,H/NO. 16/16 WINNEBA ROAD DARKUMAN ACCRA,GA SOUTH,Greater Accra,Retail
87,PC/GR/R/0198L,ADD PHARMA GH. LTD,BUKUM BOXING ARENA MUTUARY ROAD - KORLE GONNO,GA CENTRAL,Greater Accra,Retail
88,PC/GR/W/0200L,ADD PHARMA GH. LTD,JP PLAZA DADEBAN NORTH INDUSTRIAL AREA DARKUMAN,AMA,Greater Accra,Wholesale
89,PC/GR/R/0443L,ADD PHARMA GH. LTD,GT-045-0253 TACHIE TAWIAH STREET COMMUNITY 7 TEMA,TMA,Greater Accra,Retail
90,PC/GR/W/0011F,ADD PHARMA(GH) LTD.,"DAE 1/7, BAATSONA, BATSONA COMM. 18 TEMA",TMA,Greater Accra,Wholesale
91,PC/AS/R/0552L,ADDBERRY PHARMACY LTD,"PLOT 2, BLOCK E ADJEI ADJEKUM ROAD - GYINYASE",KMA,Ashanti,Retail
92,PC/GR/R/0085M,ADDISON'S PHARMACY LIMITED,H/NO. 54 DEDE STREET - NORTH LABONE ESTATES,LA NKWANTANANG-MADINA,Greater Accra,Retail
93,PC/GR/R/0427K,ADDPHARMA GH. LIMITED,TOTAL SERICE STATION - PIG FARM ACCRA,GA CENTRAL,Greater Accra,Retail
94,PC/GR/R/0021F,ADDPHARMA GH. LTD.,"H/NO. B 549/8, QODESH CHURCH, DADEBEN RD, - KANESHIE-
ACCRA",AMA,Greater Accra,Retail
95,PC/GR/WR/00004,ADENTA PHARMACY LTD.,H/NO 039 - Adenta ADENTA,ADENTAN,Greater Accra,Wholesale/Retail
96,PC/GR/W/00051,ADEPA PHARMACEUTICALS LTD.,H/NO. OTB 159 KIMBERLEY AVENUE - ACCRA,AMA,Greater Accra,Wholesale
97,PC/GR/R/00192,ADEPA PHARMACEUTICALS LTD.,NO. 7 PATRICE LUMUMBA ROAD AIRPORT ACCRA,AMA,Greater Accra,Retail
98,PC/GR/W/00051,ADEPA PHARMACEUTICALS LTD.,H/NO. OTB 159 KIMBERLEY AVENUE - ACCRA,AMA,Greater Accra,Wholesale
99,PC/GR/R/00192,ADEPA PHARMACEUTICALS LTD.,NO. 7 PATRICE LUMUMBA ROAD AIRPORT ACCRA,AMA,Greater Accra,Retail
100,PC/VR/W/0025J,ADEPHARMA LIMITED,"H/NO. 40 ACCRA-AFLAO ROAD, BREAD MARKET SOGAKOPE",SOUTH TONGU,Volta,Wholesale
101,PC/VR/R/0171J,ADEPHARMA LIMITED,"H/No 1 Opposite Sogakope District Hospital , Sogakope ACCRA-
AFLAO ROAD SOGAKOPE SOGAKOPE",SOUTH TONGU,Volta,Retail
102,PC/VR/R/0145L,ADEPHARMA LTD,"H/NO. 3, AKATSI-TEDZEWU",AKATSI SOUTH,Volta,Retail
103,PC/GR/R/0208M,ADEPHARMA LTD,"PR/AA/034 TEMA-AFLAO ROAD PRAMPRAM JUNCTION
DAWHENYA",NINGO PRAMPRAM,Greater Accra,Retail
104,PC/AS/W/0140B,ADERIC CHEMIST LTD,H/NO. ME 97 MANHYIA EXTENSION KUMASI KUMASI,KMA,Ashanti,Wholesale
105,PC/AS/R/00002,ADFORD CHEMIST,"H/NO. PLOT 1, BLOCK 1 - ASAFO KUMASI",KMA,Ashanti,Retail
106,PC/GR/R/0133K,ADIMED PHARMACY LTD,H/NO C245 NEAR HILLA OIL KUBEKROM NO. 1 ASHAIMAN,KPONE KATAMANSO,Greater Accra,Retail
107,PC/AS/R/0110L,ADIYIAH PHARMACY,"PLOT 76,BLOCK II - NEAR ST. LOIUS TRAINING COLLRGE
MBROM",KMA,Ashanti,Retail
108,PC/AS/WR/00003,ADIYIAH PHARMACY LTD,PLOT 19 BLOCK DUNKIRK RAILWAYS ADUM KUMASI,KMA,Ashanti,Wholesale/Retail
109,PC/GR/R/0007C,ADKENS PHARMACY LTD,H/NO. Q21/871 1ST JUNCTION - TESHIE-NUNGUA,LEDZOKUKU-KROWOR,Greater Accra,Retail
110,PC/WR/WR/0098G,ADMAK PHARMACY,"H/NO. SA 1 STORE, NR GPRTU STN, BEKWAI, SAMREBOI",WASSA AMENFI WEST,Western,Wholesale/Retail
111,PC/GR/R/0210J,ADNAID PHARMACY,UNN. - OLD ASHONGMAN PURE WATER OLD ASHONGMAN,GA EAST,Greater Accra,Retail
112,PC/GR/R/0041E,ADNIAD PHARMACY,"UNN. HSE, P & T MAIN GATE STR, PANTANG HOSPITAL,
PANTANG",ADENTAN,Greater Accra,Retail
113,PC/GR/R/0196L,ADOMPEM CAMPANY LTD,KWASI OPPONG STREET - PILLAR 2 DOME,GA EAST,Greater Accra,Retail
114,PC/GR/R/0453L,ADPRIS CHEMIST LIMITED,"H/NO. AY/KU 063 OWUBORSER STREET NEAR METHODIST
CHURCH DORYUMU",SHAI-OSUDOKU,Greater Accra,Retail
115,PC/GR/R/00196,ADS PHARMACY,H/NO. B. 953/7 ORGLE ROAD KANESHIE ESTATES ACCRA,AMA,Greater Accra,Retail
116,PC/BA/WR/00017,ADUANABA PHARMACY LTD.,H/NO. A 1/3 NKORANZA,NKORANZA SOUTH,Brong Ahafo,Wholesale/Retail
117,PC/BA/WR/00031,ADUANABA PHARMACY LTD.,"OPPOSITE MIDWAY HOTEL STC STATION SERWAABA
KINTAMPO",KINTAMPO NORTH,Brong Ahafo,Wholesale/Retail
118,PC/AS/R/0061B,ADUDAIS PHARMACY,"H/NO. PLT 5, BLOCK B KENYASE KUMASI",KMA,Ashanti,Retail
119,PC/AS/R/0063E,ADUFEL PHARMACY,"PLOT 190A, BLOCK B TIKROM STREET - TIKROM",EJISU-JUABENG,Ashanti,Retail
120,PC/AS/R/0107J,ADUMAX PHARMACY,STORE 1 - OPPOSITE SHELL FUEL STATION ABIJAN NKWANTA,BOSOMTWE,Ashanti,Retail
121,PC/AS/WR/0377H,ADUPAC CHEMISTS LTD,"PLOT 5A, BLOCK 174 LORRY STATION SAWUA PETEDUASE
STREET SAWUA",BOSOMTWE,Ashanti,Wholesale/Retail
122,PC/GR/R/0048J,ADUPEPS AND SONS PHARMACY L,H/NO. NG/111 KINGSTOWN LANE NGLESHIE AMANFROM,GA SOUTH,Greater Accra,Retail
123,PC/GR/WR/00205,ADUSAL PHARMACY LTD,H/NO. B268/25 - DARKUMAN-ALAFIA ACCRA,AMA,Greater Accra,Wholesale/Retail
124,PC/AS/WR/0583L,AF HELLELUYAH PHARMACY LTD,"PLOT 5, BLOCK C, AFARI",ATWIMA NWABIAGYA,Ashanti,Wholesale/Retail
125,PC/GR/R/0491L,AFAD PHARMACY LIMITED,H/NO. 1 - HASSAN AD ADAM SNR SCC WEIJA,GA SOUTH,Greater Accra,Retail
126,PC/AS/R/0022M,AFBAN PHARMACY,H/NO. EA 32 APPIADU ROAD - EMENA,KMA,Ashanti,Retail
127,PC/WR/WR/0007P,AFDOC PHARMACY,STORE 2 MAIN ROAD - JAWAY WHARF,JOMORO,Western,Wholesale/Retail
128,PC/WR/WR/0372H,AFFDOC PHARMACY LTD,H/N0. E/146 ASSIN HALF,JOMORO,Western,Wholesale/Retail
129,PC/AS/WR/0011N,AFRANCHO COMMUNITY PHARM,PLOT NO. 8 - HEALTH CENTRE AFRANCHO,KMA,Ashanti,Wholesale/Retail
130,PC/AS/R/0269J,AFRI-J PHARMACY,"PLOT 4, BLK B AYAWASE STREET AYAWASE NSUTA",SEKYERE CENTRAL,Ashanti,Retail
131,PC/AS/R/0190K,AFRICA CHEMIST COMPANY LIMIT,STORE NO. 2 - SAWIAH JUNCTION SAWIAH,BOSOMTWE,Ashanti,Retail
132,PC/AS/WR/0154N,AFRICAN CHEMIST LIMITED,"FRIMPS OIL COMPLEX PEACE JUNCTION - DOMPOASE
JUNCTION",BOSOMTWE,Ashanti,Wholesale/Retail
133,PC/GR/R/00287,AFRIQ PHARM & H'SERV'S LTD.,H/NO.GDHS/001 - NEW TOWN TEMA,TMA,Greater Accra,Retail
134,PC/ER/WR/0336K,AFTER THAT PHARMACY LTD,"EN-001-2143 TRAIN STATION ROAD OPPOSITE RCC
KOFORIDUA",NEW-JUABENG,Eastern,Wholesale/Retail
135,PC/WR/R/0070F,AGAPE PHARMACY LTD.,H/NO. A12/64 OPP. MAIN STATION AGONA NKWANTA,AHANTA WEST,Western,Retail
136,PC/GR/R/0224E,AGIBANS PHARMACY,"NSUO ANO TROTRO STATION, LAKESIDE EST. - - ASHALEY
BOTWE",GA EAST,Greater Accra,Retail
137,PC/CR/WR/0518L,AGIFEL PHARMACY LIMITED,"H/NO. 3, BLOCK 77, ABURA DUNKWA",ABURA-ASEBU-KWAMANKESE,Central,Wholesale/Retail
138,PC/CR/W/0062P,AGO PHARMACEUTICALS,BLOCK 19 STREET MAIN STREET EDUMADZE,MFANTSEMAN,Central,Wholesale
139,PC/AS/WR/00092,AGYA NTI PHARMACY LTD,H/NO. TN. 100 - TEPA TEPA,AHAFO-ANO NORTH,Ashanti,Wholesale/Retail
140,PC/AS/R/00054,AGYEBERT PHARMACY LTD,"PLOT 9, ADJACENT TRUE VINE HOTEL WEST NHYIEASO",KMA,Ashanti,Retail
141,PC/ER/WR/0380H,AGYEKEN PHARMACY LIMITED,ECG 108 MAIN STREET OPPOSITE NSUMIA PARK NSUMIA,NSAWAM ADOAGYIRI,Eastern,Wholesale/Retail
142,PC/GR/R/0169J,AHOTO PHARMACY LIMITED,L37 HONG KONG KWASHIBU STREET HONG KONG ACCRA,GA EAST,Greater Accra,Retail
143,PC/AS/R/0117L,AID INN PHARMACY,"PLOT 6, BLOCK D OFFINSO ROAD - MAAKRO",KMA,Ashanti,Retail
144,PC/AS/WR/0314H,AID INN PHARMACY,"PLOT 1, BLOCK E KENYASE-KOTEI ROAD NEW SITE KENYASE",KWABERE EAST,Ashanti,Wholesale/Retail
145,PC/AS/R/0125J,AID INN PHARMACY,"PLOT 23, BLOCK C, MAMPONTENG",KWABERE EAST,Ashanti,Retail
146,PC/AS/R/0376H,AID INN PHARMACY LTD,"PLOT 4, BLK D BREMANG BREMANG BREMANG BREMANG",KMA,Ashanti,Retail
147,PC/GR/R/0320P,AID-POINT PHARMACY LTD,"H/NO. 1, GA 542-7055 - EXHIBITION DANSOMAN",AMA,Greater Accra,Retail
148,PC/AS/R/00151,AIDCOM LTD,"PLOT 7, BLOCK D, ASAWASI NORTH ZONGO KUMASI",KMA,Ashanti,Retail
149,PC/GR/R/0095F,AIDE CHEMIST LTD,"H/NO.M600/1 MADINA NEW ROAD NEAR RAWLINGS CIRCLE
MADINA",LA NKWANTANANG-MADINA,Greater Accra,Retail
150,PC/ER/R/0162H,AIDE CHEMIST LTD.,"H/NO. KKB 89A, KORLE NEAR MACDIC HOTEL KORLE-
KOFORIDUA KOFORIDUA",NEW-JUABENG,Eastern,Retail
151,PC/WR/WR/0011M,AIDEN PHARMACY,STORE 4 GOASO ROAD - BIBIANI,BIBIANI-ANHWIASO BEKWAI,Western,Wholesale/Retail
152,PC/GR/WR/0354L,AIRAM PHARMACEUTICALS LIMIT,PLOT 225 & 227 ATOMIC ROAD - HAATSO,GA EAST,Greater Accra,Wholesale/Retail
153,PC/AS/WR/0153N,AJOK-GREEN PHARMACY LTD,"H/NO. TE 66, BLOCK 2 MAIN STREET - TREDE",ATWIMA KWANWOMA,Ashanti,Wholesale/Retail
154,PC/WR/W/0061C,AKAN CHEMIST,"STORE NO. 81/82, NEW ASHANTI ROAD MARKET CIRCLE
TAKORADI",SEKONDI-TAKORADI,Western,Wholesale
155,PC/BA/WR/0060G,AKESEFOUR CHEMISTS LTD.,"H/NO. BNW 75, BECHEM COURT AREA, COURT AREA SWEDRU",BIRIM SOUTH,Eastern,Wholesale/Retail
156,PC/GR/R/0205F,AKOHANS PHARMACY LIMITED,"H/NO. E 4A, SANTA MARIA - - KWASHIEMAN-ACCRA",GA CENTRAL,Greater Accra,Retail
157,PC/AS/WR/00004,AKOMA PHARMACEUTICALS LTD,OTB 226B NTOMIN ROAD ADUM KUMASI,KMA,Ashanti,Wholesale/Retail
158,PC/BA/WR/0013L,AKOPHARMA PHARMACY LTD,H/NO. DN/77 MAIN STREET - DERMA,TANO SOUTH,Brong Ahafo,Wholesale/Retail
159,PC/GR/R/0009J,AKORLI PHARMACY,WHITE HOUSE - TEIMAN OYARIFA,LA NKWANTANANG-MADINA,Greater Accra,Retail
160,PC/AS/WR/0143B,AKOSAC PHARMACY LTD,H/NO. 24 ABOM STATION Abom OBUASI,OBUASI,Ashanti,Wholesale/Retail
161,PC/GR/R/00822,AKPABE PHARMACY,OFF ECOMOG ROAD NEAR SALEM PRESBY CHURCH - HAATSO,GA EAST,Greater Accra,Retail
162,PC/GR/R/0619L,AKROPHARMA LIMITED,GE-217-7170 KUMBAYA STREET - AYI-MENSAH,ADENTAN,Greater Accra,Retail
163,PC/GR/R/0075L,AKS PHARMA,H/NO. CFC 001 NSAWAM ROAD - DOME,GA EAST,Greater Accra,Retail
164,PC/GR/WR/0201J,AKTIVE PLUS HEALTHCARE LIMITE,"POSTAL LODE GD 161 92 BOUNDARY ROAD AMERICAN
HOUSE EAST LEGON",GA EAST,Greater Accra,Wholesale/Retail
165,PC/ER/R/0085P,AKWAABA MEDI-LINE PHARMACY,H/NO. 219 R 40 TRINITY STREET BRIGADE CITY SOMANYA,YILOKROBO,Eastern,Retail
166,PC/ER/WR/0191H,AKWAABA PHARMACY LTD.,"H/NO. Z21A, KUBEASE STREET OLD TAFO KUKURANTUMI",EAST AKIM,Eastern,Wholesale/Retail
167,PC/AS/R/00071,AL-ADIL PHARMACY LIMITED,"BLOCK A 032, ATANTA ROAD, KUMASI KUMASI",KMA,Ashanti,Retail
168,PC/BA/R/0169P,AL-SHIFAN PHARMACY LTD,H/NO. TL 0010 NANA KORSAH KORE STREET - TECHIMAN,TECHIMAN,Brong Ahafo,Retail
169,PC/GR/R/0031L,ALAJO PHARMACY LTD,H/NO. C126/17 MAIN STRRET ALAJO ACCRA,AMA,Greater Accra,Retail
170,PC/AS/R/00094,ALAMANDA PHARMACY,STORE NO. 15 - KWADASO MARKET KUMASI,KMA,Ashanti,Retail
171,PC/AS/R/0138N,ALBA CHEMISTS LTD,ADJACENT HEALTH CENTRE HIGH STREET ADUM AYEDUASE,KMA,Ashanti,Retail
172,PC/AS/R/00067,ALBAR CHEMISTS,PLOT 8. BLK J SUAME - KUMASI,KMA,Ashanti,Retail
173,PC/WR/WR/0006P,ALBWIN PHARMACY LTD,"H/NO. 72, ELUBO",JOMORO,Western,Wholesale/Retail
174,PC/BA/WR/0040F,ALEXIS PHARMACY LTD.,"UNN.HOUSE, ST. PETER'S CATHOLIC CHURCH JEMA",KINTAMPO SOUTH,Brong Ahafo,Wholesale/Retail
175,PC/GR/W/0246P,ALFA CHEMIST LTD,GA-165-6545 PAPAYE STREET - TESANO,AMA,Greater Accra,Wholesale
176,PC/GR/R/0553K,ALFIES PHARMACY COMPANY LTD,"SPECIAL ICE WATER COMPANY PANTANG-ABURI ROAD
GHANA FLAG OYARIFA",LA NKWANTANANG-MADINA,Greater Accra,Retail
177,PC/GR/W/0079D,ALFIES PHARMACY LTD,"STORE NO. 2 NEAR P &T GATES OPPOSITE PANTANG
HOSPITAL PANTANG",GA EAST,Greater Accra,Wholesale
178,PC/GR/W/0079D,ALFIES PHARMACY LTD,"STORE NO. 2 NEAR P &T GATES OPPOSITE PANTANG
HOSPITAL PANTANG",GA EAST,Greater Accra,Wholesale
179,PC/GR/R/0130C,ALIASMAU PHARMACY LTD,H/NO. 164 JAPAN MOTORS - ASHALLEY BOTWE,ADENTAN,Greater Accra,Retail
180,PC/AS/R/0289P,ALIBRAH PHARMACY LTD,"H/NO. OT 1, PLOT 16 SIR JOHN ROAD TAFO KUMASI",KMA,Ashanti,Retail
181,PC/AS/WR/0297K,ALIMAT HEALTH CARE PHARMCY,"H/NO. S.A. 11, ALABAA",KMA,Ashanti,Wholesale/Retail
182,PC/GR/R/00741,ALIMEFS PHARMACY,"H/NO. G1/7, TRADE FAIR RD, PALM WINE JXN, LA",LA DEDE-KOTOPON,Greater Accra,Retail
183,PC/WR/R/0318K,ALISEY PHARMACY LTD,H/NO. NK 1/29 UMAT TARSCO NKAMPOMACE TARKWA,TARKWA-NSUAEM,Western,Wholesale/Retail
184,PC/AS/WR/0446K,ALL IS WELL PHARMACY,"STORE NO. 1 & 2 - LORRY STATION JUNCTION ADANSI
ASOKWA",ADANSI NORTH,Ashanti,Wholesale/Retail
185,PC/GR/WR/0161L,ALL-DAY PHARMACEUTICALS LTD,GS-0272-3111 NI HIGHWAY MACARTHY HILLS MENDSKROM,GA SOUTH,Greater Accra,Wholesale/Retail
186,PC/GR/R/00010,ALL-LIFE PHARMACY,H/NO.B-44/4 OBLONGO ROAD LARTEBIOKORSHIE ACCRA,AMA,Greater Accra,Retail
187,PC/AS/R/00111,ALL-TEE PHARMACY,"PLOT 24, BLOCK 8, AKWATIA LINE, - KUMASI",KMA,Ashanti,Retail
188,PC/GR/WR/0185L,ALLDRUGS PHARMACY LTD,H/NO. 1033/12 FERTILIZER LINE GREDA ESTATE TESHIE,LEDZOKUKU-KROWOR,Greater Accra,Wholesale/Retail
189,PC/GR/R/0012N,ALLDRUGS PHARMACY LTD,260-7137 - - KLAGON,LA NKWANTANANG-MADINA,Greater Accra,Retail
190,PC/NR/R/0122M,ALLIANCE PHARMACY LIMITED,H/NO. C124 CHOGGU-YAPALSI EXTEN JISONAYILL SAGNARIGU,SAGNERIGU,Northern,Retail
191,PC/NR/R/0164H,ALLIANCE PHARMACY LTD.,"H/NO. GU 119, GUMANI LAST STOP OLD GARAGA AVENUE
GUMANI",TAMALE,Northern,Retail
192,PC/GR/WR/0489K,ALLON HEALTH & PHARMACY LTD,H/NO. 36 MANGO STREET - BAATSONA SPINTEX,TMA,Greater Accra,Wholesale/Retail
193,PC/GR/W/0578K,ALLON HEALTH AND PHARMACY,H/NO. D6665/4 CARAVAN AVENUE OKAISHIE ACCRA,AMA,Greater Accra,Wholesale
194,PC/GR/R/0078N,ALLSWELL PHARMACY LTD,H/NO. DM 113 KWABENYA ROAD - DOME,GA EAST,Greater Accra,Retail
195,PC/GR/R/0427L,ALLY PHARMACY LIMITED,H/NO. 32 MAIN HIGHWAY KALABULEY JUNCTION KALABULEY,GA SOUTH,Greater Accra,Retail
196,PC/NR/WR/0130P,ALMA CHEMIST,BLOCK C75 MAIN STREET KALI FONG SAVELUGU,SAVELUGU-NANTONG,Northern,Wholesale/Retail
197,PC/GR/WR/0138B,ALMCO PHARMACY LTD,"HN0. 01 NEAR MEAGLET HOTEL PANTANG JUNCTION
MADINA",LA NKWANTANANG-MADINA,Greater Accra,Wholesale/Retail
198,PC/GR/R/0017L,ALMCO PHARMACY LTD,H/NO. 115 NII ANNAN STREET - HAATSO,GA EAST,Greater Accra,Retail
199,PC/GR/R/00814,ALMCO PHARMACY LTD.,PLOT NO. 380 BRIDGE STREET NEW ASHONGMAN ACCRA,AMA,Greater Accra,Retail
200,PC/GR/R/00695,ALNESSA PHARMACY LIMITED,H/NO. 624/1M IPS ROAD MADINA ACCRA,ADENTAN,Greater Accra,Retail
201,PC/GR/WR/00123,ALOKEN LTD. (PHARMACY),H/NO.D127/4 OKAIKOI ROAD UTC HARDWARE BLD ACCRA,AMA,Greater Accra,Wholesale/Retail
202,PC/VR/R/0059F,ALPAT PHARMACY,"UNN.HSE, AFLAO MARKET JXN, OPP. GLORY OIL FILLING STN,
AFLAO MAIN RD, AFLAO",KETU SOUTH,Volta,Retail
203,PC/CR/R/0357J,ALPAT PHARMACY LIMITED,"UNN.HSE, KASOA KASOA HIGH WAY BUDUBURAM OPP.
TOTAL BUDUBURAM",AWUTU SENYA EAST,Central,Retail
204,PC/CR/R/0544K,ALPHA & OMEGA EL-SHADDAI PHARMACY LTD,"H/NO. AD 9/15, KASOA",AWUTU SENYA EAST,Central,Retail
205,PC/GR/R/0213J,ALPHA CARE PHARMACY LIMITED,PLOT NO. 105 UNNAMED STREET OFANKOR-ASOFAN ACCRA,GA WEST,Greater Accra,Retail
206,PC/GR/R/00019,ALPHA DELTA PHARMACY,H/NO. 166/5 1ST SOULA STREET LABONE ESTATE ACCRA,AMA,Greater Accra,Retail
207,PC/GR/WR/00175,ALPHA DELTA PHARMACY,H/NO.A942/1 GUGGISBERG ROAD KORLE-GONNO ACCRA,AMA,Greater Accra,Wholesale/Retail
208,PC/GR/R/00019,ALPHA DELTA PHARMACY,H/NO. 166/5 1ST SOULA STREET LABONE ESTATE ACCRA,AMA,Greater Accra,Retail
209,PC/AS/WR/00021,ALPHA DUO PHARM LTD,"PLOT 8,BLOCK L HIGH STREET BANTAMA KUMASI",KMA,Ashanti,Wholesale/Retail
210,PC/AS/R/0155N,ALPHA DUO PHARMA,RIDGE 72B - RAMIER EXTENSION HOSPITAL ROAD OBUASI,OBUASI,Ashanti,Retail
211,PC/AS/R/0118J,ALPHA DUO PHARMACY LTD,"PLOT 7, BLOCK H DR. OSEI STREET AKOREM, ABOABO KUMASI",KMA,Ashanti,Retail
212,PC/AS/R/0119J,ALPHA DUO PHARMACY LTD,"PLOT 4, BLOCK III ROMAN STREET - BOMPATA",KMA,Ashanti,Retail
213,PC/GR/WR/0585K,ALPHA PHARMACY LIMITED,"H/NO. T4/4 PS NEAR GREEN VILLAGE HOSPITAL GLOBAL
ESTATE DAWHENYA",NINGO PRAMPRAM,Greater Accra,Wholesale/Retail
214,PC/GR/R/0423K,ALPHA-BETA PHARMACY,H/NO. C264/11 ALAJO STREET - KOTOBABI DOWN,GA CENTRAL,Greater Accra,Retail
215,PC/GR/R/0076H,ALPHA-BETA PHARMACY LTD,"H/NO. 3, NII ABLORH ROAD TESHIE TESHIE",LEDZOKUKU-KROWOR,Greater Accra,Retail
216,PC/GR/WR/0423L,ALPHADELTA PHARMACY LTD,"H/NO. 2, BLOCK 8 SECTION 13 RING ROAD CENTRAL
KOKOMLEMLE",AMA,Greater Accra,Wholesale/Retail
217,PC/GR/R/0085L,ALSONS PHARMACY LIMITED,WUNI PLAZA - - AYIKAI-DOBLO,GA WEST,Greater Accra,Retail
218,PC/GR/R/0126G,ALSONS PHARMACY LTD.,"H/NO. 050, NEAR VALLEY VIEW UNIV, DODOWA MAIN RD, -
OYIBI",ADENTAN,Greater Accra,Retail
219,PC/GR/R/0148K,ALTCHOISE PHARMACY,"H/NO. 25, OSAMANPA ESTATE, ASHONGMAN ESTATES H/NO.
25, OSAMANPA ESTATE, OSAMANPA ESTATE ASHONGMAN
ESTATE",GA EAST,Greater Accra,Retail
220,PC/UWR/R/0563K,ALTINATET PHARMACY,H/NO. 50 PRESIDENT MILLS STREET PATAAL NANDOM,NANDOM,Upper West,Retail
221,PC/UWR/R/0125P,ALTINATET PHARMACY LTD,H/NO. 5 LAWRA ROAD NEAR TUC STATION BABILE,LAWRA,Upper West,Retail
222,PC/GR/W/0574K,ALTON PHARMACY LIMITED,H/NO. 16 JOSEPH SAMPAH STREET SAMPAH VALLEY WEIJA,GA SOUTH,Greater Accra,Wholesale
223,PC/GR/R/329P,ALTON PHARMACY LTD,"H/NO. 67, GA-557-5377 TSUIM TAWIAH STREET - ODORKOR",AMA,Greater Accra,Retail
224,PC/GR/W/0622L,ALTRAMEX PHARMACY LIMITED,H/NO. C488/2 ADJEI KPABI STREET - HAATSO,ADA EAST,Greater Accra,Wholesale
225,PC/CR/R/0090M,AMADIS PHARMACY LTD,H/NO. PM 18 ROYAL STREET - ANKAFUL,CAPE COAST,Central,Retail
226,PC/GR/WR/0039E,AMANFRO PHARMACY,"H/NO. 4, - NEAR WEEMA HOTEL AMANFRO",ADENTAN,Greater Accra,Wholesale/Retail
227,PC/GR/R/0302J,AMANFRO PHARMACY LTD,"H/NO. D23 ANUM YEMOH AVENUE NEW LEGON ROAD NEW
LEGON",ADENTAN,Greater Accra,Retail
228,PC/GR/W/0129B,AMANI CHEMISTS LTD,"H/NO. 12, ADJIRIGANO, EAST LEGON ACCRA",ADENTAN,Greater Accra,Wholesale
229,PC/AS/R/00064,AMANIDOM PHARMACY,H/NO. AO. 91 ABOABO NO. 2 KUMASI,KMA,Ashanti,Retail
230,PC/CR/WR/0084B,AMARPHARMA LTD.,H/NO. L66 MAIN STREET OLD LORRY STATION ASSIN FOSU,ASSIN NORTH,Central,Wholesale/Retail
231,PC/CR/WR/0084B,AMARPHARMA LTD.,H/NO. L66 MAIN STREET OLD LORRY STATION ASSIN FOSU,ASSIN NORTH,Central,Wholesale/Retail
232,PC/ER/WR/0137E,AMASEY PHARMACY LTD.,"PLOT NO. PHT 00008, - OKUMANI JUNCTION KADE",KWAEBIBIREM,Eastern,Wholesale/Retail
233,PC/AS/WR/0019D,AMAZING PHARMACY,H/NO. M 27 - NEAR BUS STOP MANHYIA,ATWIMA NWABIAGYA,Ashanti,Wholesale/Retail
234,PC/AS/R/0183K,AMBY CHEMISTS LIMITED,"PLOT 26, BLOCK F NANA K. APPIAH II STREET TEACHER'S
QUARTERS DEDUAKO",KMA,Ashanti,Retail
235,PC/ER/WR/00046,AMEN AMEN PHARMACY LTD.,"H/NO. B17, FOLSE LANE, BEHIND MAIN MARKET -
ASAMANKESE",WEST AKIM,Eastern,Wholesale/Retail
236,PC/GR/R/0042M,AMERICAN PHARMACY & ATLANT,H/NO. 2547 ODUM ROAD - SPINTEX,TMA,Greater Accra,Retail
237,PC/GR/R/0152F,AMEX PHARMACY LTD.,"H/NO. 39, 6TH LANE, CANTONMENTS ROAD, - OSU-ACCRA",AMA,Greater Accra,Retail
238,PC/GR/R/0134B,AMI PHARMACY,H/NO. B263/25 ALAFIA DARKUMAN ACCRA,AMA,Greater Accra,Retail
239,PC/ER/W/00009,AMICUS PHARMACY,"STORE NO. 46 ALL NATION CENTRAL BUSINESS AREA
KOFORIDUA",NEW-JUABENG,Eastern,Wholesale
240,PC/BA/R/0166P,AMO CHEMIST LTD,BW-004-9753 SAMPA ROAD - WENCHI,WENCHI,Brong Ahafo,Retail
241,PC/GR/R/00323,AMO-VISION PHARMACY,H/NO. G461/2 LANTE GEORGE STREET LA LA,LEDZOKUKU-KROWOR,Greater Accra,Retail
242,PC/AS/R/0130N,AMOFEST PHARMACY,H/NO. BH 32 - ASAFO KUMASI,KMA,Ashanti,Retail
243,PC/GR/R/0341L,AMPOMA PHARMACEUTICALS LIM,GE-289-2330 BANYEASE ROAD - TAIFA,GA EAST,Greater Accra,Retail
244,PC/NR/W/0096K,AMPONSAH-EFAH PHARMACEUTI,H/NO. 159 CHOGGU MANAYILLI NAALURU ESTATE TAMALE,SAGNERIGU,Northern,Wholesale
245,PC/AS/MW/00002,AMPONSAH-EFFAH P'CEUTICALS L,oOl.eTs.aBl e195 - ADUM KUMASI,EJISU-JUABENG,Ashanti,Manufacturing Wholesale
246,PC/GR/W/0071J,AMPONSAH-EFFAH PHARMACEUT,"H/NO. 294A/4, KUSIA KUSIA KOKOMLEMLE ACCRA",GA CENTRAL,Greater Accra,Wholesale
247,PC/AS/R/0348J,AMPRAPHARMA COMPANY LIMIT,H/NO. AS 111 NEAR BASIC SCHOOL ASENNUA ASENNUA,AFIGYA-KWABRE,Ashanti,Retail
248,PC/AS/WR/0202K,AMPRAPHARMA COMPANY LIMIT,H/NO. AS 32 FAWOADE A'DKESE ROAD - BAMPENASE,KWABERE EAST,Ashanti,Retail
249,PC/AS/R/0120N,AMPTESS PHARMACY LTD,"PLOT 36, BLOCK B - BREMAN KUMASI",,Ashanti,Retail
250,PC/AS/WR/0145N,AMPTESS PHARMACY LTD,H/NO. K.O. 35 - ASHTOWN KUMASI,KMA,Ashanti,Wholesale/Retail
251,PC/AS/R/0138L,AMPTESS PHARMMACY LTD,"PLOT 11, BLOCK E - ASORE NKWANTA OHWIM",KMA,Ashanti,Retail
252,PC/NR/R/0116P,AMUHERA PHARMACY LTD,H/NO. PO E 10 - LAMASHEGU TAMALE,TAMALE,Northern,Retail
253,PC/ER/R/0199H,ANAASONS PHARMACY LTD.,"H/NO. B 220/3, SRA OPP. NENE KROBO STREET NEAR ECG
OFFICE SOMANYA",YILOKROBO,Eastern,Retail
254,PC/WR/R/00035,ANAJI PHARMACY,SSNIT FLATS ANAJI TAKORADI,SEKONDI-TAKORADI,Western,Retail
255,PC/AS/WR/0144N,ANAMENS PHARMACY LTD,"AK-040-5560 KWAME MENSAH AVENUE KSTU MAIN GATE
ASEM",KMA,Ashanti,Wholesale/Retail
256,PC/GR/R/0103F,ANANAEL PHARMACY,H/NO. 3 NII NORTEY ADJEIFIO STREET TESHIE,LEDZOKUKU-KROWOR,Greater Accra,Retail
257,PC/ER/WR/00021,ANCAWIN COMPANY LTD.,"H/NO. SD/A 23 PRINCE BOATENG STATION SRODAE
KOFORIDUA",NEW-JUABENG,Eastern,Wholesale/Retail
258,PC/GR/WR/0629L,ANCIENT PHARMACY LTD,ECG/Z4/2/044 - - APPOLONIA,KPONE KATAMANSO,Greater Accra,Wholesale/Retail
259,PC/GR/R/0066J,ANCIENTS PHARMACY,"ECG/ZA/2/044 ROYAL PAZA HIGH STREET - KPONE
KATAMANSO",KPONE KATAMANSO,Greater Accra,Retail
260,PC/AS/R/00021,ANDIPHARMA LTD.,"PLOT 9, BLOCK 26, ASOKWA",KMA,Ashanti,Retail
261,PC/AS/WR/0490L,ANDOF PHARMACY,"PLOT 133A, BLOCK B - ASIKAFOAMATEM AGONA",SEKYERE SOUTH,Ashanti,Wholesale/Retail
262,PC/WR/R/00036,ANDOKWOF PHARMACY LTD.,H/NO. DH/09/67 ALFRA ROAD NEW SITE TAKORADI,SEKONDI-TAKORADI,Western,Retail
263,PC/AS/W/0207E,ANDROP PHARMACY LTD.,H/NO. 09 CENTRAL STATION RD. - ANTO-OBUASI,OBUASI,Ashanti,Wholesale
264,PC/WR/WR/0432L,ANDYFAITH PHARMACY,H/NO. 60 - AGAPET WASSA AKROPONG,WASSA AMENFI CENTRAL,Western,Wholesale/Retail
265,PC/WR/R/0024P,ANDYFAITH PHARMACY,"H/NO. BG 17, STORE 3 PRESTEA JUNCTION FUEL STATION
BOGOSO",PRESTEA HUNI VALLEY,Western,Retail
266,PC/AS/R/0052C,ANGELS PHARMACY,"PLOT 100, BLOCK A - ATASOMANSO KUMASI",KMA,Ashanti,Retail
267,PC/GR/R/0611H,ANIL PHARMACY,DEVTRACO - COMMUNITY 25 SAVANNA JUNCTION,TMA,Greater Accra,Retail
268,PC/VR/R/0570K,ANLOGA ST. FRANCIS PHARMACY,H/NO. AN 2/239 TORGBI LE STREET - ANLOGA,SOUTH TONGU,Volta,Retail
269,PC/UER/WR/0498L,ANNICOM PHARMACY,H/NO. A26 COMMERCIAL STREET ATULBASI BOLGATANGA,BOLGATANGA,Upper East,Wholesale/Retail
270,PC/GR/R/0531K,ANNOSEL PHARMACY LTD,GW-0273-3316 - NTAFRAFRA AMASAMAN,GA WEST,Greater Accra,Retail
271,PC/WR/WR/0074F,ANR PHARM LTD.,"H/NO. 114, PAUL ESSEN ROAD ADENTEM-TAKORADI",SEKONDI-TAKORADI,Western,Wholesale/Retail
272,PC/GR/W/0088A,ANSAPHARMA LTD,H/NO. 41/2 ACCRA POLY ROAD ACCRA,AMA,Greater Accra,Wholesale
273,PC/GR/R/0043H,ANSAPHARMA PHARMACY,"H/NO. 2, LATEBIOKOSHIE ROAD LATEBIOKOSHIE ACCRA",AMA,Greater Accra,Retail
274,PC/GR/R/0211C,ANSAPHARMA PHARMACY (OSU B,H/NO. F 460 3RD LANE OSU KUKU HILL OSU,AMA,Greater Accra,Retail
275,PC/CR/WR/0388K,ANSTAND CHEMIST LTD,H/NO. ANMA 116 KUMASI ROAD - ASSIN FOSU,ASSIN SOUTH,Central,Wholesale/Retail
276,PC/ER/WR/0114G,ANSTAND CHEMISTS LTD.,"H/NO. C 136A, HOSPITAL RD, OPP. ST. DOMINIC HOSP, -
AKWATIA",DENKYEMBOUR,Eastern,Wholesale/Retail
277,PC/GR/R/00362,ANSU MEMORIAL PHARMACY,"H/NO. UNN. STORE ATOMIC-DOME ROAD NEAR
PLAYGROUND DOME",GA EAST,Greater Accra,Retail
278,PC/GR/R/00362,ANSU MEMORIAL PHARMACY,"H/NO. UNN. STORE ATOMIC-DOME ROAD NEAR
PLAYGROUND DOME",GA EAST,Greater Accra,Retail
279,PC/GR/R/0060L,ANSU MEMORIAL PHARMACY LTD,H/NO KWA 120 - - ASHONGMAN ESTATE,GA EAST,Greater Accra,Retail
280,PC/ER/WR/0052G,ANTRICO PHARMACY,"H/NO. K24, OPP. MKT STORES, ABETIFI-MPRAESO MAIN RD, -
ABETIFI-KWAHU",KWAHU EAST,Eastern,Wholesale/Retail
281,PC/GR/R/0147K,ANYANEWAA PHARMACY,"UNN. PLOT DVLA SATELLITE, KUTUNSE",GA WEST,Greater Accra,Retail
282,PC/AS/R/00211,APIKRIST PHARMACY LTD,"H/NO. PLOT NO. 17, BLOCK 11, DOME-OFFINSO",KMA,Ashanti,Retail
283,PC/GR/W/0424L,APL PHARMACY,H/NO. 1 KWAME NKRUMAH AVENUE - ACCRA,AMA,Greater Accra,Wholesale
284,PC/GR/R/0175P,APL PHARMACY LTD,H/NO. 1 DREAASE STREET - ADENTA,ADENTAN,Greater Accra,Retail
285,PC/GR/R/00926,APL PHARMACY LTD.,"H/NO. A 146/10, KARIKARI BROBBEY, DANSOMAN ACCRA",AMA,Greater Accra,Retail
286,PC/AS/WR/0039D,APOMUDEN PHARMACEUTICALS L,"H/NO. JB 158, HOSPITAL ROAD, - JUABEN",OBUASI,Ashanti,Retail
287,PC/NR/R/0115M,APOTHECARE PHARMACY,"- HURLINGHAM STREET ADJACENT GOIL SERVICE STATION
KALADAN",TAMALE,Northern,Retail
288,PC/CR/R/0470L,APP PHARMACY LIMITED,H/NO. 6. BLOCK B HOSPITAL ROAD NANANOM MANKESSIM,MFANTSEMAN,Central,Retail
289,PC/WR/R/00046,APREMDO PHARMACY LTD.,ASR 4 NEW APREMDO MARKET APREMDO TAKORADI,AHANTA WEST,Western,Retail
290,PC/ER/R/0105P,APT PHARMACY LTD,EX-2274-1934 - BOMSO ROAD ASUOM,KWAEBIBIREM,Eastern,Retail
291,PC/AS/WR/0001M,ARAPHARM GHANA LIMITED,"PLOT 1, BLOCK C, KENYASI",KWABERE EAST,Ashanti,Wholesale/Retail
292,PC/NR/R/0024N,ARASS PHARMACY LTD,H/NO. A664 CHERLAK STREET BALOGU YENDI,YENDI,Northern,Retail
293,PC/GR/R/0074N,ARC PHARMACY LIMITED,GW-0705-8997 ZOOMLION STREET - ADJEN KOTOKU,GA WEST,Greater Accra,Retail
294,PC/AS/R/0183G,ARCHIDOP PHARMACY,"H/NO. PLOT 11 NANA ADU DARKO STREET TUNSUOM
JACOBU",AMANSIE CENTRAL,Ashanti,Retail
295,PC/AS/R/00087,ARDON HEALTH CARE LTD,"PLOT 45, BLOCK A - DICHEMSO KUMASI",KMA,Ashanti,Retail
296,PC/GR/W/0192P,AREND PHARMACEUTICALS LTD,"GA261-5517, H/NO. B774/7 MANTSE BOI STREET - KANESHIE
ESTATE",GA CENTRAL,Greater Accra,Wholesale
297,PC/GR/R/0247P,ARISTOMED PHARMACY LTD,"H/NO. AM 891, GA-404-9864 WOOWOTI ROAD -
LATERBIOKOSHIE",,Greater Accra,Retail
298,PC/BA/WR/0052F,ARKOPHARMA COMPANY LTD.,"H/NO. 27, BLOCK L, WIRI KOFI ELECTORAL AREA BLOCK L WIRI
KOFI ELECTORAL AREA KWAME DANSO",SENE WEST,Brong Ahafo,Wholesale/Retail
299,PC/AS/R/0182K,ARKOPPONG PHARMACY,PLOT 35 ODEAFO AMOAYERE STREET NEW SITE APPIADU,KMA,Ashanti,Retail
300,PC/AS/R/00099,ARLIN CHEMISTS,"H/NO. PLOT. 13, BLOCK 23 - NEW AMAKOM EXTENSION
KUMASI",KMA,Ashanti,Retail
301,PC/GR/W/0084J,ARTEMIS PHARMACY LIMITED,PLOT B RING ROAD WEST STATE HOUSING COMPANY ACCRA,GA CENTRAL,Greater Accra,Wholesale
302,PC/WR/R/0241N,ARTPEE PHARMACY LTD,H/NO. N 29 KONNEH AVENUE POST OFFICE SQUARE BOGOSO,PRESTEA HUNI VALLEY,Western,Retail
303,PC/AS/WR/0113B,AS-TESCO CHEMISTS LTD.,"PLOT 6, BLK.E, KUMASI-OBUASI HIGHWAY - KOTWI",ATWIMA KWANWOMA,Ashanti,Wholesale/Retail
304,PC/GR/R/0055J,ASAHALAJA PHARMACY,ROUND ABOUT - ASHALAJA,GA WEST,Greater Accra,Retail
305,PC/GR/R/00885,ASAK PHARM LTD.,"H/NO. 455/5, KUSIA STREET, KOKOMLEMLE ACCRA",AMA,Greater Accra,Retail
306,PC/GR/W/0137H,ASAK PHARMA LTD.,"H/NO. 7, KINBU ROAD TUDU ACCRA",AMA,Greater Accra,Wholesale
307,PC/CR/W/0091M,ASAMPHARM PHARMACEUTICALS,H/NO. 84/1 - - KASOA,AWUTU SENYA EAST,Central,Wholesale
308,PC/GR/R/00899,ASANBECK PHARMACY,"GB-011-7216 NII ATANYA HIGHWAY, ASHAIMAN NEAR ECG
OFFICE ASHAIMAN ASHAIMAN",ASHIAMAN,Greater Accra,Retail
309,PC/GR/R/0134G,ASANBECK PHARMACY,"H/NO. PR/ND/021, METHODIST JXN, - NEW DAWENYAH,
PRAMPRAM",NINGO PRAMPRAM,Greater Accra,Retail
310,PC/GR/R/00887,ASANCO PHARMACY,H/NO. J6 32/1 NEAR ROYAL HIGHT NUNGUA NUNGUA,LEDZOKUKU-KROWOR,Greater Accra,Retail
311,PC/GR/R/0068L,ASANCO PHARMACY LTD,H/NO. 5 PALM TREE AVENUE - TESHIE NUNGUA ESTATE,LEDZOKUKU-KROWOR,Greater Accra,Retail
312,PC/GR/R/0045H,ASANKWA PHARMACY LTD.,"H/NO. NH 112, AHENSI ROAD POKUASE ABLEKUMA",GA WEST,Greater Accra,Retail
313,PC/AS/WR/00109,ASAPHARMA LTD,"PLOT 33, BLOCK D - - MEDOMA",KWABERE EAST,Ashanti,Wholesale/Retail
314,PC/AS/R/0203K,ASAPHARMA LTD,"PLOT 4, BLOCK A ANGEL STREET ABUOHIA KRONUM",AFIGYA-KWABRE,Ashanti,Retail
315,PC/CR/R/0116K,ASBED CHEMISTS,H/NO. 169 KUMASI ROAD - ASSIN FOSU,ASSIN NORTH,Central,Retail
316,PC/UER/W/0252N,ASCEND LIFESCIENCE PHARMACY,H/NO. Z20 - BEHIND BOGISS ZAARE,BOLGATANGA,Upper East,Wholesale
317,PC/WR/W/0035P,ASCOT PHARMACY,UNN STORE - NZEMA LINE TARKWA,TARKWA-NSUAEM,Western,Wholesale
318,PC/GR/W/0013G,ASCOT PHARMACY,HNO. - ABEKA-LAPAZ ACCRA,AMA,Greater Accra,Wholesale
319,PC/GR/WR/0198M,ASEDA NKA NYAME PHARMACY,H/NO. K 124 KIMBERLY AVENUE OKAISHIE ACCRA,AMA,Greater Accra,Wholesale/Retail
320,PC/AS/W/00083,ASEMPA PHARMACY (ANNEX),"PLT. 1, BLK 2 - SUNTRESO ESTATES KUMASI",KMA,Ashanti,Wholesale
321,PC/AS/WR/0133L,ASEMPA PHARMACY LTD,"H/NO. 497, BLOCK OTB GUGGISBERG ROAD PZ-ADUM
KUMASI",KMA,Ashanti,Wholesale/Retail
322,PC/GR/R/0353L,ASFRIENDS PHARMACY LIMITED,H/NO. WAB 109/1 - SCHOOL JUNCTION ASHALEY BOTWE,ADENTAN,Greater Accra,Retail
323,PC/GR/R/00587,ASHAIMAN PHARMACY,"H/NO. A/56W TUXEDO HOTEL JUNCTION PRESBY DOWN
ASHAIMAN",ASHIAMAN,Greater Accra,Retail
324,PC/AS/R/00197,ASHBYS LIMITED,"PLOT 1, BLOCK C OPPOSITE NEW MARKET ABUAKWA KUMASI",ATWIMA NWABIAGYA,Ashanti,Retail
325,PC/AS/R/00197,ASHBYS LIMITED,"PLOT 1, BLOCK C OPPOSITE NEW MARKET ABUAKWA KUMASI",ATWIMA NWABIAGYA,Ashanti,Retail
326,PC/AS/WR/0123A,ASHBYS PHARMACY LTD.,"PLOT 1, BLK B, ABUAKWA, KUMASI",KMA,Ashanti,Wholesale/Retail
327,PC/CR/R/0073P,ASHER'S HAVEN PHARMACY LTD,H/NO. F 95 - - GOMOA NYANYANO,GOMOA EAST,Central,Retail
328,PC/CR/R/00007,ASHGIN PHARMACY,"H/NO. 21 A/PV JUKWA ROAD PEDU ESTATE JUNCTION CAPE
COAST",CAPE COAST,Central,Retail
329,PC/CR/R/0541K,ASHGIN PHARMACY,H/NO. KP 46 SCHOOL BUS ROAD - CAPE COAST,CAPE COAST,Central,Retail
330,PC/CR/R/00034,ASHGIN PHARMACY (ANNEX),BEHIND OGUAA HALL OLD SITE APEWOSIKA UCC CAPE COAST,CAPE COAST,Central,Retail
331,PC/GR/R/00655,ASHTEE CHEMIST LTD.,H/NO. B 80/3 JORKOBRI STREET LARTEBIOKORSHI ACCRA,AMA,Greater Accra,Retail
332,PC/GR/R/0166M,ASIEKENAM PHARMACY LIMITED,H/NO. 33 TUBA ROAD GBAWE KOKROBITE,GA SOUTH,Greater Accra,Retail
333,PC/AS/WR/00018,ASKEME PHARMACY LTD.,"PLOT 1, BLOCK 12 - NEW AMAKOM KUMASI",KMA,Ashanti,Wholesale/Retail
334,PC/AS/R/00025,ASLINA CHEMIST,"PLOT 2, BLOCK B NEAR UGC BREMANG NEW SITE KUMASI",KMA,Ashanti,Retail
335,PC/AS/WR/0095D,ASLINA CHEMIST (KRONUM BRAN,"PLOT 129, BLOCK C, OPPOSITE ROYAL GAS FILLING STATION
KRONUM ABOUHIA KUMASI",KMA,Ashanti,Retail
336,PC/ER/R/0045F,ASM PHARMACY,H/NO. D 18 MARKET SQUARE RD. - MPRAESO-NSUASE,KWAHU SOUTH,Eastern,Retail
337,PC/AS/WR/0149N,ASOMAFO PHARMACY,BLOCK G1 ATEBUBU ROAD - EJURA,EJURA-SEKYIDUMASE,Ashanti,Wholesale/Retail
338,PC/AS/R/0493L,ASOMAFO PHARMACY LIMITED,DPF 54 AFRAMSO ROAD - DAPAATO,EJURA-SEKYIDUMASE,Ashanti,Retail
339,PC/AS/MW/0048E,ASPEE PHARMACEUTICALS LTD.,"oPlLeOsTa l6e6, BLOCK F EJISU EJISU-ASAMANG",KMA,Ashanti,Manufacturing Wholesale
340,PC/BA/R/0197P,ASPHA PHARMACY,H/NO SWT/022 - PRESBY JUNCTION SANKORE,ASUNAFO NORTH,Brong Ahafo,Retail
341,PC/AS/R/0126L,ASPHA PHARMACY LTD,H/NO. AK 37 - - AKROPONG,ATWIMA NWABIAGYA,Ashanti,Retail
342,PC/BA/WR/0221P,ASPHA PHARMACY LTD,H/NO. AK/0/32 - NEAR OLD POLICE STATION AKRODIE,ASUNAFO NORTH,Brong Ahafo,Wholesale/Retail
343,PC/GR/W/0207N,ASSETS PHARMACY LTD,H/NO. 4 LUPIN STREET DJANMAN GBAWE,GA SOUTH,Greater Accra,Wholesale
344,PC/CR/R/00035,ASSIN FOSO PHARMACY,"H/NO. AA/9A, - AFUTUAKWA ASSIN FOSO",ASSIN SOUTH,Central,Retail
345,PC/GR/W/0051J,ASTERISK LIFESCIENCES (GH) LTD,PLOT 119 COCA COLA ROUNDABOUT SPINTEX ROAD ACCRA,AMA,Greater Accra,Wholesale
346,PC/GR/W/0031J,ASTRA INVESTMENTS LIMITED,"FIRST FLOOR, PLOT 13B AKLIKA COMMUNITY 16, LASHIBI
TEMA",TMA,Greater Accra,Wholesale
347,PC/GR/R/00606,ASYLUM DOWN PHARMACY,C 858/3 MANGO TREE AVENUE Asylum Down ACCRA,AMA,Greater Accra,Retail
348,PC/GR/R/0055H,AT HOME PHARMACY LTD,"H/NO. OFFICE 101 ADVANCE LANE LAKESIDE BUSINESS
CENTRE ADENTAN",ADENTAN,Greater Accra,Retail
349,PC/CR/R/0038B,AT-OLIVES PHARMACY LTD.,"H/NO. OW 39/12 BAWJIASO ROAD - OTAMENS, OFANKO
ODUPO",AWUTU SENYA,Central,Retail
350,PC/GR/R/00817,ATBUC PHARMACY,H/NO. AM 103/A AMANFROM - DANSOMAN,AMA,Greater Accra,Retail
351,PC/GR/R/0368P,ATEK CHEMIST LTD,"GW-0467-6911 KOTOKU ROAD OPPOSITE M&D HOSPITAL
MEDIE KETEWA",GA EAST,Greater Accra,Retail
352,PC/GR/W/0066N,ATHENA PHARMACY LTD,"H/NO. B 972/10 PALACE STREET NEAR DANS BAR NORTH
KANESHIE",AMA,Greater Accra,Wholesale
353,PC/ER/R/0322J,ATIBIE PHARMACY LIMITED,"H/NO. A/1-60 ATIBIE-NKAWKAW ROAD AHENBOBOANO
ATIBIE-KWAHU",KWAHU WEST,Eastern,Retail
354,PC/WR/WR/00001,ATLANTIC CHEMISTS LTD.,"PLOT NO. 67, SOUTH CHAPEL ROAD, TAKORADI TAKORADI",SEKONDI-TAKORADI,Western,Wholesale/Retail
355,PC/GR/MW/0296P,ATLANTIC LIFE SCIENCES,oHl/eNsaOl eT6/01 - GOIL SERVICE STATION LARKPLEKU,NINGO PRAMPRAM,Greater Accra,Manufacturing Wholesale
356,PC/GR/IW/0116F,ATLAS PHARMACY LTD,aHle/NO. C225/16 ACCRA-NSAWAM RD. - ACCRA,AMA,Greater Accra,Importing Wholesale
357,PC/GR/W/0485L,ATLON HEALTHCARE LIMITED,GE-3549296 HIGH STREET - DOME,GA EAST,Greater Accra,Wholesale
358,PC/WR/R/0107M,ATM PHARMACY CO. LTD,WS-330-3241 UNION STREET - ANAJI,SEKONDI-TAKORADI,Western,Retail
359,PC/WR/R/0513L,ATM PHARMACY LTD,H/NO. 46/5 COLLINS AVENUE AMANFUL TAKORADI,SEKONDI-TAKORADI,Western,Retail
360,PC/WR/R/0128P,ATM PHARMACY LTD,H/NO. 40 - AIRPORT RIDGE KWESIMINTSIM,SEKONDI-TAKORADI,Western,Retail
361,PC/GR/WR/00231,ATOMIC HILLS PHARMACY,"UNN. STORE OPPOSITE FLAT H. 80 ATOMIC HILLS ESTATES
ACCRA",GA EAST,Greater Accra,Wholesale/Retail
362,PC/GR/R/00378,ATOMIC HILLS PHARMACY,UNN. STORE - OPP. CMB LORRY STATION ACCRA,AMA,Greater Accra,Retail
363,PC/GR/WR/00231,ATOMIC HILLS PHARMACY,"UNN. STORE OPPOSITE FLAT H. 80 ATOMIC HILLS ESTATES
ACCRA",GA EAST,Greater Accra,Wholesale/Retail
364,PC/GR/R/00378,ATOMIC HILLS PHARMACY,UNN. STORE - OPP. CMB LORRY STATION ACCRA,AMA,Greater Accra,Retail
365,PC/GR/R/00180,ATOMIC ROAD PHARMACY,PLOT 10 - HAATSO HAATSO,GA EAST,Greater Accra,Retail
366,PC/CR/WR/0087F,AUBIN PHARMACY,"STORE NO. 1 & 2, NYAMETEASE, ADJACENT POLICE STATION -
AJUMAKO",AJUMAKO-ENYAN-ESSIAM,Central,Wholesale/Retail
367,PC/GR/R/0214E,AUGLET PHARMACY LTD,"H/NO. PRND/471, - - DAWHENYA",NINGO PRAMPRAM,Greater Accra,Retail
368,PC/CR/WR/0100L,AUGMENS PHARMACY LTD,"H/NO. ASKRONE IV 191 HIGH TENSION ESTATE JUNCTION
BUDUMBURAM",GOMOA EAST,Central,Wholesale/Retail
369,PC/GR/R/0662L,AVALON PHARMACY LTD,GM-010-5777 GOWA STREET NSAMANPOM MADINA,LA NKWANTANANG-MADINA,Greater Accra,Retail
370,PC/GR/R/00015,AVENUE CHEMISTS,PLOT NO. 2 10TH AVENUE TESANO ACCRA,AMA,Greater Accra,Retail
371,PC/GR/WR/00014,AVENUE CHEMISTS,HSE. NO. B58/16 OPP.FAN MILK LTD LAPAZ ACCRA,AMA,Greater Accra,Wholesale/Retail
372,PC/GR/R/0615H,AVIATION ROAD PHARMACY,BLOCK 20 AVIATION ROAD HOUSING DOWN ADENTA,ADENTAN,Greater Accra,Retail
373,PC/GR/R/0008J,AVICENNA PHARMACY,H/NO. 25 GARDEN STREET BAWALESHIE EAST LEGON,GA CENTRAL,Greater Accra,Retail
374,PC/UER/WR/0092A,AWALUGU PHARMACY LTD.,"H/NO. Z.A, BAWKU ROAD, ALARIGO ZONE, ZEBILLA",BAWKU WEST,Upper East,Wholesale/Retail
375,PC/BA/WR/0051B,AWANGA PHARMACY LTD.,MKT STORE NO. A3 - TULOKATO SAMPA,JAMAN NORTH,Brong Ahafo,Wholesale/Retail
376,PC/GR/R/0022A,AXIS PHARMACY LTD.,H/NO. 2 4TH RANGOON LINK CANTONMENTS ACCRA,AMA,Greater Accra,Retail
377,PC/GR/R/0411K,AXON PHARMACY LIMITED,H/NO. B209/16 - - DANSOMAN,AMA,Greater Accra,Retail
378,PC/AS/R/00163,AYMEN PHARMACY LTD.,"PLOT R, BLOC. G - OFORIKROM KUMASI",KMA,Ashanti,Retail
379,PC/AS/MW/00004,AYRTON DRUG DEPOT,oHl/eNsaOl.e ZE 172 MANHYIA STREET ALABAR KUMASI,KMA,Ashanti,Manufacturing Wholesale
380,PC/GR/MW/00001,AYRTON DRUG MANUFAC. CO. LT,oHl/eNsaOl.e B 1/24 - ABEKA ACCRA,AMA,Greater Accra,Manufacturing Wholesale
381,PC/GR/R/0007E,AZATER PHARMACY,"H/NO. 90, KOTOBABI NO. 2 ROAD BAATSONA TEMA",TMA,Greater Accra,Retail
382,PC/NR/R/0165H,AZUMAH PHARMACY,"H/NO. KU 201, KUKUO AVENUE APSONIC STORES KUKUO",TAMALE,Northern,Retail
383,PC/GR/R/0579K,B & F PHARMACY LTD,"H/NO. 15 ENGINE SERVICE STATION WEIJA JUNCTION TETEGU
OBLOGO",GA SOUTH,Greater Accra,Retail
384,PC/NR/R/0358L,B & G PHARMACY LIMITED,H/NO. A-EST 30 BOLGA HIGHWAY SAKASAKA TAMALE,TAMALE,Northern,Retail
385,PC/GR/R/00016,B.B. CHEMISTS LTD.,NO. 30/31 MARKET SITE COMMUNITY 2 TEMA,TMA,Greater Accra,Retail
386,PC/GR/WR/00015,BAASPHARMA LIMITED,"H/NO B113/29 OFF MOTORWAY EXTENSION ABEKA LAPAZ
ACCRA",AMA,Greater Accra,Wholesale/Retail
387,PC/GR/WR/0419L,BAASPHARMA LTD,AMASAMAN ROAD - - KWASHIEKUMA,GA WEST,Greater Accra,Wholesale/Retail
388,PC/GR/W/0141L,BAC PHARMACY LTD,OPPOSITE BABY NEST NII BOI MACLEAN YEGOLIA JUNCTION,GA CENTRAL,Greater Accra,Wholesale
389,PC/GR/R/0253M,BACCENTA PHARMACY LIMITED,"H/NO. 17 OBONU STREET BUBUASHIE CABLE & WIRES NORTH
KANESHIE",GA CENTRAL,Greater Accra,Retail
390,PC/GR/R/0401H,BACCENTA PHARMACY LTD,"UNNUMBERED HOUSE (MADINA SHELL) LEGON EAST ROAD
(N4) MADINA ZONGO JUNCTION (HOLLYWOOD) MADINA",LA NKWANTANANG-MADINA,Greater Accra,Retail
391,PC/GR/R/0074D,BACHOS PHARMACY LTD,"H/NO. D/R 280 /1970, BOKOBOKO JUNCTION MANHEAN",GA SOUTH,Greater Accra,Retail
392,PC/BA/WR/0161P,BAKAY PHARMACEUTICALS LTD,BT-0005-0036 MAGAZINE AVENUE - TECHIMAN,TECHIMAN,Brong Ahafo,Wholesale/Retail
393,PC/GR/R/00892,BALLIS PHARMACY LTD,H/NO. 2674 ASERE AYITTEY STREET KANESHIE ACCRA,AMA,Greater Accra,Retail
394,PC/AS/R/0113N,BAMA PHARMACY LTD,D111 Q PALACE STREET - DOMPOASE,KMA,Ashanti,Retail
395,PC/WR/R/0381P,BANDEL PHARMACY LTD,H/NO. Q87 KRUPERKO II HOSPITAL ROAD - BOGOSO,,Western,Retail
396,PC/AS/WR/00015,BANDY CHEMIST LTD.,"PLOT 2, BLOCK XII, ODUM STREET - KUMASI",KMA,Ashanti,Wholesale/Retail
397,PC/AS/R/00245,BANDY CHEMIST LTD. (ANNEX),"PLOT 1, KUMASI-ABUAKWA ROAD TANOSO KUMASI",ATWIMA NWABIAGYA,Ashanti,Retail
398,PC/CR/R/0506K,BANESTA PHARMACY LTD,H/NO. WE 1/8 - - AGONA SWEDRU,AGONA WEST,Central,Retail
399,PC/AS/R/0382H,BANLYD PHARMACEUTICAL LTD,"143 OFF MAIN EJISU-KONONGO STR EJISU-KONONGO EJISU
BESEASE",EJISU-JUABENG,Ashanti,Retail
400,PC/AS/WR/0347H,BANLYD PHARMACEUTICALS LIMI,STREET 1 MAIN ODUMASE STREET TOWN PARK ODUMASE,ASANTE AKIM CENTRAL,Ashanti,Retail
401,PC/GR/R/0146M,BANLYD PHARMACY LIMITED,GW-0230-5517 - - ACP ESTATE JUNCTION,GA WEST,Greater Accra,Retail
402,PC/GR/W/00046,BANS PHARMACY,OLD CINEMA PALACE - OKAISHIE ACCRA,AMA,Greater Accra,Wholesale
403,PC/GR/R/0254K,BANSEL PHARMACY LIMITED,UNN SHOP PAPAFIO STREET NEW NMAI DJORN NANAKROM,ADENTAN,Greater Accra,Retail
404,PC/BA/WR/00036,BARLIZA PHARMACY LTD.,H/NO. GHS E.1/1 NEW TOWN GOASO GOASO,ASUNAFO NORTH,Brong Ahafo,Wholesale/Retail
405,PC/AS/W/0107L,BARON PHARMACEUTICALS LTD,"PLOT 15, BLOCK XVI - KWADASO KUMASI",KMA,Ashanti,Wholesale
406,PC/GR/WR/0625L,BARRIER PHARMACY,H/NO. S-11 - SASABI OYIBI,KPONE KATAMANSO,Greater Accra,Wholesale/Retail
407,PC/GR/WR/0572K,BART-BROWN PHARMACY LIMITE,GM-155-2202 TEIMAN ROAD - OYARIFA,ADENTAN,Greater Accra,Wholesale/Retail
408,PC/GR/W/00222,BASE PHARMACY LTD.,"H/NO. B310/4 BEHIND SIC, OPPOSITE MTTU, GREEN HILL
AVENUE OKAISHIE ACCRA",AMA,Greater Accra,Wholesale
409,PC/GR/W/00222,BASE PHARMACY LTD.,"H/NO. B310/4 BEHIND SIC, OPPOSITE MTTU, GREEN HILL
AVENUE OKAISHIE ACCRA",AMA,Greater Accra,Wholesale
410,PC/AS/W/0057A,BASELINE LIMITED,H/NO. 01/96 - ASH TOWN KUMASI,KMA,Ashanti,Wholesale
411,PC/GR/IW/00168,BASELINE LTD.,aHle/NO. 20 TUDU ROAD - ACCRA,AMA,Greater Accra,Importing Wholesale
412,PC/ER/W/0196M,BASELINE PHARMACEUTICALS,EN-027-8746 N. K. BOATENG STREET SRODAE KOFORIDUA,NEW-JUABENG,Eastern,Wholesale
413,PC/CR/W/0543K,BASELINE PHARMACEUTICALS LTD,H/NO. 766/3 KASOA,AWUTU SENYA EAST,Central,Wholesale
414,PC/WR/W/0197L,BASELINE PHARMACEUTICALS LTD,"6.211749-2.476813, SEFWI WIAWSO",SEKONDI-TAKORADI,Western,Wholesale
415,PC/UWR/W/0205L,BASELINE PHARMACEUTICALS LTD,"PLOT 5, BLOCK A FIJI STREET KPAGURI/TENDAMBA
RESIDENTIAL AREA WA",WA,Upper West,Wholesale
416,PC/GR/W/0060J,BASELINE PHARMACEUTICALS LTD,"SHOP 2, 3 & 4, FIRST FLOOR SIC BUILDING OKAISHIE ACCRA",AMA,Greater Accra,Wholesale
417,PC/BA/W/0207H,BASELINE PHARMACEUTICALS LTD,HP L)OT 2 TWENE AMANFO HIGH STREET AREA 4 SUNYANI,SUNYANI,Brong Ahafo,Wholesale
418,PC/WR/W/0086E,BASELINE PHARMACEUTICALS LTD,"H/NO. R98/99, COLLINS AVENUE MARKET CIRCLE TAKORADI",SEKONDI-TAKORADI,Western,Wholesale
419,PC/NR/W/0133D,BASELINE PHARMACEUTICALS LTD,"H/NO. 8, WARD D, - NEW COMM. AREA TAMALE",TAMALE,Northern,Wholesale
420,PC/BA/W/0275K,BASELINE PHARMACY (TECHIMAN,TMA 368B - ABANIM NO. 2 TECHIMAN,TECHIMAN,Brong Ahafo,Wholesale
421,PC/VR/W/0181M,BASELINE PHARMACY LTD,VZ-0108-9080 J.E.A. MILLS HIGH STREET AVOEME AFLAO,KETU SOUTH,Volta,Wholesale
422,PC/GR/IW/00002,BASELINE PHARMACY LTD.,aHle/NO. D773/4 KIMBERLY AVENUE OKAISHIE ACCRA,AMA,Greater Accra,Importing Wholesale
423,PC/GR/R/0250J,BASEVIEW PHARMACEUTICALS LT,"H/NO. GC/073/1622 AWOSHIE-POKUASE HIGH STREET ANYAA
ACCRA",GA CENTRAL,Greater Accra,Retail
424,PC/CR/R/0097M,BASEVIEW PHARMACY LTD,"STORE 3 & 4, KASOA",AWUTU SENYA EAST,Central,Retail
425,PC/UWR/R/00004,BASOBIO PHARMACY,H/NO. A 163 KUNATEH LODGE ROAD KABANYE KABANYE,WA,Upper West,Retail
426,PC/GR/WR/0008K,BATOUL PHARMACY,MENSAH WOOD ROAD EAST LEGON ACCRA,LA NKWANTANANG-MADINA,Greater Accra,Wholesale/Retail
427,PC/GR/WR/0089F,BAY CARE PHARMACY,H/NO. 21 AWOSHIE MAIN STREET - ABLEKUMA - ACCRA,GA CENTRAL,Greater Accra,Wholesale/Retail
428,PC/GR/R/0401L,BAYCARE PHARMACY LIMITED,H/NO. 13 AWOSHIE-POKUASE HIGHWAY - ABLEKUMA OLEBU,GA CENTRAL,Greater Accra,Retail
429,PC/GR/R/0499K,BAYORSMITH PHARMACY LTD,NEAR ICGC PEACE-BE STREE COMMUNITY 25 TEMA,TMA,Greater Accra,Retail
430,PC/GR/WR/0374H,BB ASSOCIATES LTD (PHARMACY),19 GICEL HIGH STREET SCC-GICEL NEW WEIJA,GA WEST,Greater Accra,Wholesale/Retail
431,PC/AS/R/0151J,BCODCO PHARMACY LIMITED,BLOCK 165 MAIN STREET - BAREKESE,ATWIMA NWABIAGYA,Ashanti,Retail
432,PC/GR/WR/00018,BEACH ROAD PHARMACY,"H/NO. 37/2 THE MAIN ACCRA-TEMA ROAD TESHIE ADOM
ACCRA",LEDZOKUKU-KROWOR,Greater Accra,Wholesale/Retail
433,PC/GR/WR/00018,BEACH ROAD PHARMACY,"H/NO. 37/2 THE MAIN ACCRA-TEMA ROAD TESHIE ADOM
ACCRA",LEDZOKUKU-KROWOR,Greater Accra,Wholesale/Retail
434,PC/GR/WR/0669L,BEACON PHARMACY,H/NO. C10 AMASAMAN - NSAWAM ROAD - SAPEIMAN,GA EAST,Greater Accra,Wholesale/Retail
435,PC/GR/R/0357L,BEANATHAN PHARMACY LIMITED,"OPPOSITE GOIL SERVICE STATION ASHONGMAN ROAD -
AGBOGBA",GA EAST,Greater Accra,Retail
436,PC/GR/R/00953,BEBAL PHARMACY LTD,"SCC JUNX, OPP. UNIV. OP MANAGEMENT STUDIES, NEW
APLAKU ACCRA",GA SOUTH,Greater Accra,Retail
437,PC/GR/R/00953,BEBAL PHARMACY LTD,"SCC JUNX, OPP. UNIV. OP MANAGEMENT STUDIES, NEW
APLAKU ACCRA",GA SOUTH,Greater Accra,Retail
438,PC/WR/R/0114P,BECK-SONS PHARMACY LTD,H/NO. S127 KRUPREKO II AVENUE BLINE BOGOSO,,Western,Retail
439,PC/GR/W/0094H,BEDIAKO MARKETING SERVICES.,H/NO. C. 9914 DUADE STREET KOKOMLEMLE ACCRA,GA CENTRAL,Greater Accra,Wholesale
440,PC/GR/WR/00020,BEDITA PHARMACY,H/NO.C186/14 BLOHUM STREET DZORWULU ACCRA,AMA,Greater Accra,Wholesale/Retail
441,PC/WR/W/0074B,BEDITA PHARMACY,H/NO. 49/8 LIBERATION ROAD TAKORADI TAKORADI,SEKONDI-TAKORADI,Western,Wholesale
442,PC/GR/WR/00020,BEDITA PHARMACY,H/NO.C186/14 BLOHUM STREET DZORWULU ACCRA,AMA,Greater Accra,Wholesale/Retail
443,PC/WR/W/0074B,BEDITA PHARMACY,H/NO. 49/8 LIBERATION ROAD TAKORADI TAKORADI,SEKONDI-TAKORADI,Western,Wholesale
444,PC/GR/W/0087L,BEDITA PHARMACY,"GA-131-3999 GRANVILLE AVENUE, DRUG LANE OKAISHIE
ACCRA",AMA,Greater Accra,Wholesale
445,PC/GR/R/0383L,BEDITA PHARMACY,H/NO. G 282 AVENUE ROAD SHIASHIE EAST LEGON,AMA,Greater Accra,Retail
446,PC/GR/R/0076N,BEDITA PHARMACY,"H/NO. C233/9, AJAKROBA STREET, ACCRA NEW TOWN",AMA,Greater Accra,Retail
447,PC/GR/W/0163E,BEDITA PHARMACY,"H/NO. C417/3, AFRAM STREET, ASYLUM-DOWN, ACCRA",AMA,Greater Accra,Wholesale
448,PC/CR/W/0155G,BEDITA PHARMACY,"H/NO. AP 70/6, WINNEBA ROAD, KASOA",AWUTU SENYA,Central,Wholesale
449,PC/GR/W/0160F,BEDITA PHARMACY,"H/NO. ASH 1, OLD TULAKU MKT. OPP. STANBIC BANK,
ASHAIMAN ASHAIMAN",ASHIAMAN,Greater Accra,Wholesale
450,PC/BA/WR/0278K,BEDITA PHARMACY (SUNYANI BRA,H/NO. 17A - SOUTH RIDGE EXTENSION SUNYANI,SENE EAST,Brong Ahafo,Wholesale/Retail
451,PC/GR/R/0083C,BEDITA PHARMACY LTD,SHELL FILLING STATION PANTANG ROAD OYARIFA OYARIFA,GA EAST,Greater Accra,Retail
452,PC/GR/R/0083C,BEDITA PHARMACY LTD,SHELL FILLING STATION PANTANG ROAD OYARIFA OYARIFA,GA EAST,Greater Accra,Retail
453,PC/NR/W/0263P,BEDITA PHARMACY LTD,H/NO. WF 6 DAKPEMA STREET - TAMALE,TAMALE,Northern,Wholesale
454,PC/AS/W/00070,BEDITA PHARMACY LTD.,"H/NO. 01/12, ABBEY PARK - ASHANTI NEWTOWN",KMA,Ashanti,Wholesale
455,PC/GR/R/0171E,BEDITA PHARMACY LTD.,"H/NO. W319 H/NO. W319 WEST LEGON ROAD WEST LEGON
ACCRA",AMA,Greater Accra,Retail
456,PC/GR/WR/0214L,BEDREICH PHARMACY,"H/NO. A 8017/33, PLOT 9 ABLEKUMA C.D. ROAD - BOKOBOKO",GA CENTRAL,Greater Accra,Wholesale/Retail
457,PC/ER/R/0161M,BEGORO PHARMACY,"H/NO. OE/825 ATEKYEM ROAD ADJACENT HAVILLAH
RESTAURANT KOFORIDUA",NEW-JUABENG,Eastern,Retail
458,PC/ER/WR/0591K,BEGORO PHARMACY LTD,H/NO. BC/105 B OBUASE STREET - OBUASE-BEGORO,FANTEAKWAH,Eastern,Wholesale/Retail
459,PC/GR/WR/0057J,BEHZAD PHARMACY LIMITED,"H/NO. X/KKDA/W/SEC5/ZENU/2011/20 KAATSO - ASHAIMAN-
ZENU",ASHIAMAN,Greater Accra,Wholesale/Retail
460,PC/GR/R/00227,BEJACK PHARMACY LTD.,H/NO. B456/56 - ACCRA DOME,AMA,Greater Accra,Retail
461,PC/AS/WR/0589L,BEJOMA PHARMACY LTD,"GJPBLOCK II, PLOT 12 - ZONGO EJISU",EJISU-JUABENG,Ashanti,Wholesale/Retail
462,PC/AS/R/0510L,BEKED PHARMACY,"PLOT 19, BLOCK L - - MAASE ATIMATIM",AFIGYA-KWABRE,Ashanti,Retail
463,PC/AS/R/0192K,BEKED PHARMACY LIMITED,"H/NO. NG 92, NAMONG",OFFINSO,Ashanti,Retail
464,PC/GR/R/0086D,BEKKEN PHARMACY LTD,"H/NO. A109-1/A110-1, ACTION AVENUE - ASHIYIE",ADENTAN,Greater Accra,Retail
465,PC/AS/R/0135J,BEKMART PHARMACY LTD,PLOT 118 CAPE COAS ROAD WALL 3 DOMPOASE,ADANSI NORTH,Ashanti,Retail
466,PC/BA/WR/0329K,BEL-WINU PHARMACY LTD,H/NO. BI-2963-3816 - MAGAZINE KINTAMPO,KINTAMPO NORTH,Brong Ahafo,Wholesale/Retail
467,PC/GR/WR/0211E,BELAH PHARMACY LTD.,BOWMAN PLAZA TOP HERBAL RD. - AGBOGBA,GA EAST,Greater Accra,Wholesale/Retail
468,PC/AS/R/0380H,BELLA VITA CHEMISTS LTD,"H/NO. 1 NEAR SOKOBAN WOOD VILLAGE OTI ABUYAA STREET
OTI",KMA,Ashanti,Retail
469,PC/AS/R/0149J,BEN BABS PHARMACY LIMITED,"PLOT 36, BLOCK V - NEW SITE ATIMATIM",KWABERE EAST,Ashanti,Retail
470,PC/WR/WR/0235M,BEN-NYARK PHARMACY,H/NO. 7A/2 BAISO BONSO ROAD - TAKORADI,SEKONDI-TAKORADI,Western,Wholesale/Retail
471,PC/GR/R/00643,BENALICE PHARMACY,H/NO. 157/10 AGBOGBA ROAD NORTH LEGON ACCRA,AMA,Greater Accra,Retail
472,PC/GR/R/0024A,BENALLY PHARMACY LTD.,H/NO. PK/16 BANKUM NEW TOWN TEMA,TMA,Greater Accra,Retail
473,PC/AS/R/0164N,BENAMP PHARMACY LTD,H/NO. NK 129 - NEAR MARKET SQUARE NKAWIE,ATWIMA NWABIAGYA,Ashanti,Retail
474,PC/GR/WR/00021,BENATASH PHARMACY,"NEAR PTC, OFF KWAME NKRUMAH AVE, ADABRAKA ACCRA",AMA,Greater Accra,Wholesale/Retail
475,PC/BA/WR/0027B,BENATUS PHARMACY,H/NO. C28/2 CADBURY STREET ABEASE DUAYAW NKWANTA,TANO NORTH,Brong Ahafo,Wholesale/Retail
476,PC/UER/WR/00009,BENCYN PHARMACY,"HOSPITAL ROAD, NAVRONGO",KASSENA-NANKANA,Upper East,Wholesale/Retail
477,PC/UER/WR/00012,BENCYN PHARMACY,ADJACENT SG-SSB BOLGA-BAWKU RD. BOLGA,BOLGATANGA,Upper East,Wholesale/Retail
478,PC/GR/R/0159C,BENDI CHEMIST LIMITED,"H/NO. 15, ADJUMA CRESCENT STC ROAD SOUTH INDUSTRIAL
AREA ACCRA",AMA,Greater Accra,Retail
479,PC/GR/R/0159C,BENDI CHEMIST LIMITED,"H/NO. 15, ADJUMA CRESCENT STC ROAD SOUTH INDUSTRIAL
AREA ACCRA",AMA,Greater Accra,Retail
480,PC/GR/R/0001E,BENDI CHEMIST LTD.,"H/NO.19, ISREAL ROAD ACCRA",AMA,Greater Accra,Retail
481,PC/GR/WR/00022,BENDOZ PHARMACY LIMITED,H/NO. D 657/4 KNUTSFORD AVENUE ACCRA ACCRA,AMA,Greater Accra,Wholesale/Retail
482,PC/WR/WR/0037P,BENEDTA PHARMACY,H/NO. GCA 002 - NEAR STATION AGONA AMENFI,WASSA AMENFI CENTRAL,Western,Wholesale/Retail
483,PC/GR/R/0104M,BENEFELS PHARMACY AND HEALT,MANDELA ROAD - NINGO PRAMPRAM,NINGO PRAMPRAM,Greater Accra,Retail
484,PC/AS/R/0566L,BENFLO PHARMACY LTD,"H/NO. AA 87, ADOMFE",ASANTE-AKIM SOUTH,Ashanti,Retail
485,PC/GR/R/0089G,BENIJAX PHARMACY LTD.,"H/NO. A1174/114, BEACH ROAD, DANSOMAN LAST STOP,
DANSOMAN DANSOMAN",AMA,Greater Accra,Retail
486,PC/GR/R/0351H,BENIJAX PHARMACY LTD.,"H/NO. 8, FIRST BUSIA LANE CRYSTAL TELEVISION ODORKOR",AMA,Greater Accra,Retail
487,PC/WR/R/0365H,BENJE'S PHARMACY LTD,H/NO. 37 PRESTEA PRESTEA PRESTEA,PRESTEA HUNI VALLEY,Western,Retail
488,PC/WR/R/0331J,BENJELO PHARMACY LTD,"H/NO. AK PLOT 6 AYANFURI-BOGOSO ROAD LOCUST WASSA
AKROPONG",WASSA EAST,Western,Retail
489,PC/WR/WR/0034P,BENJES PHARMACY,STORE 26/AS MAIN STREET - ASANKRANGWA,WASSA AMENFI WEST,Western,Wholesale/Retail
490,PC/WR/WR/0073F,BENJES PHARMACY,H/NO. P1 KRUPREKO STREET BOGOSO BOGOSO,PRESTEA HUNI VALLEY,Western,Wholesale/Retail
491,PC/AS/R/0173N,BENKEK PHARMACY LTD,KB 18 - - MANSO MOSEASE,AMANSIE WEST,Ashanti,Retail
492,PC/AS/R/00010,BENNISON PHARMACY LTD.,"H/NO. PLOT 14, BLOCK Y TAKWA-MAAKRO KUMASI",KMA,Ashanti,Retail
493,PC/WR/WR/0164J,BENNITA SERVICES GHANA LIMITE,134 LIBERATION ROAD EAST CHAPEL HILL TAKORADI,SEKONDI-TAKORADI,Western,Wholesale/Retail
494,PC/ER/WR/0111G,BENNOL PHARMACY LTD.,"STORE NO. 5, STATION ROAD, - KOFORIDUA",NEW-JUABENG,Eastern,Wholesale/Retail
495,PC/AS/WR/0105G,BENNY'S CHEMIST,H/NO. B.A. 139 BANTAMA HIGH STR. - KUMASI,KMA,Ashanti,Wholesale/Retail
496,PC/CR/R/0026D,BENNYCARE PHARMACY LTD (KAS,"H/NO. AE 8/10, NEAR TAXI RANK LAST STOP AKORLEY",AWUTU SENYA,Central,Retail
497,PC/CR/R/0088L,BENNYCARE PHARMACY LTD ANN,H/NO. SGC C 206 19 - AMUZUKOPE KASOA,AWUTU SENYA EAST,Central,Retail
498,PC/VR/WR/0148L,BENONOX RX PHARMACY LTD,H/NO. BT 178 - NEAR NATTOR GENERAL MEPE,NORTH TONGU,Volta,Wholesale/Retail
499,PC/UER/WR/0178J,BENTLY PHARMACY,"ADJACENT O.A LORRY STN BAWKU ROAD ATULBABISI
BOLGATANGA",BOLGATANGA,Upper East,Wholesale/Retail
500,PC/AS/R/0121N,BENUYE PHARMACY LTD,"PLOT 13, BLOCK 1, BOHYEN-ADUMANU",KMA,Ashanti,Retail
501,PC/UER/WR/0121C,BENZU PHARMACY,"H/NO. SGU 72, BOSCO-UDS ROAD GONGNIA NAVRONGO",KASSENA-NANKANA,Upper East,Wholesale/Retail
502,PC/AS/WR/0028M,BERNA PHARMACY,PLOT 30 OBUASI-ASOKWA ROAD - WAWASI,OBUASI,Ashanti,Wholesale/Retail
503,PC/AS/WR/0167C,BERNAMIS PHARMACY,"PLOT 2, BLK B, ANYINAM STR, OPP. R/C CHURCH, ASOKORE
MAMPONG",KMA,Ashanti,Wholesale/Retail
504,PC/CR/R/0074P,BERNFRED PHARMACY,H/NO. 31 COMMERCIAL STREET - CAPE COAST,CAPE COAST,Central,Retail
505,PC/GR/WR/00023,BERNSWETT CO. LTD.,"H/NO 1226 SHUINO STREET AWUDOME ESTENSION,
AWUDOME ACCRA",AMA,Greater Accra,Wholesale/Retail
506,PC/GR/R/0433K,BERNSWETT PHARMACY,H/NO. 13 RIDGE ROAD - ROMAN RIDGE,GA CENTRAL,Greater Accra,Retail
507,PC/GR/R/0207F,BERTLINE PHARMACY,"H/NO. B575, 25, ODORKOR OFFICIAL TOWN NII ABBEY STR. -
ODORKOR",GA SOUTH,Greater Accra,Retail
508,PC/AS/WR/0110M,BEST AID CHEMIST,PLOT 19 - PARKOSO EJISU,EJISU-JUABENG,Ashanti,Wholesale/Retail
509,PC/AS/R/0590L,BEST CHOICE PHARMACY,AH-0497-8183 MARKET STREET SE SE SEPAASE,ATWIMA NWABIAGYA,Ashanti,Retail
510,PC/BA/R/0099D,BEST LIFE PHARMACY,"H/NO. ND 17/A NEW DORMAA MAIN DORMAA NEW
DORMAA",SUNYANI,Brong Ahafo,Retail
511,PC/WR/R/0080F,BESTE WAHL PHARMACY,"H/NO. AK/GS63, OPP. AMENFIMAN SHS HIGH STR, LOW COST
WASSA AKROPONG",AMENFI EAST,Western,Retail
512,PC/GR/R/00020,BETHEL CHEMISTS LTD.,"H/NO. C 349/13 OPPOSITE SHELL PETROL STATION PIG FARM
ACCRA",AMA,Greater Accra,Retail
513,PC/GR/R/00350,BETVIN PHARMACY,HNO. LC8 - OPPOSITE THE NEW POLICE STATION MADINA,ADENTAN,Greater Accra,Retail
514,PC/GR/WR/00249,BETVIN PHARMACY,HNO. AB 22/4 - OPPOSITE REDCO FLATS ADENTA,ADENTAN,Greater Accra,Wholesale/Retail
515,PC/GR/R/0167M,BEYBEE GHANA LIMITED,GA-336-1879 - GOIL SERVICE STATION LEGON,AMA,Greater Accra,Retail
516,PC/GR/R/0159L,BEYBEE PHARMACY LTD,H/NO. 91/13 NIMA ROAD - NIMA,GA CENTRAL,Greater Accra,Retail
517,PC/GR/R/0370P,BEYBEE PHARMACY LTD,"H/NO. 25, GA-096-1251 ROBERT MENSAH STREET - ALAJO",AMA,Greater Accra,Retail
518,PC/CR/WR/0096L,BEYOND HEALTH PHARMACY LIMI,"UNN. HSE MILLENIUM CITY ROA NEAR ONE LEG JUNCTION
KASOA",GOMOA EAST,Central,Retail
519,PC/AS/R/00011,BI-PALS CHEMISTS LTD.,"PLOT 2, BLOCK. A, ADOATO",KMA,Ashanti,Retail
520,PC/GR/W/0435P,BIAKA PHARMACY,H/NO. G51 KABUTSEY STREET - ZENU,ASHIAMAN,Greater Accra,Wholesale
521,PC/GR/W/00192,BIAKOYE PHARMACY LTD.,- CENTRAL BANK LANE OKAISHIE ACCRA,AMA,Greater Accra,Wholesale
522,PC/AS/WR/0308K,BIG J PHARMACY LTD,H/NO.. K.T 55 - NAMONG KUMASI,OFFINSO,Ashanti,Wholesale/Retail
523,PC/GR/IW/00173,BIG MARON PHARMACY,a-l e- OKAISHIE ACCRA,AMA,Greater Accra,Importing Wholesale
524,PC/GR/R/0230N,BIG MARON PHARMACY,PLOT 15 - - NEW ASHONGMAN,GA WEST,Greater Accra,Retail
525,PC/AS/R/0114C,BIG MARON PHARMACY (ANNEX),"PLOT 16, BLOCK 9A - DADIESOABA KUMASI",KMA,Ashanti,Retail
526,PC/GR/WR/0224L,BIG MARON PHARMACY LTD,H/NO. P861 NII TORTOR STREET ABEKA ACCRA,AMA,Greater Accra,Wholesale/Retail
527,PC/BA/WR/0605L,BIG-BOSK PHARMACY LTD,"H/NO. TF 0151, DWOMO NO 1",TECHIMAN SOUTH,Brong Ahafo,Wholesale/Retail
528,PC/AS/R/0085E,BIJAY PHARMACY LTD.,"H/NO. B01, PLOT 10, MAIN ROAD - ASHANTI-MAMPONG",MAMPONG,Ashanti,Retail
529,PC/CR/R/0065P,BIJOU PHARMACY LTD,H/NO. XX 325 AVOCADO STREET ZONGO ELMINA,KOMENDA-EDINA EGUAFO-AB,IRCEeMntral,Retail
530,PC/GR/W/0003G,BILIRA PHARMACY,"HNO. 424, PENTECOST VOCATIONAL SCH, NEW GBAWE",GA SOUTH,Greater Accra,Wholesale
531,PC/GR/R/00586,BILLBOARD PHARMACY,H/NO. E 234/13 - NIMA ACCRA,AMA,Greater Accra,Retail
532,PC/GR/R/0211N,BILLI-PAK PHARMACY,UNN STORE - TREDE POBIMAN,GA WEST,Greater Accra,Retail
533,PC/GR/R/0022G,BIO LINK PHARMACY,"H/NO. DD/AE/053, HOSPITAL STR, APETECHI, DODOWA
ACCRA",SHAI-OSUDOKU,Greater Accra,Retail
534,PC/GR/R/0132H,BIO PLUS PHARMACY,H/NO. 1 MIOTSO MAIN ROAD MIOTSO PRAMPRAM,NINGO PRAMPRAM,Greater Accra,Retail
535,PC/GR/W/0024F,BIOFEM GHANA LTD.,"H/NO. 13, AIRPORT RESIDENTIAL SENCHI STREET - AIRPORT-
ACCRA",AMA,Greater Accra,Wholesale
536,PC/GR/WR/0415H,BIOLINK PHARMACY LTD.,"OLD MOBIL FILLING STATION DODOWA-SOMANYA AYIKUMA
STATION AYIKUMA",SHAI-OSUDOKU,Greater Accra,Wholesale/Retail
537,PC/GR/R/0274P,BIOMARKER PHARMACY LTD,GE-005-6939 - NEAR HEALTH CENTRE ABOKOBI,GA EAST,Greater Accra,Retail
538,PC/CR/WR/00028,BIOMEID PHARMACIA,"STORE NO. 1 AMAMOMA PALACE STREET OPPOSITE TAXI
RANK CAPE COAST",CAPE COAST,Central,Wholesale/Retail
539,PC/GR/W/00208,BIOTIC PHARMACY,"H/NO. NII OKLU STR, 1ST JXN CENTURY ROAD, TESHIE",LEDZOKUKU-KROWOR,Greater Accra,Wholesale
540,PC/GR/R/0119E,BIOTIC PHARMACY,"H/NO. 2, WAWA CLOSE CENTINARY ROAD - TESHIE-NUNGUA",LEDZOKUKU-KROWOR,Greater Accra,Retail
541,PC/GR/R/0110H,BIOTIC PHARMACY,"PLOT NO. 89 SPINTEX ROAD LIGHT INDUSTRIAL AREA FREE
ZONE SPINTEX SPINTEX",TMA,Greater Accra,Retail
542,PC/CR/WR/0481L,BISA NYAME PHARMACY,"H/NO. AYZ-23/5, AYANFURI",UPPER DENKYIRA-WEST,Central,Wholesale/Retail
543,PC/AS/R/0351K,BISBERF PHARMACY LTD,H/NO. Z40 MAMPONG ROAD - NTONSO,KWABERE EAST,Ashanti,Retail
544,PC/AS/W/0097N,BISBOAT PHARMACY LTD,"PLOT 80A, BLOCK A S LINE - ATONSU",KMA,Ashanti,Wholesale
545,PC/ER/R/0110P,BITS PHARMACY LTD,"H/NO. 167, BLOCK F, SECTION 3 - NEAR GOVERNMENT
HOSPITAL NEW ABIRIM",BIRIM NORTH,Eastern,Retail
546,PC/GR/R/0104C,BLACK SWAN PHARMACY,"H/NO. 14, OFANKOR HIGH STREET KWASHIEMAN ACCRA",GA WEST,Greater Accra,Retail
547,PC/WR/WR/0185J,BLESS ONE PHARMACY,"STORE NO 3AND 4 OWUO AGYEMANG MARKET AREA SEFWI
DWINASE",SEFWI WIAWSO,Western,Wholesale/Retail
548,PC/GR/R/0409L,BLIBO AFRICA PHARMACY LIMITE,"GA-062-3612 OLUSEGUN OBASANJO HIGHWAY ROMAN
RIDGE ACCRA",AMA,Greater Accra,Retail
549,PC/GR/W/0206F,BLISTER'S PHARMACEUTICALS LTD,"H/NO. ATA/63/73, FOOTPRINT AVENUE, - NEW DAHWENYA
NEW DAWHENYA",NINGO PRAMPRAM,Greater Accra,Wholesale
550,PC/CR/WR/0094M,BLUE AND WHITE PILLS PHARMAC,"STORE 1 & 2, DUNKWA-ON-OFFIN",UPPER DENKYIRA-EAST,Central,Wholesale/Retail
551,PC/CR/R/0086F,BLUE CROSS PHARMACY LTD.,"H/NO. K33/3, PEDU-TWIFO PRASO ROAD OPPOSITE WESLEY
GIRLS HIGH SCHOOL CAPE COAST",CAPE COAST,Central,Retail
552,PC/GR/W/0207C,BLUE CRYSTAL LIMITED,"H/NO. 53 (RND PLAZA SPINTEX ROAD NEAR BAATSONAA
TOTAL FILLING STATION ACCRA",AMA,Greater Accra,Wholesale
553,PC/UWR/WR/0202L,BLUE LIGHT PHARMACY,PLOT SG-UWA 507 NEAR WA-BOLE HILL HOTEL BAMAHU WA,WA,Upper West,Wholesale/Retail
554,PC/NR/R/0026N,BLUE NILE PHARMACY LTD,H/NO. 47 YONG AVENUE YONG TAMALE,TAMALE,Northern,Retail
555,PC/AS/R/0137N,BLUESAVE PHARMACY LTD,"PLOT 10, BLOCK NO, OFORIKROM",KMA,Ashanti,Retail
556,PC/AS/R/0147C,BLUESKY PHARMACY,"PLOT 30, BLOCK D NEAR ANLOGA MARKET ANLOGA
JUNCTION KUMASI",KMA,Ashanti,Retail
557,PC/GR/W/0191P,BLUESKY PHARMACY LIMITED,GW-1106-955 ALHAJI ROAD MILE 7 CHANTAN,GA CENTRAL,Greater Accra,Wholesale
558,PC/VR/R/0142L,BLUESTAR PHARMACY,H/NO. DZO-ATP 083 - APETEPE DZODZE,KETU NORTH,Volta,Retail
559,PC/VR/R/0031P,BLUESTAR PHARMACY LTD,H/NO. TA2-J-044 DEVEGO ROAD - TADZEWU,KETU NORTH,Volta,Retail
560,PC/AS/WR/0591L,BN RX PHARMACY,"PLOT 79, BLOCK 8, EJURA ATEBUBU",EJURA-SEKYIDUMASE,Ashanti,Wholesale/Retail
561,PC/AS/WR/0244M,BN RX PHARMACY LTD,H/NO. NDS 105 NEW HOSPITAL ROAD NYAME TEASE BEKWAI,BEKWAI,Ashanti,Wholesale/Retail
562,PC/GR/R/00840,BNK PHARMACY LIMITED,"H/NO. 19 RACECOURSE ROAD TABORA, OWORSIKA TOWN
ACCRA",AMA,Greater Accra,Retail
563,PC/AS/R/0071C,BOA-EVE PHARMACY,"PLOT 25, BLOCK A, - OHWIM KUMASI",KMA,Ashanti,Retail
564,PC/CR/WR/00003,BOAKYE ANSAH PHARMACY,"H/NO. G110/2 FORMER U.T.C. STORES KOTOKURABA CAPE
COAST",CAPE COAST,Central,Wholesale/Retail
565,PC/AS/R/0092E,BOAKYE DANKWA MEMORIAL PH,"PLOT 9, BLOCK XXA, ANTOA ROAD - BUOKROM ESTATE",KMA,Ashanti,Retail
566,PC/GR/R/0336P,BODAC-SKB PHARMACY LTD,5.74261N-0.36142W ONION ROAD - ADJEN KOTOKU,GA WEST,Greater Accra,Retail
567,PC/NR/WR/0166H,BOIPADS PHARMACY LTD.,H/NO. L-26 NEAR TIZAA RURAL BANK LIMAN FONG GUSHRIGU,GUSHIEGU,Northern,Wholesale/Retail
568,PC/AS/WR/00116,BOKAT PHARMACY,"H/NO. N 247, - NYINAHIN NYINAHIN",ATWIMA MPONUA,Ashanti,Wholesale/Retail
569,PC/CR/R/0471L,BOLENTO PHARMACY,H/NO. AM 719/6 - - KASOA,AWUTU SENYA EAST,Central,Retail
570,PC/GR/R/0330L,BONEBEL PHARMACY LIMITED,"GZ-1236441 FORCES REGIMENT, BURMA CAMP
OKPOIGONNO TESHIE",LEDZOKUKU-KROWOR,Greater Accra,Retail
571,PC/UER/WR/0004P,BONGO EXPRESS PHARMACY PHA,H/NO. A-5C SALIBGA STREET MARKET SQUARE BONGO,BONGO,Upper East,Wholesale/Retail
572,PC/AS/R/00070,BONYARK PHARMACY LTD.,H/NO. AB. 1 - ABUAKWA ASHANTI,ATWIMA NWABIAGYA,Ashanti,Retail
573,PC/CR/WR/0060P,BORASBEE PHARMACEUTICALS,"STORE 2, AGONA SWEDRU",AGONA WEST,Central,Wholesale/Retail
574,PC/ER/WR/0593K,BORAXBEE PHARMACY LTD,"PLOT 7 OPPOSITE ST. JAMES HOTEL, POLY ROAD
NYAMEKROM KOFORIDUA",NEW-JUABENG,Eastern,Wholesale/Retail
575,PC/GR/W/0059P,BOS CHEMISTS LTD,GA-314-1436 EDUARDO MOHDLANA KANESHIE ACCRA,AMA,Greater Accra,Wholesale
576,PC/GR/R/0016P,BOSHEN PHARMACY LTD,"H/NO. 81 SHELL SERVICE STATION OBEDEKATSECOMMINITY
12 TEMA",TMA,Greater Accra,Retail
577,PC/AS/R/0452P,BOSS-CARE PHARMACY LTD,SK/1A/B AO-189-2873 SAMSONKROM TUTUKA-BOETE,OBUASI,Ashanti,Retail
578,PC/GR/R/0090F,BOULEVARD CHEMISTS LTD.,H/NO. 84 EAST LEGON EXTENSION MEMPEASEM EAST-LEGON,AMA,Greater Accra,Retail
579,PC/GR/R/00850,BOUNDARY ROAD PHARMACY,H/NO. 19 BOUNDARY ROAD BAATSONA OKPOI-GONNOR,LEDZOKUKU-KROWOR,Greater Accra,Retail
580,PC/GR/R/0007L,BOVISER PHARMACY LIMITED,"NEAR SUNCITY MOSQUE, ADJEI KOJO",TMA,Greater Accra,Retail
581,PC/ER/W/0100P,BOZZ-JAY CHEMISTS LTD,- ATIBIE ROAD - NKAWKAW,KWAHU WEST,Eastern,Wholesale
582,PC/BA/WR/0283K,BRAAD PHARMACY LTD,H/NO. 9/10 NEW TOWN BAAKONIANA SUNYANI,SUNYANI,Brong Ahafo,Wholesale/Retail
583,PC/BA/W/0083E,BRAFAKO PHARMACEUTICALS LTD,H/NO. 59 NKRANKROM ROAD ASASETRE ABESIM,SUNYANI,Brong Ahafo,Wholesale
584,PC/UWR/R/0203L,BRAINCODE PHARMACY,"H/NO. 62 DOBILE STREET ADJACENT SOCCABET BUILDING
DEHA LAMASHEGU",WA,Upper West,Retail
585,PC/GR/R/0091J,BRAINTREE PHARMACY,H/NO. 3 ORANGE STREET ST PETERS COURT MANET ESTATE,LEDZOKUKU-KROWOR,Greater Accra,Retail
586,PC/WR/WR/00017,BRAKATU PHARMACY LTD.,"PLOT 15, POST OFFICE RD, NR LABOUR OFFICE, TARKWA",TARKWA-NSUAEM,Western,Wholesale/Retail
587,PC/WR/WR/0200F,BRAKATU-BENNET PHARMACY LT,"H/NO. HS 01, TARKWA GOVERNMENT HOSPITAL GOV'T.
HOSP. LANE TARKWA",TARKWA-NSUAEM,Western,Retail
588,PC/GR/R/0295P,BRANDEMARY PHARMACY LTD,"H/NO. U/64, ARKU KORSAH COMMUNITY 8 TEMA",TMA,Greater Accra,Retail
589,PC/GR/R/0079H,BRAVEN WAVES PHARMACY LIMIT,"H/NO. 3ED ADENTA ASSEMBLIES ANIMAL RESEARCH ROAD
ADENTA MADINA",LA NKWANTANANG-MADINA,Greater Accra,Retail
590,PC/GR/R/0352P,BREAD OF LIFE PHARMACY LTD,H/NO. BJ24 - KWASHIEMAN OFANKOR,GA CENTRAL,Greater Accra,Retail
591,PC/GR/R/0396L,BRIDGESTONE PHARMACY LIMITE,H/NO. D115 ATOMIC ROUNDABOUT ROAD BANKYEASE TAIFA,GA EAST,Greater Accra,Retail
592,PC/GR/R/0137G,BRIDGEVIEW PHARMACY,"H/NO. 268, TANTRA-DOME ROUNDABOUT NR TRUST CLINIC
DOWN, - ACCRA",GA EAST,Greater Accra,Retail
593,PC/WR/R/0206K,BRIDGING PHARMACT LTD,H/NO. B22 - AFTER BRIDGE APREMDO,SEKONDI-TAKORADI,Western,Retail
594,PC/GR/R/00229,BRIGHT AID PHARMACY LTD.,H/NO. B646/13 - RUSSIA ACCRA,AMA,Greater Accra,Retail
595,PC/GR/R/00021,BRIGHT PHARMACY,H/NO. 17 COCOA STREET TESHIE-NUNGUA ESTATE ACCRA,LEDZOKUKU-KROWOR,Greater Accra,Retail
596,PC/AS/R/0125A,BRIT CHEMIST LTD.,"H/NO. 27, BLOCK G - NORTH PATASI KUMASI",KMA,Ashanti,Retail
597,PC/GR/R/0131P,BRITISH ACCRA PHARMACY LTD.,H/NO. C186 AFIENA STREET - JAMES TOWN,AMA,Greater Accra,Retail
598,PC/GR/R/0070H,BRITTS PHARMA LTD.,"H/NO. A 104/10 ADU KOJO ST, CAMARA STATION/BRIDGE
DANSOMAN",GA WEST,Greater Accra,Retail
599,PC/AS/R/0105L,BROADCARE PHARMACY LTD,PLOT 31 BUOBAI ROAD BUOBI ASOKORE-MAMPONG,KMA,Ashanti,Retail
600,PC/AS/R/0103J,BROADWAY PHARMACY LIMITED,"PLOT 4, BLOCK 4 KWADASO-AGRIC MAIN STREET KWADASO
KUMASI",KMA,Ashanti,Retail
601,PC/GR/R/0080E,BROBBSON PHARMACY,H/NO. A1 OPPOSITE LOVELY TANKER COMM. 25 YARD TEMA,TMA,Greater Accra,Retail
602,PC/GR/R/0276J,BROBBSON PHARMACY,"H/NO. RP 15/20 NANA PREMPEH STREET COMMUNITY 6
TEMA",TMA,Greater Accra,Retail
603,PC/GR/R/0253K,BROBBSON PHARMACY,UNN SHOP - POLICE STATION EAST LEGON,LA NKWANTANANG-MADINA,Greater Accra,Retail
604,PC/GR/R/0095P,BROBBSON PHARMACY LIMITED,ZION STREET - COMMUNITY 26 TEMA,TMA,Greater Accra,Retail
605,PC/GR/W/0431P,BROBBSON PHARMACY LIMITED,"H/NO. A1, GT-378-7750 SPINTEX ROAD - SAKUMONO
JUNCTION",TMA,Greater Accra,Wholesale
606,PC/GR/WR/00196,BROBBSON PHARMACY LTD,"PLOT NO.7/MKT/A6, - COMMUNITY 7, TEMA",TMA,Greater Accra,Wholesale/Retail
607,PC/GR/R/0111C,BROBBSON PHARMACY LTD,"H/NO. AM 16, MAIN RD, NEAR KOREANA HOTEL, COMM. 11
TEMA",TMA,Greater Accra,Retail
608,PC/GR/WR/00196,BROBBSON PHARMACY LTD,"PLOT NO.7/MKT/A6, - COMMUNITY 7, TEMA",TMA,Greater Accra,Wholesale/Retail
609,PC/GR/R/0111C,BROBBSON PHARMACY LTD,"H/NO. AM 16, MAIN RD, NEAR KOREANA HOTEL, COMM. 11
TEMA",TMA,Greater Accra,Retail
610,PC/GR/R/0112C,BROBBSON PHARMACY LTD.,"H/NO. SKM PLOT 10, BLK. N, - OPP. SAKUMONO POLICE STN,
TEMA",TMA,Greater Accra,Retail
611,PC/GR/R/0058M,BS PHARMACY LTD,"UNN HOUSE, DAWENYA",NINGO PRAMPRAM,Greater Accra,Retail
612,PC/GR/WR/0087L,BUBUASHIE CONTROL PHARMACY,H/NO. 2973/3 NIKOI OLAI CONTROL MARKET BUBUASHIE,AMA,Greater Accra,Wholesale/Retail
613,PC/GR/R/0088L,BUBUASHIE CONTROL PHARMACY,H/NO. CV 11 ABOUFRO STREET - BUBUASHIE,AMA,Greater Accra,Retail
614,PC/VR/WR/0004K,BUBUNE PHARMACY,H/NO. B8/86 TODGBE AFEDE ST. BANKOE BANKOE,HO,Volta,Wholesale/Retail
615,PC/GR/R/0145M,BUBUNE PHARMACY LIMITED,H/NO. 58 OMANYE AVENUE WESTLANDS EAST LEGON,GA CENTRAL,Greater Accra,Retail
616,PC/CR/W/0149E,BUCEE PHARMACY LTD.,"H/NO. F36, KOTOKURABA - CAPE COAST",CAPE COAST,Central,Wholesale
617,PC/GR/R/0186L,BUCK PHARMACY LTD,H/NO. 131 NYAME STREET - TAIFA,GA WEST,Greater Accra,Retail
618,PC/GR/R/00754,BUDAPEST PHARMACY,H/NO. J 13/7 - ACCRA NUNGUA,LEDZOKUKU-KROWOR,Greater Accra,Retail
619,PC/GR/R/0168G,BUDGET PHARMACY,"H/NO. 17, EBENEZER CRESCENT - MAMPROBI MAMPROBI",AMA,Greater Accra,Retail
620,PC/GR/WR/00309,BUDGET PHARMACY (KORLE-BU B,"OPP. FORMER NURSES QTRS, KORLE-BU, GORDON
GUGGISBERG AVE, - ACCRA",AMA,Greater Accra,Wholesale/Retail
621,PC/NR/R/0026P,BUIPE PHARMACY LTD,H/NO. BYE 135 MAIN HIGHWAY BOROWASI BUIPE,CENTRAL GONJA,Northern,Retail
622,PC/GR/R/00534,BUKOM PHARMACY,H/NO. 227/2 ANKRASHIE STREET BUKOM ACCRA,AMA,Greater Accra,Retail
623,PC/GR/R/0386L,BURMA CAMP PHARMACY LIMITE,GL-111-1089 ARAKAN BATAL ROAD - BURMA CAMP,LA NKWANTANANG-MADINA,Greater Accra,Retail
624,PC/GR/W/0142P,BURMA CAMPN PHARMACY LTD,RECCE JUNCTION BURMA CAMP,LEDZOKUKU-KROWOR,Greater Accra,Wholesale
625,PC/GR/R/00264,C B V PHARMACY LTD.,"UNN. HSE, NEAR COASTAL ESTATES, ACCRA BAATSONA",TMA,Greater Accra,Retail
626,PC/AS/R/00284,C. CRENTSIL PHARMACY,"H/NO. 9, BLOCK P SW BM KUFFOUR STREET, NEAR DARKO
FARM AHODWO KUMASI",KMA,Ashanti,Retail
627,PC/GR/R/0097A,C. K. RELOG COMPANY LTD.,"SHOP NO. 3, TRUST SAM HOUSE - NIMA ROUND ABOUT
ACCRA",AMA,Greater Accra,Retail
628,PC/GR/WR/00319,C. K. RELOG PHARMACEUTICAL LT,"H/NO. 103, NEW ASHONGMAN BEHIND MOTORWAY NEAR
ASHONGMAN ACCRA",GA EAST,Greater Accra,Wholesale/Retail
629,PC/GR/R/0045J,C. K. RELOG PHARMACY,H/NO. N/A 271 ESTATE ROAD CURVE NEW ASHONGMAN,GA EAST,Greater Accra,Retail
630,PC/GR/R/00394,C.S. ALLOT PHARMACY,STORE H 600 - HAATSO ACCRA,AMA,Greater Accra,Retail
631,PC/GR/R/0072E,C.S. ALLOT PHARMACY,"H/NO. 312 OBAHEMAA STREET ASHONGMAN ESTATE DOME-
KWABENYA",GA EAST,Greater Accra,Retail
632,PC/GR/R/0129A,CAADS PHARMACY,OGBOJO ROAD MADINA-ASHALE JUNCTION ACCRA,ADENTAN,Greater Accra,Retail
633,PC/GR/WR/0336L,CAADS PHARMACY,BARON FIRST/SECOND ADENTA ROAD - DODOWA,ADENTAN,Greater Accra,Wholesale/Retail
634,PC/GR/R/0142L,CALVARY CENTRAL PHARMACY,H/NO. C11/14 OMAI STREET - ZDORWULU,GA CENTRAL,Greater Accra,Retail
635,PC/GR/R/0259J,CALVARY CENTRAL PHARMACY,"H/NO. GA-025-6992 MALLAM KAMALUDEEN ST. MALLAM
KAMALUDEEN NIMA-ACCRA",AMA,Greater Accra,Retail
636,PC/GR/R/0023G,CAMDEN PHARMACEUTICALS LTD,"H/NO. PLOT 37 & 38, TSE ADDO, NMATI ABONASE, GHANA
INT. TRADE FAIR, LABADI",LA DEDE-KOTOPON,Greater Accra,Retail
637,PC/GR/R/0061J,CAMDEN PHARMACY,H/NO. A5/26 ACP ROAD - POKUASE,GA WEST,Greater Accra,Retail
638,PC/GR/R/00940,CAMDEN PHARMACY LTD,H/NO. 104 - OGBOJO ACCRA,ADENTAN,Greater Accra,Retail
639,PC/GR/R/0103E,CAMOMILE PHARMACY LTD.,"UNN. HOUSE, ELIZABETH SEY STR, ACCRA",AMA,Greater Accra,Retail
640,PC/GR/R/00704,CAMP ROAD PHARMACY LTD.,H/NO. 23/6 - WEST ABOMA TESHIE,LEDZOKUKU-KROWOR,Greater Accra,Retail
641,PC/GR/R/0422L,CANDY PHARMACY LIMITED,H/NO. 10 DR. AGRREY STREET - OFANKOR ASOFAN,GA WEST,Greater Accra,Retail
642,PC/GR/W/0136C,CAPA CHEMIST LTD.(COMM. 19 B,H/NO. C19/ANX/MKT/3 ABATTOIR ROAD - LASHIBI,TMA,Greater Accra,Wholesale
643,PC/GR/R/00938,CAPA CHEMISTS LTD.,H/NO. RP/13/G14 - SAKUMONO TEMA,TMA,Greater Accra,Retail
644,PC/CR/R/00001,CAPE COAST PHARMACY,H/NO.F 51/2 KOTOKURABA ROAD - CAPE-COAST,CAPE COAST,Central,Retail
645,PC/CR/WR/0100K,CAPE PILL PHRMACY LTD,H/NO. KML 90D POLYKAMP ROAD ABURA CAPE COAST,CAPE COAST,Central,Wholesale/Retail
646,PC/CR/W/0198N,CAPITALMED PHARMACY LTD,H/NO. 21 KWAME WALKER AVENUE PEDU CAPE COAST,CAPE COAST,Central,Wholesale
647,PC/GR/R/0053L,CAPLETS PHARMACY,"H/NO. 34/1 ANTTWERE GONO STREET NEAR MARITIME
UNIVERSITY NUNGUA NAUTICAL",LA NKWANTANANG-MADINA,Greater Accra,Retail
648,PC/GR/R/0269K,CAPS PHARMACY,"ABURI-ADENTA HIGHWAY ADJACENT ENGEL FUEL STATION
SOUTH OYARIFA",LA NKWANTANANG-MADINA,Greater Accra,Retail
649,PC/GR/R/0152M,CAPSULES PLUS PHARMACY LTD,UNN. STORE OWUSU ANSAH ROAD - OYARIFA,ADENTAN,Greater Accra,Retail
650,PC/GR/R/0101M,CARDINAL CHEMISTS,UNN. HSE. HOSPITAL ROAD - DODOWA,SHAI-OSUDOKU,Greater Accra,Retail
651,PC/GR/R/0108H,CARDINAL CHEMISTS GHANA LTD,"H/NO. G. P. S. GM-023-4145, MADINA ESTATE ROAD
BANANA LANE MADINA",ADENTAN,Greater Accra,Retail
652,PC/GR/R/0282P,CARDINAL HEALTH PHARMACY LT,GZ-081-7459 LEKMA ROAD NEAR POLICE STATION TESHIE,,Greater Accra,Retail
653,PC/GR/W/00105,CARDINAL PHARMACEUTICALS,PLOT 44 CLEMENTS STREET OKAISHIE ACCRA,AMA,Greater Accra,Wholesale
654,PC/GR/R/0065N,CARE CHANNEL PHARMACY LIMIT,H/NO. O/K 26 C. O. STREET - OGBOJO,,Greater Accra,Retail
655,PC/GR/R/0165L,CARE HUB PHARMACY LTD,JOHN NU ODOO STREET - KISSIEMAN,GA EAST,Greater Accra,Retail
656,PC/GR/R/0541L,CARE LINK PHARMACY LIMITED,H/NO. WBHA 947 - NII QUAYE TAWIAH SPINTEX ROAD,LA NKWANTANANG-MADINA,Greater Accra,Retail
657,PC/AS/R/0123N,CARE ONE PHARMACY LTD,"PLOT 5, BLOCK 5, NEW TAFO",KMA,Ashanti,Retail
658,PC/AS/W/0263J,CARE PLUS PHARMACY LTD,"PLOT NO. 25, BLK A ALLEY STREET SANTASI-ANYINAM
ANYINAM",ATWIMA KWANWOMA,Ashanti,Retail
659,PC/GR/R/0036G,CARE VIEW PHARMACY LTD,"H/NO. BLOCK 4, SOUTH WEST MACARTHY RD, - MACARTHY
HILL",GA SOUTH,Greater Accra,Retail
660,PC/GR/R/0090J,CARE VIEW PHARMACY LTD,GA-545-7005 GBEGBESE BEACH ROAD - MPOASE,GA CENTRAL,Greater Accra,Retail
661,PC/GR/R/0272K,CARE VIEW PHARMACY LTD,"H/NO. 301, OBLOGO ROAD - WEIJA",GA SOUTH,Greater Accra,Retail
662,PC/GR/R/0444K,CARE VIEW PHARMACY LTD,"GW-0219-9537, ODUMASE",GA WEST,Greater Accra,Retail
663,PC/GR/W/0168F,CARE VIEW PHARMACY LTD.,"H/NO. A 585/4, - LARTEBIOKORSHIE LARTEBIOKORSHIE",AMA,Greater Accra,Wholesale
664,PC/GR/R/0030G,CARE VIEW PHARMACY LTD.,"PLOT NO. 139, OBLOGO MAIN STREET, WEIJA OBLOGO",GA SOUTH,Greater Accra,Retail
665,PC/GR/R/0038L,CARE4 HEALTH ENTERPRISE,H/NO. C403/3 2134 - ASYLUM DOWN ACCRA,AMA,Greater Accra,Retail
666,PC/GR/WR/0504K,CAREFANY PHARMACY LTD,"H/NO. DAWA/NIPDA 13279 TETTEH ONUKPA STREET -
DAWHENYA",NINGO PRAMPRAM,Greater Accra,Wholesale/Retail
667,PC/GR/W/0163F,CAREL LOGISTICS LTD.,"H/NO. C612, ADJ. TESANO POLICE STATION, - TESANO-ACCRA",AMA,Greater Accra,Wholesale
668,PC/AS/WR/0051C,CAREMAX PHARMACY LTD.,"PLOT 14, BLOCK D, - PANKRONO OVERSEAS PANKRONO",KWABERE EAST,Ashanti,Wholesale/Retail
669,PC/GR/R/0037E,CAREPLUS PHARMACY,"H/NO. 44, OLD TAIFA ROAD - DOME",GA EAST,Greater Accra,Retail
670,PC/GR/WR/0156E,CARL CHEMIST LTD.,EMEFA ESTATE MATAHEKO-AFIENYA NINGO,KPONE KATAMANSO,Greater Accra,Wholesale/Retail
671,PC/GR/R/00322,CARMOS PHARMACY LTD.,H/NO. CFC 35A - NEAR RAILWAY CROSSING DOME,GA EAST,Greater Accra,Retail
672,PC/GR/R/00759,CARP PHARMACY LTD.,H/NO. 2325 - TABORA NO. 6 ABEKA LAPAZ,AMA,Greater Accra,Retail
673,PC/VR/WR/0178M,CARTHUR PHARMACEUTICALS,H/NO. DH/66 KPENOE STREET - HO,HO,Volta,Wholesale/Retail
674,PC/AS/R/00013,CASABLANCA PHARMACY,"H/NO. 12, BLOCK G - NEW SUAME KUMASI",KMA,Ashanti,Retail
675,PC/GR/R/0040E,CEDAR POINT CHEMIST LTD.,"H/NO. 1, EXTEE PRESTIGE ESTATE OTANOR-ACCRA",ADENTAN,Greater Accra,Retail
676,PC/GR/IW/00219,CEDAR POINT CHEMISTS LTD.,"H/NO. B/107/A AMAR KWARTENG STREET OLD STOP HOLY
aTleRINITY JUNCTION ACCRA",AMA,Greater Accra,Importing Wholesale
677,PC/GR/IW/00219,CEDAR POINT CHEMISTS LTD.,"H/NO. B/107/A AMAR KWARTENG STREET OLD STOP HOLY
aTleRINITY JUNCTION ACCRA",AMA,Greater Accra,Importing Wholesale
678,PC/BA/WR/0465K,CEDES PHARMACY,"H/NO. ND 11, NEW DORMAA SUNYANI",SUNYANI WEST,Brong Ahafo,Wholesale/Retail
679,PC/GR/R/00728,CEFRANO PHARMACY LTD.,HNO. IP 214 SITE 15 COMMUNITY 1 TEMA,TMA,Greater Accra,Retail
680,PC/GR/R/0081L,CEIZONS LIMITED,GM 0579377 REISS JCT ROAD - AGBOGBA NORTH,GA EAST,Greater Accra,Retail
681,PC/GR/R/0032A,CEIZONS LTD (PHARMACY DIVISIO,"H/NO. PK/B/003 AMANFROM RD OPPOSITE FESTUS HOTEL
POKUASE",GA WEST,Greater Accra,Retail
682,PC/GR/WR/0661L,CEKAMS PHARMACEUTICALS LTD,GA-515-8955 NII SAI CRESCENT MEMPEASEM EAST LEGON,AMA,Greater Accra,Wholesale/Retail
683,PC/VR/WR/00013,CEL CHEMIST LTD.,H/NO. AH 193 OPPOSITE P&T CORPORATION HOHOE HOHOE,HOHOE,Volta,Wholesale/Retail
684,PC/GR/R/00701,CELIA PHARMACY,H/NO. C 38/9 OKPONGLO STREET OKPONGLO ACCRA,AMA,Greater Accra,Retail
685,PC/GR/R/0102E,CELIA PHARMACY LTD.,"H/NO. 1, ABLADJEI TRANSFORMER STR. ACCRA ACCRA",GA EAST,Greater Accra,Retail
686,PC/WR/R/0234M,CELTIS PHARMACY,H/NO. 113RD - TAMSO ESTATE TARKWA,TARKWA-NSUAEM,Western,Retail
687,PC/GR/W/0204G,CENTILLION PHARMA LIMITED,H/NO. AMA 2 WAWA STREET KOKOMLEMLE ACCRA,AMA,Greater Accra,Wholesale
688,PC/GR/R/00807,CHALTON COMPANY LTD.,H/NO. D. 605/2 ORGLE STREET SALAHA ACCRA,AMA,Greater Accra,Retail
689,PC/NR/WR/0160E,CHAMALT PHARMACY LTD.,"H/NO C4, JISONAYILLI BOLGA-TAMALE RD. - TAMALE",TAMALE,Northern,Wholesale/Retail
690,PC/WR/WR/0037M,CHANECK PHARMACY,TYPE 890 AGGREY STREET PWD QUARTERS TAKORADI,SEKONDI-TAKORADI,Western,Wholesale/Retail
691,PC/WR/WR/0104D,CHANECK PHARMACY,"H/NO. 131, WESTLINE ANAJI SEKONDI",SEKONDI-TAKORADI,Western,Wholesale/Retail
692,PC/NR/WR/0128M,CHANTIWUNI CHEMIST,H/NO. B 345 HOSPITAL ROAD - NALERIGU,EAST MAMPRUSI,Northern,Wholesale/Retail
693,PC/GR/R/0144B,CHARA PHARMACY LTD,H/NO. C42/8 - NEW TOWN ACCRA,AMA,Greater Accra,Retail
694,PC/GR/R/0027C,CHARA PHARMACY LTD.,"H/NO. 292, MOTORWAY EXTENSION - KWASHIEMAN",AMA,Greater Accra,Retail
695,PC/AS/R/0131N,CHARGET PHARMACY,INDEPENDENCE HALL - KNUST KUMASI,KMA,Ashanti,Retail
696,PC/AS/R/0361J,CHARGET PHARMACY LTD. (ANNE,"GUSS HOSTEL, BRUNEL - KNUST KUMASI",KMA,Ashanti,Retail
697,PC/AS/R/00055,"CHARGET PHARMACY LTD.,","PLOT 10, BLOCK D - ANGOLA JUNCTION KUMASI",KMA,Ashanti,Retail
698,PC/GR/R/0419H,CHARIS PHARMA LTD.,H/No. 10 KANEWU ROAD ASHIAMAN ADJEI KOJO,TMA,Greater Accra,Retail
699,PC/GR/R/0428K,CHARITY PHARMACY LTD,H/NO. 3 DARKUMAN ROAD - NYAMEKYE,GA CENTRAL,Greater Accra,Retail
700,PC/GR/R/00428,CHARLISA PHARMACY,"PLOT NO 59/GA 462/294 ASHALEY BOTWE ROAD -
OBUDANKADI",ADENTAN,Greater Accra,Retail
701,PC/AS/R/00248,CHARMAR PHARMACY LTD,PLOT AP 3 APUTUOGYA LAKE ROAD - APUTUOGYA,BOSOMTWE,Ashanti,Retail
702,PC/AS/R/0025F,CHARMAR PHARMACY LTD.,"LUB 6, BLK A, ADJ. POLICE QTRS, MARKET RD, JACHIE",BOSOMTWE,Ashanti,Retail
703,PC/GR/R/00941,CHARPS CHEMISTS,"H/NO. G 174/4, SOWA GBOVILO STR, NEAR AUNTIE OTSOO
CLINIC, LA",LA DEDE-KOTOPON,Greater Accra,Retail
704,PC/GR/R/00024,CHASCA PHARMACY,H/NO. AB1 REDEMPTION STREET COMMUNITY 9 TEMA,TMA,Greater Accra,Retail
705,PC/GR/R/0359P,CHATKUKUS PHARMACY LTD,GL-012-0749 LOMO ADAWU STREET - LABADI,LA NKWANTANANG-MADINA,Greater Accra,Retail
706,PC/GR/R/0002E,CHEMICANI COMPANY LTD.,H/NO. 31/2 - APLAKU NEW TOWN WEIJA,GA SOUTH,Greater Accra,Retail
707,PC/GR/R/0331P,CHEN'S PHARMACY LTD,H/NO. A303/4 AYOKI TEIKO STREET - LATERBIOKOSHIE,AMA,Greater Accra,Retail
708,PC/GR/WR/0077M,CHF OASIS PHARMACY LTD,H/NO. 3 MAWUENA STREET - DOME PILLAR 2,GA EAST,Greater Accra,Wholesale/Retail
709,PC/ER/R/0126E,CHOCHO PHARMACY LTD.,"H/NO. E-27, MOWIRE HIGHWAYS KWABENG",ATIWA,Eastern,Retail
710,PC/GR/R/0128A,CHRISMAN PHARMACY,H/NO. KLNGA/A 16 - KLAGON TEMA,TMA,Greater Accra,Retail
711,PC/GR/R/0010B,CHRISMAN PHARMACY (ADJEI KOJ,H/NO. STKS A/32 - KING SOLOMON-ADJEI KOJO TEMA,TMA,Greater Accra,Retail
712,PC/GR/R/00332,CHRISMOR PHARMACY LIMITED,UNN. SHOP DODOWA ROAD AFIENYA TEMA,NINGO PRAMPRAM,Greater Accra,Retail
713,PC/ER/WR/0600K,CHRISPHARMA LTD,"H/NO. C 58 MAIN ROAD OPPOSITE MAIN TAXI STATION
NKATESO-ANYINAM",ATIWA,Eastern,Wholesale/Retail
714,PC/ER/WR/0157J,CHRISPHARMA LTD,123 BOADUA-AKWATIA BOUDUA AKWATIA,DENKYEMBOUR,Eastern,Wholesale/Retail
715,PC/ER/WR/00049,CHRISPHARMA LTD.,"H/NO. TC/80 , NEW TAFO",EAST AKIM,Eastern,Wholesale/Retail
716,PC/ER/WR/0043F,CHRISPHARMA LTD.,"H/NO. NK 12B9, SDA JUNCTION - - NSUKWAO",NEW-JUABENG,Eastern,Wholesale/Retail
717,PC/GR/R/0052L,CHRIST CHOICE PHARMACY LTD,"H/NO. OM/1 WINNEBA KASOA HIGHWAY - AMANFROM
OFFICIAL TOWN",GA SOUTH,Greater Accra,Retail
718,PC/AS/R/0447K,CHRISTAL A & B CHEMIST LTD,H/NO. 2 EJISU-KONONGO HIGHWAY - EJISU,EJISU-JUABENG,Ashanti,Retail
719,PC/AS/WR/00077,CHRISTAL A & B CHEMIST LTD.,"H/NO. 2/3, METHODIST BLOCK.B - SUBIN VALLEY KUMASI",KMA,Ashanti,Wholesale/Retail
720,PC/AS/WR/0020D,CHRISTANCO PHARMACY,"AJ 14 KUMASI-TECHIMAN STREET ABOFOUR JUNCTION
ABOFOUR",OFFINSO,Ashanti,Wholesale/Retail
721,PC/GR/WR/0073J,CHRISTIAN MEDICAL SERVICES,"10 SOUTH TAFO, BLOCK E3 - - TESHIE",LEDZOKUKU-KROWOR,Greater Accra,Wholesale/Retail
722,PC/GR/R/0139P,CHRISTODIA PHARMACY LTD,GD-161-3696 BOUNDARY ROAD OGBOJO EAST LEGON,AMA,Greater Accra,Retail
723,PC/GR/R/00253,CIMA PHARMACEUTICAL LTD.,"UNN. HOUSE,COMMUNITY 18, LASHIBI, TEMA",TMA,Greater Accra,Retail
724,PC/AS/R/0071A,CINDIKE PHARMACY,PLOT NO. 55 - AMANFROM AMANFROM,ATWIMA NWABIAGYA,Ashanti,Retail
725,PC/AS/WR/0055E,CINDIKE PHARMACY LTD.(ASAMA,"PLOT 6, BLOCK E - - NKETIA",ATWIMA NWABIAGYA,Ashanti,Wholesale/Retail
726,PC/BA/WR/0093A,CISANT PHARMACY,"H/NO. SECT. 2, BLOCK D, NO. 70B ADARS STREET OLD
MARKET SQUARE KINTAMPO",KINTAMPO NORTH,Brong Ahafo,Wholesale/Retail
727,PC/BA/WR/0093A,CISANT PHARMACY,"H/NO. SECT. 2, BLOCK D, NO. 70B ADARS STREET OLD
MARKET SQUARE KINTAMPO",KINTAMPO NORTH,Brong Ahafo,Wholesale/Retail
728,PC/GR/R/0258M,CITA BOAM PHARMACY LTD,GW-0188-5727 - - DUNYO-MAYERA,GA WEST,Greater Accra,Retail
729,PC/GR/WR/0226J,CITAACO PHARMACY LTD,B 405/3 DERBY AVENUE ARENA ACCRA,AMA,Greater Accra,Wholesale/Retail
730,PC/GR/R/00029,CITADEL CHEMISTS (GH) LTD.,NO.1 EBENEZER STREET MAMPROBI ACCRA,AMA,Greater Accra,Retail
731,PC/GR/R/00028,CITADEL CHEMISTS (GH) LTD.,H/NO. A 1073/1 GLOVER ADDO STREET KORLE-BU ACCRA,AMA,Greater Accra,Retail
732,PC/VR/R/0058F,CITI PHARMACY,"H/NO. SECT 10/2014/75, SAFARI MOTORS HOWUSU STR. HO-
DOME HO-DOME",HO,Volta,Retail
733,PC/GR/WR/00119,CITIZEN PHARMACY,"HNO.1 GHANA FLAG, NEXT TO REHOBOTH ESTATES OFF
ABURI ROAD ACCRA",AMA,Greater Accra,Wholesale/Retail
734,PC/GR/R/0373L,CITY CENTRAL PHARMACY,GN-1019-7772 - GOIL SERVICE STATION AFIENYA,NINGO PRAMPRAM,Greater Accra,Retail
735,PC/GR/R/0380L,CITY CENTRAL PHARMACY LIMITE,MELCOM SHOPPING CENTRE AFIENYA HIGHWAY - MATEHEKO,NINGO PRAMPRAM,Greater Accra,Retail
736,PC/GR/R/0216K,CITYCARE PHARMACY LTD,SHOP NO. 9 UPSA ROAD PRESTIGE HOTEL MADINA,LA NKWANTANANG-MADINA,Greater Accra,Retail
737,PC/GR/R/0158J,CLAS MOK CHEMIST LTD,"H/NO. 177 J. E. A. MILLS BY PASS OLD BARTIANOR APLAKU-
ISRAEL",GA SOUTH,Greater Accra,Retail
738,PC/CR/W/00001,CLASSFAM (GH) LTD.,H/NO. N/S 9/10 MANDELA ROAD - AGONA SWEDRU,AGONA EAST,Central,Wholesale
739,PC/CR/W/00004,CLASSFAM PHARMACY (KASOA BR,BAWJIASE ROAD - NEW MARKET KASOA,AWUTU SENYA EAST,Central,Wholesale
740,PC/AS/R/0163N,CLEMED PHARMACY LTD,MF 103 OLD ROAD - MFENSI,ATWIMA NWABIAGYA,Ashanti,Retail
741,PC/VR/WR/0235P,CLEVACARE PHARMACY LTD,H/NO. PAA/C048 HOSPITAL ROAD - -,KADJEBI,Volta,Wholesale/Retail
742,PC/GR/R/00594,CLIFFCO PHARMACY,H/NO. 16/3 ELICAN STREET EAST LEGON ACCRA,AMA,Greater Accra,Retail
743,PC/ER/WR/00017,CLIMAX PHARMACY LTD.,"NEAR KUMASI STN, - NKAWKAW CENTRAL, NKAWKAW",KWAHU WEST,Eastern,Wholesale/Retail
744,PC/GR/R/0205J,CLINICPHARMA LIMITED,H/NO 92 ASHARLEY BOTWE ROAD NMAI DZORN NMAI DZORN,ADENTAN,Greater Accra,Retail
745,PC/GR/R/00408,CLINISERVE PHARMACY,NORTH LEGON MOTORWAY - ACCRA LEGON,AMA,Greater Accra,Retail
746,PC/WR/WR/0357H,CNF PHARMACY LIMITED,R. S. BLAY LINK - TAKORADI,SEKONDI-TAKORADI,Western,Wholesale/Retail
747,PC/GR/R/00716,COBEST PHARMACY,HNO. 130/14 LAST STOP MPOASE DANSOMAN,AMA,Greater Accra,Retail
748,PC/GR/R/00529,COBEST PHARMACY LTD.-,"H/NO. B/40/13, NSAMENAMA LINE, - DANSOMAN",AMA,Greater Accra,Retail
749,PC/GR/R/0001J,COCOBEACH ROAD PHARMACY,"LINARKS BUILDING H/No. J18/9 COCOABEACH ROAD
NUNGUA TESHIE-NUNGUA ESTATES NUNGUA ACCRA",LEDZOKUKU-KROWOR,Greater Accra,Retail
750,PC/CR/WR/0197N,COLE PHARMACY LTD,"H/NO. 1/120, BUDUMBURAM",GOMOA EAST,Central,Wholesale/Retail
751,PC/GR/R/00656,COLLIERS PHARMACY,H/NO. B/005/17 - SOUTH ODORKOR ACCRA,AMA,Greater Accra,Retail
752,PC/AS/R/0047C,COMBAK CHEMIST LTD.,"STORE NO. A5, - AYEDUASE NEW SITE KUMASI",KMA,Ashanti,Retail
753,PC/GR/W/0624L,COMFORT CARE PHARMACEUTICA,H/NO. RP 38B SITA A COMMUNITY 3 TEMA,TMA,Greater Accra,Wholesale
754,PC/GR/WR/00250,COMFORT DRUGS INT. CO. LTD.,"H/NO. 4,CSC - PARADISE ESTATES DOME",GA EAST,Greater Accra,Wholesale/Retail
755,PC/GR/R/0455L,COMFORT PHARMACY LTD,"H/NO. 286 ADJEI KOJO ROAD GOODNESS SERVICE STATION
SANTEO",KPONE KATAMANSO,Greater Accra,Retail
756,PC/GR/R/0138G,COMMUNITY FIVE CHEMISTS,"H/NO. V15, COMM 5 OPP. GUINNESS DEPOT - TEMA",TMA,Greater Accra,Retail
757,PC/AS/W/00089,CONCEPT MEDICAL SUPPLIES LTD.,H/NO. 35 ASANTI NEW TOWN - KUMASI,KMA,Ashanti,Wholesale
758,PC/AS/R/0008E,CONSTANT PHARMACY (APRADE B,"PLOT NO 2, BLOCK M BEBRE ODUM APRADE",EJISU-JUABENG,Ashanti,Retail
759,PC/AS/R/0134L,CORPUS CHRISTI PHARMACY LTD,"PLOT 24, BLOCK 24 SOFO ABODWESE STREET - NEW TAFO",KMA,Ashanti,Retail
760,PC/GR/R/0430K,COSANDY PHARMACY,"H/NO. 205 PALM AVENUE, DOME PILLAR 2",GA EAST,Greater Accra,Retail
761,PC/AS/R/0068C,COSMAN PHARMACY,"MARKET BAY 3, NO. 5 & 7, ADUMANU KUMASI",KMA,Ashanti,Retail
762,PC/AS/WR/00098,COSTA PHARMACY,SHOP NO. K.J. 3 - KEJETIA KUMASI,KMA,Ashanti,Wholesale/Retail
763,PC/AS/WR/0131H,COSTA PHARMACY ( KEJETIA MAR,"H/NO. SHOP NO. K.S.M. 2, KEJETIA, KUMASI SHOPPING MALL
STREET KEJETIA KUMASI",KMA,Ashanti,Retail
764,PC/GR/R/0360J,COUNTRY MEDICAL & PHARMACY,GA-579-9509 AWOSHIE TRAFFIC POWER FUEL ANYAA,GA CENTRAL,Greater Accra,Retail
765,PC/GR/W/0459K,CRESCENT CHEMIST,H/NO. B164E/21 OSOUN STREET - NEW FADAMA,GA CENTRAL,Greater Accra,Wholesale
766,PC/GR/R/00174,CRESCENT CHEMISTS,H/NO. B106/11 - DARKUMAN ACCRA,AMA,Greater Accra,Retail
767,PC/GR/R/0492K,CRISS PHARMACY,"H/NO. AJ 1, COMM. 11 - COMMUNITY 11 TEMA",TMA,Greater Accra,Retail
768,PC/GR/R/0029G,CRISS PHARMACY COMPANY,"H/NO.SAK -D/11, OLD SAKUMONO RD, SAKUMONO VILLAGE,
TEMA",TMA,Greater Accra,Retail
769,PC/GR/R/0106B,CRISS PHARMACY LTD.,H/NO. 0/25 - COMMUNITY 7 TEMA,TMA,Greater Accra,Retail
770,PC/GR/R/00540,CRISTALIFE PHARMACY,"OPPOSITE K MIREKU IRON RODS OFF SPINTEX ROAD COASTAL
ESTATES ACCRA",TMA,Greater Accra,Retail
771,PC/AS/R/00086,CROB PHARMACY,H/NO. E.45 - SOUTH SUNTRESO KUMASI,KMA,Ashanti,Retail
772,PC/GR/IW/0054D,CROIRE PHARMACY LTD,aNleO 9 BOUNDARY ROAD SPINTEX ROAD BAATSONA,TMA,Greater Accra,Importing Wholesale
773,PC/GR/WR/00032,CROWN PHARMACY,H/NO.B17/3 14 ADAMA STREET LATERBIOKORSHIE ACCRA,AMA,Greater Accra,Wholesale/Retail
774,PC/GR/R/0054J,CRUIZ PHARMACY,- ASHAIMAN ROAD HEAVEN NTI JUNCTION SANTOE,ASHIAMAN,Greater Accra,Retail
775,PC/GR/R/0374P,CRYSTAL CHEMISTS LTD,H/NO. 103 10TH LANE ONYENASE STREET NEW GBAWE,GA SOUTH,Greater Accra,Retail
776,PC/GR/R/0106A,CRYSTAL-TAB PHARMACY,H/NO. 1A - DOME CAMBODIA,GA EAST,Greater Accra,Retail
777,PC/GR/R/0303J,CSL PHARMACY LIMITED,"UNN.HSE, PEACE BE PEACE-BE STREET PEACE BE(AFTER
COMMUNITY 25) NEW DAWHENYA",NINGO PRAMPRAM,Greater Accra,Retail
778,PC/GR/WR/0071M,CURE AID CHEMIST LIMITED,GM-125-1351 ABURI ROAD - OYARIFA,ADENTAN,Greater Accra,Wholesale/Retail
779,PC/AS/R/0013H,CURE PHARMACY LTD,H/NO. 28 BLK 3 BLK E ASUOFUO,ATWIMA NWABIAGYA,Ashanti,Retail
780,PC/GR/R/0042N,CUREAID CHEMIST LTD,DG-172-7310 NMAI DZORN ROAD - ASHALEY BOTWE,ADENTAN,Greater Accra,Retail
781,PC/GR/R/0146F,CUREAID CHEMIST LTD,"H/NO. 19/2, ADENTA MAIN ROAD, - ADENTA",ADENTAN,Greater Accra,Retail
782,PC/GR/W/0130B,CURIST PHARMA LIMITED,H/NO. 1 MADINA NEW ROAD MADINA NEW ROAD MADINA,ADENTAN,Greater Accra,Wholesale
783,PC/GR/R/00260,CYNDEX PHARMACY,"PLOT NO. 136, WEIJA APLAKU ACCRA",GA SOUTH,Greater Accra,Retail
784,PC/GR/R/0055D,D & G PHARMACY,"H/NO. PR/OL/02 GOIL FILLING STATION KPONG JUNCTION
KPONG",KPONE KATAMANSO,Greater Accra,Retail
785,PC/GR/R/0044J,D & G PHARMACY LIMITED,"H/NO. P/R/AG/05 AFLAO ROAD, LITTLE LONDON DAWHENYA",NINGO PRAMPRAM,Greater Accra,Retail
786,PC/GR/R/0017G,D & G PHARMACY LTD. (MIOTSO B,"H/NO. PR/M/OO1, MIOTSO- PRAMPRAM RD, CITY ESCAPE
HOTEL, MIOTSO",NINGO PRAMPRAM,Greater Accra,Retail
787,PC/GR/R/0222N,D & H PHARMACY LIMITED,H/NO. B61 JONKORI ROAD - LATERBIOKOSHIE,GA SOUTH,Greater Accra,Retail
788,PC/AS/R/00120,D K D PHARMACY,H/NO. N.T.E.R 112 - FANTE NEWTOWN KUMASI,KMA,Ashanti,Retail
789,PC/GR/R/0251M,D. B. ROYAL PHARMACY LTD,GA-439-0896 PAA WILLIE STREET RUSSIA DANSOMAN,GA CENTRAL,Greater Accra,Retail
790,PC/ER/WR/0339K,D. C. PHARMACY LTD,H/NO. AD 1 AKOSOMBO ROAD - ATIMPOKU,ASUOGYAMAN,Eastern,Wholesale/Retail
791,PC/GR/R/0073M,D818 CHEMIST LIMITED,GZ-126-23635 MANET STRETCH - TESHIE AGBLEZAA,LA NKWANTANANG-MADINA,Greater Accra,Retail
792,PC/AS/R/0020B,DA-K PHARMACY LTD.,H/NO. PR 62 PRAMSO - PRAMSO,BOSOMTWE,Ashanti,Retail
793,PC/AS/WR/00081,DAASEBERE PHARMACY LTD.,H/NO. NT.8 - FREE-TOWN KONONGO,ASANTE AKIM CENTRAL,Ashanti,Wholesale/Retail
794,PC/GR/R/0136G,DABY'S PHARMACY LTD.,"H/NO. B259/22, MUKOSE STREET, - NORTH KANESHIE",AMA,Greater Accra,Retail
795,PC/AS/WR/0022I,DADMUM PHARMACY,H/NO. KP 5 KWAPRA PALACE KRONUM KUMASI,KMA,Ashanti,Wholesale/Retail
796,PC/AS/R/00213,DADMUM PHARMACY LTD.,"H/NO. PLOT 3 BLOCK U KENTENKRONO STREET, OPPOSITE JSS
MAAKRO KUMASI",KMA,Ashanti,Retail
797,PC/AS/R/0060B,DADY COS PHARMACY,"H/NO. 6, NKUKUA WIOSO, BUOHO",OBUASI,Ashanti,Retail
798,PC/GR/R/0106E,DAELYN PHARMACY LTD,"PLOT NO. 1 TAIFA -BURKINA ROAD, ATOMIC DOWN
KWABENYA",GA EAST,Greater Accra,Retail
799,PC/VR/R/0032P,DAGBENEVA PHARMACY LTD,H/NO. Z10/0/87 KPEYI STREET AKATSI JUNCTION ZIOPE,AGOTIME ZIOPE,Volta,Retail
800,PC/VR/WR/0005K,DAGBENEVA PHARMACY LTD,H/NO. VX-000-9483 AHO CRESCENT SHELL BLOCK AKATSI,AKATSI SOUTH,Volta,Wholesale/Retail
801,PC/AS/WR/0114J,DAILY HEALTH SERVICES,H/NO. KM 36 OLD BEKWAI ROAD KROFROM SIKOBAN,ATWIMA KWANWOMA,Ashanti,Wholesale/Retail
802,PC/GR/R/0614H,DAISY PHARMACY LTD,HNO. D178/2 HIGH STREET ABOLA ACCRA,AMA,Greater Accra,Retail
803,PC/GR/R/0534L,DAKAL PHARMACY LTD,"H/NO. SF 24, PRISONS ROAD - FRAFRAHA",ADENTAN,Greater Accra,Retail
804,PC/AS/R/00104,DAKMEN PHARMACY LTD.,H/NO. A.1 HAWKENS WORTH STREET ASAWASI KUMASI,KMA,Ashanti,Retail
805,PC/WR/WR/00003,DANALIZABETH CHEMISTS,H/NO. R51 MARKET CIRCLE TAKORADI,SEKONDI-TAKORADI,Western,Wholesale/Retail
806,PC/GR/R/0167G,DANKAMA PHARMACY,H/NO. 89 ADU LINK GLEFE STATION DANSOMAN,AMA,Greater Accra,Retail
807,PC/GR/R/0251K,DANLISA PHARMACY,H/NO. T310/1 - COCOA BEACH NUNGUA,LEDZOKUKU-KROWOR,Greater Accra,Retail
808,PC/NR/WR/0361L,DANLYD PHARMACY LTD,"PLOT 261, BLOCK C NANTO ROAD GBANYAMNI TAMALE",SAGNERIGU,Northern,Wholesale/Retail
809,PC/NR/W/0091C,DANNEX AYRTON STARWIN PLC D,"HT/NO. 5L, FLAT A, - LAMESHEGU TAMALE",TAMALE,Northern,Wholesale
810,PC/WR/W/00021,DANNEX AYRTON STARWIN PLC.,H/NO. 39/8 LIBERATION ROAD - TAKORADI,SEKONDI-TAKORADI,Western,Wholesale
811,PC/GR/MW/00004,DANNEX LIMITED,o- l5e sDaAleDEBAN ROAD NORTH INDUSTRIAL AREA ACCRA,AMA,Greater Accra,Manufacturing Wholesale
812,PC/AS/WR/0259M,DANNIPHARMA LIMITED,H/NO. O.T.107 - ASHANTI NEWTOWN KUMASI,KMA,Ashanti,Wholesale/Retail
813,PC/AS/WR/0123L,DANNIPHARMA LIMITED,H/NO. MM 23 - MBROM KUMASI,KMA,Ashanti,Wholesale/Retail
814,PC/AS/R/0070C,DANNIPHARMA LTD. (SANTASI BR,"PLOT 1A, CEDAR ROAD DANYAME KUMASI",KMA,Ashanti,Retail
815,PC/GR/R/0352H,DANPHARMA LTD.,"H/NO. M 738/1, MADINA ESTATE MADINA ESTATE",LA NKWANTANANG-MADINA,Greater Accra,Retail
816,PC/VR/R/0005H,DANPONG PHARMACY,UNN. HOUSE MAIN MARKET AKPENAMAWU BANKOE,HO,Volta,Retail
817,PC/GR/WR/00254,DANPONG PHARMACY (GH) LTD.,PLOT NO. GA 5342 OFF SPINTEX ROAD BAATSONA ACCRA,TMA,Greater Accra,Wholesale/Retail
818,PC/GR/R/00316,DANPONG PHARMACY (GH) LTD.`,"H/NO. J 517/3, KANTAMANTO NUNGUA ACCRA",LEDZOKUKU-KROWOR,Greater Accra,Retail
819,PC/GR/R/00316,DANPONG PHARMACY (GH) LTD.`,"H/NO. J 517/3, KANTAMANTO NUNGUA ACCRA",LEDZOKUKU-KROWOR,Greater Accra,Retail
820,PC/GR/WR/00035,DANS CHEMISTS LTD.,H/NO. C4/4 NSAWAM ROAD KOKOMLEMLE ACCRA,AMA,Greater Accra,Wholesale/Retail
821,PC/GR/R/0531L,DANVAL LIMITED,"GC-064-6867 - OPPOSITE D/A GOVERNMENT SCHOOL
OMANJOR",GA CENTRAL,Greater Accra,Retail
822,PC/AS/R/0087N,DAPSY PHARMACY LTD,"PLOT 7, BLOCK 75B - SANTASI NEW SITE KUMASI",KMA,Ashanti,Retail
823,PC/GR/W/00169,DAROSE PHARMACEUTICALS,NO. 5 NAA PLAZA OPP BONSU BROTHERS - ACCRA,AMA,Greater Accra,Wholesale
824,PC/GR/WR/00005,DAROSE PHARMACY LTD.,H/NO.23 KOJO THOMPSON ROAD MAKOLA ACCRA,AMA,Greater Accra,Wholesale/Retail
825,PC/UER/WR/00011,DARTAH PHARMACY LTD.,"HAMMER BUILDING NEAR NEW LORRY STATION
BOLGATANGA BOLGATANGA",BOLGATANGA,Upper East,Wholesale/Retail
826,PC/AS/R/0122J,DASCHEN PHARMACY LIMITED,PLOT 2 SAWMILL JUNCTION - MIM,ATWIMA NWABIAGYA,Ashanti,Retail
827,PC/GR/R/0536K,DASK CHEMIST LTD,UNN HSE HOSPITAL ROAD - AMASAMAN,GA WEST,Greater Accra,Retail
828,PC/GR/R/0247K,DASK CHEMIST LTD (ANNEX,UNN SHOP ACHIAMAN ROAD - AMASAMAN,GA WEST,Greater Accra,Retail
829,PC/GR/R/0189L,DASWAL PHARMACY LTD,GA-046-9148 ADJIKROBA STREET NEW TOWN ACCRA,AMA,Greater Accra,Retail
830,PC/UER/R/0001P,DATAM PHARMACY LTD,"UB-0030-2151 ASAMSOO AVENUE OPPOSITE BUKERE
PRIMARY SCHOOL BOLGATANGA",BOLGATANGA,Upper East,Retail
831,PC/AS/W/0123E,DATSMILE PHARMACY,"H/NO. EJ 54, BLK. E, ABANKRO ROAD EJISU EJISU",EJISU-JUABENG,Ashanti,Wholesale
832,PC/BA/R/0173P,DAV-MAKIDA PHARMACY LTD,H/NO. AZC 7 GRUMA LONE - AMANTIN,ATEBUBU-AMANTIM,Brong Ahafo,Retail
833,PC/GR/WR/0535L,DAVIES PHARMACY GHANA LTD,GW-0195-8524 - POBIMAN CONTAINER JUNCTION KUNTUNSE,GA WEST,Greater Accra,Wholesale/Retail
834,PC/GR/WR/00301,DAVJOEL LIMITED,"DODOWA NEWTOWN, NEAR AKOTO HOUSE, NEW TOWN
DODOWA",SHAI-OSUDOKU,Greater Accra,Wholesale/Retail
835,PC/WR/WR/00021,DAY BY DAY PHARMACY,"H/NO. 4/1, KITSON AVENUE, TAKORADI TAKORADI",SEKONDI-TAKORADI,Western,Wholesale/Retail
836,PC/GR/R/00033,DAYDEN PHARMACY,F760/3 NEAR LA POLYCLINIC SOUTH LABADI ESTATES ACCRA,LEDZOKUKU-KROWOR,Greater Accra,Retail
837,PC/GR/R/0532K,DB & T PHARMACY LTD,H/NO. 3 PANTANG HOSPITAL STREET - ADENTA,ADENTAN,Greater Accra,Retail
838,PC/AS/R/0649L,DE ROYAL CHEMIST LTD,"PLOT 16, BLOCK B - OHWIM HWIDIEM",,Ashanti,Retail
839,PC/AS/R/0296K,DE-ADALE PHARMACY LTD,"PLOT 53, BLOCK K - WIOWSO, NKUKUA BUOHO PLOT 53,
BLOCK K",AFIGYA-KWABRE,Ashanti,Retail
840,PC/AS/R/0562L,DE-ADELE PHARMACY,"PLOT 10, BLOCK III KENIAKU ROAD - ASAWASI",KMA,Ashanti,Retail
841,PC/GR/W/0024L,DE-DEEDS PHARMACY LTD,HIGH TENSION STREET COMMANDO ADENTA,ADENTAN,Greater Accra,Wholesale
842,PC/GR/R/0052P,DE-GEORGES PHARMACY LTD,H/NO. 33 - COMMUNITY 18 TEMA,,Greater Accra,Retail
843,PC/GR/R/0014A,DE-GEORGES PHARMACY LTD.,"H/NO. C 16/6/13, COMM. 18 RD, BAATSONA, COMM. 16,
TEMA",TMA,Greater Accra,Retail
844,PC/AS/R/0108K,DE-LOVE HEALTH SERVICES,"STORE NO. WF 1 OFF NORTH SUNTRESO ROAD NEAR
EBENEZER METHODIST CHURCH KUMASI",KMA,Ashanti,Retail
845,PC/AS/R/0122L,DE-MAKS PHARMACY LTD,"PLOT 64, BLOCK N OPPOSITE PELICAN MANOR HOTEL
KENTINKRONO NSENIE",KMA,Ashanti,Retail
846,PC/GR/R/00130,DE-MENS PHARMACY LIMITED,"H/NO. 25 CLOSE, SIXTH STREET DANSOMAN ACCRA",AMA,Greater Accra,Retail
847,PC/GR/WR/0475K,DEAR PHARMACY,H/NO. 216 - TABORA LINE ASHAIMAN,ASHIAMAN,Greater Accra,Wholesale/Retail
848,PC/ER/R/0107P,DECAVA PHARMACY LTD,GW-0960-5945 DOBRO ROAD TWENTO PAPASE,NSAWAM ADOAGYIRI,Eastern,Retail
849,PC/GR/WR/00037,DECCON PHARMACY,UNN. STORE OPPOSITE SSNIT FLATS SAKUMONO TEMA,TMA,Greater Accra,Wholesale/Retail
850,PC/CR/R/0472L,DECENCY PHARMACY LTD,H/NO. PV 36 JUKWA ROAD PEDU CAPE COAST,CAPE COAST,Central,Retail
851,PC/NR/R/0083G,DECENT PHARMACY,"H/NO. NY BLOCK E58, NYOHINI DABOYA ROAD TAMALE
TAMALE",TAMALE,Northern,Retail
852,PC/GR/WR/0245J,DECENT PHARMACY LTD,H/NO. B 108/1 RING ROAD ABOSSEY OKAI ACCRA,AMA,Greater Accra,Wholesale/Retail
853,PC/AS/R/0170K,DECK STAR PHARMACY,"PLOT 20, BLOCK X - KWADASO KUMASI",KMA,Ashanti,Retail
854,PC/GR/R/0338K,DECLAN PHARMACY,GS-0622-0897 WEIJA-KASOA MAIN ROAD - GALILEA,GA SOUTH,Greater Accra,Retail
855,PC/GR/R/0149F,DEEDOR CARE PHARMACY LTD.,"SHOP NO. 5, OFANKOR BARRIER, - OFANKOR OFANKOR",GA WEST,Greater Accra,Retail
856,PC/GR/R/0417P,DEES PHARMACY LTD,"H/NO 12, GM-025-0654 PASSION HILL STREET - OGBOJO",LA NKWANTANANG-MADINA,Greater Accra,Retail
857,PC/AS/R/0579L,DEJAY PHARMACY LTD,"PLOT 18, BLOCK AS, ABREPO-ASUBONTENG",KMA,Ashanti,Retail
858,PC/GR/WR/0442L,DEKAYS PHARMACY,GA-370-9490 LAGOS AVENUE EAST LEGON EAST LEGON,AMA,Greater Accra,Wholesale/Retail
859,PC/AS/R/0119N,DEKWART PHARMACY LTD,"PLOT 1, BLOCK VIII KENEANKO ROAD, ASAWASI",ASOKORE MAMPONG,Ashanti,Retail
860,PC/VR/R/0142C,DELADEM PHARMACY LTD,"H/NO. L.2/8, K.K. HOUSE HILHA-DOME JUNCTION - HO",HO,Volta,Retail
861,PC/GR/R/0422H,DELALI G CHEMIST,H/No. 488114 OPETEKWE DANSOMAN MPOASE ACCRA,AMA,Greater Accra,Retail
862,PC/GR/WR/0020M,DELCAM PHARMACEUTICALS LIMI,LVD 23515A/2014 B MENSAH CLOSE - PANTANG,ADENTAN,Greater Accra,Retail
863,PC/GR/WR/0421L,DELDEM PHARMA LTD,GS-0751-6901 TAXI RANK TUBA KUWAIT KASOA IRON CITY,GA SOUTH,Greater Accra,Wholesale/Retail
864,PC/GR/R/0072M,DELEES PHARMACY LIMITED,GZ 079 (5.59075-01158 MANET ROAD - AGBLEZAA,LA NKWANTANANG-MADINA,Greater Accra,Retail
865,PC/ER/W/00004,DELIGHT PHARMACY LTD.,"H/NO. 18B NEAR OGUA CENTRAL MOSQUE KOFORIDUA
KOFORIDUA",NEW-JUABENG,Eastern,Wholesale
866,PC/GR/R/0412L,DELIVERY CHEMIST LIMITED,GZ-145-5477 51 BOUNDARY ROAD OKPOI GONO SPINTEX,LA NKWANTANANG-MADINA,Greater Accra,Retail
867,PC/GR/R/0047H,DELIVERY CHEMIST LIMITED,"H/NO. WBHA 15, KWAFIO ROAD KWAFIO ROAD WEST
BAATSONA SPINTEX",TMA,Greater Accra,Retail
868,PC/GR/WR/0427P,DELIVERY PLUS PHARMACY LTD,H/NO. TA-340 NII ATANYA HIGHWAY MARKET ASHAIMAN,ASHIAMAN,Greater Accra,Wholesale/Retail
869,PC/GR/W/0091B,DELMA PHARMA LTD.,PLOT 1D 488 ABILITY SQUARE ADJINRINGANO ACCRA,ADENTAN,Greater Accra,Wholesale
870,PC/VR/WR/0008N,DELMARK PHARMACY,H/NO. SOGA-A110 Y JUNCTION - SOGAKOPE,SOUTH TONGU,Volta,Wholesale/Retail
871,PC/AS/WR/0330H,DELONIX CHEMIST LIMITED,"H/NO. 73/A, NEW RAMIA HOSPITAL ROAD MENSAHKROM
OBUASI",OBUASI,Ashanti,Wholesale/Retail
872,PC/WR/R/0015N,DELSMATS PHARMACY LTD,PLOT 37 - - ADIENTEM,SEKONDI-TAKORADI,Western,Retail
873,PC/GR/WR/00316,DELTA UNIC P'MACEUTCALS,"NEAR ATLANTIC RESORT HOTEL KOKROBITE RODD APRAKU
ACCRA",GA WEST,Greater Accra,Wholesale/Retail
874,PC/AS/R/0147B,DEMAY PHARMACY LTD.,"PLOT 27, BLOCK Q, GYINASE - KUMASI",KMA,Ashanti,Retail
875,PC/GR/R/00772,DENAKA COMMUNITY PHARMACY,"H/NO. 54, TESHIE BUKOM, ACCRA",LEDZOKUKU-KROWOR,Greater Accra,Retail
876,PC/GR/R/00282,DEPENDABLE PHARMACY LTD.,HNO. 342 NEW ROAD MADINA ACCRA,ADENTAN,Greater Accra,Retail
877,PC/GR/WR/0581K,DESH CHEMIST LTD,FESTUS NEAR KOBORE FUEL STATION - AMANFROM,GA SOUTH,Greater Accra,Wholesale/Retail
878,PC/GR/R/0040N,DESH CHEMISTS LIMITED,GW-0164-377 MARKET ROAD - ACHIMOTA,AMA,Greater Accra,Retail
879,PC/GR/W/0178P,DESH CHEMISTS LIMITED,GW-0046-7482 NII KPAKPO OBIPONG 1 STREET - FISE,GA WEST,Greater Accra,Wholesale
880,PC/CR/R/0154G,DESH CHEMISTS LTD,"H/NO. 1, OFAAKOR TAXI STATION - - KASOA",AWUTU SENYA,Central,Retail
881,PC/CR/WR/0068F,DESKAS PHARMACY LTD.,"2ND STORE NO.1, NEW MARKET BAWJIASE ROAD - KASOA",AWUTU SENYA,Central,Wholesale/Retail
882,PC/GR/WR/0432P,DESTINY COMMAND CHEMIST,ZENU BLOCK 84 BOSSAH STREET PEACE LAND ASHAIMAN,ASHIAMAN,Greater Accra,Wholesale/Retail
883,PC/GR/R/0120H,DESTINY COMMAND CHEMIST,"H/NO. 22 RAVICO ROAD, JUNCTION MALL KPESHIE NUNGUA",LEDZOKUKU-KROWOR,Greater Accra,Retail
884,PC/GR/WR/0073E,DESTINY LINK PHARMACY LTD.,"WARD B, B/4, 751, KIMBERLY AVENUE OKAISHIE ACCRA",AMA,Greater Accra,Wholesale/Retail
885,PC/GR/R/0230K,DEVIN HEALTH LIMITED,SSNIT ROAD WEST HILLS DUNKONAH,GA SOUTH,Greater Accra,Retail
886,PC/GR/R/0201M,DEWLAND CHEMIST,H/NO. B 184/17 ALIU MAHAMA ROAD - TWENEBOAH,GA CENTRAL,Greater Accra,Retail
887,PC/GR/R/0069J,DEWLAND CHEMIST,"H/NO. B 16/16 OUTER RING ROAD SUSAN CLINIC
LATERBIOKOSHIE",GA CENTRAL,Greater Accra,Retail
888,PC/GR/R/0082H,DEYOUNG PHARMACY,H/NO. 561 PR/ND TERRAZO STREET TEMA NEW DAWHENYA,NINGO PRAMPRAM,Greater Accra,Retail
889,PC/GR/WR/0075C,DIAGNOPHARMA LTD.,"H/NO. ODU/1, - - ODUMAN",GA WEST,Greater Accra,Wholesale/Retail
890,PC/NR/WR/0095K,DIAKO PHARMCY LIMITED,PLOT NO. 186 TARGET AVENUE VITTING TARGET TAMALE,TAMALE,Northern,Wholesale/Retail
891,PC/BA/WR/00003,DIAMONO PHARMACY,"H.NO. AB7 ABENIM STREET OPPOSITE MOBIL FILLING
STATION TECHIMAN",TECHIMAN,Brong Ahafo,Wholesale/Retail
892,PC/GR/W/0218M,DILIGIAH FOODS PHARMA LIMITE,38 KOMLA DUMOR AVENUE RABBIT JUNCTION HAATSO,GA EAST,Greater Accra,Wholesale
893,PC/GR/R/0192G,DINKAL PHARMACY,"H/NO. 14 NII SAI ROAD, MEMPEASEM, EAST
LEGON",AMA,Greater Accra,Retail
894,PC/GR/WR/0397K,DINKUNIM PHARMACY LTD,"PLOT B61, WEST END UNIVERSITY COMMUNITY NGLESHIE-
AMANFROM",GA SOUTH,Greater Accra,Wholesale/Retail
895,PC/GR/WR/00041,DIPLOMAT PHARMACY,H/NO. J 1A/6 NEAR POST OFFICE NUNGUA ACCRA,LEDZOKUKU-KROWOR,Greater Accra,Wholesale/Retail
896,PC/AS/R/00264,DIPSY PHARMACY LTD,NTER 306 - AMAKOM BIMPEH HILL KUMASI,KMA,Ashanti,Retail
897,PC/GR/W/0203J,DIRECT PHARMACY LIMITED,H/NO 14 GUGGISBERG AVE KORLE GONNO ACCRA,AMA,Greater Accra,Wholesale
898,PC/GR/R/0346L,DIS-CHEM PHARMACY LIMITED,BIO PLAZA MAIN STREET BORN AGAIN DOME,GA EAST,Greater Accra,Retail
899,PC/BA/R/0202H,DISCRISTOS PHARMACY LTD.,"H/NO. P 6/F MAIN ROAD OPP. MOSQUE PENKWASE
SUNYANI",SUNYANI,Brong Ahafo,Retail
900,PC/GR/R/0100H,DIVINE HEALTHCARE,H/NO. 15 ZAYTUNA PARK ROAD BRIGADE AMANFROM ACCRA,GA SOUTH,Greater Accra,Retail
901,PC/CR/R/0152H,DIVINE HEALTHCARE PHARMACY,"H/NO. PLOT NO. 110/1B BARRIER NEW ROAD KASOA
BUDUBRUM",GOMOA EAST,Central,Retail
902,PC/GR/R/00575,DIVINE LIGHT PHARMACY,"H/NO. 399/8, PEREGRINO STREET, ABBOSEY OKAI ACCRA",AMA,Greater Accra,Retail
903,PC/GR/R/0248K,DIXXONS PHARMACY LIMITED,PLOT 978 MENSAH WOOD STREET - EAST LEGON,LA DEDE-KOTOPON,Greater Accra,Retail
904,PC/AS/WR/0651L,DK PHARMCY LTD,"H/NO. NE 16, PLOT 13 - MANHYIA EXTENSION DICHEMSO",KMA,Ashanti,Wholesale/Retail
905,PC/CR/WR/0031D,DM SPHERE,PLOT 38 RD ASABAHA ASABAHA,AWUTU SENYA,Central,Wholesale/Retail
906,PC/BA/WR/0154P,DM SPHERE PHARMACY LTD,H/NO. TMA 3012 - TAKO TECHIMAN,TECHIMAN,Brong Ahafo,Wholesale/Retail
907,PC/ER/WR/0160M,DOC & SONS PHARMACY LTD,H/NO. OG/B44 KOVOC SCHOOL ROAD OGUAA KOFORIDUA,NEW-JUABENG,Eastern,Wholesale/Retail
908,PC/GR/R/00929,DODOWA PHARMACY (MARKET. R,"H/NO. ND 146, OPP DISTRICT HOSP, - NEW DODOWA",SHAI-OSUDOKU,Greater Accra,Retail
909,PC/GR/WR/00287,DODOWA PHARMACY LTD.,"H/NO. ND 146 DODOWA ACCRA, MAIN ROAD NEW DODOWA
ACCRA",SHAI-OSUDOKU,Greater Accra,Wholesale/Retail
910,PC/GR/R/0405H,DOEFAM PHARMACY,"UNNUMBERED HOUSE GBETSILE ROAD (FANCY ROAD) PURE
OIL STATION (SANKO STATION) SANKO",KPONE KATAMANSO,Greater Accra,Retail
911,PC/NR/W/00011,DOKULOKU PHARMACY,UNN. SHOP OLD TAMALE MARKET. KAKPAADULI TAMALE,TAMALE,Northern,Wholesale
912,PC/GR/R/0405L,DOM V. PHARMACY LTD,GW-0156-7732 ELEPHANT STREET - AMASAMAN OBEYEYIE,GA WEST,Greater Accra,Retail
913,PC/NR/WR/0129M,DOMEDERY PHARMACY,H/NO. WB 233 BOLGA ROAD NAYIRIFONGU WALEWALE,WEST MAMPRUSI,Northern,Wholesale/Retail
914,PC/VR/R/0233P,DOMINGO PHARMACY LTD,VZ-00027-5633 JEA MILLS HIGH STREET - AFLAO-VIEPE,KETU SOUTH,Volta,Retail
915,PC/AS/R/0198K,DOMINION GRACE PHARMACY,"PLOT 5, BLOCK K - - DOMPAASE",BOSOMTWE,Ashanti,Retail
916,PC/AS/R/0112N,DOMINO PHARMACY LTD,AK-415-2666 - ASUOYEBOAH KUMASI,KMA,Ashanti,Retail
917,PC/BA/R/00004,DONATUS PHARMACY,H/NO. L 136/2 MAGAZINE ROAD - TECHIMAN,TECHIMAN,Brong Ahafo,Retail
918,PC/CR/R/0086M,DONMORSH PHARMACY LTD,H/NO. AYN 28/13 PENTECOST HOSPITAL ROAD - AYANFURI,UPPER DENKYIRA-WEST,Central,Retail
919,PC/AS/WR/0544L,DONNA CARE PHARMACY LTD,PLOT 9 NEAR AGLICAN SCHOOL TANOSO KUMASI,KMA,Ashanti,Wholesale/Retail
920,PC/BA/R/0220P,DONSAM PHARMACY LTD,H/NO. MM/MA/37 HIGH STREET ABROMAN MIM,ASUNAFO NORTH,Brong Ahafo,Retail
921,PC/GR/WR/00224,DONTWE CHEMISTS LTD.,"H/NO. 325, BLK W4 - KWASHIMAN BU ACCRA",GA SOUTH,Greater Accra,Wholesale/Retail
922,PC/GR/R/00411,DORAT PHARMACY LTD,"UNN. HOUSE, DODOWA ROAD, ASHIYIE ACCRA",GA EAST,Greater Accra,Retail
923,PC/GR/R/0065D,DORDAN PHARMACY LTD,H/NO 159/4 AGBOBA-MADINA ROAD AGBOGBA AGBOBA,GA EAST,Greater Accra,Retail
924,PC/GR/R/0453P,DOSH CHEMIST LTD.,10 MIREKU WE ST. GA-504-4280 DANSOMAN,AMA,Greater Accra,Retail
925,PC/GR/R/00893,DOSTY PHARMACY,"H/NO. SS 205, KORLEKI PLAZA, SEBREPOR MICHEL CAMP",TMA,Greater Accra,Retail
926,PC/GR/R/0161B,DOSTY PHARMACY,"JUNIC HOUSE, REV. FIAWOO STREET, COMM. 6, TEMA",TMA,Greater Accra,Retail
927,PC/GR/R/0167F,DOSTY PHARMACY,"H/NO. 46, EAST LEGON, ACCRA - LEGON LEGON-ACCRA",AMA,Greater Accra,Retail
928,PC/GR/WR/0131K,DOSTY PHARMACY,SHOP NO. 5 AFLAO ROAD AMACO PLAZA DAWHENYA,NINGO PRAMPRAM,Greater Accra,Wholesale/Retail
929,PC/GR/R/00833,DOSTY PHARMACY CO. LTD.,"OLIKS HSE, FIRST LINK MEDASS RD, COMMUNITY 11, TEMA",TMA,Greater Accra,Retail
930,PC/GR/R/0051P,DOSTY PHARMACY LTD,VC/MKT/A/93 KAKUE ROAD COMMONITY 1 TEMA,TMA,Greater Accra,Retail
931,PC/GR/R/0350P,DOSTY PHARMACY LTD,GA-092-0307 SWANIKER ROAD - ABELENKPE,AMA,Greater Accra,Retail
932,PC/GR/R/0089H,DOSTY PHARMACY LTD,H/NO. R/Q/53 CPT HILBERT NORTEY STREET KPONE TEMA,TMA,Greater Accra,Retail
933,PC/GR/R/0193P,DOT PHARMACY LTD,"H/NO. E 193, GD-368-2024 KANGAROO STREET - EAST
AMRAHIA",ADENTAN,Greater Accra,Retail
934,PC/GR/R/0121A,DOUBLE PLUS TWO PHARMACY,H/NO. 4 COSTWAY ROAD RITZ JUNCTION ACCRA,ADENTAN,Greater Accra,Retail
935,PC/AS/WR/0332H,DOUGINAS PHARMACY COMPANY,PLOT E 13 BLOCK S LORRY STATION AHENKRO,AFIGYA-KWABRE,Ashanti,Retail
936,PC/AS/R/0179G,DOUGINAS PHARMACY LTD,H/NO. 11 - - AKYEREMADE,ATWIMA KWANWOMA,Ashanti,Retail
937,PC/GR/WR/00042,DOVE PHARMACY,H/NO D774/3 KIMBERLEY AVENUE OKAISHIE ACCRA,AMA,Greater Accra,Wholesale/Retail
938,PC/NR/R/0143G,DOXA CHEMISTS LTD,"H/NO. DK 128, DABOKPA - TAMALE TAMALE",TAMALE,Northern,Retail
939,PC/GR/R/0011J,DOXAPLUS SERVICES LIMITED,H/NO. J-27 BOADE AVENUE BOADE NUNGUA,LEDZOKUKU-KROWOR,Greater Accra,Retail
940,PC/GR/W/0429P,DPS GMBH LTD,H/NO. 2 NUNGUA BANK ROAD BAATSONA SPINTEX,TMA,Greater Accra,Wholesale
941,PC/BA/R/0145P,DREAMFIELD PHARMACY LTD,H/NO. E155/2 - NANA SOSOMA-AREA 2 SUNYANI,SUNYANI,Brong Ahafo,Retail
942,PC/GR/R/0387L,DREAMLAND PHARMACY,H/NO. 88/1 BB'S LANE ZONGO MADINA,LA NKWANTANANG-MADINA,Greater Accra,Retail
943,PC/GR/WR/0226L,DREWS PHARMACY LIMITED,GA-392-6314 NEW MARKET ROAD LAPAZ ACCRA,AMA,Greater Accra,Wholesale/Retail
944,PC/GR/R/0135K,DROP-IN COMPANY LTD. (PHARM,GN-0871-9377 CASILDA ESTATE MATEHEKO AFIENYA,NINGO PRAMPRAM,Greater Accra,Retail
945,PC/GR/R/0057L,DRUGBANK PHARMACY LTD,"H/NO. 256/7 KING KOTEY ROAD, TESHIE",LEDZOKUKU-KROWOR,Greater Accra,Retail
946,PC/AS/WR/0111J,DRUGGS AND SURGICALS LTD,PLOT E 01 - MAIN HIGHWAY PAKYI NO. 1,AMANSIE WEST,Ashanti,Wholesale/Retail
947,PC/GR/W/0213N,DRUGIX PHARMACEUTICALS LTD,"FIRST FLOOR STATION ROAD, UMB OKAISHIE ACCRA",AMA,Greater Accra,Wholesale
948,PC/GR/R/0377L,DRUGIX PHARMACY,"SHOP 5, OYARIFA MALL OYARIFA",ADENTAN,Greater Accra,Retail
949,PC/GR/R/0235J,DRUGIX PHARMACY,H/NO. 5 NII NORTEI NYACHI STREET DZORWULU ACCRA,AMA,Greater Accra,Retail
950,PC/GR/R/0140M,DRUGIX PHARMACY LIMITED,"ALLIANCE SHELL SERVICE STATION CASELY HAYFORD ROAD -
AIRPORT WEST",AMA,Greater Accra,Retail
951,PC/ER/W/00008,DRUGRITE PHARMACY LTD.,ANTARTIC PLAZA RESIDENCY ROAD - KOFORIDUA,NEW-JUABENG,Eastern,Wholesale
952,PC/GR/R/0006L,DSM GET WELL PHARMACY LTD,"PLOT 14, GOLF CITY",KPONE KATAMANSO,Greater Accra,Retail
953,PC/BA/WR/0280K,DUNA PHARMACY LTD,H/NO. CH/ST/10-11 DR. OBOUR BAFFOUR LINK - GOASO,ASUNAFO NORTH,Brong Ahafo,Wholesale/Retail
954,PC/GR/W/00234,DUNIA PHARMACY,H/NO. OS 02094 CENTRAL MOSQUE TUDU ACCRA,AMA,Greater Accra,Wholesale
955,PC/GR/R/0005G,DZOFAM PHARMARCY LTD.,"HNO. PLOT 21 GOLF HILLS, CHRISTIAN VILLAGE, ACHIMOTA
ACCRA",GA EAST,Greater Accra,Retail
956,PC/GR/W/0193L,DZOMOKO MEDICAL & PHARMAC,"NSAWAM HIGHWAY NEAR DZOMOKO ENGINEERING
SERVICES MEDIE",GA WEST,Greater Accra,Wholesale
957,PC/AS/R/0189K,E AND E 247 PHARMACY LTD,"H/NO. 15 BLOCK G, -BROFOYEDRU KENYASE",KWABERE EAST,Ashanti,Retail
958,PC/AS/WR/0091D,E & G PHARMACY LTD.,"H/NO. 465, AGOGO",ASANTE AKIM NORTH,Ashanti,Wholesale/Retail
959,PC/WR/R/0195L,E-NARK PHARMACY LTD,"PLOT 9, RACE COURCE",SEKONDI-TAKORADI,Western,Retail
960,PC/GR/R/0522L,E. A. EXPRESS PHARMACY LIMITED,"H/NO. 8882/23 LAKE POOL STREET - ABLEKUMA-
BOKORBOKOR",GA CENTRAL,Greater Accra,Retail
961,PC/VR/WR/0133F,E. K PHARMACY,"AGBOZUME MKT. & BANK, ACCRA-AFLAO RD, - KLIKOR
AGBOZUME",KETU SOUTH,Volta,Wholesale/Retail
962,PC/AS/R/00306,E.A.K. PHARMACY,"PLT. 4, BLOCK VII - AYEDUASE-BOADI RD KUMASI",KMA,Ashanti,Retail
963,PC/GR/R/0250K,E.M'S PHARMACY & HEALTH MAR,H/NO. F 341/4 DADEBU ROAD NYANIBA ESTATE OSU,SHAI-OSUDOKU,Greater Accra,Retail
964,PC/GR/R/0054N,EARLYCARE PHARMACY LTD,GZ067-7916 BOADE STREET - NUNGUA,LA NKWANTANANG-MADINA,Greater Accra,Retail
965,PC/GR/R/00383,EAST AIRPORT PHARMACY,"NO. 2 AVIATION ROAD OKPOI GONNO, EAST AIRPORT ACCRA",AMA,Greater Accra,Retail
966,PC/GR/R/0351L,EAST AMRAHIA PHARMACY LIMIT,"GD-266-5711, EAST AMRAHIA",ADENTAN,Greater Accra,Retail
967,PC/GR/W/0080M,EAST CANTOMENTS PHARMACY L,GT 373411 TEXPO ROAD - SPINTEX,LA NKWANTANANG-MADINA,Greater Accra,Wholesale
968,PC/GR/W/0144K,EAST CANTONEMENTS PHARMAC,"H/NO. 100, NEW BORTIANOR",GA SOUTH,Greater Accra,Wholesale
969,PC/WR/W/0116B,EAST CANTONMENT PHARMACY,"H/NO. 32/7, LIBERATION ROAD, TAKORADI H/NO. 32/7,
LIBERATION ROAD - TAKORADI",SEKONDI-TAKORADI,Western,Wholesale
970,PC/WR/R/0081K,EAST CANTONMENT PHARMACY,"COLLINS AVENUE-GROOVY SPOT, MARKET CIRCLE COLLINS
AVENUE-GROOVY SPOT, MARKET CIRCLE TAKORADI
TAKORADI",SEKONDI-TAKORADI,Western,Retail
971,PC/GR/W/00246,EAST CANTONMENTS P'CY (ANNE,"VERTICAL PLAZA, COMMUNITY 5, TEMA",TMA,Greater Accra,Wholesale
972,PC/ER/WR/0155L,EAST CANTONMENTS PHARMACT,KASAGYAN ROAD - SSNIT JUNCTION KOFORIDUA EFFIDUASE,NEW-JUABENG,Eastern,Retail
973,PC/GR/WR/00043,EAST CANTONMENTS PHARMACY,H/NO. 123 GIFFARD ROAD EAST CANTOMENTS ACCRA,AMA,Greater Accra,Wholesale/Retail
974,PC/GR/IW/00176,EAST CANTONMENTS PHARMACY,aHle/NO. 115 KWAME NKRUMAH AVENUE - ACCRA,AMA,Greater Accra,Importing Wholesale
975,PC/GR/R/0077D,EAST CANTONMENTS PHARMACY,PLOT 49 OSU BADU STREET WEST AIRPORT ACCRA,AMA,Greater Accra,Retail
976,PC/GR/WR/00043,EAST CANTONMENTS PHARMACY,H/NO. 123 GIFFARD ROAD EAST CANTOMENTS ACCRA,AMA,Greater Accra,Wholesale/Retail
977,PC/GR/IW/00176,EAST CANTONMENTS PHARMACY,aHle/NO. 115 KWAME NKRUMAH AVENUE - ACCRA,AMA,Greater Accra,Importing Wholesale
978,PC/GR/R/0077D,EAST CANTONMENTS PHARMACY,PLOT 49 OSU BADU STREET WEST AIRPORT ACCRA,AMA,Greater Accra,Retail
979,PC/GR/R/0040L,EAST CANTONMENTS PHARMACY,DR.K A BUSIA STREET MALLAM MARKET SAKAMAN JUNCTION,GA SOUTH,Greater Accra,Retail
980,PC/GR/W/0022F,EAST CANTONMENTS PHARMACY,"PLOT 398, NORTH LEGON RESIDENTIAL AREA. PLOT 398,
NORTH LEGON RESIDENTIAL AREA. - LEGON-ACCRA",AMA,Greater Accra,Wholesale
981,PC/AS/W/00059,EAST CANTONMENTS PHARMACY,"H/NO. BH2, ASAFO",KMA,Ashanti,Wholesale
982,PC/BA/WR/284K,EAST CANTONMENTS PHARMACY,"H/NO. NN-A-1H-090, NKWANBENG GOZOKROM",SUNYANI,Brong Ahafo,Wholesale/Retail
983,PC/GR/R/0067N,EAST CANTONMENTS PHARMACY,H/NO. 22A BAATSONA ROAD - SPINTEX,LA NKWANTANANG-MADINA,Greater Accra,Retail
984,PC/GR/R/0070N,EAST CANTONMENTS PHARMACY,H/NO. 11A OXFORD STREET NEAR PHOTO CLUB OSU,AMA,Greater Accra,Retail
985,PC/GR/R/0216N,EAST CANTONMENTS PHARMACY,"SHOP 2 & 3 (ATU) AMU WRIST BERG ROAD ACCRA TECHNICAL
UNIVERSITY TUDU",AMA,Greater Accra,Retail
986,PC/GR/W/0250P,EAST CANTONMENTS PHARMACY,"GS-0391-8157 barima service station NEr interchange
MALLAM",GA SOUTH,Greater Accra,Wholesale
987,PC/GR/R/0291P,EAST CANTONMENTS PHARMACY,SHOP 2 - COMMUNITY 12 TEMA,TMA,Greater Accra,Retail
988,PC/GR/R/0149K,EAST CANTONMENTS PHARMACY,"H/NO. 33A NEAR ORCA DECO & FURNITURE CITY SPINTEX
ACCRA",LEDZOKUKU-KROWOR,Greater Accra,Retail
989,PC/GR/R/0164K,EAST CANTONMENTS PHARMACY,H/NO. 289/16 1ST SOULA STREET - LABONE ESTATE,LA NKWANTANANG-MADINA,Greater Accra,Retail
990,PC/GR/R/0012C,EAST CANTONMENTS PHARMACY,"H/NO. 155, AMERICA HOUSE EAST LEGON ACCRA",AMA,Greater Accra,Retail
991,PC/GR/R/0075M,EAST ORANGE PHARMACY LTD,"H/NO. 5, PLOT 767 MENSAH WOOD AVENUE - EAST LEGON",AMA,Greater Accra,Retail
992,PC/ER/WR/00002,EASTERN CHEMISTS LTD.,H/NO. NK/B37 BROADWAY STREET NSUKWAO KOFORIDUA,NEW-JUABENG,Eastern,Wholesale/Retail
993,PC/NR/R/0097K,EASTERN CORRIDOR PHARMACY,"H/NO. SK-B2 HOSPITAL ROAD OPP. BIMBILLA HOSPITAL
BIMBILLA",NANUMBA NORTH,Northern,Retail
994,PC/AS/W/0549L,EASYWAY PHARMACY LIMITED,"H/NO. O. T. B. 592, ADUM PAMPASO",KMA,Ashanti,Wholesale
995,PC/NR/WR/0040B,EB PHARMACEUTICAL LTD.,H/NO. E. 539 HOSPITAL ROAD DAGANGFONG TAMALE,TAMALE,Northern,Wholesale/Retail
996,PC/WR/WR/0361H,EBENBETH PHARMACY,H/NO. 18A - - SHAMA JUNCTION,SHAMA,Western,Wholesale/Retail
997,PC/AS/R/0199K,ECCLESIA HILL PHARMACY,"H/NO. ST 1 OLD ESTATE ROAD NEAR LENCLEY STADIUM
OBUASI",OBUASI,Ashanti,Retail
998,PC/AS/WR/0565L,ECO CARE PHARMACY LTD,"PLOT 95, TEPA",AHAFO-ANO NORTH,Ashanti,Wholesale/Retail
999,PC/VR/WR/0456L,ED-TRUST PHARMACY LTD,H/NO. ANL/D - ANLOTO AGOTIME KPETOI,AGOTIME ZIOPE,Volta,Wholesale/Retail
1000,PC/GR/R/0225L,EDCARE PHARMACY LIMITED,PLOT LR 158 - LAKESIDE ESTATES ASHALEY BOTWE,ADENTAN,Greater Accra,Retail
1001,PC/GR/R/00687,EDD EDDY PHARMACY,"H/NO. J 42/4, 39 H/NO. J 42/4, 39 NAUTICAL ROAD NUNGUA
SHS NUNGUA",LEDZOKUKU-KROWOR,Greater Accra,Retail
1002,PC/GR/R/0337P,EDD EDDY PHARMACY,"BANK STREET, NUNGUA",LA NKWANTANANG-MADINA,Greater Accra,Retail
1003,PC/GR/W/0387P,EDDY-KAY CHEMIST LIMITED,"H/NO. 52, ELEPHANT STREET - AMASAMAN",GA WEST,Greater Accra,Wholesale
1004,PC/WR/WR/00025,EDDYAMPS PHARMACY LTD.,H/NO. 3/9 SAWMILL TAKORADI,SEKONDI-TAKORADI,Western,Wholesale/Retail
1005,PC/WR/R/0033M,EDDYAMYS PHARMACY LTD,STORE 1 - APREMDO TAKORADI,SEKONDI-TAKORADI,Western,Retail
1006,PC/ER/WR/0352J,EDDYJOY PHARMACY LTD,PLOT NO. K2 ADARKWA ROAD KIBI STATION SUHUM,SUHUM,Eastern,Wholesale/Retail
1007,PC/WR/WR/0191L,EDDYMANUEL PHARMACY,STORE NO 1 & 2 - ANAJI TAKORADI,SEKONDI-TAKORADI,Western,Wholesale/Retail
1008,PC/WR/R/0352H,EDDYMMANUEL PHARMACY LIMI,AIRFORCE BASE TAKORADI,SEKONDI-TAKORADI,Western,Retail
1009,PC/GR/WR/0072N,EDEN PHARMA LIMITED,GW-0799-1985 - NEAR SENIOR HIGH SCHOOL ADJEN KOTOKU,GA WEST,Greater Accra,Wholesale/Retail
1010,PC/GR/R/0443K,EDEN ROYAL PHARMACY,H/NO. 921/25 - NYAMEKYE DARKUMAN,GA CENTRAL,Greater Accra,Retail
1011,PC/GR/R/0076G,EDEN ROYAL PHARMACY LTD.,"H/NO. 857, TRANSFORMER STRRET, SOWUTUOM ACCRA",GA CENTRAL,Greater Accra,Retail
1012,PC/GR/R/00764,EDIESTAL PHARMACY LTD.,H/NO. 36 AGORO STREET DANSOMAN RUSSIA ACCRA,AMA,Greater Accra,Retail
1013,PC/AS/WR/00080,EDIKAY PHARMACY,H/NO. K.O.97 ODUMASE STREET ASH TOWN KUMASI,KMA,Ashanti,Wholesale/Retail
1014,PC/GR/R/0164F,EDIVADE PHARMACY LTD.,"H/NO. 49A, MANET JUNCTION SPINTEX ROAD - OKPOI-GONO",LEDZOKUKU-KROWOR,Greater Accra,Retail
1015,PC/GR/R/00246,EDJOE PHARMACY,"H/NO. TH/109, ACHIMOTA-NSAWAM RD, TAIFA JXN.",GA EAST,Greater Accra,Retail
1016,PC/UER/R/0010D,EDMIDA PHARMACY LTD,"B 162, STADIUM RD, DAPORITINDONGO BOLGATANGA",BOLGATANGA,Upper East,Retail
1017,PC/GR/R/0537K,EDRITA PHARMACY,GE-143-2403 - - OYARIFA,ADENTAN,Greater Accra,Retail
1018,PC/WR/WR/0233M,EDRON PHARMACY,H/NO. NT 137 AFRICANA AVENU - TARKWA,TARKWA-NSUAEM,Western,Wholesale/Retail
1019,PC/AS/R/0090N,EDUFF PHARMACY LTD,"PLOT D, MF 2 NEW ROAD - DRABONSO",SEKYERE AFRAM PLAINS,Ashanti,Retail
1020,PC/AS/R/00155,EDWINY PHARMACY LTD.,H/NO. BLOCK - AHODWO KUMASI,KMA,Ashanti,Retail
1021,PC/CR/R/0445L,EDZIEBA PHARMACY,H/O. 7 MANDELLA ROAD - AGONA SWEDRU,AGONA WEST,Central,Retail
1022,PC/CR/W/0076P,EDZIEBA PHARMACY LTD,"H/NO. BA 332, AGONA SWEDRU",GOMOA WEST,Central,Wholesale
1023,PC/WR/R/00019,EFF-ESS PHARMACY,"H/NO. 3/4, LIBERATION ROAD, TAKORADI TAKORADI",SEKONDI-TAKORADI,Western,Retail
1024,PC/WR/R/0507L,EFF-ESS PHARMACY LTD,"H/NO. KP 83 NO. 11 KAKU KORSAH STREET KOKOMPE
TAKORADI",SEKONDI-TAKORADI,Western,Retail
1025,PC/WR/R/0510L,EFF-ESS PHARMACY LTD,H/NO. PT 23B - KWAME NKRUMAH BUILDING APREMDO,SEKONDI-TAKORADI,Western,Retail
1026,PC/BA/WR/00034,EFFAJOUR PHARMACEUTICALS LT,"HNO. L233 MAIN SUNYANI STATION ABANIM SECTOR 2
TECHIMAN",TECHIMAN,Brong Ahafo,Retail
1027,PC/WR/R/00012,EFFIAKUMA PHARMACY LTD.,H/NO. 129 EFFIAKUMA TAKORADI,SEKONDI-TAKORADI,Western,Retail
1028,PC/GR/R/00369,EFFY PHARMA LTD.,B815/15 MARS ROAD MATAHEKO ACCRA,AMA,Greater Accra,Retail
1029,PC/GR/R/0014C,EFKWA COMPANY,H/NO. 6 - ASHONGMAN VILLAGE ACCRA,GA EAST,Greater Accra,Retail
1030,PC/GR/R/0414L,EGE'S PHARMACY LIMITED,"H/NO. CS/26A INFANTRY ROAD, KOFI STREET LAKESIDE
ESTATES ASHALEY BOTWE",ADENTAN,Greater Accra,Retail
1031,PC/GR/R/0223K,EGYEIFIE'S PHARMACY LTD,GZ-002-1734 CACTUS STREET - NUNGUA,LEDZOKUKU-KROWOR,Greater Accra,Retail
1032,PC/AS/R/0499L,EKAD PHARMACY LTD,"PLOT 488, BLOCK H - OPPOSITE COMMUNITY PARK KOTEI",KMA,Ashanti,Retail
1033,PC/CR/R/00028,EKAK PHARMACY LTD.,H/NO. RO 27 - ODUPONG KPEHE NYANYANOR,AWUTU SENYA,Central,Retail
1034,PC/CR/WR/0393K,EKLESIA PHARMACY,H/NO. BH 14/2 NEW HOSPITAL STREET CP KASOA,AWUTU SENYA,Central,Wholesale/Retail
1035,PC/CR/WR/0461L,EKLESIA PHARMACY LTD,H/NO. WT 119/1 CP STATION WALANTU KASOA,AWUTU SENYA EAST,Central,Wholesale/Retail
1036,PC/GR/WR/00277,EKUUS PHARMACY,H/NO. W/H5 NEAR POST OFFICE Ashiaman ASHAIMAN,ASHIAMAN,Greater Accra,Wholesale/Retail
1037,PC/GR/W/0626L,EKUUS PHARMACY LIMITED,GB-065-2216 NII TETTEH AMU TUXEDO HOTEL - ASHAIMAN,ASHIAMAN,Greater Accra,Wholesale
1038,PC/GR/R/0627L,EKUUS PHARMACY LIMITED,PINK LADY STREET - LEBANON ZONE 5 ASHAIMAN,ASHIAMAN,Greater Accra,Retail
1039,PC/GR/R/0628L,EKUUS PHARMACY LIMITED,GB-018-4679 ROCKY ROAD MAIN LORRY STATION ASHAIMAN,ASHIAMAN,Greater Accra,Retail
1040,PC/GR/R/0423P,EL-LEN PHARMACY LTD,GD-374-5845 25 OTELE STREET - EAST LEGON,AMA,Greater Accra,Retail
1041,PC/GR/R/0340P,EL-NHYI'S PHARMACY LTD,"H/NO. 5 GANT STREET COMMUNITY 5 ASHALEY BOTWE -
LAKESIDE ESTATE",ADENTAN,Greater Accra,Retail
1042,PC/VR/R/0003M,EL-ROYALE PHARMACY,VH-0025-7696 DENU ROAD - HO,HO,Volta,Retail
1043,PC/ER/R/0323J,ELCHRIS PHARMACY LTD,H/NO. KW 2 MARKET STREET PEDUASE KITASE-ABURI,AKWAPIM NORTH,Eastern,Retail
1044,PC/GR/WR/0046D,ELENARK PHARMACY,E11 TDC PLOT E11 TDC PLOT KLAGON LASHIBI,TMA,Greater Accra,Wholesale/Retail
1045,PC/GR/WR/00235,ELEOMAX PHARMACY,H/NO. LVB 62/173 - LASHIBI ACCRA,TMA,Greater Accra,Wholesale/Retail
1046,PC/GR/W/0209L,ELHAMS PHARMACEUTICALS LTD,H/NO. 402 AGBOGBA ROAD - NORTH LEGON,ADENTAN,Greater Accra,Wholesale
1047,PC/VR/R/0232P,ELHERT PHARMACY,H/NO. AG/182 PROF MILLS HIGHWAY - NEW AGORTOME,HO,Volta,Retail
1048,PC/GR/WR/0284P,ELI PHARMACY LTD,GD-083-2921 NII OKAN AVENUE - OGBOJO,ADENTAN,Greater Accra,Wholesale/Retail
1049,PC/AS/R/0108L,ELIAKIM PHARMACY,"PLOT 17, BLOCK B NANA OSEI LANE - KOTEI",KMA,Ashanti,Retail
1050,PC/GR/R/0217M,ELIKEM DOTS PHARMACY LIMITED,GD-ÃÂÃÂÃÂÃÂÃÂÃÂÃÂÃÂÃÂÃÂÃÂÃÂÃÂÃÂÃÂÃÂ§22-5257 - TIPPER LEGON,ADENTAN,Greater Accra,Retail
1051,PC/GR/R/00558,ELIKPLIM PHARMACY LTD.,H/NO.C 40/8 AYIDIKI STREET NEWTOWN ACCRA,AMA,Greater Accra,Retail
1052,PC/VR/WR/00011,ELIKPLIM PHARMACY LTD.,"H/NO. 233, BEAT ZERO JxN, TOTAL PETROL STN, - AFLAO",KETU SOUTH,Volta,Wholesale/Retail
1053,PC/GR/R/00558,ELIKPLIM PHARMACY LTD.,H/NO.C 40/8 AYIDIKI STREET NEWTOWN ACCRA,AMA,Greater Accra,Retail
1054,PC/VR/WR/00011,ELIKPLIM PHARMACY LTD.,"H/NO. 233, BEAT ZERO JxN, TOTAL PETROL STN, - AFLAO",KETU SOUTH,Volta,Wholesale/Retail
1055,PC/VR/WR/00017,ELIKPLIM PHARMACY LTD.,UNN. HOUSE DAMBAI LAKESIDE RD. KRACHI KETE-KRACHI,KRACHI EAST,Volta,Wholesale/Retail
1056,PC/AS/R/00098,ELIM PHARMACY,OPPOSITE CONSUMER CREDIT LTD WAWASI OBUASI,OBUASI,Ashanti,Retail
1057,PC/AS/R/00201,ELIM PHARMACY,"H/NO. PLOT 6, BLOCK 8A - DADIESOABA-ASAFO KUMASI",KMA,Ashanti,Retail
1058,PC/GR/R/00348,ELINDA PHARMACY CO. LTD.,H/NO. B2/23 FADAMA ROAD - ACCRA,AMA,Greater Accra,Retail
1059,PC/GR/R/00348,ELINDA PHARMACY CO. LTD.,H/NO. B2/23 FADAMA ROAD - ACCRA,AMA,Greater Accra,Retail
1060,PC/AS/R/00212,ELITE PHARMACY,PLOT 3 BLOCK F. NEAR LCC 2ND STREET BOMSO KUMASI,KMA,Ashanti,Retail
1061,PC/WR/R/0085K,ELIZACK PHARMACY,H/NO. 60/5 TANOKROM EFFIAKUMA TAKORADI,SEKONDI-TAKORADI,Western,Retail
1062,PC/AS/R/00210,ELLIS AVENUE PHARMACY,"H/NO. 22C, ELLIS STREET RIDGE, KUMASI ELLIS AVENUE -
KUMASI",KMA,Ashanti,Retail
1063,PC/GR/W/00120,ELOHIM PHARMACY,ADEPA BUILDING - OKAISHIE ACCRA,AMA,Greater Accra,Wholesale
1064,PC/GR/R/0451L,ELORDENAM PHARMACY LTD,UNN. HOUSE CEMETARY ROAD COMMUNITY 9 TEMA,TMA,Greater Accra,Retail
1065,PC/GR/R/0150M,ELSAHAID PHARMACY,CATHY'A PLAZA N1 HIGHWAY MILE 11 ROAD WEIJA,GA SOUTH,Greater Accra,Retail
1066,PC/AS/R/0134A,ELYRAM PHARMACY LTD.,"PLOT 24, BLK 24 67 OYOKO ROAD RHAMSIA GYINYASI",KMA,Ashanti,Retail
1067,PC/GR/R/0016L,EM-KOSAH PHARMACY,GW-0971-6538 DOBOROGONO SAWMILL AMASAMAN,GA WEST,Greater Accra,Retail
1068,PC/VR/WR/0184H,EMAD PHARMACY LTD.,"H/NO. VF-OG, NR. ROLE MODLE CONSTRUCTION HAVE
KPANDO RD. FODOME VAKPO",NORTH DAYI,Volta,Wholesale/Retail
1069,PC/GR/R/0129C,EMBOCH CHEMIST,"PLOT 224, MILE 7 ROAD - NEW ACHIMOTA",AMA,Greater Accra,Retail
1070,PC/AS/R/0504L,EMELSLYN PHARMACY LTD,"PLOT 15, BLOCK E, ADOATO",KMA,Ashanti,Retail
1071,PC/AS/R/00293,EMENA PHARMACY LTD.,"H/NO. PLOT 51, BLOCK A - EMENA EMENA",KMA,Ashanti,Retail
1072,PC/GR/WR/0315K,EMERY SANTE PHARMACY,H/NO. 34 LATERBIOKOSHIE ROAD - VIDEO CITY JUNCTION,AMA,Greater Accra,Wholesale/Retail
1073,PC/GR/WR/0667L,EMMACO HEALTH GHANA LTD,LAST STOP - LAST STOP TEIMAN,GA WEST,Greater Accra,Wholesale/Retail
1074,PC/AS/R/0146C,EMMALY PHARMACY LTD.,"PLOT 3, BLOCK L, MAIN ROAD, PANKRONO ESTATE, KUMASI",KMA,Ashanti,Retail
1075,PC/AS/WR/0129N,EMMANAK PHARMACY LTD,"PLOT 18, OFFINSO ABOFOUR",OFFINSO,Ashanti,Wholesale/Retail
1076,PC/GR/R/00608,EMPAT PHARMACY LTD.,"PLT 37A SITE A NEAR PIROT GYM, COMMERCIAL CENTRE
COMM. 3, TEMA",TMA,Greater Accra,Retail
1077,PC/AS/R/0385K,EMPEROR PHARMACY LTD,H/NO. 4/38 WAEC STREET AMAKOM KUMASI,KMA,Ashanti,Retail
1078,PC/GR/R/0045P,EMPIRE PHARMACY LTD,UNN. HSE - HOT OVEN AFIENYA,NINGO PRAMPRAM,Greater Accra,Retail
1079,PC/GR/R/0250M,EMPIRIC PHARMACY LTD,H/NO. 81 NAADU LA STREET ASHALEY BOTWE NANAKROM,ADENTAN,Greater Accra,Retail
1080,PC/GR/R/0172C,EMRET PHARMACY LTD,"H/NO. TF/B/006 NKATIE BURGER ROAD, TAXI RANK TAIFA
ACCRA",GA EAST,Greater Accra,Retail
1081,PC/AS/R/0191G,ENA PHARMACY LTD,H/NO. SHELL SERVICE PREMISES - - ASOKWA,KMA,Ashanti,Retail
1082,PC/UER/WR/0064F,ENDSWELL PHARMACY,"H/NO. A70, ATULBABISI BOLGA, NR. ATULBA DABOO,
BOLGATANGA",BOLGATANGA,Upper East,Wholesale/Retail
1083,PC/UER/R/0559K,ENDSWELL PHARMACY LTD,"DA-165 MAIN LORRY STATION DAPORETINDONGO
BOLGATANGA",BOLGATANGA,Upper East,Retail
1084,PC/UER/R/0340H,ENDSWELL PHARMACY LTD. ( BUK,"H/NO. BLK B 4, STADIUM ROAD DIAGONALLY OPP. COMCI
COMSA HOTEL BUKERE",BOLGATANGA,Upper East,Retail
1085,PC/GR/R/00706,ENDURANCE PHARMACY,ABAVANNA DOWN KOTOBABI ACCRA,AMA,Greater Accra,Retail
1086,PC/GR/R/0034A,ENOAPA PHARMACY LTD.,H/NO. 56/58 GUAVA LANE NEW ASHONGMAN ESTATE ACCRA,GA EAST,Greater Accra,Retail
1087,PC/GR/R/0034A,ENOAPA PHARMACY LTD.,H/NO. 56/58 GUAVA LANE NEW ASHONGMAN ESTATE ACCRA,GA EAST,Greater Accra,Retail
1088,PC/AS/WR/0242M,ENOTA PHARMACY,"PLOT III, BLOCK 1 - - EJISU-KUMASI KRAPA",EJISU-JUABENG,Ashanti,Wholesale/Retail
1089,PC/AS/WR/0038H,ENSIE PHARMACY LTD,DB 53 APPIAH STREET APPIAH STREET DOMINASE,ATWIMA KWANWOMA,Ashanti,Wholesale/Retail
1090,PC/GR/W/0293J,ENTRANCE PHARMACEUTICALS,H/NO. 16 OKPOI GONNO ACCRA SPINTEX,LA DEDE-KOTOPON,Greater Accra,Wholesale
1091,PC/VR/R/0189H,EPDRA,"H/NO. 39, MAIN ROAD OPP. MTN OFFICE JASIKAN HOHOE
ZONGO",HOHOE,Volta,Retail
1092,PC/GR/R/00402,EQUITY PHARMACY,"EAST, NEAR CHRISTIAN SERVICES CENTRE ACCRA",AMA,Greater Accra,Retail
1093,PC/GR/R/00303,EQUITY PHARMACY LIMITED,"H/NO. 662/26 H/NO.662/26 NEAR AMORC,EAST LEGON -
ACCRA",AMA,Greater Accra,Retail
1094,PC/GR/R/00303,EQUITY PHARMACY LIMITED,"H/NO. 662/26 H/NO.662/26 NEAR AMORC,EAST LEGON -
ACCRA",AMA,Greater Accra,Retail
1095,PC/GR/R/0481K,EQUITY PHARMACY LIMITED,GK-0818-8979 - YAAFIE EAST LEGON HILLS,KPONE KATAMANSO,Greater Accra,Retail
1096,PC/AS/R/00019,EREKEY PHARMACY LTD.,"PLOT 9, BLOCK II AHINSAN KUMASI",KMA,Ashanti,Retail
1097,PC/GR/R/0259K,ERIBEL PHARMACY,H/NO. 58 MANYE ADORKOR AVENUE MILE 7 ACHOMOTA,GA WEST,Greater Accra,Retail
1098,PC/GR/R/00266,ERIC CHEMISTS,H/NO. J1/J2 ROUND ABOUT TIMBER MARKET ASHIAMAN,ASHIAMAN,Greater Accra,Retail
1099,PC/ER/WR/00044,ERIC CHEMISTS LTD,SHOP NO. 2 ADOMI HOTEL KOFORIDUA ATIMPOKU,ASUOGYAMAN,Eastern,Wholesale/Retail
1100,PC/AS/WR/0448K,ERIC VEE PHARMACY,"PLOT 29, BLOCK C - - NKORANZA",ATWIMA KWANWOMA,Ashanti,Wholesale/Retail
1101,PC/AS/WR/0597L,ERIC VEE PHARMACY LTD,"PLOT 25. NEAR LORRY STATION, ANWIANKWANTA - -
ANWIANKWANTA",BEKWAI,Ashanti,Wholesale/Retail
1102,PC/AS/WR/0156N,ERICARE PHARMACY LTD,"PLOT 4, BLOCK 17, GYINYASE",KMA,Ashanti,Wholesale/Retail
1103,PC/AS/WR/0091N,ERICPO PHARMACEUTICALS GHAN,"H/NO. AK/40/C, DOMEABRA",ADANSI NORTH,Ashanti,Retail
1104,PC/AS/R/0349H,ERILYN PHARMACY LIMITED,BLOCK 15 KRONUM KWAPRA ROAD KWAPRA KRONUM,KMA,Ashanti,Retail
1105,PC/GR/R/0169F,ERIPHARMA LTD.,"H/NO. WAB 11/1, UNIVERSITY OF GHANA FARM LAND RD. -
ASHALEY-BOTWE",ADENTAN,Greater Accra,Retail
1106,PC/AS/R/0118F,ERISA PHARMACY,"PLOT 18, BLK. 3, ABREPO JUNCTION - - KUMASI",KMA,Ashanti,Retail
1107,PC/GR/R/0116H,ERISHAR OSBEK PHARMACY.,"H/NO. JT/14 MAIN POKUASE TO OFANKOR ROAD OFANKOR -
JOHN TEYE ACCRA",GA WEST,Greater Accra,Retail
1108,PC/GR/WR/0016M,ERITH SPECIALITY PHARMACY LTD,H/NO. 276 FEO EYEO NORTH IDUSTRIAL AREA ACCRA,GA CENTRAL,Greater Accra,Wholesale/Retail
1109,PC/GR/R/0182L,ERIVIAN PHARMACY LTD,"H/NO. TM 298/1, - NEAR BURGER TOWN LORRY STATION
TEIMAN",GA EAST,Greater Accra,Retail
1110,PC/AS/WR/0185K,ERNDOM CHEMIST,"PLOT 46, BLOCK K HOSPITAL ROAD OPPOSITE FIRE SERVICE
HILLS EJISU",EJISU-JUABENG,Ashanti,Wholesale/Retail
1111,PC/AS/R/00251,ERNDOM CHEMISTS LTD.,STORE NO. 13 & 14 - KORKORBRA KUMASI,EJISU-JUABENG,Ashanti,Retail
1112,PC/GR/R/0116A,ERNEPAT PHARMACY,STORE NO. 1 1ST LINK STREET TESHIE ACCRA,LEDZOKUKU-KROWOR,Greater Accra,Retail
1113,PC/GR/R/00536,ERNESMAY CHEMIST,"SOUTH ODORKOR, ST. ANTHONY SCH, ACCRA",AMA,Greater Accra,Retail
1114,PC/GR/R/0050L,ERNEST CHEMIST LIMITED,GL-026-8429 5TH CIRCULAR ROAD - LABONE,LA NKWANTANANG-MADINA,Greater Accra,Retail
1115,PC/GR/WR/0633L,ERNEST CHEMIST LTD,H/NO. BW/1/2 SPINTEX ROAD NEAR ECOBANK BAATSONA,TMA,Greater Accra,Wholesale/Retail
1116,PC/GR/R/0064L,ERNEST CHEMIST LTD,BOUNDARY ROAD NEAR POLICE STATION EAST LEGON,GA CENTRAL,Greater Accra,Retail
1117,PC/GR/R/0155K,ERNEST CHEMIST LTD,"GA-546-5663 UPSA ROAD ACCRA COLLEGE EDUCATION
MADINA",LA NKWANTANANG-MADINA,Greater Accra,Retail
1118,PC/AS/W/0493K,ERNEST CHEMIST LTD,"PLOT 13, BLOCK 111 - ABREPO JUNCTION KUMASI",KMA,Ashanti,Wholesale
1119,PC/GR/R/0012F,ERNEST CHEMIST LTD,"NESTER SQUARE, AIRPORT CITY, - - ACCRA",AMA,Greater Accra,Retail
1120,PC/GR/R/0384H,ERNEST CHEMIST LTD,BEAUFORT BUILDING ACCRA BEAUFORT BUILDING ACCRA,AMA,Greater Accra,Retail
1121,PC/GR/R/0212M,ERNEST CHEMIST LTD,GL-026-8330 5TH CIRCULAR ROAD - LA,LA NKWANTANANG-MADINA,Greater Accra,Retail
1122,PC/GR/R/0051N,ERNEST CHEMIST LTD,KPANLOGO STREET - - DANSOMAN,AMA,Greater Accra,Retail
1123,PC/GR/R/0061N,ERNEST CHEMIST LTD,"BUILDING NO. B107/17 PETRUNIA STREET - DANSOMAN
ASOREDANHO",AMA,Greater Accra,Retail
1124,PC/GR/R/0062N,ERNEST CHEMIST LTD,OXFORD STREET - KOALA OSU,AMA,Greater Accra,Retail
1125,PC/AS/W/0083N,ERNEST CHEMIST LTD,H/NO. B.G. 36 - - OBUASI,OBUASI,Ashanti,Wholesale
1126,PC/AS/W/0084N,ERNEST CHEMIST LTD,"PLOT 3, BLOCK A - - TANOSO",KMA,Ashanti,Wholesale
1127,PC/GR/R/0333P,ERNEST CHEMIST LTD,H/NO. TITO AVENUE JOSIF BROZE LA,LA NKWANTANANG-MADINA,Greater Accra,Retail
1128,PC/GR/R/0190J,ERNEST CHEMIST LTD,H/NO 40 KOFI ANNAN STREET AIRPORT CITY ACCRA,GA SOUTH,Greater Accra,Retail
1129,PC/GR/R/0277J,ERNEST CHEMISTS LTD,"H/NO. 35 PATRICE LUNUMBA AIRPORT RESIDENTIAL AREA
ACCRA",AMA,Greater Accra,Retail
1130,PC/AS/W/00023,ERNEST CHEMISTS LTD.,H/NO. MM.7 - MBROM KUMASI,KMA,Ashanti,Wholesale
1131,PC/GR/W/00091,ERNEST CHEMISTS LTD.,H/NO. C257/C RING ROAD CENTRAL ACCRA ACCRA,AMA,Greater Accra,Wholesale
1132,PC/GR/W/00228,ERNEST CHEMISTS LTD.,"H/NO. SIX LANE, NEAR MARION PREPARATORY SCHOOL
COMMUNITY 8 TEMA",TMA,Greater Accra,Wholesale
1133,PC/GR/WR/00049,ERNEST CHEMISTS LTD.,H/NO.C94/4 - KOKOMLEMLE ACCRA,AMA,Greater Accra,Wholesale/Retail
1134,PC/GR/W/00070,ERNEST CHEMISTS LTD.,H/NO. D664/4 KIMBERLEY AVENUE ACCRA ACCRA,AMA,Greater Accra,Wholesale
1135,PC/GR/WR/00050,ERNEST CHEMISTS LTD.,H/NO.D664/4 KIMBERLEY AVENUE ACCRA ACCRA,AMA,Greater Accra,Wholesale/Retail
1136,PC/GR/R/00855,ERNEST CHEMISTS LTD.,PLOT NO. NEAR COCA COLA ROUND ABOUT SPINTEX ACCRA,TMA,Greater Accra,Retail
1137,PC/NR/W/00007,ERNEST CHEMISTS LTD.,"OPPOSITE DABOKPA SENIOR HIGH SCHOOL - VITTIN
JUNCTION TAMALE",TAMALE,Northern,Wholesale
1138,PC/GR/R/0137B,ERNEST CHEMISTS LTD.,"UNIVERSITY OF GHANA, - LEGON, ACCRA",AMA,Greater Accra,Retail
1139,PC/GR/W/0053A,ERNEST CHEMISTS LTD.,H/NO. 162 GALAXY PRE-UNIVERSITY ODOKOR ACCRA,AMA,Greater Accra,Wholesale
1140,PC/AS/W/0127A,ERNEST CHEMISTS LTD.,PLOT 9 SOUTHERN BY-PASS SANTASI KUMASI,KMA,Ashanti,Wholesale
1141,PC/ER/W/0066B,ERNEST CHEMISTS LTD.,LINDA DOR PLAZA MINISTRIES ROAD KOFORIDUA KOFORIDUA,NEW-JUABENG,Eastern,Wholesale
1142,PC/GR/R/0115A,ERNEST CHEMISTS LTD.,FORMER S.I.C BUILDING KINBU ROAD ACCRA ACCRA,AMA,Greater Accra,Retail
1143,PC/AS/R/0126A,ERNEST CHEMISTS LTD.,"PLOT 9 SOUTHERN BY-PASS, RIDGE RESIDENCE SANTASI
KUMASI",KMA,Ashanti,Retail
1144,PC/BA/W/0094A,ERNEST CHEMISTS LTD.,H/NO. C 13/2 VICTORIA PARK - SUNYANI,SUNYANI,Brong Ahafo,Wholesale
1145,PC/VR/W/0153C,ERNEST CHEMISTS LTD.,"H/NO. 3 AGRIC AVENUE, BEHIND SIC BUILDING HO-BANKOE
HO",HO,Volta,Wholesale
1146,PC/WR/WR/0014D,ERNEST CHEMISTS LTD.,"UNN HSE, CAPE COAST RD, CASUALINA BELT, TAKORADI",SEKONDI-TAKORADI,Western,Wholesale/Retail
1147,PC/AS/W/00023,ERNEST CHEMISTS LTD.,H/NO. MM.7 - MBROM KUMASI,KMA,Ashanti,Wholesale
1148,PC/GR/W/00091,ERNEST CHEMISTS LTD.,H/NO. C257/C RING ROAD CENTRAL ACCRA ACCRA,AMA,Greater Accra,Wholesale
1149,PC/GR/W/00228,ERNEST CHEMISTS LTD.,"H/NO. SIX LANE, NEAR MARION PREPARATORY SCHOOL
COMMUNITY 8 TEMA",TMA,Greater Accra,Wholesale
1150,PC/GR/WR/00049,ERNEST CHEMISTS LTD.,H/NO.C94/4 - KOKOMLEMLE ACCRA,AMA,Greater Accra,Wholesale/Retail
1151,PC/GR/W/00070,ERNEST CHEMISTS LTD.,H/NO. D664/4 KIMBERLEY AVENUE ACCRA ACCRA,AMA,Greater Accra,Wholesale
1152,PC/GR/WR/00050,ERNEST CHEMISTS LTD.,H/NO.D664/4 KIMBERLEY AVENUE ACCRA ACCRA,AMA,Greater Accra,Wholesale/Retail
1153,PC/GR/R/00855,ERNEST CHEMISTS LTD.,PLOT NO. NEAR COCA COLA ROUND ABOUT SPINTEX ACCRA,TMA,Greater Accra,Retail
1154,PC/NR/W/00007,ERNEST CHEMISTS LTD.,"OPPOSITE DABOKPA SENIOR HIGH SCHOOL - VITTIN
JUNCTION TAMALE",TAMALE,Northern,Wholesale
1155,PC/GR/R/0137B,ERNEST CHEMISTS LTD.,"UNIVERSITY OF GHANA, LEGON, ACCRA",AMA,Greater Accra,Retail
1156,PC/GR/W/0053A,ERNEST CHEMISTS LTD.,H/NO. 162 GALAXY PRE-UNIVERSITY ODOKOR ACCRA,AMA,Greater Accra,Wholesale
1157,PC/AS/W/0127A,ERNEST CHEMISTS LTD.,PLOT 9 SOUTHERN BY-PASS SANTASI KUMASI,KMA,Ashanti,Wholesale
1158,PC/ER/W/0066B,ERNEST CHEMISTS LTD.,LINDA DOR PLAZA MINISTRIES ROAD KOFORIDUA KOFORIDUA,NEW-JUABENG,Eastern,Wholesale
1159,PC/GR/R/0115A,ERNEST CHEMISTS LTD.,FORMER S.I.C BUILDING KINBU ROAD ACCRA ACCRA,AMA,Greater Accra,Retail
1160,PC/AS/R/0126A,ERNEST CHEMISTS LTD.,"PLOT 9 SOUTHERN BY-PASS, RIDGE RESIDENCE SANTASI
KUMASI",KMA,Ashanti,Retail
1161,PC/BA/W/0094A,ERNEST CHEMISTS LTD.,H/NO. C 13/2 VICTORIA PARK - SUNYANI,SUNYANI,Brong Ahafo,Wholesale
1162,PC/VR/W/0153C,ERNEST CHEMISTS LTD.,"H/NO. 3 AGRIC AVENUE, BEHIND SIC BUILDING HO-BANKOE
HO",HO,Volta,Wholesale
1163,PC/WR/WR/0014D,ERNEST CHEMISTS LTD.,"UNN HSE, CAPE COAST RD, CASUALINA BELT, TAKORADI",SEKONDI-TAKORADI,Western,Wholesale/Retail
1164,PC/GR/W/0001C,ERNEST CHEMISTS LTD.,"PLOT CS 03/04, COMM 25, LASHIBI COMM. 25
TEMA",TMA,Greater Accra,Wholesale
1165,PC/GR/R/0159B,ERNEST CHEMISTS LTD.,"UNN. HOUSE - ODORKOR NEAR GALAXY COLLEGE BUILDING
SOUTH ODORKOR",AMA,Greater Accra,Retail
1166,PC/GR/MW/0057G,ERNEST CHEMISTS LTD.,oPlLeOsTa lNeO. 16117 HEAVY INDUSTRIAL AREA TEMA TEMA,TMA,Greater Accra,Manufacturing Wholesale
1167,PC/GR/W/0085G,ERNEST CHEMISTS LTD.,"H/NO. UNN STORE, UNIVERSITY OF GHANA, - LEGON",AMA,Greater Accra,Wholesale
1168,PC/GR/W/0086G,ERNEST CHEMISTS LTD.,"H/NO. 1, BOND STREET, - ADENTA",ADENTAN,Greater Accra,Wholesale
1169,PC/GR/R/0080H,ERNEST CHEMISTS LTD.,"H/NO. E152/3 NASSER 5TH AVENUE, RING WAY ESTATES
OSU",SHAI-OSUDOKU,Greater Accra,Retail
1170,PC/GR/R/0122H,ERNEST CHEMISTS LTD.,H/NO. 32 LAGOS AVENUE EAST LEGON ACCRA,GA EAST,Greater Accra,Retail
1171,PC/GR/R/0059J,ERNEST CHEMISTS LTD.,- ANC MALL EAST LEGON ACCRA,GA EAST,Greater Accra,Retail
1172,PC/AS/R/0104J,ERNEST CHEMISTS LTD.,"PLOT 3, BLOCK 10 ABREPO JUNCTION SUNTRESO EXTENSION
KUMASI",KMA,Ashanti,Retail
1173,PC/CR/W/0155H,ERNEST CHEMISTS LTD.,"UNN PREMISES, HISENSE SHOP ACCRA-WINNEBA HIGHWAY
KASOA KASOA",AWUTU SENYA,Central,Wholesale
1174,PC/GR/W/0098F,ERNEST CHEMISTS LTD.(DZORWUL,H/NO. 97 OBASANJO HIGHWAY DZORWULU ACCRA,AMA,Greater Accra,Wholesale
1175,PC/GR/R/0148F,ERNEST CHEMISTS LTD.(DZORWUL,"H/NO. 97, OBASANJO HIGHWAY, DZORWULU DZORWULU-
ACCRA",AMA,Greater Accra,Retail
1176,PC/GR/R/00686,ERTLAN PHARMACY LTD.,H/NO. 1 ABE-ASE STREET MALLAM MALLAM,GA SOUTH,Greater Accra,Retail
1177,PC/GR/R/00283,ESKAB PHARMACY LTD.,H/NO. B654/7 AMAR KOFI STREET KANESHIE ACCRA,AMA,Greater Accra,Retail
1178,PC/NR/W/0025P,ESKAY THERAPEUTICS LIMITED 9T,"H/NO. 10, BLOCK G DAGOMBALINE-FUO STREET - TAMALE",,Northern,Wholesale
1179,PC/GR/MW/00008,ESKAY THERAPEUTICS LTD.,oHl/eNsaOl.e 42 SOUTH INDUSTRIAL AREA Industrial Area ACCRA,AMA,Greater Accra,Manufacturing Wholesale
1180,PC/ER/R/0318J,ESPANA PHARMACY LIMITED,"H/NO. AK 3330/B CHURCH ROAD MAIN LORRY STATION
AKOSOMBO",ASUOGYAMAN,Eastern,Retail
1181,PC/GR/R/0071L,ESPAT PHARMACY,"H/NO. SMB 37 TETTEH DOI ADDY STREET PASCAL
COLLECTIONS SANTA MARIA",GA CENTRAL,Greater Accra,Retail
1182,PC/GR/WR/0529L,ESPAT PHARMACY LIMITED,"GCA 0112 ANYAA-POKUASE HIGHWAY PENTECOST JUNCTION
ABLEKUMA",GA CENTRAL,Greater Accra,Wholesale/Retail
1183,PC/AS/R/0029M,ESS & JAY PHARMACY LTD,"PLOT 35, BLOCK HH, KONKORI",ATWIMA KWANWOMA,Ashanti,Retail
1184,PC/GR/R/00305,ESSE PHARMACY LTD.,H/NO. H826/7 TSUI BLEOO TESHIE ACCRA,LEDZOKUKU-KROWOR,Greater Accra,Retail
1185,PC/AS/R/0211M,ESTEL CHEMIST,H/NO. 109 DUNKWA ROAD BIDIEM OBUASI,OBUASI,Ashanti,Retail
1186,PC/AS/WR/0115N,ESTHMARK PHARMACY LIMITED,"STORE 23, EFFIDUASE",SEKYERE EAST,Ashanti,Wholesale/Retail
1187,PC/AS/R/0366K,ESTOMENS PHARMACY LTD,"PLOT 2, BLOCK B, BOMSO",KMA,Ashanti,Retail
1188,PC/GR/WR/0143K,ETAY PHARMACY,H/NO. 10 BOUNDARY ROAD SHIASHI EAST LEGON,GA CENTRAL,Greater Accra,Wholesale/Retail
1189,PC/NR/WR/00011,ETHICAL PHARMACEUTICALS LTD,"H/NO. CGV 70, TAMALE TAMALE",TAMALE,Northern,Wholesale/Retail
1190,PC/NR/R/0098K,ETHICAL PHARMACEUTICALS LTD,H/NO. BG BLK A5 TEA HOUSE ROAD BALOGU YENDI,YENDI,Northern,Retail
1191,PC/CR/WR/0101L,ETM PHARMACY,H/NO. CCR/1/57 CANARY ROAD - DUNKWA-ON-OFFIN,UPPER DENKYIRA-EAST,Central,Wholesale/Retail
1192,PC/AS/WR/0665L,EUALICE CHEMIST LTD,"PLOT 25, BLOCK A - BUABAYN ASOKORE-MAMPONG",KMA,Ashanti,Wholesale/Retail
1193,PC/GR/R/00569,EUCHARISTIA PHARMACY,"PLOT NO. 253/6 ASHAIMAN ROAD LASHIBI MAIN NUNGUA
ACCRA",TMA,Greater Accra,Retail
1194,PC/ER/R/0179N,EUGENEX PHARMACY,"H/NO. C442/11 AKWETEMAN-AKUSE ROAD, SOMANYA",YILOKROBO,Eastern,Retail
1195,PC/ER/R/0084P,EUGENEX PHARMACY,"EY-0457-9981 MAIN ROAD, ATUA",LOWER MANYA KROBO,Eastern,Retail
1196,PC/WR/WR/0378P,EUNIPAUL PHARMACY,"H/NO. 8, ABOSO",PRESTEA HUNI VALLEY,Western,Wholesale/Retail
1197,PC/GR/R/0163B,EURETOM PHARMACY,"H/NO. A 412/19 SHARP CURVE MAIN ROAD DANSOMAN
ACCRA",AMA,Greater Accra,Retail
1198,PC/GR/R/0163B,EURETOM PHARMACY,"H/NO. A 412/19 SHARP CURVE MAIN ROAD DANSOMAN
ACCRA",AMA,Greater Accra,Retail
1199,PC/GR/WR/0537L,EVA PHARMACY LTD,H/NO. A432/21 27 STREET SSNIT FLAT ROAD DANSOMAN,AMA,Greater Accra,Wholesale/Retail
1200,PC/GR/R/0406L,EVALIZ PHARMACY LIMITED,H/NO. 310 NII KPAKPO OBLIPONG - FISE,GA WEST,Greater Accra,Retail
1201,PC/WR/WR/0019N,EVANEX PHARMACY,"OPPOSITE AHANTAMAN RURAL BANK MAIN STREET - AGONA
NKWANTA",AHANTA WEST,Western,Wholesale/Retail
1202,PC/WR/WR/0431L,EVANEX PHARMACY LTD,H/NO. NK 419 - OPPOSITE TOP STAT WASSA NSUAEM,TARKWA-NSUAEM,Western,Wholesale/Retail
1203,PC/VR/WR/0114B,EVANG. PRESBYTERIAN DEV. AND,UNN. PLOT HO-ADAKLU ROAD KPODZI HO,HO,Volta,Wholesale/Retail
1204,PC/CR/WR/0478L,EVE PHARMACY LTD,"H/NO. MDK 13 AYANFURI ROAD OPPOSITE HEALTH CENTRE
DIASO",UPPER DENKYIRA-WEST,Central,Wholesale/Retail
1205,PC/ER/R/0341K,EVECARE HEALTH SERVICES,"H/NO. 26/M GOVERNMENT HOSPITAL STREET, NSAWAM",NSAWAM ADOAGYIRI,Eastern,Retail
1206,PC/GR/R/0009B,EVEPET PHARMACY LTD.,"H/NO. GA 02/80A/16/50 RASTA ROAD TESHIE TESHIE
TEBIBIIANO CAMP 2",LEDZOKUKU-KROWOR,Greater Accra,Retail
1207,PC/ER/WR/0193H,EVERCARE HEALTH SERVICES LTD.,"H/NO. NK/108, NKURAKAN-ASESEWA STREET NEAR
NKURAKAN MARKET NKURAKAN",YILOKROBO,Eastern,Wholesale/Retail
1208,PC/AS/WR/0623H,EVERGREEN CHEMIST LTD.,"H/NO. OTB PLOT 387, APREMUSU ROAD OPP. PZ BUILDING
ADUM",KMA,Ashanti,Wholesale/Retail
1209,PC/BA/WR/0201H,EVERGREEN LIFE PHARMACY LTD.,"H/NO. TMA 417M, MAGAZINE ROAD MAMPRUSI LINE
TECHIMAN",TECHIMAN,Brong Ahafo,Wholesale/Retail
1210,PC/GR/R/00223,EVERYDAY CHEMISTS,H/NO. B429/92 LDANSOMAN ROAD MATEHEKO ACCRA,GA SOUTH,Greater Accra,Retail
1211,PC/WR/R/0287K,EVESAM PHARMACY LTD,H/NO. BS 20/14 - GOLDFIELDS CLUB HOUSE TARKWA,TARKWA-NSUAEM,Western,Retail
1212,PC/WR/WR/0174E,EXCORA PHARMACY,"H/NO. A07/3, BEKWAI-KUMASI RD. SEFWI BEKWAI",BIBIANI-ANHWIASO BEKWAI,Western,Wholesale/Retail
1213,PC/WR/WR/0360H,EXCORA PHARMACY,H/NO. AK/040 - AKOTOBU ENCHI,AOWIN,Western,Wholesale/Retail
1214,PC/AS/WR/0030F,EXKLUSIVE ROYAL PHARMACY.,"PLOT 11, DENDAK FARMS EJISU-ACCRA HIGHWAY - FUMESUA",EJISU-JUABENG,Ashanti,Wholesale/Retail
1215,PC/GR/R/0237N,EXPRESS CARE PHARMACY LTD,"H/NO. 257, BLOCK 2 - NII MARTEY TSURU SPINTEX",LA NKWANTANANG-MADINA,Greater Accra,Retail
1216,PC/GR/R/0134P,EXPRESS CARE PHARMACY LTD,"FILLING STATION A1 HOSPITAL ROAD EXTENSION LINK
COMMUNITY 12 TEMA",TMA,Greater Accra,Retail
1217,PC/UWR/R/0272J,EXTRA LIFE PHARMACY,H/NO. NA-LA 031 NKRUMAH STREET ZINKOGNUO LAWRA,LAWRA,Upper West,Retail
1218,PC/GR/R/0212E,EXTRON PHARMACY LTD.,"PLOT 5, GRAVEL PIT, OYARIFA",GA EAST,Greater Accra,Retail
1219,PC/GR/R/00856,EXXELL PHARMA LTD,"HNO. B40/1 ADJACENT PENTICOST CHURCH PARK
AKWETEMAN ACCRA",AMA,Greater Accra,Retail
1220,PC/GR/R/00856,EXXELL PHARMA LTD,"HNO. B40/1 ADJACENT PENTICOST CHURCH PARK
AKWETEMAN ACCRA",AMA,Greater Accra,Retail
1221,PC/UER/WR/0560K,EYE OF GOD PHARMACY,H/NO. 42A BONGO ROAD NEAR SOE MARKET BOLGA SOE,BOLGATANGA,Upper East,Wholesale/Retail
1222,PC/AS/R/0082F,EYE OF GOD PHARMACY,"PLOT 39A , FOSU LORRY STATION, NYAMEDUASE BEKWAI",BEKWAI,Ashanti,Retail
1223,PC/GR/WR/0023J,EYE PLUS PHARMACY LTD,H/NO. 202 G. Y. ODOI STREET OSU ACCRA,SHAI-OSUDOKU,Greater Accra,Wholesale/Retail
1224,PC/GR/R/0418P,EZY PHARMACY LTD,"H/NO. DN 102 PANTANG ROAD NEAR BOI JUNCTION
ABOKOBI",GA EAST,Greater Accra,Retail
1225,PC/WR/WR/0208K,F5 PHARMACEUTICALS LIMITED,"H/NO. 17/18, SEFWI DWINASE",SEFWI WIAWSO,Western,Wholesale/Retail
1226,PC/AS/W/0062E,FAABU 98 PHARMACY LTD.,"H/NO. NP 55 PLOT 15, BLOCK 13, NANPANSA BEKWAI",BEKWAI,Ashanti,Wholesale
1227,PC/NR/WR/0145G,FAAKO PHARMACY,"H/NO. E/R NY BLK D4, TAMALE-TOLON ROAD, TAMALE",SAGNERIGU,Northern,Wholesale/Retail
1228,PC/GR/R/0325P,FAASE PHARMACY LTD,"H/NO. 30, GD-0733172 - WELDER JUNCTION NEW LEGON",ADENTAN,Greater Accra,Retail
1229,PC/GR/WR/00209,FABBY CHEMIST,H/NO. J264/4 MAIN ROAD NUNGUA ACCRA,LEDZOKUKU-KROWOR,Greater Accra,Wholesale/Retail
1230,PC/ER/R/0114D,FABRYGAM PHARMACY,"H/NO. EF/A47, MTTU KOFORIDUA",NEW-JUABENG,Eastern,Retail
1231,PC/WR/R/00041,FAHBABS FORTRESS PHARMACY,"PLOT NO. 14A, - WEST FIJAI RIDGE TAKORADI",SHAMA,Western,Retail
1232,PC/GR/WR/0252K,FAIRFAX PHARMACY,H/NO. C/009 SPINTEX ROAD OPPOSITE ACCRA MALL ACCRA,AMA,Greater Accra,Wholesale/Retail
1233,PC/GR/R/0073D,FAIRGOLD CO. LTD,H/NO. F/26 KLAGON-ASHIAMAN ROAD - KLAGON,TMA,Greater Accra,Retail
1234,PC/GR/R/0007B,FAIRGOLD CO. LTD. (PHARMACY D,"H/NO. 29 - BAATSONA, COMMUNITY 16 LASHIBI",TMA,Greater Accra,Retail
1235,PC/GR/R/0257J,FAIRGOLD PHARMACY(TESHIE PEN,H/NO. BLOCK 15 OFF PENNY ROAD MY BROTHER PENNY,GA SOUTH,Greater Accra,Retail
1236,PC/GR/R/0140G,FAITH PHARMACY LTD.,"H/NO. 49, STADIUM ROAD, AMASAMAN AMASAMAN",GA WEST,Greater Accra,Retail
1237,PC/GR/R/0019M,FAITH-AID CHEMIST LTD,H/NO. 2 NO VISA JUNCTION - DOME PILLAR 1,GA EAST,Greater Accra,Retail
1238,PC/GR/R/00537,FAITHLAND PHARMACY,NEAR CHRIST HEALING & SAL. CHURCH - ABORKOR ACCRA,TMA,Greater Accra,Retail
1239,PC/GR/W/0003C,FAKSTINS PHARMACY,H/NO. B 725/4 OLD WINNEBA ROAD KANESHIE ACCRA,AMA,Greater Accra,Wholesale
1240,PC/GR/R/0159G,FAKSTINS PHARMACY LTD.,"H/NO. ABOFU 8/19, ACHIMOTA",AMA,Greater Accra,Retail
1241,PC/AS/R/0098A,FALLING LEAF PHARMACY,"PLOT 8, BLOCK. A, ABUAKWA KUMASI",ATWIMA NWABIAGYA,Ashanti,Retail
1242,PC/AS/WR/0068A,FAMICARE PHARMACY,"PLT. 4, BLK N LAKE ROAD FEYIASE FEYIASE",BOSOMTWE,Ashanti,Wholesale/Retail
1243,PC/ER/R/0111P,FAMILY WISE PHARMACY,ZEN SERVICE STATION NEW MOUNT ROAD - NEW ABIREM,BIRIM NORTH,Eastern,Retail
1244,PC/ER/R/0349J,FAMILY WISE PHARMACY,"UNN. HSE, DUKES FILLING STATION FRIMPONG MANSON II
STREET NKWANTANUM AKIM ODA",BIRIM CENTRAL,Eastern,Retail
1245,PC/GR/R/0409K,FAMILYMEDS PHARMACY LTD,H/NO. 4 ATOMIC HILLS ROAD - ASHONGMAN ESTATE,GA EAST,Greater Accra,Retail
1246,PC/GR/R/00796,FAMILYMEDS PHARMACY LTD.,H/NO. C554/14 OSU BADU STREET DZORWULU ACCRA,AMA,Greater Accra,Retail
1247,PC/GR/R/0115H,FAMOG PHARMACY LIMITED,PLOT 319 VRA COMMUNITY 25 KPONE NMLITSAKPO TEMA,TMA,Greater Accra,Retail
1248,PC/GR/WR/00056,FAP PHARMACY LTD.,H/NO. A 530/2 - ZOTI LATERBIOKOSHIE ACCRA,AMA,Greater Accra,Wholesale/Retail
1249,PC/VR/R/0149L,FAR ABOVE PHARMACY,H/NO. PAV/A500 - NEAR ANUM RURAL BANK PEKI AVETILE,SOUTH DAYI,Volta,Retail
1250,PC/NR/WR/0170H,FAR-HABINK PHARMACY LTD.,"H/NO. CY 271, OPPOSITE YAPALSI MOSQUE CHOGGU-YAPALSI
YAPALSI",SAGNERIGU,Northern,Wholesale/Retail
1251,PC/AS/R/0104N,FAUSEMIL PHARMACY,"PLOT 2, BLOCK 68, AHENEMA KOKOBEN",ATWIMA KWANWOMA,Ashanti,Retail
1252,PC/AS/R/0008F,FAUSVIC PHARMACY LTD.,"PLOT 50, BLOCK Z, HIGH STREET - AYIGYA",KMA,Ashanti,Retail
1253,PC/VR/R/0245N,FAVEO PHARMACY LTD,"H/NO. L 93 MARIA STREET NEAR CATHOLIC HOSPITAL
ANFOEGA",NORTH DAYI,Volta,Retail
1254,PC/UER/WR/0005M,FB ULTIMATE PHARMACY,"UK-0000-5457 STATION ROAD NEAR MAIN LORRY STATION
NOGSENIA, NAVORONGO",KASSENA-NANKANA,Upper East,Wholesale/Retail
1255,PC/UER/WR/0164M,FB ULTIMATE PHARMACY,"H/NO. CAV 30 HOSPITAL ROAD KABAGNIA-NOGSENIA
NAVRONGO",KASSENA-NANKANA,Upper East,Wholesale/Retail
1256,PC/UER/WR/0165J,FB ULTIMATE- PHARMACY,"NEW MARKET STORE NEW MARKET ROAD
DAPORETINDONGO BOLGATANGA",BOLGATANGA,Upper East,Wholesale/Retail
1257,PC/AS/WR/0137J,FCUBE PHARMACY LTD,"PLOT 15, ANYINAM OBUASI",OBUASI,Ashanti,Wholesale/Retail
1258,PC/GR/R/0305P,FELBET PHARMACY,"OPPOSITE UCS, ADJIRINGANOR EAST LEGON",ADENTAN,Greater Accra,Retail
1259,PC/GR/R/0001H,FELBET PHARMACY,SHOP NO. 2 AVIATION ROUNDABOUT COMMUNITY 5 TEMA,TMA,Greater Accra,Retail
1260,PC/GR/R/0647L,FELCHAM PHARMACY,"GT-025-0493, LASHIBI TEMA",TMA,Greater Accra,Retail
1261,PC/AS/R/0489L,FELDUF PHARMACY,"PLOT 8, BLOCK B, BOAMANG",AFIGYA-KWABRE,Ashanti,Retail
1262,PC/AS/WR/0107C,FELLEE PHARMACY LTD.,"H/NO. ZR 15, BEKWAI KOKOFU RD, NYAMEDUASE BEKWAI",BEKWAI,Ashanti,Wholesale/Retail
1263,PC/AS/R/0110C,FENNEL PHARMACY LTD.,"H/NO. AO 19, APAASO JUNCTION, AMPEYOO, KUMASI",KMA,Ashanti,Retail
1264,PC/AS/R/00121,FERNANDO CHEMISTS LTD.,H/NO. 2 BLOCK H - AYIDUASI KUMASI,KMA,Ashanti,Retail
1265,PC/GR/W/00229,FIAVI PHARMACY LTD.,OKAISHIE KIMBERLY AVENUE OKAISHIE ACCRA,AMA,Greater Accra,Wholesale
1266,PC/GR/WR/00340,FIDEL PHARMACY,"H/NO. ANT/B/012, NEW ACHIMOTA",AMA,Greater Accra,Wholesale/Retail
1267,PC/GR/R/00721,FIDEL PHARMACY ANNEX,CAB 25/1 OLD TOWN ASHALEY BOTWE ACCRA,ADENTAN,Greater Accra,Retail
1268,PC/GR/R/0059N,FIDEL PHARMACY LTD,H/NO. 43 ADJIINGANOR ROAD - EAST LEGON,AMA,Greater Accra,Retail
1269,PC/GR/W/0002M,FIDELIS FIDELIS PHARMACEUTICAL,H/NO. SER 4/3 KIMBERLY AVENUE OKAISHIE ACCRA,AMA,Greater Accra,Wholesale
1270,PC/GR/R/0103G,FIDELITY PHARMACEUTICALS,"SHOP NO. 1, NEAR KEEP FIT CLUB, DANSOMAN",AMA,Greater Accra,Retail
1271,PC/CR/WR/0540K,FIGEE PHARMACY LTD,"H/NO. 920/4, NYANYANO KAKRABA",AWUTU SENYA EAST,Central,Wholesale/Retail
1272,PC/GR/W/0418L,FIINA PHARMACY LIMITED,"H/NO. 6 ZEBRA STREET, FISE",GA WEST,Greater Accra,Wholesale
1273,PC/GR/R/0038J,FIINA PHARMACY LIMITED,H/NO. AH/NO. 96 NARHMAN ROAD BOHYE HAATSO,GA EAST,Greater Accra,Retail
1274,PC/GR/R/0078D,FIINA PHARMACY LTD,H/NO. 32 HAATSO ATOMIC ROAD ATOMIC GATE HAATSO,GA EAST,Greater Accra,Retail
1275,PC/GR/R/00675,FIINA PHARMACY LTD.,"- ORANGE STREET, HOUSING DOWN ADENTA ACCRA",ADENTAN,Greater Accra,Retail
1276,PC/GR/W/0110E,FIINA PHARMACY LTD.,"H/NO. 32, ATOMIC GATE HAATSO ROAD PAPAO EAST
KWABENYA",GA EAST,Greater Accra,Wholesale
1277,PC/GR/W/0299P,FINA PHARMACY LTD,"H/NO. B 546, G0-0039-9733 CERISE STREET, DODOWA",SHAI-OSUDOKU,Greater Accra,Wholesale
1278,PC/ER/WR/00019,FINCO PHARMACY LTD.,"UNNUMBERED HOUSE OPPOSITE TETTEH QUARSHIE MEMO.
HOSPITAL KOFORIDUA MAMPONG AKWAPIM",AKWAPIM NORTH,Eastern,Wholesale/Retail
1279,PC/AS/R/0119L,FINELINE PHARMACY LTD,"PLOT 47/A, FANKYENEBRA",KMA,Ashanti,Retail
1280,PC/GR/R/0121F,FIRANNO PHARMACY,"H/NO. A/284A VALCO FLAT STREET, ASHAIMAN",ASHIAMAN,Greater Accra,Retail
1281,PC/GR/W/00189,FIRDAWS PHARMACY,HNO. E47/2 - TUDU ACCRA,AMA,Greater Accra,Wholesale
1282,PC/GR/WR/0621H,FIRDAWS PHARMACY LTD.,"H/NO. A 2728 GCM, FANMILK ABLEKUMA ACCRA",GA SOUTH,Greater Accra,Wholesale/Retail
1283,PC/VR/R/0238P,FIRM PHARMACY LTD,VR-00007-9508 KPANDO ROAD DAMBAI KRACHI,KRACHI EAST,Volta,Retail
1284,PC/BA/WR/0021C,FIRST CARE PHARMACY,H/NO. KK 16 KWADASO KENYASI,ASUTIFI NORTH,Brong Ahafo,Wholesale/Retail
1285,PC/GR/R/0528K,FIRST CLASS PHARMACY,"H/NO. NA/TT 0018, AMANFROM TOP TPWN",GA SOUTH,Greater Accra,Retail
1286,PC/GR/R/0214J,FIRST LIGHT PHARMACY LIMITED,BC 54/7 KANESHIE AMAR KOFI STREET ACCRA METRO ACCRA,AMA,Greater Accra,Retail
1287,PC/AS/R/0143N,FIRST LINE PHARMACY,"PLOT 67, BLOCK F, ADAKO-JACHIE",EJISU-JUABENG,Ashanti,Retail
1288,PC/VR/WR/0331K,FIRST MED PHARMACY LTD,"H/NO. TDO/252, DZEMENI",SOUTH DAYI,Volta,Wholesale/Retail
1289,PC/GR/R/0309P,FIRST RATE PHARMACY LTD,"GM-183-4743 APOLONIA STREET, OYARIFA AMANFROM",,Greater Accra,Retail
1290,PC/AS/R/0507L,FIRSTCARE LEGACY PHARMACY LT,PLOT 23 REV. GABRIEL ANOKYE ROAD - APPIADU,KMA,Ashanti,Retail
1291,PC/GR/R/0240P,FIRSTPOINT PHARMACY LTD,GA-312-2159 ASAFOATSE OMANIE OKAISHIE ACCRA,AMA,Greater Accra,Retail
1292,PC/AS/R/00118,FIT LINK PHARMACY LTD,"H/NO. PLOT. 25, BLOCK D - DACHEMSO KUMASI",KMA,Ashanti,Retail
1293,PC/VR/R/0141L,FIT PHARMACY,H/NO. D27 BARRACKS ROAD DOME HO,HO,Volta,Retail
1294,PC/GR/R/00864,FIVE TWO PHARMA,"H/NO. NA/C/17 NEW TOWN JUNCTION ASHALLEY BOTWE
ACCRA",ADENTAN,Greater Accra,Retail
1295,PC/AS/R/0307H,FL PHARMACY LIMITED,"H/NO. 106, BLOCK 7 EMENA APPIADU ROAD EMENA KUMASI",KMA,Ashanti,Retail
1296,PC/GR/R/0165E,FLASH PHARMACY,"UNN. HSE, AGAPE HIGH STR, AWOSHIE,ACCRA - - WEIJA",GA SOUTH,Greater Accra,Retail
1297,PC/GR/R/0007K,FLASH PHARMACY (UPTOWN BRA,"UNN.HSE, AGAPE HIGH STREET AGAPE HIGH STREET AGAPE
ACCRA",AMA,Greater Accra,Retail
1298,PC/AS/R/0547L,FLASH POINT PHARMACY,"PLOT 1, BLOCK N - KAASE ABBATOIR KUMASI",KMA,Ashanti,Retail
1299,PC/AS/R/0033H,FLASH POINT PHARMACY LTD,PLOT 0S 4 BLK R S-LINE ATONSU,KMA,Ashanti,Retail
1300,PC/GR/R/00878,FLEXSTA PHARMACY LTD,H/NO. B 328/5 - BUBUASHIE ACCRA,AMA,Greater Accra,Retail
1301,PC/GR/R/0135G,FLEXSTA PHARMACY LTD.,"UNN HOUSE, MR. OKREY'S COMPOUND, ESTATE RD, - OYIBI",KPONE KATAMANSO,Greater Accra,Retail
1302,PC/AS/R/00158,FLORAL PHARMACY LTD,"PLT 25, BLK D ABREPO-KESSE KUMASI",KMA,Ashanti,Retail
1303,PC/GR/R/0648L,FLOURISH PHARMACY LTD,"INTALIAN FLAT COMMUNITY 2, TEMA",TMA,Greater Accra,Retail
1304,PC/GR/R/0339P,FLOWSBY PHARMACY LTD,"GE-347-0324 PARADISE STREET, DOME PILLAR II",GA EAST,Greater Accra,Retail
1305,PC/VR/W/0028P,FLY ZIPLINE GH LTD,"VS-0516-5406, ABUJURO",KRACHI WEST,Volta,Wholesale
1306,PC/WR/W/0193M,FLY ZIPLINE GHANA LIMITED,"H/NO. 1, ABOBOYAA KESS TOWN",SEFWI WIAWSO,Western,Wholesale
1307,PC/ER/W/0601K,FLY ZIPLINE GHANA LTD,H/NO. 1 OFF ACCRA-KUMASI HIGHWAY - OMENAKO-SUHUM,SUHUM,Eastern,Wholesale
1308,PC/ER/W/0112P,FLY ZIPLINE GHANA LTD,"GH-EA-2043-3506, LABO LABO ANUM",ASUOGYAMAN,Eastern,Wholesale
1309,PC/NR/W/0117P,FLY ZIPLINE GHANA LTD,"ND-00109-5838, WOBSI WALEWALE",WEST MAMPRUSI,Northern,Wholesale
1310,PC/AS/W/0010N,FLY ZIPLINE GHANA LTD.,"KOFIASE MAIN ROAD, MPANYA MAMPONG",MAMPONG,Ashanti,Wholesale
1311,PC/VR/WR/0048G,FMA PHARMACY LTD.,"H/NO ANT 75, OPPOSITE MARKET - ADIDOME",CENTRAL TONGU,Volta,Wholesale/Retail
1312,PC/GR/R/0261K,FMMS PHARMACY,"GD-098-9506 JAPAN MOTORS ROAD NII AMASA NIKOI
AVENUE ASHALEY BOTWE",ADENTAN,Greater Accra,Retail
1313,PC/GR/R/0190P,FMMS PHARMACY LTD,H/NO. 212 - ROSA ROSA NEW LEGON,ADENTAN,Greater Accra,Retail
1314,PC/GR/R/0048D,FOCOS ORTHOPAEDIC HOSPITAL P,"H/NO. 8, TESHIE STREET, PANTANG VILLAGE, PANTANG",GA EAST,Greater Accra,Retail
1315,PC/GR/R/0160K,FOCUS PHARMACY LTD,"H/NO. 485/1 AMA BUDUWAA STREET PENTECOST CHURCH
KORLE GONNO",GA CENTRAL,Greater Accra,Retail
1316,PC/GR/WR/0115F,FORD PHARMACY LTD.,"NEAR ADABRAKA MARKET, JONES NELSON RD, ADABRAKA-
ACCRA",AMA,Greater Accra,Wholesale/Retail
1317,PC/CR/WR/0117K,FORMULA ONE CHEMISTS,"CQ-1209-3121, TIPPER JUNCTION KASOA",AWUTU SENYA EAST,Central,Wholesale/Retail
1318,PC/WR/WR/0097G,FORSBOAT PHARMACY LTD.,"H/NO STORE E, NO.6, JUABOSO MARKET, JUABOSO",JUABESO,Western,Wholesale/Retail
1319,PC/GR/R/0490K,FORSON MEMORIAL MEDICAL CE,"GB-027-9021 26 NII ARMAH ST, VALCO FLATS VALCO FLAT
ASHAIMAN",ASHIAMAN,Greater Accra,Retail
1320,PC/GR/R/0158M,FORTIS BACKNAY PHARMACY LIMI,"H/NO. O77, AMARAHIA",ADENTAN,Greater Accra,Retail
1321,PC/AS/R/0169K,FOSSAY UNITY PHARMACY ANNEX,"PLOT 1, DENKYEMUOSO - - DENKYEMUOSO",KMA,Ashanti,Retail
1322,PC/AS/WR/00112,FOSSY UNITY PHARMACY LTD.,PLOT 18 - ATWIMA TECHIMAN,ATWIMA KWANWOMA,Ashanti,Wholesale/Retail
1323,PC/GR/R/0035J,FOUNDATION PHARMACY LIMITE,"STORE No. B5 MAIN STREET OPPOSITE MASALACHI
ASHONGMAN ESTATE",GA EAST,Greater Accra,Retail
1324,PC/GR/R/00042,FOUNTAIN PHARMACY,H/NO. A241/10 AGEGE STATION DANSOMAN MAMPONSE,AMA,Greater Accra,Retail
1325,PC/GR/R/0328P,FOUNTAIN PHARMACY LTD,GS-0010-1156 BULEMIN CURVE - GBAWE,GA SOUTH,Greater Accra,Retail
1326,PC/AS/WR/0064E,FRAC PHARMA LTD.,H/NO. 6L - ABOASO MAMPONTENG ABOASO,KWABERE EAST,Ashanti,Wholesale/Retail
1327,PC/AS/R/00114,FRAGOBENG PHARMACY LTD.,"PLOT 16, BLOCK B - - BATIMATIM",KMA,Ashanti,Retail
1328,PC/WR/W/0509L,FRAMIN PHARMACY LIMITED,H/NO. N/T 37 ASTORIA ROAD NEW LAYOUT TARKWA,TARKWA-NSUAEM,Western,Wholesale
1329,PC/AS/R/00195,FRANALEX PHARMACY,"PLOT 63, BLOCK P - NORTH KWADASO KUMASI",KMA,Ashanti,Retail
1330,PC/WR/R/00016,FRANCA CHEMISTS LTD.,PLOT NO. 3 WEST TANOKROM TAKORADI,SEKONDI-TAKORADI,Western,Retail
1331,PC/GR/R/0213E,FRANITA PHARMACY,"H/NO. D1, KPONE KATAMANSO , TEMA",TMA,Greater Accra,Retail
1332,PC/AS/WR/0064C,FRANJUL PHARMACY,"H/NO. OK 25, LORRY STATION - EFFIDUASE",SEKYERE EAST,Ashanti,Wholesale/Retail
1333,PC/GR/W/0207J,FRANK PAULS PHARMACY,D665/4 DRUG LANE OKAISHIE ACCRA,AMA,Greater Accra,Wholesale
1334,PC/GR/R/0138D,FRANKEMART PHARMACY,"H/NO. ANT 17/18, - ACHIMOTA-ABC ACCRA",AMA,Greater Accra,Retail
1335,PC/GR/R/0234J,FRANKERZ PHARMACY,"UNN. HSE, MANYE ASTSEWI MANYE ATSWEI TESHIE-
ANOMANTU TESHIE",LA DEDE-KOTOPON,Greater Accra,Retail
1336,PC/AS/R/0044C,FRANKIE PHARMA CO. LTD.,"PLOT 22, BLK. B, ATONSU-MONACO RD. - ATONSU-KUMASI",KMA,Ashanti,Retail
1337,PC/AS/R/00130,FRANKO-PHARMA LTD.,H/NO. PLOT 10 BLK. H - KAASI KUMASI,KMA,Ashanti,Retail
1338,PC/AS/R/00204,FRANOS PHARMACY,H/NO. NA 93 ASAFO,KMA,Ashanti,Retail
1339,PC/AS/R/00196,FRANSAR PHARMA LTD.,H/NO. PLOT 14 BLOCK B - NZEMA KUMASI,KMA,Ashanti,Retail
1340,PC/GR/R/0112K,FRANSLINA PHARMACY,H/NO. R40 POLICE ROAD MALEJOR OYIBI,SHAI-OSUDOKU,Greater Accra,Retail
1341,PC/GR/WR/00194,FRANSRIGHT PHARM. CEN. LTD.,H/NO. 23 ROBERTSON CRESCENT NORTH KANESHIE ACCRA,AMA,Greater Accra,Wholesale/Retail
1342,PC/ER/R/0187M,FRANWEN PHARMACY,H/NO. KW/A8 UNIVERSITY ROAD - KWAKYEA-KOFORIDUA,NEW-JUABENG,Eastern,Retail
1343,PC/AS/R/0141N,FRANZWILL CHEMISTS LTD,H/NO. OT A72 - ADUM KUMASI,KMA,Ashanti,Retail
1344,PC/AS/R/00153,FRANZWILL CHEMISTS LTD.,"PLOT A. BLOCK 11A , ATWIMA AMANFROM KUMASI",KMA,Ashanti,Retail
1345,PC/GR/WR/00060,FRED'S PHARMACY,H/NO. B401/12 - ODORKOR-KWASHIEMAN ACCRA,AMA,Greater Accra,Wholesale/Retail
1346,PC/GR/R/00355,FREDAKU PHARMACY,"MA1 & MA, 14 MARKET COMPLEX - MADINA",ADENTAN,Greater Accra,Retail
1347,PC/GR/R/0606H,FREDAN PHARMA'TICALS LTD.,"ACHIMOTA MARKET ACCRA NSAWAM ROAD ACHIMOTA NEW
OVERHEAD ACCRA",AMA,Greater Accra,Retail
1348,PC/GR/R/0538K,FREDAN PHARMACY LTD,"H/NO. A 349/20, DANSOMAN",GA SOUTH,Greater Accra,Retail
1349,PC/ER/WR/0048F,FREDIBOAT PHARMACY LTD.,"H/NO. N1 769, NKAWKAW HIGH STR. KOFORIDUA NKAWKAW",KWAHU WEST,Eastern,Wholesale/Retail
1350,PC/AS/WR/00026,FREDIMENS PHARMACY LTD.,H/NO. K.O 17 - KROBO-ODUMASI KUMASI,KMA,Ashanti,Wholesale/Retail
1351,PC/VR/WR/0231P,FREDYPHARMA LTD,"VN-0015-4795 NKWANTA-BIMBILLA ROAD NEW MARKET
KPASSA",NKWANTA NORTH,Volta,Wholesale/Retail
1352,PC/GR/R/0166B,FREE LINK PHARMACY,"H/NO. PR/ND/175, PEACE B JUNCTION, AFTER COMM. 15,
TEMA",TMA,Greater Accra,Retail
1353,PC/GR/R/0672L,FREE MART PHARMACY,H/NO. B981/10 PALACE STREET NORTH KANESHIE ACCRA,AMA,Greater Accra,Retail
1354,PC/BA/R/0198P,FREEDOM LIFE PHARMACY LTD,H/NO. A-8 - NEAR NPP OFFICE JINJINI,BEREKUM,Brong Ahafo,Retail
1355,PC/GR/WR/00212,FRESH SPRING CHEMISTS LTD,1/X 35-38 COMMERCIAL AREA COMMUNITY 1 TEMA,TMA,Greater Accra,Wholesale/Retail
1356,PC/GR/R/00393,FRESHBROOKS PHARMACY,H/NO. 11 LINK ROAD COMMUNITY 5 TEMA,TMA,Greater Accra,Retail
1357,PC/AS/R/0502L,FRIENDS PHARMACY LTD,"PLOT 5, BLOCK G, TAFO NHYIASO",KMA,Ashanti,Retail
1358,PC/GR/R/00649,FRIMATA PHARMACY,"UNN. HOUSE P. 2 PARADISE, DOME ACCRA",GA EAST,Greater Accra,Retail
1359,PC/BA/WR/0093B,FRIMPANDY PHARMACY,PLOT NO. 1 A SECTION 1 AHINBUBUANO KENYASI NO. 1,ASUTIFI NORTH,Brong Ahafo,Wholesale/Retail
1360,PC/NR/WR/0080G,FRONTAGE PHARMACY,"H/NO. YDA 4/05, MARKET SQUARE, YENDI MARKET ROAD,
CHOGU-MANAAYILI",TAMALE,Northern,Wholesale/Retail
1361,PC/GR/R/00353,FRONTLINE PHARMACY,"H/NO. 461/4, SOUTH LIBERATION RD, KWAME NKRUMAH
AVE, AMA ACCRA",AMA,Greater Accra,Retail
1362,PC/AS/R/0568L,FRUITFUL MOUNT PHARMACY LTD,"PLOT 1, BLOCK Q, ASOKORE",SEKYERE EAST,Ashanti,Retail
1363,PC/GR/WR/00962,FULANI PHARMACY LTD.,"H/NO. D620 ADENTA DODOWA ROAD ADENTA AMRAHIA
POINT 1",ADENTAN,Greater Accra,Wholesale/Retail
1364,PC/CR/WR/0048M,FULL DOSE PHARMACY,STORE 1 KOJO OKU ROAD - NYANYANO,GOMOA EAST,Central,Wholesale/Retail
1365,PC/AS/R/0136L,G & D PHARMACY,"PLOT 12, BLOCK D MAIN STREET - PARKOSO",KMA,Ashanti,Retail
1366,PC/GR/WR/0080N,G POWER PHARMACY LTD,H/NO. NB 526 - NII BOI MAN OYARIFA,LA NKWANTANANG-MADINA,Greater Accra,Wholesale/Retail
1367,PC/BA/WR/0094B,G-EME PHARMACY LTD.,H/NO. AN 32 OPPOSITE POST OFFICE HWIDIEM,ASUTIFI SOUTH,Brong Ahafo,Wholesale/Retail
1368,PC/AS/WR/00118,G-RACE PHARMACY,"526TH STREET, ATASOMANSO KUMASI",KMA,Ashanti,Wholesale/Retail
1369,PC/GR/R/00047,G. A. BOATENG PHARMACY,"STORE NO. 11 STATE HOUSING CORPORATION KANESHIE
ACCRA",AMA,Greater Accra,Retail
1370,PC/GR/W/00012,G.B. PHARMA LTD.,H/NO. 49 CHRISTIAN BORG ROAD OSU ACCRA,AMA,Greater Accra,Wholesale
1371,PC/GR/W/0107B,G.R. INDUSTRIES LTD.,"H/NO. 15, VALCO ROAD, HEAVY INDUSTRIAL AREA TEMA",TMA,Greater Accra,Wholesale
1372,PC/GR/R/0209J,GAB PHARMACY LIMITED,H/NO 4 NUNGUA HIGH STREET NUNGUA NUNGUA,LEDZOKUKU-KROWOR,Greater Accra,Retail
1373,PC/ER/WR/00013,GABSON PHARMACY LTD.,"H/NO. 5, TUTUA HOUSE, MAIN ACCRA-KOFORIDUA RD,
KOFORIDUA KOFORIDUA",NEW-JUABENG,Eastern,Wholesale/Retail
1374,PC/ER/WR/0197H,GABSON PHARMACY LTD. (SRODA,"H/NO. SECTOR 4, BLOCK A PLP NO. 33 SRODAE KOFORIDUA",NEW-JUABENG,Eastern,Retail
1375,PC/GR/R/00048,GAFAT PHARMACY,H/NO. 125 - KOTOBABI ACCRA,AMA,Greater Accra,Retail
1376,PC/GR/R/0420K,GAG CHEMIST,H/NO. C460/7 OBUTU ROAD,GA WEST,Greater Accra,Retail
1377,PC/GR/R/00945,GALAXY PHARMACY LTD,"H/NO. 251, NII ADJEI OTSWENMAH STR, TESHIE ACCRA",LEDZOKUKU-KROWOR,Greater Accra,Retail
1378,PC/GR/R/0098E,GAMENS COMMUNITY PHARMAC,"BLK. 3, BROADCASTING RD, - NEW BORTIANOR",GA SOUTH,Greater Accra,Retail
1379,PC/GR/R/00646,GAP PHARMACY LTD.,H/NO. EAB 004 - MICHEL CAMP ACCRA,TMA,Greater Accra,Retail
1380,PC/GR/R/0044P,GAPEC PHARMACY LTD,GT-0595-0777 PAA NII ENTERPRISE - KATAMANSO,KPONE KATAMANSO,Greater Accra,Retail
1381,PC/AS/R/0368K,GARRISON PHARMACY LTD,UNN OFFICE EASTERN WING STREET - UDDARA BARRACKS,KMA,Ashanti,Retail
1382,PC/AS/R/0194K,GASTO PHARMACY,"PLOT 9E, BLOCK B, OFFINSO",OFFINSO,Ashanti,Retail
1383,PC/WR/WR/0012P,GASTONSIN PHARMACY LTD,STORE NO. 23 MAIN MARKET EDWAKPOLE AIYINASE,JOMORO,Western,Wholesale/Retail
1384,PC/AS/R/00058,GATUS PHARMACY,H/NO. S.I. 12 SANTASI KUMASI,KMA,Ashanti,Retail
1385,PC/NR/W/0112M,GB PHARMA (GH) LIMITED,H/NO. K 55 - SAKASAKA TAMALE,TAMALE,Northern,Wholesale
1386,PC/AS/W/0197E,GB PHARMA (GH) LTD,"H/NO. 1, BLOCK 1 BLOCK O PATASI SOUTH PATASI",KMA,Ashanti,Wholesale
1387,PC/GR/R/00284,GEM CHEMIST,PLOT NO. KALAMAZOO STREET OSU ACCRA,AMA,Greater Accra,Retail
1388,PC/AS/R/0089N,GENAK PHARMACY LTD,PLOT 85 MAIN ROAD - SOKOBAN ABOABO,ATWIMA KWANWOMA,Ashanti,Retail
1389,PC/GR/R/0059M,GENESIS OPTIMISED PHARMACY L,H/NO. ZN 093 - HILLS OIL GAS STATION KUBEKROM,KPONE KATAMANSO,Greater Accra,Retail
1390,PC/GR/W/00016,GEO PHARMACY,"1ST FLOOR, SSB BUILDING - OKAISHIE ACCRA",AMA,Greater Accra,Wholesale
1391,PC/AS/R/0112J,GEODORA PHARMACY LIMITED,"PLOT 10, BLOCK A - ASONKORE OBUASI",OBUASI,Ashanti,Retail
1392,PC/GR/R/0005J,GEOKA PHARMACY LIMITED,H/NO. GSMA/DM/32 - NURSES QUARTERS DOMEABRA,GA SOUTH,Greater Accra,Retail
1393,PC/ER/WR/0592K,GEOKA PHARMACY LTD,H/NO. NS/OS 22A BUNSO JUNCTION COMMUNITY 5 NSUTAM,FANTEAKWAH,Eastern,Wholesale/Retail
1394,PC/VR/WR/0332K,GEOKAWO PHARMACY,UNN HPUSE RTC NYIVE ROAD NEAR GCB HO,HO,Volta,Wholesale/Retail
1395,PC/BA/WR/0204H,GEOMAT PHARMACY (KUKUOM B,H/NO. 115 TANOSO ROAD BEPOSE KUKUOM,ASUNAFO SOUTH,Brong Ahafo,Retail
1396,PC/BA/WR/0051F,GEOMAT PHARMACY LTD.,"H/NO. 27, MANHYIA DR. BOFFAH LINK - GOASO",ASUNAFO NORTH,Brong Ahafo,Wholesale/Retail
1397,PC/GR/R/0162L,GEONAAS PHARMACY LTD,NEAR ECOBANK MALLAM JUNCTION,GA SOUTH,Greater Accra,Retail
1398,PC/AS/R/0118D,GEOPERP PHARMACY,"PLOT 8, BLOCK A, - BRONGKRONG TIGYIRA AFRANCHO",KWABERE EAST,Ashanti,Retail
1399,PC/GR/R/0416L,GEORGE HOLY PHARMACY LIMITE,H/NO. B452/2 EID AL-ADHA STREET - SABA ZONGO,AMA,Greater Accra,Retail
1400,PC/AS/W/0548L,GEORUTH PHARMACY,PLOT NA 95 AKOWUA STREET - ASAFO,KMA,Ashanti,Wholesale
1401,PC/AS/R/0093D,GEORUTH PHARMACY,"PLOT 8, BLOCK X, MAMPONTENG-FAADE - MAMPONTENG-
FAADE",KWABERE EAST,Ashanti,Retail
1402,PC/GR/R/0344L,GEOSTHER PHARMACY LIMITED,"H/NO. NA/FF 399, NGLESHIE-AMANFROM",GA SOUTH,Greater Accra,Retail
1403,PC/CR/R/00003,GEOTINA PHARMACY,H/NO. F40 NKUBASE STREET - AGONA-SWEDRU,AGONA WEST,Central,Retail
1404,PC/CR/R/0068P,GEOVIKES PHARMACY LTD,"H/NO. A1164, JUKWA",TWIFO HEMANG LOWER DENK,YCIeRnAtral,Retail
1405,PC/CR/WR/0152E,GEOVIKES PHARMACY LTD.,"UNN. HOUSE FOSU HIGHWAY ADJ. POLICE BARRIER A-
DUNKWA",ABURA-ASEBU-KWAMANKESE,Central,Wholesale/Retail
1406,PC/GR/R/00841,GERDAL PHARMACY LTD,PLOT 43A - SPINTEX ACCRA,TMA,Greater Accra,Retail
1407,PC/GR/R/00417,GET AID PHARMACY LTD,"H/NO. M 319/4 ASHALEY BOTWE ROAD, ALONSIDE RITZ
JUNCTION MADINA MADINA",ADENTAN,Greater Accra,Retail
1408,PC/GR/WR/00743,GET WELL AND STAY WELL LTD.,"H/NO. 1, KPOBI TETTEY LOOP, ADENTA ADENTA",ADENTAN,Greater Accra,Wholesale/Retail
1409,PC/WR/WR/0367H,GETWELL PHARMACY LTD,H/NO. NA 7/10 NEW ATUABO NEW ATUABO NEW ATUABO,TARKWA-NSUAEM,Western,Wholesale/Retail
1410,PC/AS/W/00044,GHANIMA LIMITED,"H/NO. K.O. 42, DR. MENSAH OFF ODUMASI STR. KUMASI",KMA,Ashanti,Wholesale
1411,PC/VR/R/0253N,GIABENA PHARMACY LTD,VR-0115-5269 HIGH STREET VODZA KETA,KETA,Volta,Retail
1412,PC/GR/R/00582,GIABIMILL PHARMACY LTD (ANNE,"NII OKU STREET, EAST LEGON",AMA,Greater Accra,Retail
1413,PC/GR/R/0055B,GIBEE PHARMACY,H/O. B 245/28 APOSTLE OSAFO ROAD AWOSHIE ACCRA,GA SOUTH,Greater Accra,Retail
1414,PC/GR/WR/0542L,GIDIMAX PHARMACEUTICALS LIM,MARKET JOMA,GA CENTRAL,Greater Accra,Retail
1415,PC/AS/R/0076A,GIHOB CHEMIST,H/NO. O. 19 - NORTH SUNTRESO KUMASI,KMA,Ashanti,Retail
1416,PC/AS/WR/0622H,GILAT CHEMIST LTD,"H/NO. 49, NZEMA-KROMOASE ROAD - KROMOASE",KMA,Ashanti,Wholesale/Retail
1417,PC/AS/R/0386K,GILAT PHARMACY,"PLOT 12, BLOCK W 42BN STREET - KWADASO NSOUM",KMA,Ashanti,Retail
1418,PC/GR/R/00419,GILEAD PHARMACY,HNO. 19 NII MAMPONG OKAI STREET DANSOMAN ACCRA,AMA,Greater Accra,Retail
1419,PC/VR/R/0009N,GILTER PHARMACY LTD,VK-2322-5040 ACCR-AFLAO ROD SEPEKOPE ABOR,KETA,Volta,Retail
1420,PC/NR/WR/00012,GINA PHARMA LTD,H/NO. BLK 23 KUMBUNKU ROAD CHOGU TAMALE,TAMALE,Northern,Wholesale/Retail
1421,PC/UER/R/0341H,GINAPHARMA LTD. ( BOLGA BRA,"H/NO. 16 B, BOLGA-NAVRONGO RD. NEAR GHANA WATER
COMPANY ZORBISI",BOLGATANGA,Upper East,Retail
1422,PC/NR/R/0362L,GINAPHARMA LIMITED,LOCK 15D HOSPITAL ROAD DUANAYILI TAMALE,TAMALE,Northern,Retail
1423,PC/NR/R/0061F,GINAPHARMA LTD.(KANVILI BRAN,"H/NO. L 199, HOSPITAL ROAD, TAMALE",TAMALE,Northern,Retail
1424,PC/UER/R/0567K,GITHER PHARMACY LIMITED,H/NO. CAP 57 PE ADDA STREET NOGSENIA NAVRONGO,TALENSI,Upper East,Retail
1425,PC/GR/R/0228N,GLABOVAN PHARMACY LIMITED,H/NO. 64 MAIN ROAD - TAIFA BURKINA,GA EAST,Greater Accra,Retail
1426,PC/CR/R/0157G,GLABY PHARMACY,"UNN STORE, GOMOA BUDUBURAM GOLDEN GATE JUNCTION
GOMOA BUDUBURAM",GOMOA EAST,Central,Retail
1427,PC/GR/WR/0235N,GLADES PHARMACEUTICALS LIMIT,H/NO. 4 2ND STREET GREEN VALLEY ESTATE EAST LEGON,AMA,Greater Accra,Retail
1428,PC/ER/WR/00045,GLATESON PHARMACY,"H/NO. C361 OPPOSITE TOTAL FILLING STATION -
ASAMANKESE",WEST AKIM,Eastern,Wholesale/Retail
1429,PC/GR/R/00546,GLAXEL CHEMISTS LTD.,"UNN HOUSE, WAKILI STREET, TAIFA ACCRA",AMA,Greater Accra,Retail
1430,PC/GR/R/0181P,GLAY PHARMACY LTD,UNIVERSITY FARM ROAD - NMAI DZORM ASHALEY BOTWE,ADENTAN,Greater Accra,Retail
1431,PC/GR/R/00291,GLEM PHARMA LTD.,H/NO. 10 BAATSONA STREET ESTATES TESHIE-NUNGUA,LEDZOKUKU-KROWOR,Greater Accra,Retail
1432,PC/GR/R/0204N,GLINT GOLD PHARMACY LTD,GA-068-6023 S. G. ACHEAMPONG STREET NEWTOWN ACCRA,AMA,Greater Accra,Retail
1433,PC/AS/R/00006,GLITZ PLUS PHARMACY,"H/NO. AA.5 OPPOSITE REX MAR HOTEL ODENEHO KORADASO
KUMASI",KMA,Ashanti,Retail
1434,PC/CR/R/0480L,GLOBAL BRIGADES PHARMACY,"CM-0303-5346, MANKESSIM",MFANTSEMAN,Central,Retail
1435,PC/GR/R/00830,GLOCOM PHARMACY LTD.,H/NO. 54/6 AYIKAI STREET ABOSSEY OKAI ACCRA,AMA,Greater Accra,Retail
1436,PC/GR/WR/0195L,GLODIS PLUS LIMITED,"H/NO. 25, JOMA QUARTERS WEIJA",GA SOUTH,Greater Accra,Wholesale/Retail
1437,PC/GR/R/0210L,GLOJOE PHARMACY LIMITED,H/NO. SU 32 MILLS ROAD SAMPA WEIJA,GA SOUTH,Greater Accra,Retail
1438,PC/CR/R/0517L,GLOJOE PHARMACY LIMITED,"H/NO. 1, KASOA",,Central,Retail
1439,PC/AS/R/0204E,GLOMAX PHARMACY LTD,"PLOT 17, BLOCK A PEACE & LOVE HOSPITAL ROAD, ODIUM -
KUMASI",KMA,Ashanti,Retail
1440,PC/VR/WR/0147G,GLOPHARMA LTD.,"H/NO. KKDA 313, KPANDO ZONGO HOSP. LINK, MMC HOSP
RD, - KPANDO",KPANDO,Volta,Wholesale/Retail
1441,PC/BA/R/0208G,GLORY PHARMACY LTD,"H/NO. 26 HOSPITAL ROAD MUNICIPAL HOSPITAL STREET
SUNYANI",SUNYANI,Brong Ahafo,Retail
1442,PC/GR/R/00866,GLORYBOG PHARMACY,"H/NO. 74, - BULEMI, GBAWE",GA SOUTH,Greater Accra,Retail
1443,PC/CR/WR/00032,GLOSTEVE PHARMACY LTD.,"H/NO. 2, BLK. 274, MANKESSIM R'ABOUT, OLD KUSUMKUM,
MANKESSIM",MFANTSEMAN,Central,Wholesale/Retail
1444,PC/GR/W/0203F,GLPL GHANA LTD.,F - 671/3 SOUTH LABADI ESTATE LA LA,LA DEDE-KOTOPON,Greater Accra,Wholesale
1445,PC/GR/R/0215J,GN PHARMACY LIMITED,UNNUMBERED SAKORA ROAD ADENTA SAKORA SAKORA,LA NKWANTANANG-MADINA,Greater Accra,Retail
1446,PC/GR/R/0530K,GN PHARMACY LTD,CD-081-8599 DODOWA ROAD - FRAFRAHA,ADENTAN,Greater Accra,Retail
1447,PC/ER/WR/0435K,GOD LIFE PHARMACY,ES-0017-1716 - AKRAMAN JUNCTION SAKYIKROM,NSAWAM ADOAGYIRI,Eastern,Wholesale/Retail
1448,PC/GR/W/0052N,GOD'S WISDOM PHARMACY LTD,"GW-0079-8411, POKUASE",GA EAST,Greater Accra,Wholesale
1449,PC/GR/R/0400H,GODSED PHARMACY,ADOTE H/No. FIRST RUSSIA LANE MIOTSO-PRAMPRAM ACCRA,ADA WEST,Greater Accra,Retail
1450,PC/GR/R/0103M,GODSWAY PHARMACY LTD,H/NO. GB/1090 BUMPER STREET - GBETSILE,TMA,Greater Accra,Retail
1451,PC/GR/IW/0036J,GOKALS - LABOREX LTD.,"NO. 7 BARNES ROAD FARRAR AVENUE, ASYLUM DOWN
aAleCCRA",AMA,Greater Accra,Importing Wholesale
1452,PC/GR/R/0666L,GOKALS HEALTHY OPTIONZ LTD,"GA-015-8238, SEDCO HOUSE HOUPHOUET BOIGNY ROAD
NORTH RIDGE ACCRA",AMA,Greater Accra,Hospital Pharmacy
1453,PC/GR/IW/00250,GOKALS LTD. (PHARM. LTD),"PLOT NO. 5 INSURANCE CLOSE BND PHC MOTORS
aSleHOWROOM KANESHIE",AMA,Greater Accra,Importing Wholesale
1454,PC/GR/R/0077H,GOLDEN HEALTH PHARMACY,"A-LINE STREET, ATOMIC ESTATES A-LINE STREET ATOMIC
ESTATES ASHONGMAN ESTATES",GA EAST,Greater Accra,Retail
1455,PC/GR/R/00050,GOLDEN MED. & P'CEUTICALS,"NO. 1338, MANTSE BOI STR, KANESHIE ACCRA",AMA,Greater Accra,Retail
1456,PC/GR/R/0211L,GOLDEN SUN CHEMISTS LIMITED,"SHOP 2 GUGGISBERG AVENUE, KORLE-BU STATION KORLE
GONNO",GA CENTRAL,Greater Accra,Retail
1457,PC/GR/R/0293P,GOLDLANE PHARMACY LTD,"H/NO C/4A, GT-128-9146 HENNA CLOSE COMMUNITY 5
TEMA",TMA,Greater Accra,Retail
1458,PC/GR/R/00788,GOLDLEAF PHARMACY LTD.,PLOT NO. 33 BUKOM ASHAIMAN TEMA,TMA,Greater Accra,Retail
1459,PC/GR/R/0033N,GOLDLINK PHARMACY LTD,GA-236-0721 NII OPEY STREET SHIASHIE LEGON,AMA,Greater Accra,Retail
1460,PC/BA/W/0176G,GOOD DAY PHARMACY,"H/NO. PLOT 4, NANA BOSOMA MARKET
RING ROAD, - SUNYANI",SUNYANI,Brong Ahafo,Wholesale
1461,PC/AS/WR/0588L,GOOD EXAMPLE PHARMACY LTD,"AK-438-3690, AKWATIA LINE",KMA,Ashanti,Wholesale/Retail
1462,PC/AS/WR/0344J,GOOD EXAMPLE PHARMACY LTD,"H/NO. EJ 3, BLK D KUMASI-ACCRA ROAD EJISU EJISU",EJISU-JUABENG,Ashanti,Wholesale/Retail
1463,PC/GR/R/0054L,GOODAIDE PHARMACEUTICALS LT,HIGH STREET NEAR PENTECOST CHURCH TUBA,GA SOUTH,Greater Accra,Retail
1464,PC/WR/R/00039,GOODBRAND PHARMACY,"H/NO. 47 SUPER HIDEOUT BAKERY STREET LAGOS TOWN
TAKORADI",SEKONDI-TAKORADI,Western,Retail
1465,PC/WR/R/00039,GOODBRAND PHARMACY,"H/NO. 47 SUPER HIDEOUT BAKERY STREET LAGOS TOWN
TAKORADI",SEKONDI-TAKORADI,Western,Retail
1466,PC/GR/R/0008B,GOODCARE PHARMACY LTD.,H/NO. 54/1 KINGS STREET OSU OSU KINKAWE,AMA,Greater Accra,Retail
1467,PC/NR/WR/0131M,GOODMAN PHARMACY,H/NO. 155 - POLOYAFONG TAMALE,TAMALE,Northern,Wholesale/Retail
1468,PC/GR/R/0127G,GOODSTART PHARMACY LTD.,"H/NO. 216, 15TH STREET, - NEW ACHIMOTA",GA WEST,Greater Accra,Retail
1469,PC/AS/WR/0135L,GOPENS PHARMACY LIMITED,"PLOT 14, BLOCK C, BREMAN-ABUSUAKRUWA",KMA,Ashanti,Wholesale/Retail
1470,PC/AS/R/0379K,GOPENS PHARMACY LTD,"H/NO. 119 PATASI ROAD NEAR SOFOLINE INTERCHANGE
KUMASI",KMA,Ashanti,Retail
1471,PC/AS/WR/320H,GOSAB PHARMACEUTICALS LIMIT,"H/NO. Z 2B 14TH AVENUE ZONGO, BONTODUASI AGOGO",ASANTE AKIM NORTH,Ashanti,Wholesale/Retail
1472,PC/AS/W/0073B,GR INDUISTRIES LTD.,H/NO. ME. 27 ROSE PALACE ASHTOWN MANHYIA KUMASI,KMA,Ashanti,Wholesale
1473,PC/WR/WR/0088E,GRACEWILL PHARMACY,"H/NO. 25/4-5, ZONGO LANE KWASIMINSTIM",SEKONDI-TAKORADI,Western,Wholesale/Retail
1474,PC/CR/R/0123K,GRACEWILL PHARMACY ANNEX,H/NO. 279 JUKWA ROAD MEPEASEM CAPE COAST,CAPE COAST,Central,Retail
1475,PC/WR/WR/0096G,GRACHA PHARMACY,H/NO. 7 SEFWI BEKWAI ROAD - BIBIANI,BIBIANI-ANHWIASO BEKWAI,Western,Wholesale/Retail
1476,PC/AS/R/0120J,GRADE A CARE PHARMACY LIMITE,PLOT OA 122 - OHENE ASONOMASO,KWABERE EAST,Ashanti,Retail
1477,PC/AS/WR/0134N,GRALEX PHARMACY LTD,"PLOT 2, BLOCK L - GHANA BAR MEDUMA",KWABERE EAST,Ashanti,Wholesale/Retail
1478,PC/WR/R/0053C,GRAMER CHEMIST,"STORE NO. 3, AXIM ROAD ACCRA STATION TAKORADI",SEKONDI-TAKORADI,Western,Retail
1479,PC/WR/R/00044,GRAMER CHEMISTS,"H/NO. 50/51/1 KARKWAN JXN NEW LAYOUT RD - HOSPITAL
TARKWA",TARKWA-NSUAEM,Western,Retail
1480,PC/WR/WR/0603K,GRAMER CHEMISTS,"H/NO. 50/51/1, KITSON AVE, MARKET CIRCLE, TAKORADI",SEKONDI-TAKORADI,Western,Wholesale/Retail
1481,PC/WR/R/00044,GRAMER CHEMISTS,"H/NO. 50/51/1 KARKWAN JXN NEW LAYOUT RD - HOSPITAL
TARKWA",TARKWA-NSUAEM,Western,Retail
1482,PC/WR/WR/0603K,GRAMER CHEMISTS,"H/NO. 50/51/1, KITSON AVE, MARKET CIRCLE, TAKORADI",SEKONDI-TAKORADI,Western,Wholesale/Retail
1483,PC/AS/R/0001F,GRAMOF PHARMACY LTD.,"H/NO. BNS 77A, KUMASI-SUNYANI RD, - ATWIMA KOFORIDUA",ATWIMA NWABIAGYA,Ashanti,Retail
1484,PC/AS/R/0375K,GRAND PHARMACY LTD,"PLOT 2 OFF KUMASI-OBUASI ROAD BEHIND UNITY SERVICE
STATION NEW KAGYASE",KMA,Ashanti,Retail
1485,PC/GR/R/0072L,GRATIA & GRATIS PHARMACY LTD,H/NO. OG 1/1 OBOJO KOO STREET - MADINA,ADENTAN,Greater Accra,Retail
1486,PC/GR/WR/00065,GRAYS PHARMACY,"H/NO. D44/2 , 63 ANGETEBU ROAD ADABRAKA ACCRA",AMA,Greater Accra,Wholesale/Retail
1487,PC/GR/WR/0206M,GREAT ODUM PHARMACY LIMITE,H/NO. 8 - DOUCHESS VILLA CANTONMENTS,LA NKWANTANANG-MADINA,Greater Accra,Wholesale/Retail
1488,PC/UWR/R/00003,GREEN BEAM CHEMISTS,STORE NO.2 NAPOGBAKOLE SAWLA ROAD - WA,WA,Upper West,Retail
1489,PC/BA/WR/00004,GREEN LIGHT PHARMACY,H/NO. SW 2 HIGH STREET AREA 1 SUNYANI,SUNYANI,Brong Ahafo,Wholesale/Retail
1490,PC/WR/R/0092G,GREEN PEA PHARMACY LTD.,"H/NO. KAN ROYAL BUILDING, DEBISO SEFWI-DEBISO",BIA EAST,Western,Retail
1491,PC/GR/R/0618L,GREEN PHARMA LTD,GM-002-2746 HAWA AVENUE MAYE HOT MADINA,LA NKWANTANANG-MADINA,Greater Accra,Retail
1492,PC/WR/R/0364H,GREEN SUNSET PHARMACY LTD,H/NO 11/3 ANOE BRONIKROM KOJOKROM,SEKONDI-TAKORADI,Western,Retail
1493,PC/GR/R/0095C,GREENFIELD PHARMACY (COMM.,"H/NO. 1/S.7, ONINKRA DRIVE SITE 18, COMM. 1, TEMA",TMA,Greater Accra,Retail
1494,PC/ER/R/0108P,GREENHEAL PHARMACY LTD,H/NO. J 1440 PAKRO ROAD AVAGA NSAWAM,,Greater Accra,Retail
1495,PC/BA/W/0159P,GREENLIGHT PHARMACY LTD,"BS-0000-6478, SUNYANI",SUNYANI,Brong Ahafo,Wholesale
1496,PC/BA/WR/0107K,GREENLIGHT PHARMACY LTD,H/NO. 20 NANA BOSOMA STREET ZONGO SUNYANI,SUNYANI,Brong Ahafo,Wholesale/Retail
1497,PC/GR/R/0014N,GREENMEDS PHARMACY LIMITED,GN-0003-4911 BLORTSITSONYA STREET - PRAMPRAM,NINGO PRAMPRAM,Greater Accra,Retail
1498,PC/GR/IW/0278P,GREENWICH PHARMACY LTD,"H/NO. CSC WAREHOUSE NO. 38, DADEBAN STREET NORTH
aIlNeDUSTRIAL AREA KANASHIE",ADA EAST,Greater Accra,Importing Wholesale
1499,PC/AS/R/0550L,GRIN EXCEL PHARMACY LTD,H/NO. 218 OBUASI ROAD - SANTASI,KMA,Ashanti,Retail
1500,PC/GR/R/0004J,GRIT PHARMACY LIMITED,THE OCTAGON BUILDING BARNES ROAD KINBU ACCRA,AMA,Greater Accra,Retail
1501,PC/GR/WR/0001J,GTG PHARMACEUTICALS LIMITED,SHOP NO. 192 PAPAO STREET HAATSO ACCRA,GA EAST,Greater Accra,Wholesale/Retail
1502,PC/GR/R/0074L,GUARDRAIN CARE PHARMACY LTD,"H/NO. A311/2 KORTEY-KOJO AVENUE BUSIA-WATER WEST
ODORKOR",GA CENTRAL,Greater Accra,Retail
1503,PC/GR/R/0646L,GUNSI PHARMA LTD,UNN HSE. NEAR MATEHEKO DA SCHOOL MATAHEKO,NINGO PRAMPRAM,Greater Accra,Retail
1504,PC/AS/R/0105N,GYAKOSS PHARMACY,H/NO. KM 4 - CO-OPERATIVE KASAM,KWABERE EAST,Ashanti,Retail
1505,PC/ER/WR/0597K,GYISBIN PHARMACY LTD,H/NO. B 20B ABAASE STREET GUGGISBERG ESTATE KADE,KWAEBIBIREM,Eastern,Wholesale/Retail
1506,PC/GR/R/0112A,GYMED PHARMACY,"H/NO. 65 KOKROKO STREET, NEW GBAWE",GA SOUTH,Greater Accra,Retail
1507,PC/GR/R/00831,H FOCUS PHARMACY,"H/NO. A 314, AMHIS 22600, WEST LEGON ACCRA",AMA,Greater Accra,Retail
1508,PC/GR/R/00820,HAATSO PHARMACY LTD.,"H/NO. 429, ECOMOG HAATSO",GA EAST,Greater Accra,Retail
1509,PC/UWR/WR/0197M,HABILAT PHARMACY,"H/NO. E 37, JENGBAYERI WA",WA,Upper West,Wholesale/Retail
1510,PC/CR/WR/0200N,HABILAT PHARMACY,UNN. HSE - HABILAT MANKESSIM,MFANTSEMAN,Central,Wholesale/Retail
1511,PC/GR/WR/00072,HABMAY PHARMACY,ADEPA BUILDING - OKAISHIE ACCRA,AMA,Greater Accra,Wholesale/Retail
1512,PC/AS/R/00289,HABMAY PHARMACY (ATONSU BR,"H/NO. PLOT 82, BLOCK. F S-LINE ATONSU KUMASI",KMA,Ashanti,Retail
1513,PC/AS/W/0014E,HABMAY PHARMACY (ATONSU BR,"PLOT 82, BLOCK F BOKRO ATONSU KUMASI",KMA,Ashanti,Wholesale
1514,PC/AS/W/00035,HABMAY PHARMACY LTD.,PLOT 269/NTER OA STREET ASEM KUMASI,KMA,Ashanti,Wholesale
1515,PC/GR/W/0216E,HABMAY PHARMACY LTD.,"H/NO. C77/12, ADABRAKA-ACCRA",AMA,Greater Accra,Wholesale
1516,PC/VR/WR/0254N,HAFEL PHARMACY,VR-1682-1680 ANYAKO ROAD - ABOR,KETA,Volta,Wholesale/Retail
1517,PC/NR/WR/0082G,HAFMAN PHARMACY,"H/NO. BBE 102, KINTAMPO HIGHWAY, - BUIPE",CENTRAL GONJA,Northern,Wholesale/Retail
1518,PC/NR/R/0092K,HAFMAN PHARMACY,"H/NO. A-5 DAMONGO MAIN STREET OPP. ATRUBUTO
DAMONGO",WEST GONJA,Northern,Retail
1519,PC/GR/R/0210N,HAG PHARMACY LTD,GD-219-0751 IXORA STREET TRASSACO ADJIRINGANO,ADENTAN,Greater Accra,Retail
1520,PC/GR/R/0409H,HAGA PHARMACY,UNNUMBERED HOUSE ABIA-NINGO ROAD ABIA PRAMPRAM,NINGO PRAMPRAM,Greater Accra,Retail
1521,PC/GR/R/0289J,HAGA PHARMACY,H/NO. 31/HOS/C11 FALCON CLOSE COMMUNITY 11 TEMA,TMA,Greater Accra,Retail
1522,PC/NR/R/0268P,HAJISAM PHARMACY LTD,"NT-0018-7577 GUKPEGU ROAD OPPOSITE WEST HOSPITAL
TAMALE",TAMALE,Northern,Retail
1523,PC/GR/R/0523L,HALE PHARMACY LIMITED,H/NO. 6 - GOLF HILL ACHIMOTA,AMA,Greater Accra,Retail
1524,PC/GR/W/0341P,HALE PHARMACY LTD,H/NO. BM71 MARUTI STREET - ADJEN KOTOKU,GA WEST,Greater Accra,Wholesale
1525,PC/GR/R/0096J,HALE PHARMACY LTD,H/NO. 2 2ND CLOSE MUKOSE STREET TESANO ACCRA,AMA,Greater Accra,Retail
1526,PC/GR/R/00758,HALKOM PHARMACY,H/NO. E 509/4 NYANIBA ESTATES ACCRA OSU,AMA,Greater Accra,Retail
1527,PC/CR/R/0167K,HAMSA PHARMACY LIMITED,H/NO. 354/14 OBOUM ROAD - KASOA,AWUTU SENYA EAST,Central,Retail
1528,PC/AS/R/0082A,HAP-PHIL CHEMIST LTD.,"PLOT 33, BLK MAMPONG ROAD PANKRONO KUMASI",KMA,Ashanti,Retail
1529,PC/AS/R/0082E,HAP-PHIL CHEMIST LTD.,"PLOT 1, BLOCK A AHODWO-TREDE ROAD AMPABAME
AMPABAME NO. 1",ATWIMA KWANWOMA,Ashanti,Retail
1530,PC/AS/WR/0295K,HAPISCARES PHARMACY LTD,"PLOT 2, BLOCK B - - DENASE",AFIGYA-KWABRE,Ashanti,Wholesale/Retail
1531,PC/CR/R/0391K,HAPPY CITY PHARMACY LTD,H/NO. 112 CP LAST STOP KASOA,AWUTU SENYA,Central,Retail
1532,PC/UER/WR/0099M,HAPPY LIFE PHARMACY LIMITED,UW-00095977 HOSPITAL ROAD - ZEBILA,BAWKU WEST,Upper East,Wholesale/Retail
1533,PC/AS/R/0381K,HAPPY NEST PHARMACY LTD,"PLOT 7, BLOCK D - NEAR MOTHER OF GRACE HOSPITAL SEPE
DOTE",KMA,Ashanti,Retail
1534,PC/AS/R/0346J,HAPRES PHARMACY,"H/NO. PLT 73, BLK 16 MAIN ROAD, EFFIDUASE OKUASE
EFFIDUASE EFFIDUASE",EJISU-JUABENG,Ashanti,Retail
1535,PC/ER/R/0113F,HARIPEL PHARMACY,"H/NO. B/125, LORRY STATION, ABEASE-KADE",KWAEBIBIREM,Eastern,Retail
1536,PC/GR/WR/0049N,HARRIMAT PHARMACY LTD,STORE NO. 1 - ARTIZ JUNCTION AGBOGBA,GA EAST,Greater Accra,Wholesale/Retail
1537,PC/GR/WR/0076M,HAS PHARMA LTD,UNN. HSE AKLAMAN ROAD NEW SITE DOBLO GONNO,GA WEST,Greater Accra,Wholesale/Retail
1538,PC/UWR/WR/0429L,HASAL PHARMACY LIMITED,"H/NO. N70 INSURANCE ROAD NEAR REGIONAL POLICE
STATION LIMANYIRI",WA,Upper West,Wholesale/Retail
1539,PC/GR/R/0111H,HASBEL PHARMACY,"PLOT 262B, EDURORA ROAD TAIFA NORTH ACCRA",GA EAST,Greater Accra,Retail
1540,PC/NR/R/0157F,HASKAY PHARMACY LTD.,"H/NO. 15,SABONKUDI HSE, TAMALE-YENDI RD, TAMALE",TAMALE,Northern,Retail
1541,PC/NR/R/00010,HAYAT PHARMACY,H/NO. BLK 4 NEW KUMASI ROAD VITTING ESTATE TAMALE,TAMALE,Northern,Retail
1542,PC/GR/R/0245K,HAYBRACQ PHARMACY LIMITED,GZ-183-8461 RASTA TOAD - TESHIE,LEDZOKUKU-KROWOR,Greater Accra,Retail
1543,PC/AS/R/0243M,HAYNA PHARMACY LTD,"H/NO. LVB 28, BLOCK D - KUNTENASE BOSOMTWE",BOSOMTWE,Ashanti,Retail
1544,PC/CR/R/0350J,HEALTH ANGEL PHARMACEUTICA,"UNN.HSE, MILLENNIUM CITY WINGER MILLENIUM CITY
ESTATES KASOA",AWUTU SENYA EAST,Central,Retail
1545,PC/GR/R/0224K,HEALTH BASE PHARMACY,"STORE NO. 1 & 2 - NEAR PACIFIC FILLING STATION
AMASAMAN",GA WEST,Greater Accra,Retail
1546,PC/GR/R/0004C,HEALTH BASE PHARMACY LIMITED,"H/NO. AM/AW/0685, AHEHENEASE RD. ACCRA AMASAMAN",GA WEST,Greater Accra,Retail
1547,PC/GR/R/0298P,HEALTH BAY PHARMACY LTD,H/NO. 197 ABO STREET COMMUNITY 22 TEMA,TMA,Greater Accra,Retail
1548,PC/GR/R/00882,HEALTH BOX PHARMACY,"H/NO. A1, NII ADJEI ADJETEY CENTURY, SHOPPING CENTRE, -
TESHIE",LEDZOKUKU-KROWOR,Greater Accra,Retail
1549,PC/GR/R/0236J,HEALTH CONCEPT LTD,"H/NO. SDA BLOCK 1 ADDOGONO STREET TESHIE-NUNGUA
ESTATE NUNGUA-ADOGONNO",LA DEDE-KOTOPON,Greater Accra,Retail
1550,PC/GR/R/0109H,HEALTH CONCEPT PHARMACY LTD,"H/NO. W/107 MANHEAN AFUAMAN MANHEAN AFUAMAN
ACCRA",GA WEST,Greater Accra,Retail
1551,PC/GR/R/00320,HEALTH CONSULT PHARM. LTD.,H/NO. H390/7 1ST JUNCTION GREDA ESTATE TESHIE NUNGUA,LEDZOKUKU-KROWOR,Greater Accra,Retail
1552,PC/GR/W/0057M,HEALTH CORNER PHARMACY LTD,H/NO. A-17C NII ATANYA HIGHWAY LAKA ASHAIMAN ZONGO,ASHIAMAN,Greater Accra,Wholesale
1553,PC/GR/R/0313K,HEALTH CORNER PHARMACY LTD,GZ-01403473 PALM AVENUE - TESHIE NUNGUA ESTATE,LEDZOKUKU-KROWOR,Greater Accra,Retail
1554,PC/NR/WR/0119M,HEALTH DIRECT PHARMACEUTICA,"H/NO. 189, BLOCK D NOBISCO ROAD CHOGGU-YAPALSI
SAGNARIGU",SAGNERIGU,Northern,Retail
1555,PC/AS/R/0384K,HEALTH ESSENCE PHARMACY LTD,"PLOT 12B, BLOCK A - - AHINSAN",KMA,Ashanti,Retail
1556,PC/WR/WR/0095G,HEALTH FARM PHARMACY LTD,PLOT 133 MOUNT ZION JUNCTION ANAJI TAKORADI,SEKONDI-TAKORADI,Western,Wholesale/Retail
1557,PC/GR/W/0483L,HEALTH FORESIGHT PHARMACY L,H/NO. 66 CARTERPILLAR ROAD OBOBIA WEIJA,GA SOUTH,Greater Accra,Wholesale
1558,PC/GR/R/0039N,HEALTH FORTE PHARMACY LTD,H/NO. 35 AHIAKU STREET - AWOSHIE,GA CENTRAL,Greater Accra,Retail
1559,PC/GR/R/0308P,HEALTH INN PHARMACY LTD,GS-0846-4093 KASOA ROAD - DOMEABRA,GA SOUTH,Greater Accra,Retail
1560,PC/GR/R/0256M,HEALTH KEEPERS PHARMACY LIMI,H/NO. ADAMA STREET DJANMAN GBAWE,GA SOUTH,Greater Accra,Retail
1561,PC/GR/R/0185F,HEALTH KEEPERS PHARMACY LTD.,"H/NO. 1, YOO MOMO LINK - GBAWE",GA SOUTH,Greater Accra,Retail
1562,PC/GR/R/0411H,HEALTH LIGHT LTD.,"H/NO. 901/1 GUGGISBERG AVENUE, - KORLE GONNO",GA SOUTH,Greater Accra,Retail
1563,PC/GR/WR/0082D,HEALTH LIGHT PHARMACEUTICAL,"H/NO. B763/27 BEDRROT STREET POBI ASAAWA
AKWETEMAN",GA WEST,Greater Accra,Wholesale/Retail
1564,PC/AS/R/00247,HEALTH LINK PHARMACY LTD.,"H/NO. B119, BLOCK L, DICHEMSO KUMASI",KMA,Ashanti,Retail
1565,PC/GR/R/0194P,HEALTH MATE PHARMACY LTD,GZ-007-2795 NII DUA WULOMO STREET TSUIBLEOO TESHIE,LEDZOKUKU-KROWOR,Greater Accra,Retail
1566,PC/GR/R/00916,HEALTH OPTION PHARMACY (ASO,"GA-485-775 NII OKAIMAN WEST STREET ADJACENT CITY LINK
PUB, NEW MARKET LAPAZ",AMA,Greater Accra,Retail
1567,PC/GR/R/00545,HEALTH OPTION PHARMACY LTD.,"H/NO. DF/TS/26A, OFANKOR ACCRA",GA WEST,Greater Accra,Retail
1568,PC/GR/R/00328,HEALTH POINT PHARMACY LTD.,"H/NO. GB/4/B005, GBAWE ACCRA",GA SOUTH,Greater Accra,Retail
1569,PC/WR/WR/0358H,HEALTH SPRING PHARMACY LTD,H/NO. 1 BOGOSO ROAD BOGOSO JUNCTION TARKWA,TARKWA-NSUAEM,Western,Wholesale/Retail
1570,PC/GR/R/00809,HEALTH TOWER CHEMIST,H/NO. ENT/AB 58 MILE 7 NEW ACHIMOTA NEW ACHIMOTA,AMA,Greater Accra,Retail
1571,PC/GR/R/0095B,HEALTH TOWER CHEMIST,H/NO. 2 GOLDEN DOOR STREET TANTRA HILLS ACCRA,AMA,Greater Accra,Retail
1572,PC/GR/R/00809,HEALTH TOWER CHEMIST,H/NO. ENT/AB 58 MILE 7 NEW ACHIMOTA NEW ACHIMOTA,AMA,Greater Accra,Retail
1573,PC/GR/R/0095B,HEALTH TOWER CHEMIST,H/NO. 2 GOLDEN DOOR STREET TANTRA HILLS ACCRA,AMA,Greater Accra,Retail
1574,PC/WR/R/0040M,HEALTH TRUST PHARMACY,PLOT 40 - BOGEREKROM TARKWA,TARKWA-NSUAEM,Western,Retail
1575,PC/GR/R/0219M,HEALTH WEALTH PHARMACY LTD,"H/NO. 5 N/B, NEW WIEJA",GA SOUTH,Greater Accra,Retail
1576,PC/GR/R/00804,HEALTH-NET PHARMACY LTD.,"H/NO. SACKY MICHAEL CAMP - SACKY, MICHAEL CAMP TEMA",TMA,Greater Accra,Retail
1577,PC/GR/R/0040H,HEALTHAID PHARMACY,"H/NO. 94, ADDY'S JUNCTION GOIL FILLING STATION
OSAKUMA ODORKOR",AMA,Greater Accra,Retail
1578,PC/GR/R/00723,HEALTHBAG CENTRE PHARMACY,HNO. H 7/4 WEST ZONGO ROAD MAIN MADINA MADINA,AMA,Greater Accra,Retail
1579,PC/GR/WR/00069,HEALTHCARE SERVICES LTD,C 229/1 OPPOSITE P.T.C. KWAME NKRUMAH AVENUE ACCRA,AMA,Greater Accra,Wholesale/Retail
1580,PC/ER/WR/0068E,HEALTHGATE PHARMACEUTICALS,"UNN. HSE, HOSPITAL RD, DONKORKROM",KWAHU AFRAM PLAINS NORTH,Eastern,Wholesale/Retail
1581,PC/GR/R/0217E,HEALTHGOLD PHARMACY,"BLOCK NO. 9, AYELE STR, ATTRACO - MADINA",GA EAST,Greater Accra,Retail
1582,PC/GR/R/0050A,HEALTHLANE PHARMACY,GALAXY OIL OFF SPINTEX ROAD EAST AIRPORT AACRA,AMA,Greater Accra,Retail
1583,PC/ER/R/0182N,HEALTHLINE PHARMACY,EF-2196-7822 ACCRA-KUMASI HIGHWAY - OSINO,FANTEAKWAH,Eastern,Retail
1584,PC/GR/R/0189P,HEALTHLINE PHARMACY LTD,COMMUNITY 5 STREET NEAR BEST HEART HOSPITAL NSAKINA,GA WEST,Greater Accra,Retail
1585,PC/GR/R/00869,HEALTHMARK PHARMACY,"H/NO. UTF 38 FISH POND RD NII BOYE TOWN NEW
ACHIMOTA",GA WEST,Greater Accra,Retail
1586,PC/GR/R/0103C,HEALTHMARK PHARMACY,"H/NO. KWA/632/0905/N130, KWABENYA-POKUASE ROAD -
KWABENYA",GA EAST,Greater Accra,Retail
1587,PC/CR/W/0476L,HEALTHMART PHARMACY MALL L,H/NO. 71/72 - TETERKESIM ELMINA,KOMENDA-EDINA EGUAFO-AB,IRCEeMntral,Wholesale
1588,PC/GR/R/00547,HEALTHPLUS PHARMACY,H/NO. F 690/2 18TH LANE OSU OSU RE,AMA,Greater Accra,Retail
1589,PC/GR/R/0334P,HEALTHPORT PHARMACY LTD,GE-260-6589 - ECOMOG AVENUE HAATSO,GA EAST,Greater Accra,Retail
1590,PC/GR/R/00894,HEALTHRITE PHARMACY,"H/NO. 252/99 JAPAN LAKESIDE ESTATE ASHALLEY BOTWE
ACCRA",ADENTAN,Greater Accra,Retail
1591,PC/GR/R/00894,HEALTHRITE PHARMACY,"H/NO. 252/99 JAPAN LAKESIDE ESTATE ASHALLEY BOTWE
ACCRA",ADENTAN,Greater Accra,Retail
1592,PC/GR/R/0020L,HEALTHSPRING PHARMACY LTD,H/NO. 231 - NORTEY PALM CRESCENT HAATSO,GA EAST,Greater Accra,Retail
1593,PC/GR/WR/00304,HEALTHSTAR PHARMACY,"OFF ADA-FOAH ROAD, ADA JUNCTION, KASSEH",ADA WEST,Greater Accra,Wholesale/Retail
1594,PC/GR/WR/0430P,HEALTHSTAR PHARMACY,OPPOSITE RADIO ADA - TETSUNYA ADA,ADA EAST,Greater Accra,Wholesale/Retail
1595,PC/GR/R/0074H,HEALTHSTYLE PHARMACY,H/NO. F100/9 KOI STREET OSU AKO ADJEI OSU,GA WEST,Greater Accra,Retail
1596,PC/GR/R/00749,HEALTHVIEW PHARMACY,"H/NO. C/39/18, ASHLEY LINK ABELENKPE ACCRA",AMA,Greater Accra,Retail
1597,PC/CR/WR/0064P,HEALTHVIEW PHARMACY LTD,PLOT 1 TAXI RANK ADADE LOST STOP KASOA,AWUTU SENYA EAST,Central,Wholesale/Retail
1598,PC/GR/WR/0671L,HEALTHWATCH PHARMACY,H/NO. 28 SAMORA MACHEL ROAD ASYLUM DOWN ACCRA,AMA,Greater Accra,Wholesale/Retail
1599,PC/GR/R/00538,HEALTHWATCH PHARMACY,BURMA CAMP OFFICE COMPLEX ACCRA,AMA,Greater Accra,Retail
1600,PC/AS/WR/0325H,HEALTHY 'U' PHARMACY LTD,"PLOT 17, BLOCK A HOSPITAL ROAD OLD CEMETARY JUASO",ASANTE-AKIM SOUTH,Ashanti,Wholesale/Retail
1601,PC/GR/R/0188J,HEALTHY HEALTH PHARMACY LTD,H/NO B243/29 OBLOKU STREET LAPAZ NII BOI TOWN,AMA,Greater Accra,Retail
1602,PC/GR/R/0144F,HEALTHY VITA PHARMACY,"LILY GOLD FILLING STATION, NANAKROM-MADJOR, - -
ASHALEY-BOTWE",ADENTAN,Greater Accra,Retail
1603,PC/ER/R/0023E,HEALTHY-VITA PHARMACY,"H/NO. AT31, REGIONAL HOSP. RD, KOFORIDUA KOFORIDUA",NEW-JUABENG,Eastern,Retail
1604,PC/GR/R/00745,HEALTHY-VITA PHARMACY LTD.,H/NO. 20 NTREH STREET ADENTA ACCRA,AMA,Greater Accra,Retail
1605,PC/GR/R/0376L,HEARTLAND PHARMACY,"GD-247-5673 BLOO MART DOUBLE PORTION PLAZA -
NANAKROM",ADENTAN,Greater Accra,Retail
1606,PC/GR/WR/00314,HEBREWS PHARMACY,"SHOP NO. 5 MAIN ACCRA NSAWAM ROAD SAPEMAN
SARPEMAN",GA WEST,Greater Accra,Wholesale/Retail
1607,PC/WR/R/0079F,HEDGE PHARMACY,"H/NO. PHC 236, NEAR LOWER PRA RURAL BANK A.S.K.
BAIDOO STREET ABOADZE",SHAMA,Western,Retail
1608,PC/GR/R/00473L,HEIGHTSPHARM GHANA LTD,"GK-0304-2314 GBETSILE ROAD OPPOSITE GAS STATION
ASHAIMAN",KPONE KATAMANSO,Greater Accra,Retail
1609,PC/GR/R/00776,HEIGHTSPHARM PHARMACY,"H/NO. 0158 NII OGLE ROAD SAKA ROAD OPPOSITE ADOM
HERBAL CLINIC ACCRA",ASHIAMAN,Greater Accra,Retail
1610,PC/GR/R/0017A,HEIGHTSPHARM PHARMACY,ZENU LORRY STATION - ASHAIMAN ACCRA,ASHIAMAN,Greater Accra,Retail
1611,PC/BA/WR/00020,HELEN PHARMACY LTD.,"GPRTU BUILDING LORRY STATION NEW TOWN - DUAYAW
NKWANTA",TANO NORTH,Brong Ahafo,Wholesale/Retail
1612,PC/BA/WR/00020,HELEN PHARMACY LTD.,"GPRTU BUILDING LORRY STATION NEW TOWN - DUAYAW
NKWANTA",TANO NORTH,Brong Ahafo,Wholesale/Retail
1613,PC/GR/R/00052,HELIJONS PHARMACY,"H/NO. OB,526/6 SPARE PARTS ROAD ABOSSEY OKAI ACCRA",AMA,Greater Accra,Retail
1614,PC/GR/R/0094F,HELIJONS PHARMACY LTD.,"PLOT NO. 77, NEAR DEVTRACO POLICE STATION, TEMA NEW
DAWHYNYA",TMA,Greater Accra,Retail
1615,PC/VR/WR/0044G,HEM PHARMA SERVICE LTD.,"H/NO. 20, INDEPENDENCE AVE, OPP. FIDELITY BANK, post
office square HO",HO,Volta,Wholesale/Retail
1616,PC/GR/R/0290J,HEM PHARMA SERVICES LTD,H/NO. 1/S52 PATMOR STREET COMMUNITY 1- SITE 4 TEMA,TMA,Greater Accra,Retail
1617,PC/GR/WR/00213,HEM PHARMA SERVICES LTD.,MKT. STORE NO. X236 MARKET COMMUNITY 1 TEMA,TMA,Greater Accra,Wholesale/Retail
1618,PC/GR/WR/00192,HEMINS PHARMACY LIMITED,HNO. B1407/11 Darkuman DARKUMAN ACCRA,AMA,Greater Accra,Wholesale/Retail
1619,PC/GR/R/0075J,HENOPA PHARMACY LTD,"H/NO. E513 ST. MARK ROAD ABELE LANE ASHONGMAN
ESTATE",GA EAST,Greater Accra,Retail
1620,PC/GR/R/0645L,HENSBIG PHARMACY LTD,H/NO. NM 10 ATAA AVENUE - NMAI DZORM,ADENTAN,Greater Accra,Retail
1621,PC/AS/R/0015D,HERALD PHARMACY LTD,PLOT NO LDA 1167/51677 MELCOM HOUSE - ABUAKWA,KMA,Ashanti,Retail
1622,PC/GR/R/0221E,HERBELLE PHARMACY LTD.,"H/NO. BAE 11/25 COLLINS DAUDA RD. (16TH ST.) BATSONA
TEMA",TMA,Greater Accra,Retail
1623,PC/AS/W/0174N,HERITAGE PHARMACY LTD,"PLOT 14, BLOCK 18 AK-101-9548 - NEW AMAKOM",KMA,Ashanti,Wholesale
1624,PC/GR/W/00226,HERONA PHARMACEUTICALS,NO. 5 OSABU STREET ABELENKPE ACCRA,AMA,Greater Accra,Wholesale
1625,PC/WR/R/0084K,HESED PHARMACY,"H/NO. AK/22 MAIN ROAD, AKYEMPIM AKYEMPIM AKYEMPIM",TARKWA-NSUAEM,Western,Retail
1626,PC/UWR/R/0204L,HIARA PHARMACY,"BLOCK B AIRSTRIP ROAD EXCEL SERVICE STATION SAWABA T
JUNCTION",WA,Upper West,Retail
1627,PC/GR/R/0301P,HICARE PHARMACY LTD,"ALINCO OIL SERVICE STATION - ATADEKA HICARE PHARMACY
LTD",KPONE KATAMANSO,Greater Accra,Retail
1628,PC/GR/W/0223M,HIDDEN LEAF PHARMACY LTD,GW-0121-3579 NSAWAM ROAD - POKUASE,GA WEST,Greater Accra,Wholesale
1629,PC/WR/W/0106M,HIGHGRADE PHARMACEUTICALS,H/NO. 14 SUNFLOWER CRESCENT APOLLO APREMDO,SEKONDI-TAKORADI,Western,Retail
1630,PC/ER/WR/00006,HILL SIDE PHARMACY,NO. NJ 106 Nkawkaw KOFORIDUA NKAWKAW,KWAHU WEST,Eastern,Wholesale/Retail
1631,PC/GR/WR/0059L,HILLOCKS PHARMACY GHANA LIM,H/NO. OF/B 030 - OLD TWON OFANKOR,GA WEST,Greater Accra,Retail
1632,PC/GR/WR/00071,HILLS PHARMACY,H/NO. D993/3 DERBY AVENUE - ACCRA,AMA,Greater Accra,Wholesale/Retail
1633,PC/GR/W/00220,HILLS PHARMACY LTD.,H/NO. D470/4 ADDITROM ROAD ADABRAKA ACCRA,AMA,Greater Accra,Wholesale
1634,PC/AS/W/0081E,HILLS PHARMACY LTD.,"H/NO. 01/128, ASHTOWN",KMA,Ashanti,Wholesale
1635,PC/VR/R/0140L,HILLSIDE PHARMACY LTD,H/NO. PTS 501K OFF PEKI-KPEVE HIGHWAY - TSAME PEKI,SOUTH DAYI,Volta,Retail
1636,PC/GR/R/0173M,HILLVIEW PHARMACY LTD,GE-011-9810 - NII ADJEI OBEDEKA ABOKOBI,GA EAST,Greater Accra,Retail
1637,PC/GR/R/0078L,HILTON CHEMIST LTD,NEAR PUMA SERVICE STATION NEW APAKU,GA SOUTH,Greater Accra,Retail
1638,PC/CR/WR/0171F,HIS BANNER PHARMACY,H/NO. 25/1 LIVERPOOL STR. ELMINA ELMINA,KOMENDA-EDINA EGUAFO-AB,IRCEeMntral,Wholesale/Retail
1639,PC/WR/WR/0094G,HISGLO PHARMACY,"H/NO. 5, NKROFUL",SEKONDI-TAKORADI,Western,Wholesale/Retail
1640,PC/AS/R/0577L,HISWAY CHEMIST LIMITED,PLOT 32 - NEW SITE AYEDUASE,KMA,Ashanti,Retail
1641,PC/GR/R/00336,HOBET PHARMACY LTD.,"H/NO. AB/026 - AGBOGBA, NORTH LEGON ACCRA",GA EAST,Greater Accra,Retail
1642,PC/GR/R/0033L,HOCHIEZ PHARMACEUTICALS,"H/NO. A995/15 HIGH STREET NEAR BANK OF AFRICA
DANSOMAN",GA SOUTH,Greater Accra,Retail
1643,PC/GR/W/0455K,HOG PHARMACEUTICALS LTD,H/NO. C86/2 AMUGI AVENUE ADABRAKA ACCRA,AMA,Greater Accra,Wholesale
1644,PC/CR/R/0115K,HOLLYWELL CHEMIST LIMITED,H/NO. EB 54/2 MILLENIUM CITY JUNCTION KAKRABA KASOA,GOMOA EAST,Central,Retail
1645,PC/BA/R/0207P,HOLY STREET PHARMACY LTD,H/NO. G 18/9 - NANPRENSUA ODUMASE,SUNYANI WEST,Brong Ahafo,Retail
1646,PC/CR/R/0047M,HOME-OFFICE PHARMACY,"H/NO 15, BUDUMBURAM",GOMOA EAST,Central,Retail
1647,PC/GR/R/0127H,HOMETOWN PHARMACY LIMITED,H/NO. 8 BURASE STREET AKASTI-ABOR ACCRA,ADENTAN,Greater Accra,Retail
1648,PC/VR/WR/0144L,HONOKA PHARMACEUTICAL,H/NO 436 - BEST 9 JUNCTION AFLAO,KETU SOUTH,Volta,Wholesale/Retail
1649,PC/CR/WR/0120B,HONSAL PHARMACY LTD.,H/NO. G 79/2 ROWE ROAD - CAPE COAST,CAPE COAST,Central,Wholesale/Retail
1650,PC/BA/WR/0030B,HOST COMPANY,H/NQ TKOD 21 MODERN WAY ABANIM TECHIMAN,TECHIMAN,Brong Ahafo,Wholesale/Retail
1651,PC/GR/W/00022,HOUSE OF DRUGS,H/NO. D773/4 KIMBERLEY AVENUE OKAISHIE ACCRA,AMA,Greater Accra,Wholesale
1652,PC/VR/R/0256P,HOUSE OF PROVIDENCE PHARMA,H/NO. D-ZON 297 - DACE ZONGO PATUDA,KRACHI EAST,Volta,Retail
1653,PC/GR/W/00174,HOVID PHARMACEUTICALS LTD.,STORE NO. 10 - NAA PLAZA ACCRA,AMA,Greater Accra,Wholesale
1654,PC/GR/R/0055P,HUMANO PHARMACY LIMITED,H/NO. 15 TEAR AVENUE NANAKROM NMAI DZORN,ADENTAN,Greater Accra,Retail
1655,PC/GR/W/0535K,HUMANO PHARMACY LTD,H/NO. 1 ANUM TESSA AVENUE - EAST LEGON,ADENTAN,Greater Accra,Retail
1656,PC/GR/R/0227K,HUMANO PHARMACY LTD,H/NO. 262 BETHUR STREET - EAST LEGON,GA CENTRAL,Greater Accra,Retail
1657,PC/AS/W/0440P,HUMBLE MOTHER PHARMACY LT,PLOT 21 BLOCK B - AFFUL NKWANTA,KMA,Ashanti,Wholesale
1658,PC/AS/W/0287P,HUMBLE MOTHER PHARMACY LT,"PLOT 121, BLOCK 8 IPT JUNCTION ASUOYEBOAH KUMASI",KMA,Ashanti,Wholesale
1659,PC/GR/R/0498K,HUTCH PHARMA LTD,"H/NO. BAE 28/9 JUNCTION ROAD OPPOSITE COWA LINK
TEMA",TMA,Greater Accra,Retail
1660,PC/GR/R/0053P,HUTCH PHARMACY LTD,H/NO. 17 - COMMUNITY 17 LASHIBI,TMA,Greater Accra,Retail
1661,PC/GR/R/0283J,HUTCHINS PHARMACY LTD,H/NO. E4 AWUDUM STREET AWUDUM TEMA NEWTOWN,TMA,Greater Accra,Retail
1662,PC/GR/R/0052M,HYMALL PHARMACY,H/NO. 2 - NII AMASA NOKOI ASHALLEY BOTWE,ADENTAN,Greater Accra,Retail
1663,PC/AS/R/0152J,HYMALL PHARMACY,H/NO. 22 B HIGH STREET - AHENEMA KOKOBEN,ATWIMA KWANWOMA,Ashanti,Retail
1664,PC/AS/R/0021E,I & T PHARMACY LTD.,"H/NO.KFI, KOFIKROM STREET - OBUASI",OBUASI,Ashanti,Retail
1665,PC/CR/R/0070P,I'S AND J'S PHARMACY LTD,STORE NO. 1 HIGH STREET MILLENIUM CITY NYANYANO,GOMOA EAST,Central,Retail
1666,PC/CR/R/0150H,I'S AND J'S PHARMACY LTD,"H/NO. 414, SECTOR 4 PENTECOST ROAD MILLENIUM CITY
NYANYANO",GOMOA EAST,Central,Retail
1667,PC/CR/WR/0336J,IAOMAI PHARMACY,"H/NO. 32 CANNARY ROAD DUNKWA SORO DUNKWA-ON-
OFFIN",UPPER DENKYIRA-EAST,Central,Wholesale/Retail
1668,PC/UER/WR/0080P,IBRAPHARMA LTD,H/NO. P-29 HOSPITAL ROAD PILIMAKOM WIDANA,BOLGATANGA,Upper East,Wholesale/Retail
1669,PC/ER/R/00017,ICON PHARMACY LTD.,"H/NO. KSDA/NKM/024, GF - MARKET SQUARE NKAWKAW",KWAHU SOUTH,Eastern,Retail
1670,PC/GR/R/0210F,IKANN CHEMIST LTD.,GA-031-9126 23 ABDUL NASSER AVENUE RINGWAY OSU,SHAI-OSUDOKU,Greater Accra,Retail
1671,PC/GR/R/00386,IKEHORN CHEMISTS,"H/NO. G 19/9 BETWEEN PALMWINE JUNCTION & LA
WIRELESS LA ACCRA",LEDZOKUKU-KROWOR,Greater Accra,Retail
1672,PC/GR/R/00386,IKEHORN CHEMISTS,"H/NO. G 19/9 BETWEEN PALMWINE JUNCTION & LA
WIRELESS LA ACCRA",LEDZOKUKU-KROWOR,Greater Accra,Retail
1673,PC/AS/R/0027M,IKONAS PHARMACY LTD,PLOT 048 - THREE POLLS AFASIEBON,ATWIMA KWANWOMA,Ashanti,Retail
1674,PC/NR/WR/0111M,ILEE PHARMACY LIMITED,H/NO. 132 DAKPEMA BVLD ADJACENT ADB KALADAN,TAMALE,Northern,Wholesale/Retail
1675,PC/NR/R/0013P,ILEE PHARMACY LIMITED,H/NO. 412 - NAA-LURO ESTATES TAMALE,TAMALE,Northern,Retail
1676,PC/AS/Wr/0438P,IMBOOST PHARMACY LTD,PLOT 29 AF-0000-9390 MARKET SQUARE KODIE,AFIGYA-KWABRE,Ashanti,Wholesale/Retail
1677,PC/GR/R/0418H,IMHOPTEP PHARMACY,"UNNUMBERED HOUSE TIMBER MARKET KATAMANSO
ASHIAMAN",ASHIAMAN,Greater Accra,Retail
1678,PC/GR/R/0011C,IMMACULATE PHARMACY,DRUMONAA SHOPPING CENTRE SATELITE ROAD - KUNTUNSE,GA WEST,Greater Accra,Retail
1679,PC/GR/IW/0456P,IMPERIAL CHEMIST LTD,"H/NO. 22 ACCRA-NSAWAM ROAD OFANKOR-BARRIER
aOleFANKOR",GA WEST,Greater Accra,Importing Wholesale
1680,PC/GR/R/00744,IMPERIAL CHEMISTS LTD,H/NO. 22 NSAWAM ROAD - OFANKOR BARRIER,GA WEST,Greater Accra,Retail
1681,PC/GR/W/0074E,IMPERIAL HEALTH SCIENCES LTD.,FREE ZONE ENCLAVE - AFLAO ROAD ABOKOBI,TMA,Greater Accra,Wholesale
1682,PC/GR/W/00205,INTERBRAIN PHARMACY,"H/NO. 262/15 NIMA HIGHWAY, ADJACENT FOREX BUREAU
ACCRA ACCRA",AMA,Greater Accra,Wholesale
1683,PC/ER/R/00007,INTERPHARMA LIMITED,"H/NO. T1&T2, HOSPITAL ROAD, OPP. SHELL FILLING STATION,
KOFORIDUA",NEW-JUABENG,Eastern,Retail
1684,PC/ER/R/00007,INTERPHARMA LIMITED,"H/NO. T1&T2, HOSPITAL ROAD, OPP. SHELL FILLING STATION,
KOFORIDUA",NEW-JUABENG,Eastern,Retail
1685,PC/ER/W/0094E,INTERPHARMA LTD.,"SHOP NO. 2, FOSUA HOUSE - NEW JUABEN KOFORIDUA",NEW-JUABENG,Eastern,Wholesale
1686,PC/ER/R/0093E,INTERPHARMA LTD.,"H/NO. T/82, OTENG HOUSE, CENTRAL MARKET NEAR MOBIL
FILLING STATION KOFORIDUA",NEW-JUABENG,Eastern,Retail
1687,PC/ER/MW/00001,INTRAVENOUS INFUSIONS LTD.,"oPlLeOsTa l4e/7, BLOCK L - EFFIDUASE KOFORIDUA",NEW-JUABENG,Eastern,Manufacturing Wholesale
1688,PC/AS/W/0136J,INVISIBLE HAND CHEMISTS LIMITE,"PLOT 42, BLOCK A AHINSAN - OFORIKROM",KMA,Ashanti,Wholesale
1689,PC/GR/R/0300J,ISHARABI PHARMACY LTD,H/NO. C29/11 1st KOTOBABI LINK MAAMOBI ACCRA,AMA,Greater Accra,Retail
1690,PC/AS/WR/0543L,ISTINA PHARMACY LTD,PLOT 4 30TH STREET - ANDYGRACE ST. APRAMANG,KMA,Ashanti,Wholesale/Retail
1691,PC/GR/R/00859,IVAKITO PHARMACY,"H/NO. SAB 5/2, SOUTH ASHALEY BOTWE",ADENTAN,Greater Accra,Retail
1692,PC/GR/W/0088J,IVORY PHARMA LIMITED,H/NO. F 353/3 KAADZANO STREET SOUTH ESTATE LA,LA NKWANTANANG-MADINA,Greater Accra,Wholesale
1693,PC/BA/R/0128K,J & A PHARMACY LTD.,"H/NO. B 1156/7 - ADJACENT OWUSU MEMORIAL HOSPITAL
SUNYANI",SUNYANI,Brong Ahafo,Retail
1694,PC/GR/R/0064J,J & D PHARMACY LIMITED,H/NO. 72 NII TETTEH AMUI LEBANON ASHAIMAN,ASHIAMAN,Greater Accra,Retail
1695,PC/AS/R/0387K,J & D PHARMACY LTD,"PLOT 1, BLOCK 1, ADAKO JACHIE",EJISU-JUABENG,Ashanti,Retail
1696,PC/AS/R/00137,J & D PHARMACY LTD.,"H/NO. PLOT 5, BLOCK. XXII - OLD TAFO KUMASI",KMA,Ashanti,Retail
1697,PC/ER/R/0187N,J & J PHARMACY LTD,EN-088-1629 - ZONGO KOFORIDUA,,Eastern,Retail
1698,PC/GR/R/0369P,J & P WELL-CARE PHARMACY LTD,"H/NO. 7, GM-071-7477 ROMAN STREET NORTH LEGON
NORTH LEGON",,Greater Accra,Retail
1699,PC/AS/R/00215,J & R PHARMACY CO. LTD.,H/NO. KO 15 KOTEI KUMASI,KMA,Ashanti,Retail
1700,PC/BA/R/0601L,J-MALL PHARMACY LIMITED,"H/NO. WAK/E/042, WAMANAFO",DORMAA EAST,Brong Ahafo,Retail
1701,PC/BA/R/0053F,J-MALL PHARMACY LTD.,"UNN.HSE. NR. ROMAN CATHOLIC CHURCH OYB STR. -
DORMAA-AHENKRO",DORMAA CENTRAL,Brong Ahafo,Retail
1702,PC/GR/R/00851,J-RAD PHARMACY,H/NO. 132 AUNTIE ADWOA OBEYEYE AMASAMAN,GA WEST,Greater Accra,Retail
1703,PC/GR/R/0077G,J-RAD PHARMACY,"H/NO. 009, SARPEMAN STREET, - OPAH",GA WEST,Greater Accra,Retail
1704,PC/GR/R/0007J,J-RAD PHARMACY,MAIN ROAD ADUSA QUARTERS POKUASE,GA WEST,Greater Accra,Retail
1705,PC/GR/WR/0058N,J-RAD PHARMACY LIMITED,H/NO. 083 JUSTICE ROAD - OBOM DOMEABRA,GA WEST,Greater Accra,Wholesale/Retail
1706,PC/AS/WR/0179K,J. O. A. FAMILY PHARMACY,"PLOT 2, BLOCK C, TANOSO",KMA,Ashanti,Wholesale/Retail
1707,PC/GR/R/0062L,J. RAPHA PHARMACY LTD,"H/NO. 2 GENERAL ACHEAMPONG STREET CONTROL
DANSOMAN",GA CENTRAL,Greater Accra,Retail
1708,PC/VR/R/0187H,J. S VICTORY PHARMACY,"H/NO. TRE-L 139, ST. FRANCIS ROAD STC YARD/ BARCLAYS
BANK TREVI",HOHOE,Volta,Retail
1709,PC/NR/R/0027P,J. Y. PHARMACY LTD,"PLOT 36, BLOCK B TISHEGU STREET - TAMALE",TAMALE,Northern,Retail
1710,PC/GR/WR/00073,J.M. ADDO & SONS LTD,H/NO. D762/4 CANAVON AVENUE AMA ACCRA,AMA,Greater Accra,Wholesale/Retail
1711,PC/BA/W/0187E,J.S PHARMACY LTD.,"STORE NO. 8 & 9, WA STATION ABENIM TECHIMAN",TECHIMAN,Brong Ahafo,Wholesale
1712,PC/AS/R/0195K,JAAF PHARMACY,"H/NO. F25, BLOCK A FOMENA",ADANSI NORTH,Ashanti,Retail
1713,PC/WR/WR/0204K,JAAGES PHARMACY LIMITED,"GROUND FLOOR PLD HFC BUILDING MARKET SQUARE SEFWI
BEKWAI",BIBIANI-ANHWIASO BEKWAI,Western,Wholesale/Retail
1714,PC/AS/W/0023H,JAB HEALTHCARE PHARMACY,BH 115 MOONLIGHT SPOT MOONLIGHT SPOT ASAFO,KMA,Ashanti,Wholesale
1715,PC/AS/R/0079A,JAB HEALTHCARE PHARMACY LTD,"PLOT 11, BLOCK 11 HIGH STREET ANWOMASO",KMA,Ashanti,Retail
1716,PC/AS/WR/0349K,JACOM COMPANY LTD,H/NO. NK 9 - NEAR MARKET MANSO NKRAN,AMANSIE WEST,Ashanti,Wholesale/Retail
1717,PC/GR/R/0314J,JADET PHARMACY,"UNN.HSE, MENSAH BAR, OYIBI MENSAH BAR STREET MENSAH
BAR OYIBI",KPONE KATAMANSO,Greater Accra,Retail
1718,PC/NR/WR/0189F,JAGS PHARMACY,"STORE NO. 1,2,3 & 5, SHALOM HOUSE SSNIT-GBEWAA ROAD
FUO FUO",SAGNERIGU,Northern,Wholesale/Retail
1719,PC/GR/R/0044H,JAMESH PHARMACY LTD.,UNN. HOUSE FRAFRAHA MILE 13 ACCRA,ADENTAN,Greater Accra,Retail
1720,PC/GR/R/00769,JAMI-HUTCH PHARMACY,"H/NO. DW 9, SAKORA NO. 4, ADENTA WEST, ACCRA",ADENTAN,Greater Accra,Retail
1721,PC/GR/R/00056,JAN-AID PHARMACY,"CHEMU ROAD - MAMPROBI, BANANA INN STATION ACCRA",AMA,Greater Accra,Retail
1722,PC/AS/R/0572L,JANEDOR PHARMACY LTD,PLOT KN 10 - OLD TOWN KOKOBEN-APPIADU,KMA,Ashanti,Retail
1723,PC/GR/R/0123P,JANESIS IMMENSE PHARMACY LT,H/NO. C14 ADENTA-DODOWA ROAD ALINCO OIL OYIBI,ADENTAN,Greater Accra,Retail
1724,PC/GR/R/0248P,JANISEL PHARMACY LTD,H/NO. 468 PAPAFIO STREET - NMAI DZORN,ADENTAN,Greater Accra,Retail
1725,PC/WR/R/0032M,JANNIS PHARMACY,H/NO. 53 - BANKYAKROM DIABENE,TARKWA-NSUAEM,Western,Retail
1726,PC/GR/R/0054P,JAQCARE PHARMACY,H/NO. 35/89 REV DAGADU STREET COMMUNITY 10 TEMA,TMA,Greater Accra,Retail
1727,PC/GR/WR/0392L,JASCOS PHARMACY LIMITED,"GE-204-3854 GE-204-3854- OSCAR JUNCTION OSCAR
JUNCTION KWABENYA",GA EAST,Greater Accra,Wholesale/Retail
1728,PC/GR/R/0130F,JASIE PHARMACY,"H/NO. 68, COMM 19, LASHIBI",TMA,Greater Accra,Retail
1729,PC/GR/R/00064,JASIE PHARMACYLTD.,H/NO.C128 A/4 NEW TOWN KOKOMLEMLE ACCRA,AMA,Greater Accra,Retail
1730,PC/AS/R/00101,JASKOK PHARMACY LTD.,H/NO W.S.25 - SEPE-BUOKROM KUMASI,KMA,Ashanti,Retail
1731,PC/GR/W/0657L,JASPERS PHARMACY LIMITED,5.560414-0213557 CASTLE ROAD ADABRAKA ACCRA,AMA,Greater Accra,Wholesale
1732,PC/AS/W/0301K,JASPERS PHARMACY LIMITED,H/NO. 55 WESLAYAN ROAD - MBROM,KMA,Ashanti,Wholesale
1733,PC/BA/R/0035C,JASY PHARMA LTD,H/NO. 95/4 EAST ATRONIE ROAD NEW TOWN SUNYANI,SUNYANI,Brong Ahafo,Retail
1734,PC/GR/W/0033J,JAWDA PHARMACEUTICALSLIMITE,NAA PLAZA DRUG LANE OKAISHIE ACCRA,AMA,Greater Accra,Wholesale
1735,PC/AS/R/0106J,JAYBERTHA PHARMACY LIMITED,H/NO. 453 - STATION DABAN,ATWIMA KWANWOMA,Ashanti,Retail
1736,PC/GR/R/0536L,JAYDEEN PHARMACY LTD,H/NO. C163/2 NEWTOWN HILLS STRRET - NEWTOWN,AMA,Greater Accra,Retail
1737,PC/GR/R/0030L,JAYSTEL PHARMACY LTD,H/NO. 14 - SPOT M OFANKOR,GA WEST,Greater Accra,Retail
1738,PC/CR/W/0091L,JB PHARMACY LTD,H/NO. KZ 388/3 NII YUSSIF STREET OLD MARKET KOSOA,AWUTU SENYA EAST,Central,Wholesale
1739,PC/CR/WR/0089M,JCHS PHARMACY & TRADING LTD,BENAB OIL SERVICE STATION NEW MARKET ROAD - KASOA,AWUTU SENYA EAST,Central,Wholesale/Retail
1740,PC/CR/WR/0153H,JCHS PHARMACY AND TRADING LT,"H/NO. PLT. 27/1 I SEE BLOCK FACTORY NYANYANO ROAD
NYANYANO KAKRABA KASOA",AWUTU SENYA,Central,Wholesale/Retail
1741,PC/AS/R/00046,JE ROPHE PHARMACY,"H/NO. PLOT 11, BLOCK J - OLD AHINSAN KUMASI",KMA,Ashanti,Retail
1742,PC/VR/WR/0605K,JEB PHARMACY,STORE NO. 73 MARKET STORE - SOGAKOPE,SOUTH TONGU,Volta,Wholesale/Retail
1743,PC/GR/R/0010G,JEBECTA PHARMACY,"HNO. 122, RED TOP, DUNKONA, BORTIANOR",GA SOUTH,Greater Accra,Retail
1744,PC/GR/W/00066,JEBINA PHARMACY,H/NO. D667/4 KIMBERLY AVENUE OKAISHIE ACCRA,AMA,Greater Accra,Wholesale
1745,PC/GR/R/0061L,JEGAFAN PHARMACY LTD,GW-0292-1104 NII YOATE AVENUE - NORTH OFANKOR,GA WEST,Greater Accra,Retail
1746,PC/AS/W/0180K,JEHNAI PHARMACY LIMITED,"PSU 3A, PATASI ESTATE",KMA,Ashanti,Wholesale
1747,PC/WR/R/0011P,JEHOVAH SHAMMAH PHARMACY,PLOT 8 - OPPOSITE METHODIST SCHOOL PARK SHAMA,SHAMA,Western,Retail
1748,PC/AS/R/0655L,JEKANNA PHARMACY,PLOT 1D - POKUKROM APATRAPA,KMA,Ashanti,Retail
1749,PC/GR/R/0521K,JEKMAN PHARMACY LTD,H/NO. 233 PIPELINE ROAD - GBAWE,GA SOUTH,Greater Accra,Retail
1750,PC/GR/R/00145,JEKSA PHARMACY LTD,"H/NO. 82, CHEMU RD, NEAR ST. MARY'S PREP. SCHOOL,
MAMPROBI ACCRA",AMA,Greater Accra,Retail
1751,PC/GR/R/00145,JEKSA PHARMACY LTD,"H/NO. 82, CHEMU RD, NEAR ST. MARY'S PREP. SCHOOL,
MAMPROBI ACCRA",AMA,Greater Accra,Retail
1752,PC/AS/R/0169N,JEMBET PHARMACY,"PLOT 14, BLOCK F AK-378-4442 - GYINYASE",KMA,Ashanti,Retail
1753,PC/WR/R/00006,JEMOZ PHARMACY,"H/NO ASTORIA RD, ASTORIA ROAD MARKET CIRCLE TARKWA",TARKWA-NSUAEM,Western,Retail
1754,PC/VR/R/0118P,JENAF PHARMACY LTD,VH-0114-1026 - ADAKLU HO,HO,Volta,Retail
1755,PC/WR/WR/0373H,JENAPP PHARMACY LIMITED,H/NO. A1 CYANIDE AVENUE CYANIDE TARKWA,TARKWA-NSUAEM,Western,Wholesale/Retail
1756,PC/GR/WR/0231J,JENARK PHARMACY,"UNN. HSE AGBON ROAD AGBON ROAD SAPEIMAN
AMASAMAN",GA WEST,Greater Accra,Wholesale/Retail
1757,PC/BA/WR/00027,JENARK PHARMACY LTD.,H/NO. M 4/10A JAMDEDE ROAD NYAMBEKYERE BEREKUM,BEREKUM,Brong Ahafo,Wholesale/Retail
1758,PC/GR/R/0417H,JENARKO PHARMACY LTD.,"H/No. 1/X76 ADJELEY ASHARLEY STREET COMMUNITY 1
TEMA",TMA,Greater Accra,Retail
1759,PC/GR/R/00824,JEPHPONG PHARMA LTD.,H/NO. D317 ACCRA-KASOA HIGHWAY NEW WEIJA ACCRA,GA SOUTH,Greater Accra,Retail
1760,PC/WR/WR/0004D,JEPHPONG PHARMACY,H/NO. 2 ESSIAMA HIGHWAY NEAR LORRY STATION ESSIAMA,ELLEMBELLE,Western,Wholesale/Retail
1761,PC/WR/WR/0040G,JEPHPONG PHARMACY,"H/NO. AB 304, HON. ARMAH K. BUAH STR, BRIGADE AIYINASI",ELLEMBELLE,Western,Wholesale/Retail
1762,PC/WR/R/0129P,JEPHPONG PHARMACY LTD,H/NO. E104 FIRE SERVICE ROAD - ELUBO,JOMORO,Western,Retail
1763,PC/GR/R/00684,JESS CHEMIST,"H/NO. B83/31, ABEKA-MALLAM MOTORWAY, OKAIKOI ACCRA",AMA,Greater Accra,Retail
1764,PC/GR/R/0079C,JESSGAB PHARMACY,"H/NO. AA 39, -COMM. 4, TEMA",TMA,Greater Accra,Retail
1765,PC/GR/R/00614,JESSMUNA PHARMACY,H/NO. 28 AGBOGBA MAIN ROAD AGBOGBA VILLAGE ACCRA,GA EAST,Greater Accra,Retail
1766,PC/GR/WR/0056J,JIDAH PHARMACY LIMITED,"H/NO. AM, 143 OBEYIE ROAD - AYOKAI DOBOLO-",GA WEST,Greater Accra,Wholesale/Retail
1767,PC/GR/R/0222J,JILIS PHARMACY,DEMOD STREET NORTH KANESHIE ACCRA,AMA,Greater Accra,Retail
1768,PC/GR/R/00890,JILIS PHARMACY LTD.,H/NO. SM/D288 NEAR PRESBY CHURCH SANTA MARIA ACCRA,GA SOUTH,Greater Accra,Retail
1769,PC/BA/WR/00019,JILL PHARMACY LTD.,H/NO. P. 18/8 PENKWASI PENKWASI SUNYANI,SUNYANI,Brong Ahafo,Wholesale/Retail
1770,PC/GR/R/00835,JIM-BECK PHARMACY,H/NO. 4 ADJEI OBADZEN STREET TEBIBIANO ACCRA,LEDZOKUKU-KROWOR,Greater Accra,Retail
1771,PC/GR/R/0089D,JIM-BECK PHARMACY,"UNN. HSE, TEBIBIANOR, TESHIE",LEDZOKUKU-KROWOR,Greater Accra,Retail
1772,PC/CR/WR/0093M,JIREH HEIGHTS PHARMACY,H/NO. B66 - IRON CITY KASOA,AWUTU SENYA EAST,Central,Wholesale/Retail
1773,PC/GR/R/00836,JISLORD PHARMACY LTD.,NIGHT MARKET OSU ACCRA,AMA,Greater Accra,Retail
1774,PC/VR/R/0246N,JKN PHARMACY,VN-0005-7477 DAMANKO ROAD NAYAN'S VILLA KPASSA,NKWANTA NORTH,Volta,Retail
1775,PC/AS/R/00270,JMVIC PHARMACY,"PLOT 2, BLO K 21 ABOABO MAIN STREET , KUMASI",KMA,Ashanti,Retail
1776,PC/CR/R/0447L,JO-EPHSON PHARMACY,"H/NO. AE 250/16, OFAAKOR",AWUTU SENYA EAST,Central,Retail
1777,PC/VR/R/0146L,JODAEL PHARMACY,H/NO. HF3/24H CK ROAD HOFEDO HO,HO,Volta,Retail
1778,PC/AS/WR/00111,JODASMAS PHARMACY LTD.,"H/NO. FTE 36 APOSTOLIC CHURCH FREETOWN EXTENSION -
KONONGO",ASANTE AKIM CENTRAL,Ashanti,Retail
1779,PC/BA/WR/00030,JOE BENNETT PHARMACY,H/NO. C 53/2 STATION STREET SUYANI SUNYANI,SUNYANI,Brong Ahafo,Wholesale/Retail
1780,PC/WR/R/0039G,JOE-DEE PHARMACY LTD,"H/NO. 32, ASSAKAE ROAD, ASSAKAE",SEKONDI-TAKORADI,Western,Retail
1781,PC/GR/R/00800,JOEFIKO PHARMACY LTD.,"AGAPET FILLING STATION OPPOSITE CHEMU SEC. SCH
COMMUNITY 4 TEMA",TMA,Greater Accra,Retail
1782,PC/BA/WR/0214G,JOEGANI PHARMACY LTD (TECHIM,"H/NO. TMA 295L, CLOSE TO ASPET-A OLD SITE TECHIMAN -
TECHIMAN",TECHIMAN,Brong Ahafo,Wholesale/Retail
1783,PC/BA/WR/00021,JOEGANI PHARMACY LTD.,"H/NO. 0YB 6, STATION ROAD, DORMAA AHENKRO AHENKRO",DORMAA CENTRAL,Brong Ahafo,Wholesale/Retail
1784,PC/AS/WR/0116D,JOEHANZY PHARMACEUTICALS,"PLOT 1, BLOCK 1 JUABENG ROAD BONWIRE JUNCTION NEW
BOMFA",EJISU-JUABENG,Ashanti,Wholesale/Retail
1785,PC/GR/R/0008M,JOELINA PHARMACY LTD,UNN HSE - NEWLAND AFIENYA,TMA,Greater Accra,Retail
1786,PC/GR/R/00786,JOEPHARMA LTD.,"CHLP 4 COMMONWEALTH HALL UNIVERSITY OF GHANA,
LEGON ACCRA",AMA,Greater Accra,Retail
1787,PC/GR/R/0034N,JOEPHIL PHARMACY LTD,H/NO. 31 OWUSU KOFI STREET - ODORKOR OFFICIAL TOWN,,Greater Accra,Retail
1788,PC/CR/WR/0092L,JOERESA PHARMACY LTD,"H/NO HB 248/50 - KYEKYEWERE STATION DUNKWA-ON-
OFFIN",UPPER DENKYIRA-EAST,Central,Wholesale/Retail
1789,PC/ER/WR/0434K,JOETAY PHARMACY LTD,H/NO. E30A PAKRO ROAD - NSAWAM,NSAWAM ADOAGYIRI,Eastern,Wholesale/Retail
1790,PC/AS/R/0114L,JOFAS PHARMACY,"PLOT 2, BLOCK E DONYINA ROAD - APPIADU",KMA,Ashanti,Retail
1791,PC/WR/WR/0041G,JOFAS PHARMACY LTD,"H/NO. H372, KUMASI RD 19, BIBIANI",BIBIANI-ANHWIASO BEKWAI,Western,Wholesale/Retail
1792,PC/GR/WR/00117,JOHN BEST CHEMISTS LTD.,H/NO.C45/12 ABAVANA JUNTION KOTOBABI ACCRA,AMA,Greater Accra,Wholesale/Retail
1793,PC/GR/R/00058,JOHN LAWRENCE CHEMISTS LTD.,UNN. HOUSE MARKET COMPLEX KANESHIE ACCRA,AMA,Greater Accra,Retail
1794,PC/BA/WR/0061G,JOJO PHARMACY,"H/NO. 6, ATOASE MAIN STATION ROAD, - DORMAA AHENKRO",DORMAA CENTRAL,Brong Ahafo,Wholesale/Retail
1795,PC/BA/R/0217P,JOJO PHARMACY LTD,"H/NO OYB 16, AHENKRO",DORMAA CENTRAL,Brong Ahafo,Retail
1796,PC/BA/R/0179F,JOJO PHARMACY LTD.(PRESBY HO,"PLOT 113, BLK. F MAIN ROAD - DORMAA AHENKRO",DORMAA CENTRAL,Brong Ahafo,Retail
1797,PC/AS/WR/0321H,JOMAADS PHARMACY LTD,"H/NO. AJ/115 MAIN ROAD ASOKWA JUNCTION ADANSOI
ASOKWA",ADANSI NORTH,Ashanti,Wholesale/Retail
1798,PC/GR/R/00387,JONNY-BOW PHARMACY LTD.,NEAR UNIQUE GUEST HOUSE KORKORJOR ACCRA,AMA,Greater Accra,Retail
1799,PC/GR/R/00387,JONNY-BOW PHARMACY LTD.,NEAR UNIQUE GUEST HOUSE KORKORJOR ACCRA,AMA,Greater Accra,Retail
1800,PC/AS/WR/00022,JOPAUL CHEMISTS LTD.,"PLOT 1, BLOCK 13 - NEW AMAKOM KUMASI",KMA,Ashanti,Wholesale/Retail
1801,PC/WR/WR/00027,JOPIZO PHARMACY,H/NO. EA 9A LAST STOP ANAJI NAMIBIA TAKORADI,SEKONDI-TAKORADI,Western,Wholesale/Retail
1802,PC/GR/R/00580,JORAMAY PHARMACY LTD,"PLOT 22 MAIN ASHAIMAN ROAD LASHIBI, COMMUNITY 16
TEMA",TMA,Greater Accra,Retail
1803,PC/ER/R/00028,JORDANCO PHARMACY,H/NO. C 79/2 - AKUTUNYA SOMANYA,YILOKROBO,Eastern,Retail
1804,PC/GR/WR/0317J,JOROSES PHARMACY LIMITED,STORE NO. B/25 DRUGLANE OKAISHIE ACCRA CENTRAL,AMA,Greater Accra,Wholesale/Retail
1805,PC/GR/R/0083H,JOS PHARMACEUTICALS,H/NO. 8 23 CHEMU STREET MAMPROBI ACCRA,GA CENTRAL,Greater Accra,Retail
1806,PC/AS/WR/0050E,JOSARP PHARMACY LTD.,AC-003-3143 ADJACENT GCB - KONONGO,ASANTE AKIM NORTH,Ashanti,Wholesale/Retail
1807,PC/GR/R/0249P,JOSCO-ALO PHARMACY LTD,H/NO. AA 160 ANNOINTED STREET AGBOZOME ROAD JOMA,GA CENTRAL,Greater Accra,Retail
1808,PC/GR/R/00059,JOSDAV CHEMISTS LIMITED,NO. B.126 POST OFFICE AREA KANESHIE ACCRA,AMA,Greater Accra,Retail
1809,PC/GR/R/0101C,JOSLY PHARMACY LTD,H/NO. 369/24 - APENKWA ACCRA,AMA,Greater Accra,Retail
1810,PC/CR/R/0072P,JOSWARD PHARMACY LTD,"H/NO. 82/6, AGONA SWEDRU",AGONA WEST,Central,Retail
1811,PC/GR/R/00324,JOTAFA COMPANY LTD.,"H/NO. B/451, - SAKUMONO ACCRA",TMA,Greater Accra,Retail
1812,PC/GR/R/0237J,JOVEL PHARMACY LTD,"H/NO. G 36/7 GIFFARD ROAD TRADE FAIR-ACCRA LA TRADE
FAIR",LA DEDE-KOTOPON,Greater Accra,Retail
1813,PC/VR/WR/0256N,JOWIS & SONS LTD,H/NO. DE-9-004 BEACH ROAD - DENU,KETU SOUTH,Volta,Wholesale/Retail
1814,PC/GR/R/00780,JOY PHARMACY LTD.,H/NO. A 348/9 - BANANA INN ACCRA,AMA,Greater Accra,Retail
1815,PC/GR/R/0310P,JOY-KLINK PHARMACY LTD,GD-088-2693 E. NIKOI KOTEI AVENUE - ASHALEY BOTWE,ADENTAN,Greater Accra,Retail
1816,PC/AS/R/0289K,JOYARD PHARMACY,"PLOT 8, BLOCK D AYIDAM SANTASI KUMASI",KMA,Ashanti,Retail
1817,PC/GR/R/0248J,JOYWELL PHARMACEUTICALS LTD,H/NO. 13 KINGSHASHA HOTEL CHOICE NEW WEIJA,GA SOUTH,Greater Accra,Retail
1818,PC/GR/R/0165F,JR FOUNTAIN SPRING PHARMACY,"ATTA MILLS BYPASS, NR. KINGS UNIVERSITY - - APLAKU",GA SOUTH,Greater Accra,Retail
1819,PC/WR/WR/0075F,JSD PHARMACY LTD.,"CIRCUIT COURT JXN, HOSPITAL RD, CHAPEL HILL, TAKORADI",SEKONDI-TAKORADI,Western,Wholesale/Retail
1820,PC/AS/R/0559L,JSI PHARMACY,"PLOT 7, BLOCK B, PANKRONO",KMA,Ashanti,Retail
1821,PC/AS/WR/0262J,JSI PHARMACY LTD,H/NO. BLK BT 10 HOSPITAL ROAD KROTIA ANKAASE,KWABERE EAST,Ashanti,Wholesale/Retail
1822,PC/AS/R/0102J,JSI PHARMACY LTD.,"H/NO. 42, BLOCK C MANPONTENG-KUMASI ROAD - AHWIAA",KWABERE EAST,Ashanti,Retail
1823,PC/GR/WR/0193G,JU-BETH PHARMACY,"OPPOSITE GOIL STATION, OBEYEYIE-AMASAMAN",GA WEST,Greater Accra,Wholesale/Retail
1824,PC/GR/R/0505K,JU-BETH PHARMACY LTD,H/NO. YUB 103 NII ATAANYA HIGHWAY - ASHAIMAN,ASHIAMAN,Greater Accra,Retail
1825,PC/VR/WR/0124D,JUAPONG PHARMACY LTD.,"H/NO. 32/2, KPABITEY STREET OPP. JTL JUNCTION JUAPONG",NORTH TONGU,Volta,Wholesale/Retail
1826,PC/CR/WR/0088B,JUCAD PHARMACY,- OPPOSITE OLD MARKET KASOA KASOA,AWUTU SENYA,Central,Wholesale/Retail
1827,PC/GR/R/0065L,JUCAD PHARMACY,GA-098-0126 ROYAL CASTLE ROAD - KOKOMLEMLE,AMA,Greater Accra,Retail
1828,PC/CR/R/0097L,JUCAD PHARMACY,"H/NO. KT 15/14, KASOA",AWUTU SENYA EAST,Central,Retail
1829,PC/GR/W/0096F,JUCAD PHARMACY LTD,OKAISHIE DRUG LANE - OKAISHIE ACCRA,AMA,Greater Accra,Wholesale
1830,PC/GR/R/0212C,JUICY PHARMACY LTD,PROPERTY PT 3A MAIN LANE TO NEW SITE NEW SITE ADENTA,ADENTAN,Greater Accra,Retail
1831,PC/GR/R/0212C,JUICY PHARMACY LTD,PROPERTY PT 3A MAIN LANE TO NEW SITE NEW SITE ADENTA,ADENTAN,Greater Accra,Retail
1832,PC/WR/WR/0511L,JUJAQ PHARMACY LTD,H/NO. DB 084 MAIN MARKET NACH DABOASE,WASSA EAST,Western,Wholesale/Retail
1833,PC/GR/R/0048L,JUKE PHARMACY,"GD-315-2538 4TH SALEM STREET HAPPY HOUR JUNCTION
MALEJOR",ADENTAN,Greater Accra,Retail
1834,PC/AS/R/00075,JULIAG CHEMIST,"PLOT 3, BLOCK XVIII NEW TAFO NHYIASO ROAD CPC KUMASI",KMA,Ashanti,Retail
1835,PC/AS/R/00075,JULIAG CHEMIST,"PLOT 3, BLOCK XVIII NEW TAFO NHYIASO ROAD CPC KUMASI",KMA,Ashanti,Retail
1836,PC/GR/R/00368,JULIAN CHEMISTS LTD.,STORE NO. 28 & 29 COMMUNITY 1 MARKET TEMA TEMA,TMA,Greater Accra,Retail
1837,PC/AS/R/0124N,JULIBO PHARMACY LTD,PLOT 19 - NEAR NURSING TRAINING SCHOOL FOMENA,ADANSI NORTH,Ashanti,Retail
1838,PC/GR/R/0052H,JULIEDEE PHARMACY,"UNN HSE. NEAR ZOOMLION (TRASACA WEST) MEDI MOSES
PROSTRATE CENTER GATE default ASHALEY- BOTWE ASHALEY-
BOTWE",ADENTAN,Greater Accra,Retail
1839,PC/GR/WR/0166L,JULIMED PHARMACY LTD,H/NO. 18 BOKOBOKOR STREET - AGBOGBA,GA EAST,Greater Accra,Wholesale/Retail
1840,PC/AS/WR/00113,JULIPONIA PHARMACY,STORE NO 5 - ADESYMAN GARDENS KUAMSI,KMA,Ashanti,Wholesale/Retail
1841,PC/AS/WR/00034,JULIPONIA PHARMACY,H/NO. 729 - AYIGYA KUMASI,KMA,Ashanti,Wholesale/Retail
1842,PC/GR/R/0166J,JULITA PHARMACY LIMITED,AM/03 ODUMASE ROAD TROBO AMAMORLEY,GA WEST,Greater Accra,Retail
1843,PC/GR/R/0044E,JULITET PHARMACY,"H/NO. AN 30, - BETHSADA JUNCTION ANYAA MARKET",GA SOUTH,Greater Accra,Retail
1844,PC/GR/R/0011A,JULITET PHARMACY LTD.,H/NO. 204 - C CONNIE JUNCTION GBAWE ZERO,GA SOUTH,Greater Accra,Retail
1845,PC/GR/R/00556,JURIC PHARMACY LTD.,PLOT NO. - AGBOGBLOSHIE ACCRA,AMA,Greater Accra,Retail
1846,PC/GR/WR/0016G,JUST ANANSE PHARMACY LTD,"NO. 1/M214, SITE 19, COMMUNITY 1, TEMA",TMA,Greater Accra,Wholesale/Retail
1847,PC/GR/WR/0348L,JUST ASK PHARMACY,TOTAL SERVICE STATION NSAWAM ROAD - OFANKOR,GA WEST,Greater Accra,Wholesale/Retail
1848,PC/GR/R/0240K,JUSTOPRA PHARMACY LIMITED,GD-061-61567 JEFKINGS HOTEL FRAFRAHA ADENTA,ADENTAN,Greater Accra,Retail
1849,PC/GR/R/0471K,K. SAT PHARMACY LTD,GK-0364-6688 AVIATION AREA ATADEKA NEW YORK ZENU,ASHIAMAN,Greater Accra,Retail
1850,PC/AS/WR/0334H,K.A. PARTSARP,PLOT 4 NEAR VRA OFFICE NEAR VRA OFFICE TEPA,AHAFO-ANO NORTH,Ashanti,Wholesale/Retail
1851,PC/GR/R/0092F,K.S. ROYAL CHEMIST LTD.,"UNN.HSE, ABLEKUMA PARK, CLOSE TO GPRTU ABLEKUMA",GA SOUTH,Greater Accra,Retail
1852,PC/GR/WR/00076,K.SOMUAH & SONS PHARMACY,H/NO. D763/4 KIMBERLEY AVENUE OKAISHIE ACCRA,AMA,Greater Accra,Wholesale/Retail
1853,PC/GR/WR/0503K,K79 PHARMACY LTD,"OPPOSITE GOIL SERVICE STATION ADENTA-DODOWA
HIGHWAY - AMRAHA",ADENTAN,Greater Accra,Wholesale/Retail
1854,PC/GR/R/0318P,KABCARE PHARMACY LTD,GCE-032-0024 - MENSAH ADDO SOWUTUOM,GA CENTRAL,Greater Accra,Retail
1855,PC/WR/WR/00020,KABMORE CHEMISTS,"H/NO. 2 AXIM ROAD, NEAR BOMPEH SECONDARY SCH,
TAKORADI",SEKONDI-TAKORADI,Western,Wholesale/Retail
1856,PC/CR/R/0546K,KABS PHARMA HEALTH SERVICE L,"H/NO. KC/WR/021, BUDUMBURAM",AWUTU SENYA EAST,Central,Retail
1857,PC/GR/R/0228L,KABS PHARMACY LIMITED,GM-073-0442 ADJACENT WASS SCHOOL NEW SITE ADENTA,ADENTAN,Greater Accra,Retail
1858,PC/GR/R/00060,KABY CHEMISTS,H/NO. B1052/7 - BUBUASHIE ACCRA,AMA,Greater Accra,Retail
1859,PC/GR/R/00907,KADOLF PHARMACY,MAAME FRIMPOMAA HOUSE AMRAHIA ACCRA,ADENTAN,Greater Accra,Retail
1860,PC/AS/R/00074,KAF CHEMISTS LTD.,"PLT 12 BLOCK 10 AIRPORT ROAD ABOABO NO.1, EXTENTION
KUMASI",KMA,Ashanti,Retail
1861,PC/WR/WR/0033P,KAFERI PHARMACY,STORE 1 MAIN ROAD - ASANKRANGWA,WASSA AMENFI WEST,Western,Wholesale/Retail
1862,PC/CR/WR/00030,KAFH PHARMACEUTICALS LTD.,H/NO. E 19 - NEAR EMASA RURAL BANK AWUTU BEREKU,EFFUTU,Central,Wholesale/Retail
1863,PC/GR/R/0410K,KAFNY PHARMACY LTD,"H/NO. 36 OBLOGO ROAD NEAR GA SOUTH MINICIPAL OFFICE
WEIJA",GA SOUTH,Greater Accra,Retail
1864,PC/NR/R/0121M,KAISER PHARMACY,H/NO. 72 - EDUCATION RIDGE SAGNARIGU,SAGNERIGU,Northern,Retail
1865,PC/GR/R/00346,KAIZEN PHARMACY,HSE NO. A498/17 SAHARA DOWN DANSOMAN ACCRA,AMA,Greater Accra,Retail
1866,PC/AS/R/00072,KAK PHARMACY,"PLOT NO. 6, BLOCK. 2 - AYIGYA KUMASI",KMA,Ashanti,Retail
1867,PC/AS/R/0491L,KAK PHARMACY LTD,"PLOT 2, BLOCK A - ANKAASE WIAMOASE",SEKYERE SOUTH,Ashanti,Retail
1868,PC/NR/WR/0426P,KALAMED PHARMACY LIMITED,NT-0000-8198 - POINT 7 AREA TAMALE,TAMALE,Northern,Wholesale/Retail
1869,PC/GR/R/0063L,KAM-AID PHARMACY LTD,H/NO. 1 NII KWAKWANYA STREET - OYARIFA,ADENTAN,Greater Accra,Retail
1870,PC/GR/R/0358P,KAM-AID PHARMACY LTD,"H/NO. 1, GW-019-8559 - WESTLAND BLVD MADINA",GA WEST,Greater Accra,Retail
1871,PC/AS/WR/00075,KAMA HEALTH SERVICES LTD.,H/NO. K.O. 9 & 10 - KEJETIA KUMASI,KMA,Ashanti,Wholesale/Retail
1872,PC/GR/MW/0006G,KAMA INDUSTRIES LTD.,"HNO. PLOT NO. 8, LIGHT IND. AREA, RING ROAD EAST,
oVlAeNsaIAleDO ACCRA",LA DEDE-KOTOPON,Greater Accra,Manufacturing Wholesale
1873,PC/GR/R/0670L,KANBOK PHARMACY LIMITED,H/NO. 20 WEIJA-KASOA HIGHWAY OBLOGO WEIJA,GA SOUTH,Greater Accra,Retail
1874,PC/WR/WR/0109M,KANSA CITY PHARMACY,H/NO. 39 MARKET KANSAWRODO TAKORADI,SEKONDI-TAKORADI,Western,Wholesale/Retail
1875,PC/GR/R/00810,KAPTPHARM LTD.,H/NO 20 OKAIMAN TABORA JUNCTION - ACCRA,AMA,Greater Accra,Retail
1876,PC/AS/R/00123,KASAMS PHARMACY,"H/NO. PLOT 6, BLOCK. E. - ABREPO KUMASI",KMA,Ashanti,Retail
1877,PC/BA/WR/00005,KASAPA HEALTH SERVICE,H/NO. AH 2/1 AHENFI STREET GPRTU BUILDING TECHIMAN,TECHIMAN,Brong Ahafo,Wholesale/Retail
1878,PC/AS/W/0024H,KASAPHARM LTD,PLOT NO. 7 BLOCK 37 AMAKOM AMAKOM,KMA,Ashanti,Wholesale
1879,PC/GR/R/0311P,KASBA PHARMACY,H/NO. MDAN/455/3 HUMPHERY NIIKOI STREET - MADINA,,Greater Accra,Retail
1880,PC/GR/R/0292P,KASSEH PHARMACY LTD,AJK-B5/C1-014 AFLAO ROAD ADDOKOPE KASSEH,ADA EAST,Greater Accra,Retail
1881,PC/BA/R/0223P,KAT 1 PHARMACY LTD,SECTOR 82B P/N HIGH STREET - TUOBODOM,TECHIMAN NORTH,Brong Ahafo,Retail
1882,PC/GR/R/0393L,KATEMED PHARMACY,H/NO. 114G GYE NYAME STREET ATOMIC DOWN ROAD TAIFA,GA EAST,Greater Accra,Retail
1883,PC/AS/R/0087C,KAYKO PHARMACY LTD,"PLOT B, BLK 14, MELCOM STR, ASORE NKWANTA AMPAYOO",KMA,Ashanti,Retail
1884,PC/AS/R/0042C,KAYNEX PHARMACY,"PLOT 2, NEAR GIHOC SHOE FACTORY CHIRAPATRE KUMASI",KMA,Ashanti,Retail
1885,PC/GR/R/0470K,KEAT PHARMACY,H/NO. 4 MAIN STREET NEAR SSNIT FLATS BORTEYMAN,KPONE KATAMANSO,Greater Accra,Retail
1886,PC/GR/WR/0252M,KEBE PHARMACY,BRENYA AVENUE - - TESANO APENKWA,GA WEST,Greater Accra,Wholesale/Retail
1887,PC/GR/R/0054B,KEBIAN PHARMACY,H/NO. 05/B 196 - OMANJOR RES. AREA ACCRA,GA WEST,Greater Accra,Retail
1888,PC/WR/WR/0161J,KEBKINGS PHARMACY LIMITED,H/NO 76 Anoe Road TWABEWU KOFIKROM,SEKONDI-TAKORADI,Western,Retail
1889,PC/WR/R/0162J,KEGS PHARMACY LIMITED,H/NO 23 PRIME WOOD ROAD EFFIA TAKORADI,SEKONDI-TAKORADI,Western,Retail
1890,PC/WR/W/00013,KEKULE PHARMACY,"H/NO. 61/63 NEW LAYOUT H/NO. 61/63 NEW LAYOUT, NEW
LAYOUT TARKWA",TARKWA-NSUAEM,Western,Wholesale
1891,PC/WR/W/00013,KEKULE PHARMACY,"H/NO. 61/63 NEW LAYOUT H/NO. 61/63 NEW LAYOUT, NEW
LAYOUT TARKWA",TARKWA-NSUAEM,Western,Wholesale
1892,PC/AS/WR/0114N,KEL-JOHN PHARMACY LTD,H/NO. NA/36/A NEAR BUS STOP BOSSMAN OBUASI,OBUASI,Ashanti,Wholesale/Retail
1893,PC/GR/R/0220K,KELDOTTY PHARMACY LIMITED,BLOCK 21 1ST ADIEMBRA STREET - LA,LA NKWANTANANG-MADINA,Greater Accra,Retail
1894,PC/NR/R/0121P,KELISA PHARMACY LTD,H/NO. P24 EDUCATION RIDGE ROA - KUMBUNGU,KUMBUGU,Northern,Retail
1895,PC/GR/R/0095J,KELLYS PHARMACY,19TH MILK BUSH AVENUE BRIGADE ROAD - TESHIE-NUNGUA,LEDZOKUKU-KROWOR,Greater Accra,Retail
1896,PC/GR/W/0043J,KELMED PHARMACEUTICALS,H/NO. 80 KWAME NKRUMAH AVENUE ADABRAKA ACCRA,AMA,Greater Accra,Wholesale
1897,PC/GR/W/0041J,KELMED PHARMACEUTICALS,"H/NO. 4 &B5 HANNA & BADU n ROAD S & A BUILDING
MADINA",LA NKWANTANANG-MADINA,Greater Accra,Wholesale
1898,PC/GR/W/0142G,KELMED PHARMACEUTICALS LIMI,"H/N0. G270N, ASHAIMAN-TULAKU, - ASHAIMAN",ASHIAMAN,Greater Accra,Wholesale
1899,PC/VR/W/0254P,KELMED PHARMACEUTICALS LTD,"H/NO. 102, VO-0015-1924 - BATENICE JUNCTION HO",HO,Volta,Wholesale
1900,PC/GR/W/0240J,KELMED PHARMACEUTICALS LTD,H/NO. E49/12 ACCRA POLY ROAD TUDU TUDU,AMA,Greater Accra,Wholesale
1901,PC/GR/WR/0124B,KELMED PHARMACEUTICALS LTD.,"SHOP NO 019 - NAA PLAZA BUILDING, OKAISHIE ACCRA",AMA,Greater Accra,Wholesale/Retail
1902,PC/ER/R/00002,KEMIL PHARMACY,"H/NO. A 29, LORRY PARK, NSAWAM",NSAWAM ADOAGYIRI,Eastern,Retail
1903,PC/GR/R/00566,KENBOAT PHARMACY,"H/NO. C 348/1, 18 NEOPLAN STREET AVENOR ACCRA",AMA,Greater Accra,Retail
1904,PC/WR/R/00033,KENDICKS PHARMACY,H/NO. 22/8 JOHN SARBAR ROAD TAKORADI,SEKONDI-TAKORADI,Western,Retail
1905,PC/WR/WR/0362H,KENDICKS PHARMACY LTD,STORE NO. 3 ESIAMA ROAD AFUANTA TARKWA,TARKWA-NSUAEM,Western,Wholesale/Retail
1906,PC/GR/R/0204F,KENEVE PHARMACY LTD.,"UNN.HSE. OYARIFA GREENHILL, OYARIFA",GA WEST,Greater Accra,Retail
1907,PC/ER/WR/00005,KENOP PHARMACY,H/NO. BBS 45/1 NEW APOSTOLIC CHURCH - AKIM ODA,BIRIM SOUTH,Eastern,Wholesale/Retail
1908,PC/GR/R/0089P,KENSTAR PHARMACY,H/NO. D20 - BULASUAFIENYA MATAHEKO,NINGO PRAMPRAM,Greater Accra,Retail
1909,PC/GR/R/00243,KENT PHARMA LTD.,"H/NO. ANT/B/229 KINGSBY ROAD NEW ACHIMOTA
ACHIMOTA",AMA,Greater Accra,Retail
1910,PC/VR/WR/0135F,KEPPRA PHARMACY,H/NO. KEKB 014 MAIN ROAD NEAR MARKET BATTOR,NORTH TONGU,Volta,Wholesale/Retail
1911,PC/GR/R/0001L,KEPRA PHARMACY LIMITED,ONE CD NII ADJEI KOJO STREET - ATADEKA,KPONE KATAMANSO,Greater Accra,Retail
1912,PC/GR/WR/0005H,KESS PHARMACEUTICALS LTD,NO. 1 WHITE STREET AGBOGBA AGBOGBA,GA EAST,Greater Accra,Wholesale/Retail
1913,PC/AS/IW/0439P,KESTAPHARMA LTD,aHle/NO. BA 130A HIGH STREET UNITY HOUSE BANTAMA,KMA,Ashanti,Importing Wholesale
1914,PC/GR/WR/0415L,KETHAMA PHARMACY LIMITED,PLOT 13 - PARAKOU DOME,GA EAST,Greater Accra,Wholesale/Retail
1915,PC/AS/R/0365P,KEY MEDS PHARMACY LTD,"PLOT O1, BLOCK U, AK-238-9538 AHODWO ROUNDABOUT
ADIEBEBA KUMASI",KMA,Ashanti,Retail
1916,PC/GR/R/0209N,KEZWELL PHARMACY LIMITED,H/NO. 10 YOMOFIE STREET - ADENTA,ADENTAN,Greater Accra,Retail
1917,PC/GR/WR/0501K,KEZWELL PHARMACY LTD,PLOT 49 - SHELL SERVICE STATION ZENU,ASHIAMAN,Greater Accra,Wholesale/Retail
1918,PC/GR/W/0302P,KHAIRAAT PHARMACY LTD,"H/NO. K 145 FITTER LANE OPPOSITE FIRST ATLANTIC BANK
ASHAIMAN",ASHIAMAN,Greater Accra,Wholesale
1919,PC/ER/R/0099P,KHENIS- ROYAL PHARMACY,H/NO. W17 A - LORRY STATION MAMFE,AKWAPIM NORTH,Eastern,Retail
1920,PC/ER/WR/0335K,KHENIS-B ROYAL COMPANY LTD,H/NO. AE 86/3 AWO ABUWAA AVENUE - ABURI,AKWAPIM SOUTH,Eastern,Wholesale/Retail
1921,PC/GR/R/0220M,KIDER PHARMACY LTD,H/NO. Z107 OPAH ROAD - SAPEIMAN,GA WEST,Greater Accra,Retail
1922,PC/BA/R/0201P,KIITOS DIOS PHARMACY LTD,H/NO. MFA/MM/143 FETEEGA NO. 2 ROAD - MIM,ASUNAFO NORTH,Brong Ahafo,Retail
1923,PC/GR/R/0533K,KIK HYPRO GHANA LTD,GE-003-3653 TEIMAN-ABIKOBI ROAD - ABOKOBI,ADENTAN,Greater Accra,Retail
1924,PC/GR/R/0180P,KIK HYPRO PHARMACY (GH) LTD,GE-010-4141 - OAK VILLA ESTATE ABOKOBI,GA EAST,Greater Accra,Retail
1925,PC/GR/W/0025L,KIKSAPP PHARMACY LTD,H/NO. P569/23 - - ABEKA LAPAZ,GA CENTRAL,Greater Accra,Wholesale
1926,PC/GR/R/00740,KIN-ADA PHARMACY LTD.,HNO. 107/B PALACE STREET NORTH KANESHIE ACCRA,AMA,Greater Accra,Retail
1927,PC/WR/WR/0096B,KINACO PHARMACY LTD.,"H/NO. 109, NEW TOWN HOSPITAL RD, BIBIANI BIBIANI",BIBIANI-ANHWIASO BEKWAI,Western,Wholesale/Retail
1928,PC/AS/W/0182E,KINAPHARMA LIMITED,"H/NO. 27 BLOCK IX, KUMASI OPPOSITE ASEDA HOUSE OTA
KUMASI",KMA,Ashanti,Wholesale
1929,PC/GR/R/00061,KINAPHARMA LTD,H/NO. D7 22/3 DERBY AVENUE - ACCRA,AMA,Greater Accra,Retail
1930,PC/GR/W/00023,KINAPHARMA LTD,"H/NO.B762/4, KIMBU AVENUE, ACCRA ACCRA",AMA,Greater Accra,Wholesale
1931,PC/AS/WR/00082,KINAPHARMA LTD.,H/NO. OTB 297 - ADUM KUMASI,KMA,Ashanti,Wholesale/Retail
1932,PC/WR/W/00015,KINAPHARMA LTD.,H/NO. 42/8 LIBERATION ROAD TAKORADI,SEKONDI-TAKORADI,Western,Wholesale
1933,PC/NR/W/00004,KINAPHARMA LTD.,H/NO. 14 - SOUTH LAMASHEGU TAMALE,TAMALE,Northern,Wholesale
1934,PC/AS/WR/00082,KINAPHARMA LTD.,H/NO. OTB 297 - ADUM KUMASI,KMA,Ashanti,Wholesale/Retail
1935,PC/WR/W/00015,KINAPHARMA LTD.,H/NO. 42/8 LIBERATION ROAD TAKORADI,SEKONDI-TAKORADI,Western,Wholesale
1936,PC/NR/W/00004,KINAPHARMA LTD.,H/NO. 14 - SOUTH LAMASHEGU TAMALE,TAMALE,Northern,Wholesale
1937,PC/ER/W/0104P,KINDNESS PHARMACY LTD,"H/NO. G/CA NO. 10 YIRENKYIWAA ROAD AYENBRONU
SUHUM",SUHUM,Eastern,Wholesale
1938,PC/AS/R/00133,KINGS & ROYALS PHARM. LTD.,H/NO. 206 B - BONTODIASE AGOGO,ASANTE AKIM CENTRAL,Ashanti,Retail
1939,PC/AS/R/00254,KINGS & ROYALS PHARMACY LTD.,H/NO. BLOCK H 32 - KENT KRONO-NSENIE KUMASI,KMA,Ashanti,Retail
1940,PC/GR/W/0039C,KINGS DOMINION PHARMACY,"STORE NO. AB 02/356, KANESHIE MAIN ROAD ODORKOR
ACCRA",AMA,Greater Accra,Wholesale
1941,PC/GR/W/00264,KINGSLEY CHEMISTS LTD.,H/NO. G 107/1 JUBILEE WELLS STREET - LA,LEDZOKUKU-KROWOR,Greater Accra,Wholesale
1942,PC/WR/R/00037,KINGSMED PHARMACY,"H/NO. C.S.6, WEST ANAGI ESTATE TAKORADI",SEKONDI-TAKORADI,Western,Retail
1943,PC/GR/R/0207L,KINGSTREET PHARMACY LIMITED,H/NO. 4 - TSUI BLEOO TESHIE,LEDZOKUKU-KROWOR,Greater Accra,Retail
1944,PC/GR/WR/0404L,KINGSTREET PHARMACY LTD,H/NO. 232 - ABUCHI ANYA BUS STOP TESHIE,LEDZOKUKU-KROWOR,Greater Accra,Wholesale/Retail
1945,PC/CR/R/0098L,KINGSWAY PHARMACY LTD,PLOT 219 JUKWA ROAD ESSUAKYIR CAPE COAST,CAPE COAST,Central,Retail
1946,PC/CR/R/0099L,KINGSWAY PHARMACY LTD,H/NO. 37-38 STARLET 91 ROAD SIWDU CAPE COAST,CAPE COAST,Central,Retail
1947,PC/CR/WR/0624H,KINGSWAY PHARMACY LTD.,"H/NO. D11/2, JACKSON STR, - CAPE COAST",CAPE COAST,Central,Wholesale/Retail
1948,PC/AS/W/0376K,KISAL PHARMACY,"STORE NO. 13/14 OPPOSITE CHILDRENS HOSPITAL, KEJETIA
KUMASI",KMA,Ashanti,Wholesale
1949,PC/BA/R/0059G,KISAL PHARMACY LTD.,"H/NO. A 47/9, ODUMASE HIGH STR, ODUMASE",SUNYANI,Brong Ahafo,Retail
1950,PC/GR/R/0194C,KLAD PHARMACY LTD,"PLOT 66 KINGDOM HALL ROAD AFIAMAN NORTH
AMASAMAN",GA WEST,Greater Accra,Retail
1951,PC/GR/R/0088D,KLAD PHARMACY LTD.,"H/NO. 76, 4TH JUNCTION-OKAIMAN POKUASE MAYERA",GA WEST,Greater Accra,Retail
1952,PC/GR/WR/0128G,KLAY PHARMACY LTD.,"H/NO. OF 24, ATTA MILLS JXN, ASOFAN ROAD ASOFA AVENUE
OFANKOR",GA WEST,Greater Accra,Wholesale/Retail
1953,PC/CR/R/0122K,KLEENMED PHARMACY,H/NO. 69 ASANTE ROAD NEAR SAVOY HOTEL CAPE COAST,CAPE COAST,Central,Retail
1954,PC/AS/R/0584L,KLINICAL KORNER PHARMACY,PLOT NR 70 - - ATWIMA KOFORIDUA,ATWIMA NWABIAGYA,Ashanti,Retail
1955,PC/CR/WR/0099K,KLINS PHARMACY,H/NO. D. 94B NANA BAAH VII STREET NANKESIDO SALTPOND,MFANTSEMAN,Central,Wholesale/Retail
1956,PC/CR/R/0075P,KLINS PHARMACY LTD,H/NO. 22A PROF. ALLOTEY STREET NKWANTANAN SALTPOND,MFANTSEMAN,Central,Retail
1957,PC/GR/R/0401K,KN PHARMACY LTD,5205950 ADENTA-DODOWA HIGHWAY - AMRAHIA,ADENTAN,Greater Accra,Retail
1958,PC/CR/R/0203N,KO'S PHARMACY LTD,STORE 2 & 3 - COLUMBA KASOA,AWUTU SENYA EAST,Central,Retail
1959,PC/GR/W/0119F,KOBAFCO PHARMACY LTD.,"H/NO. 30, KWABENYA-A-LINE AFROMOSIA STR. - KWABENYA",GA EAST,Greater Accra,Wholesale
1960,PC/GR/R/0074G,KOBEC PHARMACY,"STORE NO. 1, ADJEN KOTOKU STREET, ADJEN KOTOKU",GA WEST,Greater Accra,Retail
1961,PC/AS/WR/0006D,KOBI MEMORIAL PHARMACY,"PLOT NO. 36, BLOCK 11, MILE 4 OLD TAFO KUMASI",KMA,Ashanti,Wholesale/Retail
1962,PC/WR/WR/0083K,KOBINKO PHARMACY,"H/NO. AK 45 METHODIST MISSION TARKWA WASSA
AKROPONG",WASSA EAST,Western,Wholesale/Retail
1963,PC/AS/WR/0150N,KOBJOE PHARMACY LTD,"PLOT 9, BLOCK C - - BOADI",KMA,Ashanti,Wholesale/Retail
1964,PC/VR/WR/0026J,KODEB PHARMACY LTD,H/NO. G43 NEW MARKET ROAD GAKLI AFLAO,KETU SOUTH,Volta,Wholesale/Retail
1965,PC/GR/W/00171,KOF-SAM PHARMACY,H/NO. D 667/4 - OKAISHIE ACCRA,AMA,Greater Accra,Wholesale
1966,PC/AS/W/0191K,KOFAG HEALTHCARE LTD,"H/NO. EE 51, KWADASO ESTATE, KUMASI KWADASO ESTATE -
KUMASI",KMA,Ashanti,Wholesale
1967,PC/ER/R/0097P,KOFCITY PHARMACY,H/NO. 37 E. M. DEBRAH STREET TETEBEA EFFIDUASE,NEW-JUABENG,Eastern,Retail
1968,PC/WR/WR/0209K,KOFI PHARMA LTD,H/NO. C 30 - - SEFWI ASAWINSO,SEFWI WIAWSO,Western,Wholesale/Retail
1969,PC/GR/W/00253,KOFIKROM PHARMACY LTD,"PLOT. NO. RP/13/E1 STORE NO. OS/03809 OSIABOUR PLAZA -
ACCRA",TMA,Greater Accra,Wholesale
1970,PC/ER/WR/0177N,KOFIKROM PHARMACY LTD,"H/NO. BB 41 BONTIRASE STREET OPPOSITE DURBAR
GROUNDS BEGORO",FANTEAKWAH,Eastern,Wholesale/Retail
1971,PC/GR/W/0218E,KOFIKROM PHARMACY LTD.,"H/NO. F 740/3, - - LA",LA DEDE-KOTOPON,Greater Accra,Wholesale
1972,PC/GR/WR/0048N,KOFIKROM PHARMCY LTD,OPPOSITE MELCOM FIRST OTWE STREET - SOUTH LA ESTATES,LA DEDE-KOTOPON,Greater Accra,Wholesale/Retail
1973,PC/ER/WR/0110B,KOGBECO PHARMACY,"H/NO. 59 ACCRA-KUMASI ROAD DISTRICT COURT JUNCTION
ANYINAM",ATIWA,Eastern,Wholesale/Retail
1974,PC/GR/R/0616L,KOHINTA PHARMACY LIMITED,GS-0816-5596 MAIN STREET - KOKROBITE,GA SOUTH,Greater Accra,Retail
1975,PC/AS/WR/00005,KOJACH LIMITED,503 FULLER ROAD CENTRAL MARKET STREET KUMASI KUMASI,KMA,Ashanti,Wholesale/Retail
1976,PC/GR/WR/00009,KOJACH LIMITED,H/N D747/4 KIMBERLY AVENUE OKAISHIE ACCRA,AMA,Greater Accra,Wholesale/Retail
1977,PC/WR/R/00043,KOJOKROM PHARMACY,"H/NO. 2 NEW MARKET, NEAR POLICE STATION KOJOKROM",SHAMA,Western,Retail
1978,PC/AS/R/0135N,KOKAB PHARMACY LTD,SANKOFA 5 - OSEI TUTU HOUSING ESTATE AYIGYA,BEKWAI,Ashanti,Retail
1979,PC/UER/R/0249N,KOMBAT PHARMACY LTD,H/NO. KP 16 MANGA ROAD NEAR AUDIT AERVICE BAWKU,BAWKU,Upper East,Retail
1980,PC/GR/R/0012J,KORANIA PHARMACY LIMITED,H/NO. 4 KLANAA AVENUE - ADENTA,ADENTAN,Greater Accra,Retail
1981,PC/GR/W/00204,KORLYNS PHARMACEUTICALS LTD,"H/NO. EA/10, NEAR JACOT HOTEL - ADENTA",ADENTAN,Greater Accra,Wholesale
1982,PC/GR/R/0438K,KOSAK PHARMACY LTD.,H/NO. D6665/4 CANAVON AVENUE OKAISHIE ACCRA,AMA,Greater Accra,Retail
1983,PC/GR/IW/0019F,KOSAK PHARMACY LTD.,"aHle/NO. 16, NAA PLAZA KNUSTFORD AVENUE OKAISHIE ACCRA",AMA,Greater Accra,Importing Wholesale
1984,PC/WR/WR/0086C,KRASPECT PHARMACY,"H/NO. PA/3, KWASIMINTSIM TAKORADI",SEKONDI-TAKORADI,Western,Wholesale/Retail
1985,PC/WR/R/0334J,KRASPECT PHARMACY,"H/NO. 293 E. AKUFO-ADDO STREET KANSAWO ROAD
TAKORADI",SEKONDI-TAKORADI,Western,Retail
1986,PC/ER/R/0379H,KRENSEN PHARMACY LIMITED,"EE-0003-7111 KIBI-JUASO ROAD NEAR GOVERNMENT
HOSPITAL KYEBI",EAST AKIM,Eastern,Retail
1987,PC/GR/R/00968,KREST PHARMACY LTD.,PLOT NO. 1820 KOTOBABI JUNCTION LASHIBI ACCRA,TMA,Greater Accra,Retail
1988,PC/GR/R/0034G,KRINSHAN PHARMACY,"H/NO. A 204/7, OLD DANSOMAN ROAD, - DANSOMAN",AMA,Greater Accra,Retail
1989,PC/GR/W/00013,KRIPA PHARMA LIMITED,H/NO. 804/6 AGBANI STREET KOKOMLEMLE ACCRA,AMA,Greater Accra,Wholesale
1990,PC/GR/WR/00084,KRISDOF PHARMACY,H/NO. B292/2 SABON ZONGO SABON ZONGO ACCRA,AMA,Greater Accra,Wholesale/Retail
1991,PC/CR/WR/0158H,KRISTOPHARMA LTD,"H/NO. FBR/119 OBENG NUAKO STREET DUNKWA SORO
DUNKWA-ON-OFFIN",UPPER DENKYIRA-EAST,Central,Wholesale/Retail
1992,PC/GR/R/0539K,KRISVYC PHARMACY,PLOT 43 BREKUSU ROAD - KWABENYA,GA EAST,Greater Accra,Retail
1993,PC/GR/R/00065,KROBEA PHARMACY,H/NO. B775/23 - LAPAZ ABEKA ACCRA,AMA,Greater Accra,Retail
1994,PC/AS/R/0106N,KUBAID PHARMACY LTD,PLOT KT 25 - ZONGO AKOMADAN,OFFINSO NORTH,Ashanti,Retail
1995,PC/GR/R/0173C,KUDOS PHARMACY LTD,PLOT NO. C-75 - KANAWU TEMA,TMA,Greater Accra,Retail
1996,PC/UER/WR/0024C,KUMO PHARMACY,"H/NO. E153, BAWKU-VRA ROAD SOUTH NATINGA BAWKU",BAWKU,Upper East,Wholesale/Retail
1997,PC/UWR/WR/0170G,KUMO PHARMACY LTD.,"UNN STORE OLD DISTRICT ASSEMBLY STREET ADJACENT
VODAFONE CONTAINER TUMU",WA,Upper West,Wholesale/Retail
1998,PC/AS/R/0133M,KUNSU PHARMACY,H/NO. KD 96 - OPPOSITE MAIN MARKET KUNSU,AHAFO-ANO SOUTH,Ashanti,Retail
1999,PC/GR/WR/0270,KUSHA PHARMACY,H/NO. B292/13 ONUFU GBOTSUI STREET RUSSIA ACCRA,AMA,Greater Accra,Wholesale/Retail
2000,PC/BA/WR/00013,KWAAPONS PHARMACY,BLK B PLOT 3A MARKET SQUARE CENTRAL MOSQUE ATEBUBU,ATEBUBU-AMANTIM,Brong Ahafo,Wholesale/Retail
2001,PC/AS/R/0038D,KWABEC PHARMACY,"PLOT 1A MOWIRE ROAD, - KODIE",AFIGYA-KWABRE,Ashanti,Retail
2002,PC/GR/R/00861,KWACH PHARMACY LTD,BAATSONAA GOIL null SPINTEX ROAD ACCRA,TMA,Greater Accra,Retail
2003,PC/AS/WR/0356K,KWACHARCO PHARMACY LTD,PLOT 43 KUMASI HIGHWAY BEPOSO TEPA,AHAFO-ANO NORTH,Ashanti,Wholesale/Retail
2004,PC/GR/R/00677,KWADY CHEMIST,H/NO. HO 5 84 COMMUNITY 12 ROAD TMA TEMA,TMA,Greater Accra,Retail
2005,PC/AS/R/0142N,KWAINT ESSENCE PHARMACY,"PLOT 20, BLOCK L LODGE ROAD - BOADI",KMA,Ashanti,Retail
2006,PC/ER/WR/00048,KWAMPAW PHARMACY LTD.,"H/NO. OSA 36 ACCRA-KUMASI ROAD OPPOSITE MTN
TRANSOL SHOP OSINO",FANTEAKWAH,Eastern,Wholesale/Retail
2007,PC/GR/WR/00086,KWARITAN (GH) LTD,H/NO 763/4 KIMBERLEY AVENUE OKAISHIE ACCRA,AMA,Greater Accra,Wholesale/Retail
2008,PC/GR/R/0034M,KWICKPHARMA LTD,H/NO. 16 FM STREET NACO FASHIONS TEMA,TMA,Greater Accra,Retail
2009,PC/VR/WR/0126C,KYDES PHARMACEUTICALS LTD.,"H/NO. T06-B-008, - DZODZE DZODZE",KETU NORTH,Volta,Wholesale/Retail
2010,PC/NR/WR/0110F,KYENGBE PHARMACY,"H/NO. BDA 76, BOLE JUNCTION, MINPE ASEM, - BOLE-
BAMBOI BOLE-BAMBOI",BOLE-BAMBOI,Northern,Wholesale/Retail
2011,PC/GR/R/00319,L. C. L. PHARMACY,THOKEY HS. SEGICO FLATS - COMMUNITY 4 TEMA,TMA,Greater Accra,Retail
2012,PC/GR/WR/0044N,LA VELCHI PHARMACY,GW-0633-1866 - - OSHUMAN ESTATES,GA WEST,Greater Accra,Wholesale/Retail
2013,PC/GR/R/0062M,LABING PHARMACY LTD,UNN PLOT - - KUBEKROM,KPONE KATAMANSO,Greater Accra,Retail
2014,PC/GR/R/0130D,LAMAIR PHARMACY LTD.,H/NO. 465 TABORA MAIN ROAD - TABORA NO. 3,GA SOUTH,Greater Accra,Retail
2015,PC/NR/R/0266P,LAMPHARM PHARMACY LTD,H/NO C 102 - NEAR FAITH COMMUNITY HOSPITAL PATUDA,BUNKPURUGU-YONYOO,Northern,Retail
2016,PC/AS/WR/00042,LANSAH CHEMISTS LTD.,NO. K.O. 8-9 - NEW TOWN KUMASI,KMA,Ashanti,Wholesale/Retail
2017,PC/AS/WR/00043,LAPETITE CHEMISTS LTD.,BLOCK 8 - AHODWO KUMASI,KMA,Ashanti,Wholesale/Retail
2018,PC/GR/W/00142,LARRY & LARRY PHARMACY,"PRESBY JUNCTION, - ASHAIMAN",ASHIAMAN,Greater Accra,Wholesale
2019,PC/GR/R/00560,LASHIBI CHEMIST LTD.,"COMMUNITY 18 ROUND ABOUT, LASHIBI",TMA,Greater Accra,Retail
2020,PC/AS/WR/0184K,LASPA PHARMACY LIMITES,"PLOT 3, BLOCK 13, SANTASI ANYINAM",KMA,Ashanti,Wholesale/Retail
2021,PC/AS/WR/0500L,LASPA PHARMACY LTD,AK-006-0890 SAT BUILDING MANHYIA KUMASI,KMA,Ashanti,Wholesale/Retail
2022,PC/GR/R/0644L,LASYD PHARMACY LTD,"H/NO. 6/A NEAR ICGC CALVARY TEMPLE COMMUNITY 18
SPINTEX",TMA,Greater Accra,Retail
2023,PC/AS/WR/0362K,LAUGH PHARMACY,H/NO. 272 - VIDEO CITY NEW TOWN,MAMPONG,Ashanti,Wholesale/Retail
2024,PC/GR/R/00920,LAUSKI PHARMACY,"H/NO. DL 269/27 DANSOMAN HIGH STREET KOFI NE AMA
ACCRA",AMA,Greater Accra,Retail
2025,PC/GR/W/0034J,LAWBEN PHARMACEUTICALS LIMI,"H/NO. D6665/4 CANEVON AVENUE, ADJACENT UMB BANK
OKAISHIE ACCRA",AMA,Greater Accra,Wholesale
2026,PC/GR/R/00790,LAWMERC PHARMACY LTD.,H/NO E-11 1ST STREET SSNIT FLATS ADENTA,ADENTAN,Greater Accra,Retail
2027,PC/GR/WR/0659L,LB PHARMACY,H/NO. V153 QUINCY STREET - MALLAM,GA SOUTH,Greater Accra,Wholesale/Retail
2028,PC/ER/WR/0500L,LBX PHARMACY LTD,EG-272-3019 NSUMIA ROAD - ANKWA DOBORO,NSAWAM ADOAGYIRI,Eastern,Wholesale/Retail
2029,PC/GR/R/00068,LEBEN PHARMACY,BOYE STREET - OTINSHIE ADENTA,ADENTAN,Greater Accra,Retail
2030,PC/AS/R/00030,LEETENG PHARMACY LTD.,"H/NO. 16, BLOCK 9 - AMAKOM KUMASI",KMA,Ashanti,Retail
2031,PC/GR/W/0223N,LEETONIA PHARMACY,GM-008-5124 EDMONTON STREET SOCIAL WELFARE MADINA,LA NKWANTANANG-MADINA,Greater Accra,Wholesale
2032,PC/GR/R/0153K,LEETONIA PHARMACY,H/NO. 499/26 ABOTSI STREET EAST LEGON ASHALEY BOTWE,ADENTAN,Greater Accra,Retail
2033,PC/AS/W/0503L,LEGACY HEALTH SERVICES LIMITE,"PLOT 15, SECTION 4 BOAKYE DANKWA STREET - ASOKORE
MAMPONG",KMA,Ashanti,Wholesale
2034,PC/AS/R/0175N,LEGAN PHARMACY LTD,"PLOT 33, BLOCK 33 AD-232-0767 GHANA BAR MEDUMA",KWABERE EAST,Ashanti,Retail
2035,PC/GR/WR/00229,LEMISH PHARMACY,H/NO.B181/14 OUTER LINK ROAD NEW ABOSSEY OKAI ACCRA,AMA,Greater Accra,Wholesale/Retail
2036,PC/GR/WR/00229,LEMISH PHARMACY,H/NO.B181/14 OUTER LINK ROAD NEW ABOSSEY OKAI ACCRA,AMA,Greater Accra,Wholesale/Retail
2037,PC/ER/R/0499L,LEMJIREH PHARMACY LTD,H/NO. N43 EFFIDUASE HIGHWAYS KOFORIDUA,NEW-JUABENG,Eastern,Retail
2038,PC/AS/R/0496K,LEMON PHARMACY,"PLOT 59, BLOCK D, KOTWI NKORANSA",ATWIMA KWANWOMA,Ashanti,Retail
2039,PC/GR/R/0366L,LENA PHARMACY,H/NO. A5 NEAR ENGEN SERVICE STATION TULAKU ASHAIMAN,ASHIAMAN,Greater Accra,Retail
2040,PC/VR/R/0176J,LENA PHARMACY,H/NO 43 STADIUM STREET AHOE HO,HO,Volta,Retail
2041,PC/GR/R/0367L,LENA PHARMACY LIMITED,H/NO. 3 PIG FARM ROAD COMMUNITY 21 ANNEX TEMA,TMA,Greater Accra,Retail
2042,PC/GR/R/0369L,LENA PHARMACY LIMITED,H/NO. KP 64 GBETSELE ROAD CASH OIL ASHAIMAN,ASHIAMAN,Greater Accra,Retail
2043,PC/GR/R/0180L,LENARLES PHARMACY LTD,GC-048-5635 CP ROAD SCHOOL JUNCTION ABLEKUMA,GA CENTRAL,Greater Accra,Retail
2044,PC/GR/R/0319P,LENUS PHARMA LTD,GM-001-3825 NIKOI ATSEN AVENUE - MADINA,ADENTAN,Greater Accra,Retail
2045,PC/GR/R/0604H,LENUS PHARMA LTD,"HNO. 3RD GATE RD, SAMANKPONU, ASHALLEY BOTWE",ADENTAN,Greater Accra,Retail
2046,PC/GR/R/0305J,LEONS CHEMIST LTD,H/NO. 25 OFF ACCRA-NSAWAM ROAD GADEST POKUASE,GA WEST,Greater Accra,Retail
2047,PC/GR/R/00069,LEONS CHEMISTS LTD.,H/NO.C98/3 FAANOFA ROAD ADABRAKA ACCRA,AMA,Greater Accra,Retail
2048,PC/GR/WR/0412K,LESDY PHARMACY LIMITED,H/NO. C20/1 ADAMA ROAD ADABRAKA ACCRA,AMA,Greater Accra,Wholesale/Retail
2049,PC/GR/R/00070,LESSON PHARMACY,H/NO. 114/2 - NIMA HIGHWAY ACCRA,AMA,Greater Accra,Retail
2050,PC/GR/R/0225J,LESTON PHARMACY,"H/NO 24 AMANKANI AVENUE ADENTA HOUSING DOWN
ADENTA",ADENTAN,Greater Accra,Retail
2051,PC/GR/MW/00002,LETAP PHARMACEUTICALS,oPlLeOsTa l1e07 GRAPHIC ROAD - AACRA,AMA,Greater Accra,Manufacturing Wholesale
2052,PC/GR/W/00162,LEVON PHARMACY,OPPOSITE HFC KWAME NKRUMAH AVENUE OKAISHIE ACCRA,AMA,Greater Accra,Wholesale
2053,PC/GR/W/00162,LEVON PHARMACY,OPPOSITE HFC KWAME NKRUMAH AVENUE OKAISHIE ACCRA,AMA,Greater Accra,Wholesale
2054,PC/GR/R/00182,LEXBETA PHARMACY LTD.,H/NO. M242/1 I.P.S. ROAD RAWLINGS CIRCLE ACCRA,ADENTAN,Greater Accra,Retail
2055,PC/AS/WR/0452K,LEXES PHARMACY LTD,"H/NO. B1, AHINSAN ESTATE",KMA,Ashanti,Wholesale/Retail
2056,PC/GR/R/0053B,LEXLEY PHARMACY LTD.,H/O. ANT ZA/015A - NEWTOWM ASHIAMAN,ASHIAMAN,Greater Accra,Retail
2057,PC/GR/R/00143,LIB PHARMACY,"H/NO. 102 DZENN AYOO STREET NEAR IKE QUARTEY NEW
GBAWE",GA SOUTH,Greater Accra,Retail
2058,PC/GR/R/00143,LIB PHARMACY,"H/NO. 102 DZENN AYOO STREET NEAR IKE QUARTEY NEW
GBAWE",GA SOUTH,Greater Accra,Retail
2059,PC/BA/WR/00043,LIBAWS CHEMISTS LTD.,H/NO. 12 - DOMINASE BEREKUM,BEREKUM,Brong Ahafo,Wholesale/Retail
2060,PC/VR/WR/00016,LIBERTY PHARMACY LTD.,H/NO. D 21 DOME DELA CATHEDRAL STREET KPODZI HO,HO,Volta,Wholesale/Retail
2061,PC/ER/R/0337K,LIBIAMBO PHARMACY,"H/NO. B 191 & A1 MARKET STREET NEAR TOTAL SERVICE
STATION AKYEM ODA",BIRIM CENTRAL,Eastern,Retail
2062,PC/GR/W/0034L,LIBOAT PHARMACEUTICALS LTD,PLOT 076A - ST. JOHN'S ATOMIC DOWN KWABENYA,GA EAST,Greater Accra,Wholesale
2063,PC/NR/R/0465L,LIFE ALERT PHARMACY,H/NO. TIN 046 BOLE-WENCHI ROAD NYAME ASEM TINGA,BOLE-BAMBOI,Northern,Retail
2064,PC/GR/R/0391L,LIFE CHEMIST,"H/NO. 22 OBUOBI GONNO STREET NEAR ABEKA PENTECOST
ABEKA",AMA,Greater Accra,Retail
2065,PC/AS/R/0043C,LIFE CHEMIST (BUOKROM BRANC,"PLOT 4, BLOCK 23, BUOKROM OLD TOWN STREET BUOKROM
BUOKROM",KMA,Ashanti,Retail
2066,PC/AS/WR/0237M,LIFE CHEMIST LIMITED,"PLOT 8, BLOCK A MAIN STREET OLD TOWN DUASE",KMA,Ashanti,Wholesale/Retail
2067,PC/GR/R/0258J,LIFE CHEMIST LTD,H/NO. 10 KORLEGON STREET DARKUMAN DARKUMAN,AMA,Greater Accra,Retail
2068,PC/AS/R/0138A,LIFE CHEMIST LTD.,H/NO. B.F. 15 - KENYASE KUMASI,KMA,Ashanti,Retail
2069,PC/AS/R/0132J,LIFE CHEMIST LTD.,"PLOT 4, BLOCK 6 MAIN STREET - APRADE",KMA,Ashanti,Retail
2070,PC/AS/R/0009E,LIFE CHEMISTS LTD (DOTE BRANC,H/NO 48 DOTE MAIN STREET DOTE,KMA,Ashanti,Retail
2071,PC/AS/R/00203,LIFE CHEMISTS LTD.,H/NO. BLOCK. N - DICHEMSO KUMASI,KMA,Ashanti,Retail
2072,PC/GR/R/00371,LIFE DOOR PHARMACY LTD.,H/NO. 1-7TH CLOSE - DANSOMAN ACCRA,AMA,Greater Accra,Retail
2073,PC/AS/WR/0497L,LIFE DREAM PHARMACY LTD,"PLOT 3, BLOCK A - KENKAASE KENYASE ADWUMAN",KWABERE EAST,Ashanti,Wholesale/Retail
2074,PC/AS/R/00229,LIFE FIRST CHEMIST,"PLOT 138, BLOCK R - AIRPORT ROUNDABOUT KUMASI",KMA,Ashanti,Retail
2075,PC/AS/R/00296,LIFE GEM COMPANY (PHARM DIV.,"PLOT. 41, BLOCK BX - DEDUAKO KODIEKROM KUMASI",KMA,Ashanti,Retail
2076,PC/GR/R/0102H,LIFE HEALTHCARE PHARMACY,"H/NO. SHOP NO. 5, ACHIMOTA RETAIL CENTER ACHIMOTA
ACCRA",AMA,Greater Accra,Retail
2077,PC/GR/R/0354P,LIFE MATTER,GG-539-2840 - ASOFAN AMOMOLEY,GA WEST,Greater Accra,Retail
2078,PC/UWR/WR/00004,LIFE-LINK PHARMACY,"H/NO. JA-JR 006, JIRAPA MAIN STREET, JIRAPA JIRAPA",JIRAPA,Upper West,Wholesale/Retail
2079,PC/GR/R/00930,LIFECARE PHARMACY,"H/NO. SHOP NO. 3 SHOPPING CEN. STREET KAS VALLEY
ESTATES OYIBI",ADENTAN,Greater Accra,Retail
2080,PC/GR/R/0042D,LIFEDOOR PHARMACY LTD,"PLOT NO. 5 AVIATION HIGHWAY HYDROFOAM ESTATE
SPINTEX ROAD",TMA,Greater Accra,Retail
2081,PC/GR/R/00919,LIFELANE CHEMISTS,"H/NO. 060, MAIN STREET, ADJ. HEALTH CENTRE, DANFO
ACCRA",GA EAST,Greater Accra,Retail
2082,PC/GR/R/0100G,LIFEPOINT PHARMACY,"UNN. OSIKANI BUILDING, ADJ. CENTRAL MOSQUE, -
ASHONGMAN ESTATE",GA EAST,Greater Accra,Retail
2083,PC/GR/R/0049L,LIFEPOINT PHARMACY LTD,H/NO. AK 134/8 TEIMAN-ABOKOBI STREET - OBIBINI,GA EAST,Greater Accra,Retail
2084,PC/GR/W/0037J,LIFESCIENCES PHARMA LIMITED,H/NO. 165 NEAR TERRY BUILDING COMMUNITY 25 DAWENYA,TMA,Greater Accra,Wholesale
2085,PC/GR/R/0314P,LIFESPAN PHARMACY LTD,H/NO. 123 ZIBRA ROAD - POKUASE,GA WEST,Greater Accra,Retail
2086,PC/GR/WR/00089,LIFETIME PHARMACY,"H.NO. D 769/3 TUNISIA HOUSE KWAME NKRUMA AVENUE
ACCRA",AMA,Greater Accra,Wholesale/Retail
2087,PC/GR/R/0206J,LIFEWAY PHARMACY LIMITED,UNN NEW SITE POBIKORPE OSOFO MAAME AREA POBIKORPE,GA WEST,Greater Accra,Retail
2088,PC/GR/R/00925,LIGHT PHARMA LTD.,STORE NO. 1 NEW TOWN - ABLEKUMA,GA SOUTH,Greater Accra,Retail
2089,PC/GR/R/00925,LIGHT PHARMA LTD.,STORE NO. 1 NEW TOWN - ABLEKUMA,GA SOUTH,Greater Accra,Retail
2090,PC/GR/R/0402L,LIGHT PHARMACY LTD,H/NO. GCA 0365 MARKET STREET - GALELIA KASOA,GA SOUTH,Greater Accra,Retail
2091,PC/BA/WR/0029B,LIGHTWAY CHEMISTS LTD.,H/NO. Q12/2 - WANGARA LINE TECHIMAN,TECHIMAN,Brong Ahafo,Wholesale/Retail
2092,PC/VR/R/0239P,LIKEM PHARMACY,H/NO. WNI-J/050 HOSPITAL-ZONGO ROAD - WORAWORA,BIAKOYE,Volta,Retail
2093,PC/VR/R/0009G,LIKEM PHARMACY LTD.,"HNO. TO1-L582 ALABATO JUNCTION LORRY STATION SAKI-
NORTH",HOHOE,Volta,Retail
2094,PC/GR/R/0340L,LIM PHARMA LIMITED,"- OPPOSITE MUNICIPAL ASEEMBLY ANKRA KOOKO ABBEY
MADINA-ZONGO",ADENTAN,Greater Accra,Retail
2095,PC/ER/WR/0594K,LIM PHARMA LTD,H/NO. 61 ATTAFUA STREET - AKIM ODA,BIRIM CENTRAL,Eastern,Wholesale/Retail
2096,PC/GR/R/0332P,LIMONE PHARMACY LTD,"GZ-180-7510 TEBIBIANO STREET NEAR COMPASS FILLING
STATION TESHIE",LA NKWANTANANG-MADINA,Greater Accra,Retail
2097,PC/AS/R/0117N,LIMOX CHEMIST LTD,"H/NO. NK 5, KOKOTE",OFFINSO,Ashanti,Retail
2098,PC/GR/R/0492L,LINA CARE PHARMACY,H/NO. 32/1 OBLOGO ROAD - ABOSSEY OKAI,AMA,Greater Accra,Retail
2099,PC/GR/W/0437P,LINK 12 PHARMACY,GT-354-0095 COMMUNITY 18 ROAD BAATSONA LASHIBI,TMA,Greater Accra,Wholesale
2100,PC/GR/R/00293,LINK PHARMACEUTICALS LTD.,81 ESTATES ROAD DANSOMAN ACCRA,AMA,Greater Accra,Retail
2101,PC/AS/WR/0070A,LISSONS HEALTH SERVICES LTD.,"PLOT 18, BAREKESE ROAD, ATAFOWA ATAFOWA",OBUASI,Ashanti,Wholesale/Retail
2102,PC/GR/R/0243J,LISTINGS PHARMACY,"UNN. HSE, ZILEX PLAZA ASAFOATSE KALLON ST. ACCRA
SOWUTUOM",GA CENTRAL,Greater Accra,Retail
2103,PC/GR/R/0227L,LISTINGS PHARMACY LIMITED,"GC-081-3226, OMANJOR-DWENEWOHO",GA CENTRAL,Greater Accra,Retail
2104,PC/WR/WR/0030M,LIT CHEMIST LTD.,PLOT 10 ANGLICAN STORE MARKET CIRCLE TAKORADI,SEKONDI-TAKORADI,Western,Wholesale/Retail
2105,PC/NR/WR/0169H,LIVE WELL PHARMACY,"H/NO. K 114, KUKUO LAST STOP NEAR THE COMMUNITY
MOSQUE KUKUO",TAMALE,Northern,Wholesale/Retail
2106,PC/GR/R/0142M,LIVERITE PHARMACY,H/NO. 8 NII OWOO STREET GHANA AIRWAYS KISSEMAN,GA WEST,Greater Accra,Retail
2107,PC/GR/R/0031G,LIVERITE PHARMACY & HEALTHCA,"H/NO. JUBILEE HALL STR, UNIV OF GHANA, LEGON",GA EAST,Greater Accra,Retail
2108,PC/VR/WR/0111B,LIVING CROWN PHARMACY,"SHOP NO. 3, AUNTI SIKA BLDG, OPPOSITE KINDOM
TRANSPORT HO",HO,Volta,Wholesale/Retail
2109,PC/GR/WR/0425H,LIZDAN PHARMACY,H/NO. 15/20 TOP BASE ROADE - GWAWE,GA SOUTH,Greater Accra,Wholesale/Retail
2110,PC/CR/R/0392K,LIZDAN PHARMACY,H/NO. 43/3 NEAR PENTECOST CHURCH AMANFROM KASOA,AWUTU SENYA,Central,Retail
2111,PC/GR/R/0202F,LIZDAN PHARMACY LTD.,"H/NO. 80, TOP BASE, GBAWE",GA SOUTH,Greater Accra,Retail
2112,PC/AS/R/0292K,LIZMOK PHARMACY LIMITED,H/NO. 34 - NEXT TO OPANYING KORANKYE-TUTUKA TATIESO,KMA,Ashanti,Retail
2113,PC/AS/R/0165N,LIZMOK PHARMACY LTD,PLOT 57 AO-066-8892 NEW BAAKOYEDEN OBUASI,OBUASI,Ashanti,Retail
2114,PC/AS/R/0357K,LIZMOK PHARMACY LTD,H/NO. AF 1A MANGOASE-ANYINAM ROAD FAUSU OBUASI,OBUASI,Ashanti,Retail
2115,PC/GR/R/0208J,LJ INVESTMENTS LIMITED,"UNN REGIMANUEL ROAD AMANFRAM-KATAMANSO
AMANFROM",ADENTAN,Greater Accra,Retail
2116,PC/GR/R/00707,LLOYDS PHARMACY,"H/NO. F288/4, OSU AKO ADJEI, ODWIRA BAAJOOHE ACCRA",AMA,Greater Accra,Retail
2117,PC/BA/WR/0102D,LLOYDS PHARMACY LTD.,"TMA 280, WENCHI HIGHWAY, OPP. KENTEN MKT, TECHIIMAN",TECHIMAN,Brong Ahafo,Wholesale/Retail
2118,PC/GR/R/0479K,LLOYLAN PHARMACY,H/NO. RP/14/ANT/20/21 EMFS ESTATES STREET LASHIBI TEPA,TMA,Greater Accra,Retail
2119,PC/GR/WR/0013N,LLOYLAN PHARMACY LIMITED,H/NO. C47 SANKOFA STREET COMMUNITY 16 SAKUMONO,TMA,Greater Accra,Wholesale/Retail
2120,PC/GR/R/0023L,LLOYLAN PHARMACY LTD,H/NO. 23 FERTILIZER LINK - TESHIE NUNGUA ESTATE,LA NKWANTANANG-MADINA,Greater Accra,Retail
2121,PC/CR/R/0050M,LONDON BRIDGE PHARMACY LTD,STORE 1 GOIL SERVICE STATION PEDU CAPE COAST,CAPE COAST,Central,Retail
2122,PC/GR/WR/00093,LONGVIEW P'CEUTICAL CO. LTD,NO. 82 H/NO. KOJO THOMPSON ROAD - ADABRAKA ACCRA,AMA,Greater Accra,Wholesale/Retail
2123,PC/AS/R/0083F,LORDYS PHARMACY LTD.,"H/NO. AK 27, P-GREEN HIGH STR, AKPAPORISO BUS-STOP,
OBUASI",OBUASI,Ashanti,Retail
2124,PC/ER/WR/0436K,LOSAB PHARMACY LTD,EG-020-5026 HOSPITAL ROAD - NSAWAM,NSAWAM ADOAGYIRI,Eastern,Wholesale/Retail
2125,PC/BA/WR/0130K,LOVE GENERATION PHARMACY LT,"H/NO. NKE/9/167 NAMGOM STREET BESIDE METHODIST
CHURCH BEREKUM",DORMA WEST,Brong Ahafo,Retail
2126,PC/AS/W/0508L,LOVELIFE PHARMACY LIMITED,PLOT 19A ADJACENT UNITY OIL DANNYAME KUMASI,KMA,Ashanti,Wholesale
2127,PC/GR/W/0360P,LUCKY DEVELOPMENT PHARMACY,"GA-173-1327 FEO EYEO ROAD NORTH INDUSTRIAL AREA
ACCRA",,Greater Accra,Wholesale
2128,PC/GR/R/0408K,LUCY'S PHARMACY LIMITED,"GC-120-1991 BEHIND ODOGONNO SCHOOL ROAD ABRANTIE
ANYAA",GA CENTRAL,Greater Accra,Retail
2129,PC/AS/R/0177K,LUHAKI COMPANY LIMITED,"PLOT 5, BLOCK D - ASABI ASOKORE-MAMPONG",KMA,Ashanti,Retail
2130,PC/AS/R/0178K,LUHAKI COMPANY LIMITED,"PLOT 3, BLOCK C - NIMA ASOKORE-MAMPONG",KMA,Ashanti,Retail
2131,PC/AS/R/0025C,LUHAKI COMPANY LTD.,"PLOT 4, BLK. B, - ADUKROM ASOKORE MAMPONG",KMA,Ashanti,Retail
2132,PC/AS/WR/0545L,LUKUMAH PHARMACEUTICALS LI,"H/NO. 1, BLOCK N HIGH STREET - ADUKROM",KMA,Ashanti,Retail
2133,PC/GR/R/0220J,LUMINA PHARMACY LTD,"H/NO 70/3 WESTLAND BLVD ROAD MADINA NEW ROAD
MADINA",LA NKWANTANANG-MADINA,Greater Accra,Retail
2134,PC/GR/R/0192L,LYDWORD PHARMACY LTD,"H/NO. 48 ALHAJI GUARANTEE STREET LAST STOP NORTH
KANESHIE",AMA,Greater Accra,Retail
2135,PC/AS/R/0022H,LYKAL PHARMACY LTD,PLOT 34 ASUOFUA ASUOFIA ASUOFUA,ATWIMA NWABIAGYA,Ashanti,Retail
2136,PC/GR/W/00259,LYMENS CHEMISTS,H/NO. 357 FAANOFA STREET KOKOMLEMLE ACCRA,AMA,Greater Accra,Wholesale
2137,PC/ER/WR/0030J,LYMEZZ PHARMACY LIMITED,"H/NO. OSB/B3 MAIN STREET OPOKU NSIAH JUNCTION
OSABENE",AKWAPIM NORTH,Eastern,Wholesale/Retail
2138,PC/GR/R/00657,LYNAT PHARMA LTD.,H/NO. B165/12 TWUM TAWIAH STREET ODORKOR ACCRA,AMA,Greater Accra,Retail
2139,PC/GR/W/0164L,LYNSAM CHEMIST LTD,"GA-591-9121 ADENTA BINDING ROAD ZONGO JUNCTION
MADINA",LA NKWANTANANG-MADINA,Greater Accra,Wholesale
2140,PC/GR/R/00562,LYNSAM CHEMISTS LTD.,H/NO. A 1094/14 - MPOASE DANSOMAN ACCRA,AMA,Greater Accra,Retail
2141,PC/ER/R/0087P,M & E HEALTHWAY PHARMACY LT,EN-086-5209 - MANYILA KOFORIDUA-ADA,NEW-JUABENG,Eastern,Retail
2142,PC/GR/MW/00003,M & G PHARMACEUTICALS LTD.,oHl/eNsaOl.e D 446/1 BANNERMAN ROAD JAMES TOWN ACCRA,AMA,Greater Accra,Manufacturing Wholesale
2143,PC/NR/W/0062F,M & G PHARMACEUTICALS LTD.(T,"H/NO. A EXT. 85 (1215), CATHOLIC GUEST HSE. JUNCTION OFF
BOLGA RD. - GUMBIHINI",TAMALE,Northern,Wholesale
2144,PC/CR/WR/0508K,M. CITY PHARMACY,H/NO. WH 33/1 - CP KASOA,AWUTU SENYA EAST,Central,Wholesale/Retail
2145,PC/AS/R/0136N,M. Y. F. PHARMACY,H/NO. T.N. 16 NEW STREET TUNSOUM ADJAMESU,BEKWAI,Ashanti,Retail
2146,PC/GR/R/0245P,MA & M PHARMACY LTD,"H/NO. 4, GE-358-6022 - NEAR MASALACHI KISSIEMAN",GA EAST,Greater Accra,Retail
2147,PC/GR/R/0040J,MA HAVILAH CHEMIST LTD,NEAR MOSQUE OLEBU JUNCTION ABLEKUMA-OLEBU,GA WEST,Greater Accra,Retail
2148,PC/GR/R/0078J,MA HAVILAH CHEMIST LTD,H/NO. 1 MAIN STREET - HANHEAN,GA WEST,Greater Accra,Retail
2149,PC/AS/R/0139J,MAAKOS PHARMACY,"PLOT 15, BLOCK 3 KWAPRA ROAD - KRONUM",AFIGYA-KWABRE,Ashanti,Retail
2150,PC/AS/R/0181G,MAALOO PHARMACY LTD,"H/NO. 44E ACHIASE-ABIREM STR,
AHENBRONUM, ACHIASE",EJISU-JUABENG,Ashanti,Retail
2151,PC/UWR/WR/0195M,MAALYIRI PHARMACY,HOSPITAL ROAD - - JIRAPA,JIRAPA,Upper West,Wholesale/Retail
2152,PC/UWR/R/0464L,MAALYIRI PHARMACY LIMITED,"X0-0960-2955 HOSPITAL ROAD NADOWLI HOSPITAL
JUNCTION NADOWLI",NADOWLI-KALEO,Upper West,Retail
2153,PC/GR/R/00880,MAAPA HEALTHCARE LTD.,"DROMO STORES, JAPAN MOTORS LAKESIDE ROAD ASHALLEY
BOTWE ACCRA",ADENTAN,Greater Accra,Retail
2154,PC/GR/R/0061M,MABANDRA PHARMACY LTD,H/NO. C 17 HIGH TENSION STREET - LASHIBI,TMA,Greater Accra,Retail
2155,PC/AS/WR/00045,MAC & SONS LIMITED.,"H/NO. 269/271 , OTB KUMASI",KMA,Ashanti,Wholesale/Retail
2156,PC/BA/WR/00015,MACK-HUBERT PHARMACY LTD.,H/NO. P5/C CHIRAA RD SUNYANI PENKWASE,SUNYANI,Brong Ahafo,Wholesale/Retail
2157,PC/BA/WR/00015,MACK-HUBERT PHARMACY LTD.,H/NO. P5/C CHIRAA RD SUNYANI PENKWASE,SUNYANI,Brong Ahafo,Wholesale/Retail
2158,PC/AS/R/0173K,MACORE PHARMACY,"PLOT 13, BLOCK C, ATONSU AGOGO HOSPITAL",KMA,Ashanti,Retail
2159,PC/WR/WR/0329J,MADIBRA AND CO. LTD,"H/NO. LBU 11/121 MAIN TAKORADI-TARKWA ROAD TAMSO
TARKWA",TARKWA-NSUAEM,Western,Wholesale/Retail
2160,PC/WR/WR/0176E,MADIBRA PHARMACY,"H/NO. ASI/277, ASANCO JXN. ASANKRAGUA ASANKRAGUA",WASSA AMENFI WEST,Western,Wholesale/Retail
2161,PC/GR/R/00257,MADINA ESTATES PHARMACY,"H/NO. 86, NEAR ALPHA MED, MADINA ESTATES MADINA",LA NKWANTANANG-MADINA,Greater Accra,Retail
2162,PC/AS/W/0301H,MAFCO PHARMACEUTICAL COMP,"PLOT 5, BLOCK A ANITAL HOTEL ROAD ACHIAWKROM EJISU",EJISU-JUABENG,Ashanti,Wholesale
2163,PC/WR/R/0194L,MAGBEN PHARMACY,PLOT 45 PASTRY C1 - KWESIMINTSIM,SEKONDI-TAKORADI,Western,Retail
2164,PC/GR/R/00755,MAGINALD PHARMACY LTD.,PLOT NO. 37 GIFFARD ROAD LA-TRADE FAIR ACCRA,LEDZOKUKU-KROWOR,Greater Accra,Retail
2165,PC/GR/WR/00257,MAGMITCH PHARMACY LTD.,H/NO. 39/13 NEAR BIG GUTTER NIMA ACCRA,AMA,Greater Accra,Wholesale/Retail
2166,PC/GR/R/00549,MAGOLD PHARMACY,H/NO. 257/258 N4/C2 AGGREY ROAD COMMUNITY 2 TEMA,TMA,Greater Accra,Retail
2167,PC/GR/R/00549,MAGOLD PHARMACY,H/NO. 257/258 N4/C2 AGGREY ROAD COMMUNITY 2 TEMA,TMA,Greater Accra,Retail
2168,PC/GR/R/0009C,MAGPAT PHARMACY,"H/NO. 30W, EMMANUEL VILLA MADINA NWAMANKROM",ADENTAN,Greater Accra,Retail
2169,PC/GR/R/0194E,MAGPAT PHARMACY TLD,"UNN, HSE, BOHYE RD, WISCONSIN HOTEL, COS WAY DOWN A
ACCRA",GA EAST,Greater Accra,Retail
2170,PC/AS/R/0037H,MAGREEN PHARMACY LTD,"PLOT 9, BLK B OLD TAFO MAGAZINE TAFO",KMA,Ashanti,Retail
2171,PC/GR/R/00696,MAIN FOCUS PHARMACY LTD.,"H/NO. 50/7 NEAR BURGAIN SCHOOL COMMUNITY 20 LASHIBI
TEMA",TMA,Greater Accra,Retail
2172,PC/AS/W/00086,MAINOO CHEMIST,"PLOT OA 1, BLK 17B, GOLDEN GATE HOTEL STR, OLD
AMAKOM, KUMASI",KMA,Ashanti,Wholesale
2173,PC/NR/R/0339J,MAINSTREET PHARMACY LTD,H/NO. KU 7 HOSPITAL ROAD KUKUO TAMALE,TAMALE,Northern,Retail
2174,PC/WR/WR/0227M,MAIVAN PHARMACY,H/NO. 1 MAIN STREET AKAN TARKWA,TARKWA-NSUAEM,Western,Wholesale/Retail
2175,PC/ER/R/0598K,MAJOR PHARMACY LTD,H/NO. S88 ABOASA ROAD NEAR GRA AKROPONG-AKWAPIM,AKWAPIM NORTH,Eastern,Retail
2176,PC/GR/WR/0434L,MAKAY PHARMACY LIMITED,"PLOT 73/74 NUNGUA ASHAIMAN ROAD COMMUNITY 16
TEMA",TMA,Greater Accra,Wholesale/Retail
2177,PC/ER/W/0135A,MAKDOR PHARMACY LTD.,H/NO. BTT A 28 ADWESO ROAD BETOM KOFORIDUA,NEW-JUABENG,Eastern,Wholesale
2178,PC/GR/R/0038N,MAKEESA PHARMACY LTD,"H/NO. F0280 HIGH STREET OPPOSITE ODUMASI JUNCTION
AMORMORLEY",GA WEST,Greater Accra,Retail
2179,PC/GR/R/00076,MAL-TITI CHEMISTS,"H/NO. B 309/3M POINT 5 ROAD MADINA ZONGO JUNCTION
ACCRA",ADENTAN,Greater Accra,Retail
2180,PC/GR/W/0047E,MAL-TITI CHEMISTS LTD.,"STORE NO. 15, MADINA MARKET - MADINA",ADENTAN,Greater Accra,Wholesale
2181,PC/GR/WR/0076L,MALB-PHARMA LIMITED,- ACCRA-NSAWAM ROAD DELALI ADJIMAH,GA WEST,Greater Accra,Wholesale/Retail
2182,PC/GR/R/0099G,MALB-PHARMA LTD.,"H/NO. 7 EAST W3, 1ST NEW ACHIMOTA ROAD, - ACHIMOTA",AMA,Greater Accra,Retail
2183,PC/GR/WR/0137K,MALIKEM PHARMACY AND HEALT,"CEDAR-MEDICAL PLAZA, 2 FADAMA ROAD - ACCRA",AMA,Greater Accra,Wholesale/Retail
2184,PC/GR/R/00233,MALIKO PHARMA LTD.,"ADABLA PLAZA NO.3 OROKO STR KOKOMLEMLE
KOKOMLEMLE",AMA,Greater Accra,Retail
2185,PC/GR/R/00233,MALIKO PHARMA LTD.,"ADABLA PLAZA NO.3 OROKO STR KOKOMLEMLE
KOKOMLEMLE",AMA,Greater Accra,Retail
2186,PC/GR/WR/0221L,MAM CHEMIST LIMITED,ABOUM JUNCTION KWABENYA,GA EAST,Greater Accra,Wholesale/Retail
2187,PC/BA/WR/0167P,MAM PHARMACEUTICALS LTD,H/NO. SG 0196 - NWOASE KINTAMPO,KINTAMPO NORTH,Brong Ahafo,Wholesale/Retail
2188,PC/GR/R/0200L,MAMBA PHARMACY,"ROSE HILLS MALL ALHAJI SEIDU STREET ADJACENT MADINA
POLICE STATION MADINA MARKET",LA NKWANTANANG-MADINA,Greater Accra,Retail
2189,PC/AS/WR/0285P,MANASSEH STATION PHARMACY,PLOT 4 AG-0831-2367 NEW SITE AHENEMA KOKOBEN,ATWIMA KWANWOMA,Ashanti,Wholesale/Retail
2190,PC/NR/WR/0167H,MANSCO PHARMACY LTD.,"UNN. PREMISES HOSPITAL ROAD OPP. VODAFONE MAST
KPANDAI",KPANDAI,Northern,Wholesale/Retail
2191,PC/CR/R/0044M,MAPLE LEAF CHEMIST,"H/NO. 5/10 KWAA AMANKWAA STREET CHAPEL SQUARE
ELMINA",KOMENDA-EDINA EGUAFO-AB,IRCEeMntral,Retail
2192,PC/GR/WR/00098,MAPLE-LEAF CHEMISTS LTD.,ASAFOATSE NETTEY ROAD POST OFFICE SQAURE ACCRA,AMA,Greater Accra,Wholesale/Retail
2193,PC/GR/R/0099E,MARAH MEDICAL SUPPLIES LTD.,PALACE MALL SPINTEX ROAD - ACCRA,LEDZOKUKU-KROWOR,Greater Accra,Retail
2194,PC/GR/IW/00025,MARAKAF PHARMACY LIMITED,"aHle/NO/ 21ST FLOOR, OLD SIC KIMBU ROAD TUDU ACCRA",AMA,Greater Accra,Importing Wholesale
2195,PC/GR/R/00302,MAREST PHARMACY LIMITED,H/NO. B266/6 OBLOGO ROAD ABOSSEY OKAI ACCRA,AMA,Greater Accra,Retail
2196,PC/AS/R/0145C,MARGBEST PHARMACY LTD.,"H/NO. PLT 10, BLOCK 4 YENNYYAWOSO KUMASI",KMA,Ashanti,Retail
2197,PC/GR/WR/00099,MARGOKIN PHARMACY,H/NO. B 322/14 FEO EYEO STREET KANESHIE ACCRA,AMA,Greater Accra,Wholesale/Retail
2198,PC/AS/R/0107N,MARIDEC PHARMACY LTD,"PLOT 6, BLOCK MN, ANWOMASO",KMA,Ashanti,Retail
2199,PC/GR/WR/0187L,MARISCA PHARMACEUTICALS,H/NO. 32A - ACP KWABENYA,GA EAST,Greater Accra,Wholesale/Retail
2200,PC/AS/R/00267,MARISCA PHARMACY LTD.,"PLOT NO. 2, BLK. B, SEPE TINPOM JXN, ASOKORE MAMPONG",ASOKORE MAMPONG,Ashanti,Retail
2201,PC/CR/WR/0160H,MARIWAK PHARMACY LTD.,"UNN. STORE OBOM ROAD NEAR QUEIROZ GALRAD SITE
KASOA",AWUTU SENYA,Central,Wholesale/Retail
2202,PC/AS/WR/00068,MARKET SQ. CHEMISTS LTD.,H/NO. K.O.30 - KUMASI KUMASI,KMA,Ashanti,Wholesale/Retail
2203,PC/GR/R/0490L,MARKET STREET PHARMACY,GZ-124-7207 MARKET STREET - OKPOI GONNO,LA NKWANTANANG-MADINA,Greater Accra,Retail
2204,PC/GR/R/0432K,MARMARLYN PHARMACY LTD,H/NO. 21 WINNEBA ROAD NEW APLAKU NEW WEIJA,GA SOUTH,Greater Accra,Retail
2205,PC/GR/R/00958,MARNEUK PHARMACY LTD.,H/NO. 643/17 OPPOSITE WATER WORKS ODORKOR ACCRA,AMA,Greater Accra,Retail
2206,PC/GR/R/0020F,MARPE PHARMACY LTD.,H/NO. C/260/2 FARRAR AVENUE - ADABRAKA-ACCRA,AMA,Greater Accra,Retail
2207,PC/AS/R/0168N,MARRIEMENS PHARMACY LTD,"PLOT 10, SASA",AFIGYA-KWABRE,Ashanti,Retail
2208,PC/AS/R/0046C,MARRITA PHARMACY,"UNN SHOP, - NEAR APRABO LORRY STATION DOMPOASE
APRABO",KMA,Ashanti,Retail
2209,PC/AS/R/0035H,MARRITA PHARMACY LTD,PLOT NO. 7 NEW DUASE DUASE NEW SITE DUASE,KWABERE EAST,Ashanti,Retail
2210,PC/GR/R/0215N,MARSHALL CHEMIST,H/NO. 371/3 - LANTEMAN CHORKOR,AMA,Greater Accra,Retail
2211,PC/GR/R/0079L,MARSHALL CHEMISTS LIMITED,GZ-184-9684 RASTA ROAD - TESHIE,LEDZOKUKU-KROWOR,Greater Accra,Retail
2212,PC/WR/R/0514L,MARTBIL PHARMACY,UNN. HOUSE MAIN STREET - BAWDIE,AMENFI EAST,Western,Retail
2213,PC/WR/R/0071F,MARTINOS CHEMIST LTD.,"H/NO. 331, NKROFUL JXN, CAPSTONE FILLING STN, NKROFUL",SEKONDI-TAKORADI,Western,Retail
2214,PC/CR/WR/0087A,MARTINOS PHARMACY,"ELMINA SHELL OPP. SSNIT FLATS, - ELMINA",KOMENDA-EDINA EGUAFO-AB,IRCEeMntral,Wholesale/Retail
2215,PC/GR/R/0534K,MARTKUZI PHARMACY LTD,GE-089-4329 MAIN STREET GHANA FLAG OYARIFA,ADENTAN,Greater Accra,Retail
2216,PC/GR/WR/0605H,MARY DE ROSE PHARMACY LTD.,"H/NO. B364/18 BUBASHIE-ATTICO TROTRO LAST STOP
ATTICO ACCRA",AMA,Greater Accra,Wholesale/Retail
2217,PC/GR/WR/0605H,MARY DE ROSE PHARMACY LTD.,"H/NO. B364/18 BUBASHIE-ATTICO TROTRO LAST STOP
ATTICO ACCRA",AMA,Greater Accra,Wholesale/Retail
2218,PC/CR/R/0142H,MARYGOLD PHARMACY LTD,"UNN. PREMISES, GNAT HALL POLY ROAD AYIFUA CAPE
COAST",CAPE COAST,Central,Retail
2219,PC/GR/R/0196P,MASCOT PHARMACY LTD,GD-085-5764 NO. 31 DZIRASE STREET - OGBOJO,ADENTAN,Greater Accra,Retail
2220,PC/GR/W/0079N,MASLARRY PHARMACY LTD,GA-183-7744 DERBY AVENUE - TUDU,AMA,Greater Accra,Wholesale
2221,PC/GR/R/00199,MATAHEKO PHARMACY LTD.,"HNO. B132/16 POLICE BARRACKS MATAHEKO ASOREDANHO
ACCRA",AMA,Greater Accra,Retail
2222,PC/GR/R/0288J,MATCARE PHARMACY,H/NO. BAW 171 SPINTEX ROAD SPINTEX BAATSONA,TMA,Greater Accra,Retail
2223,PC/GR/WR/00227,MATELL CHEMISTS LTD.,H/NO. CL/13/1 - SAKUMONO BROADWAY ACCRA,TMA,Greater Accra,Wholesale/Retail
2224,PC/GR/R/00373,MATHS PHARMACY,"H/NO. 58, ADENTA HOUSING DOWN NTREH STR. - ADENTA",ADENTAN,Greater Accra,Retail
2225,PC/VR/R/00002,MATVIN PHARMACY,"H/NO.159,BLK.1 HOHOE",HOHOE,Volta,Retail
2226,PC/AS/WR/0656L,MAUJO PHARMACY LTD,"STORE NO. 9, 10, 29 & 30 CEMETARY ROAD MARKET
AKROFROM",OBUASI,Ashanti,Wholesale/Retail
2227,PC/NR/WR/0037B,MAUPLUS PHARMACEUTICALS LT,H/NO. 5 WEST HOSPITAL ROAD TAMALE TAMALE,TAMALE,Northern,Retail
2228,PC/NR/R/0114M,MAUPLUS PHARMACY,H/NO 13 GBEWAA STREET - CENTRAL TAMALE,TAMALE,Northern,Retail
2229,PC/NR/R/0244N,MAUPLUS PHARMACY,"H/NO. R35 BEAN ROAD OPPOSITE NIB, BALOGU YENDI",YENDI,Northern,Retail
2230,PC/NR/R/0102K,MAUPLUS PHARMACY LTD,PLOT NO. 201A FUO-TAHA ROAD FUO REST FUO,SAGNERIGU,Northern,Retail
2231,PC/NR/R/0161E,MAUPLUS PHARMACY LTD.(TISHE,"H/NO. B386, DAGOMBA ROAD CENTRAL HOSP. TISHEGU",TAMALE,Northern,Retail
2232,PC/GR/WR/00101,MAWUENA PHARMACY,H/NO. 1 - NEW KWASHIEMAN MOTORWAY ACCRA,GA SOUTH,Greater Accra,Wholesale/Retail
2233,PC/GR/R/0460K,MAWUENA PHARMACY,GM 235 - AYI-MENSAH KITASE,ADENTAN,Greater Accra,Retail
2234,PC/GR/WR/0418K,MAX-HEALTH PHARMACEUTICALS,"NYAHO TAMAKLOE ROAD SUPERMARKET JUNCTION
AGBOGBA",GA EAST,Greater Accra,Wholesale/Retail
2235,PC/GR/W/0067M,MAXBET PHARMACY LTD.,GL-051-2642 OAK STREET - TSE ADDO,LA NKWANTANANG-MADINA,Greater Accra,Wholesale
2236,PC/GR/R/0403H,MAXBET PHARMACY LTD.,"H/No. P.T.C. 133, PILLAR 2 PILLAR 2, BEHIND TRADE FAIR LA
TSEADDO",LA NKWANTANANG-MADINA,Greater Accra,Retail
2237,PC/ER/WR/0158H,MAXHOPE PHARMACY,"H/NO. ADW/A8, METHODIST CHURCH, - ADWESO-205
KOFORIDUA",NEW-JUABENG,Eastern,Wholesale/Retail
2238,PC/GR/WR/00102,MAXKINS PHARMACY,"H/NO. 1 DZORSHIE STREET AWUDOME ROUNDABOUT
KANESHIE ACCRA",AMA,Greater Accra,Wholesale/Retail
2239,PC/GR/IW/0028J,MAXTAK PHARMACY LIMITED,"aHle/NO. 64, STATION ROAD OKAISHIE ACCRA",AMA,Greater Accra,Importing Wholesale
2240,PC/GR/W/0204J,MAXTAK PHARMACY LIMITED,"STORE 12 PIONEER PLAZA CMB, KORLE DUDOR ACCRA",AMA,Greater Accra,Wholesale
2241,PC/WR/WR/0231M,MAXXIS PHARMACY,"STORE 3 AMA BOA STREET Behind Circuit Court
ASANKRANGWA",WASSA AMENFI WEST,Western,Wholesale/Retail
2242,PC/GR/W/0231N,MAY-MART PHARMACEUTICALS LI,GM-017-3856 PRESTIGE STREET MARKET MADINA,LA NKWANTANANG-MADINA,Greater Accra,Wholesale
2243,PC/GR/R/0171M,MAY-MART PHARMACY LIMITED,"H/NO. TMAN 51-15 BOO2, 456 - LAME DWAAHE 48B ADENTA",ADENTAN,Greater Accra,Retail
2244,PC/GR/WR/0373H,MAYSBEE PHARMACY,H/NO. 774/2 KIMBERLY AVENUE OKAISHIE ACCRA,AMA,Greater Accra,Wholesale/Retail
2245,PC/CR/W/0191N,MAYSON PHARMACEUTICALS LTD,STORE 5 & 6 MAIN ROAD - KASOA,AWUTU SENYA EAST,Central,Wholesale
2246,PC/GR/R/0339K,MBC PHARMACY LTD,PLOT 2 - MANGO FARMS AYIMENSA,ADENTAN,Greater Accra,Retail
2247,PC/AS/W/00029,MBROM PHARMACY,H/NO. M.B.71 MBROM - KUMASI,KMA,Ashanti,Wholesale
2248,PC/GR/R/0138K,McCARTHY HILL PHARMACY (APLA,"OLD BORTIANOR ROAD, APLAKU VILLAGE",GA SOUTH,Greater Accra,Retail
2249,PC/GR/R/0181C,McCARTYHY HILL PHARMACY,"H/NO. 8/04, SHORT ROAD, McCARTHY HILL, ACCRA",GA SOUTH,Greater Accra,Retail
2250,PC/AS/WR/00096,McDAKUS PHARMACY LTD,"H/NO. PLOT 22, BLOCK. G. null TAFO NHYIAESO KUMASI",KMA,Ashanti,Wholesale/Retail
2251,PC/WR/WR/0038M,McELLI PHARMACY,H/NO. 25/28 ASOMPA ROAD - PRESTEA,PRESTEA HUNI VALLEY,Western,Wholesale/Retail
2252,PC/GR/R/0020J,MCLIZ PHARMACY LIMITED,NEAR PANTANG HOSPITAL ALAFIA STREET - PANTANG,GA EAST,Greater Accra,Retail
2253,PC/GR/WR/0145K,MD PHARMACY LTD,"H/NO. B173/33 KWASHIE BERROT STREET AKWETEMAN
ACCRA",GA CENTRAL,Greater Accra,Wholesale/Retail
2254,PC/GR/R/0247J,MD-SQUARE PHARMACY,H/NO. B 29 DANFA ROAD SITE C DANFA,LA NKWANTANANG-MADINA,Greater Accra,Retail
2255,PC/AS/R/0354K,MDK PHARMACY LTD,"H/NO. JS 19 OPPOSITE ODOTOBRI RURUAL BANK TANSOUN
JACOBU",AMANSIE CENTRAL,Ashanti,Retail
2256,PC/CR/WR/0448L,MEALIENT PHARMACY,GCA/0119 - TIPPERJUNCTION BUDUMBURAM,GOMOA EAST,Central,Wholesale/Retail
2257,PC/AS/R/0021D,MEBEK HEALTH SERVICE LTD,"PLOT 69, BLOCK A BREMAN TAFO ROAD PROMISING STAR
HOTEL JUNCTION BREMAN",KMA,Ashanti,Retail
2258,PC/GR/R/0066M,MEBRONI PHARMACY LIMITED,H/NO. 116 ROMAN CATHOLIC STREET - TAIFA,GA EAST,Greater Accra,Retail
2259,PC/WR/WR/0286K,MEBRONI PHARMACY LTD,"PLOT 14, BAWDIE",WASSA AMENFI CENTRAL,Western,Wholesale/Retail
2260,PC/GR/R/0102C,MED EXPRESS,"H/NO. 1A, 14E, OTANO ROAD ACCRA ADJIRINGANO",ADENTAN,Greater Accra,Retail
2261,PC/GR/IW/0244P,MED HOUSE PHARMACEUTICAL LT,aGleA-101-1865 OFFICIAL STREET FOKAL HOUSE ADABRAKA,AMA,Greater Accra,Wholesale
2262,PC/GR/R/0019A,MED-PAL CHEMIST LTD.,H/NO. 426 - POKUASE POKUASE,GA WEST,Greater Accra,Retail
2263,PC/GR/WR/0043E,MED-PAL CHEMIST LTD.,"PLOT NO. 1 SAPEIMAN GW-0093-1459 ELECTORAL VILLAGE
ASOFAN",GA WEST,Greater Accra,Wholesale/Retail
2264,PC/GR/R/0001G,MED-TOUCH PHARMACY LTD,"H/NO. B906/7, ASERE AYITEY, KANESHIE ACCRA",AMA,Greater Accra,Retail
2265,PC/GR/R/0158K,MED-WAY PHARMACY,PLOT 22 - NEAR TAXI RANK KWABENYA,GA EAST,Greater Accra,Retail
2266,PC/GR/R/0220E,MED4CURE LTD.,"PLOT NO. 11, AGGREY VISION STR. - TEMA",TMA,Greater Accra,Retail
2267,PC/GR/R/0070J,MEDAID PHARMACY,"PLOT 5941, BLOCK 8, SECTION 116 FREETOWN STREET EAST
LEGON ACCRA",LA NKWANTANANG-MADINA,Greater Accra,Retail
2268,PC/GR/R/0075N,MEDAID PHARMACY LIMITED,H/NO. 22 - ADJIRINGANOR ROAD EAST LEGON,AMA,Greater Accra,Retail
2269,PC/BA/R/0068G,MEDCOURT PHARMACY,"H/NO. AO/18/3 , OPP ROYAL FM, FUMAN ROAD, WENCHI",WENCHI,Brong Ahafo,Retail
2270,PC/BA/W/0279K,MEDCOURT PHARMACY,H/NO. E 2/2 OLD STATION ROAD AREA 4 SUNYANI,SUNYANI,Brong Ahafo,Wholesale
2271,PC/BA/R/0039F,MEDCOURT PHARMACY (NSOATR,H/NO. M7 NSOATRE-SUNYANI HIGHWAY - NSOATRE,SUNYANI WEST,Brong Ahafo,Retail
2272,PC/BA/R/0212G,MEDCOURT PHARMACY (SAMPA B,"H/NO. S.A.B.S.C 123, HOSPITAL STREET NEW TOWN SAMPA",JAMAN NORTH,Brong Ahafo,Retail
2273,PC/BA/R/0062G,MEDCOURT PHARMACY (TECHIM,"H/NO. TDN. 05, TOWN PARK STR, DWOMO NO 1, TECHIMAN",TECHIMAN,Brong Ahafo,Retail
2274,PC/BA/WR/0142H,MEDCOURT PHARMACY LTD,"H/NO. 188, BLOCK A - NEW TOWN SUNYANI",SUNYANI,Brong Ahafo,Wholesale/Retail
2275,PC/AS/WR/0578L,MEDCOURT PHARMACY LTD,"PLOT 57, AHODWO",KMA,Ashanti,Wholesale/Retail
2276,PC/AS/R/0140N,MEDCOURT PHARMACY LTD,"PLOT 15, BLOCK D KUMASI-SUNYAN HIGHWAY - ABUAKWA",ATWIMA NWABIAGYA,Ashanti,Retail
2277,PC/BA/R/0055F,MEDCOURT PHARMACY LTD,"H/NO. AS 47, HWIDIEM",ASUTIFI SOUTH,Brong Ahafo,Retail
2278,PC/AS/WR/0345K,MEDCOURT PHARMACY LTD,H/NO. 181 ACCRA-KUMASI HIGHWAY - EJISU,EJISU-JUABENG,Ashanti,Wholesale/Retail
2279,PC/AS/R/0360K,MEDCOURT PHARMACY LTD,"PLOT 1, BLOCK D ABUAKWA-MANHYIA HIGHWAY MANHYIA
KUMASI",ATWIMA NWABIAGYA,Ashanti,Retail
2280,PC/BA/WR/0012D,MEDCOURT PHARMACY LTD. (SUN,"H/NO. C 51/15 SUNYANI-ABESIM HIGHWAY ADJACENT GRACE
FILING STATION ABESIM",SUNYANI,Brong Ahafo,Wholesale/Retail
2281,PC/GR/WR/0639L,MEDCROSS PHARMACEUTICALS C,GM-206-2257 - ANNOITED OYARIFA,ADENTAN,Greater Accra,Wholesale/Retail
2282,PC/GR/R/0161C,MEDELLA CHEMISTS,"H/NO. RP/F1/C5, AP ROAD, OPP. HERMAN GMEINER INT.
COLLEGE, COMM. 5, TEMA",TMA,Greater Accra,Retail
2283,PC/ER/WR/0437K,MEDFARM PHARMACEUTICALS LT,E2-1170-2044 TOWN ROAD - MAMPONG AKWAPIM,AKWAPIM NORTH,Eastern,Wholesale/Retail
2284,PC/GR/R/0463K,MEDGEM PHARMA LTD,H/NO. 21 - GYE NYAME STREET POLICEMAN CURVE,GA EAST,Greater Accra,Retail
2285,PC/GR/R/0082L,MEDGRAPH GHANA LTD,"H/NO. D537/4 KWAME NKRUMAH AVENUE ADABRAKA
ACCRA",AMA,Greater Accra,Retail
2286,PC/ER/R/0498L,MEDI CASA PHARMACY LTD,STORE NO. 4 MILE 50 ROAD - KOFORIDUA,NEW-JUABENG,Eastern,Retail
2287,PC/GR/R/0092C,MEDI DIRECT PHARMACY,"H/NO. 5, ORANGE STREET5 REGIMANUEL ESTATE, EAST
AIRPORT -",LEDZOKUKU-KROWOR,Greater Accra,Retail
2288,PC/BA/WR/0184E,MEDI-LIFE PHARMACY,"H/NO. TMA 038B, SUNYANI RD. ABAN-MU TECHIMAN",TECHIMAN,Brong Ahafo,Wholesale/Retail
2289,PC/GR/R/00185,MEDIA PHARMA LTD.,H/NO. C521/26 LAGOS STREET EAST LEGON ACCRA,AMA,Greater Accra,Retail
2290,PC/GR/W/0621L,MEDIBOIS PHARMACY,H/NO. 7 AFRAM STREET ASYLUM DOWN ACCRA,AMA,Greater Accra,Wholesale
2291,PC/AS/R/0016H,MEDIBOOT PHARMACY LTD,PLOT 34 BLOCK CC AYEDUASE AYEDUASE,KMA,Ashanti,Retail
2292,PC/AS/R/0139C,MEDICAP PHARMACY,"PLOT KT 66, - BEPOSO AKOMADAN",OFFINSO NORTH,Ashanti,Retail
2293,PC/AS/WR/0179E,MEDICAP PHARMACY(MIM BRAN,H/NO. MK83 HOSPITAL JUNCTION - MANKRANSO,AHAFO-ANO SOUTH,Ashanti,Wholesale/Retail
2294,PC/NR/WR/0030C,MEDICARE PHARMACY LTD.,"H/NO. SL-20, KUMASI ROAD LAMASHEGU TAMALE",TAMALE,Northern,Wholesale/Retail
2295,PC/GR/WR/00214,MEDICHEM PHARMACEUTICALS L,86 NEW GBAWE TOWNSHIP ACCRA,GA SOUTH,Greater Accra,Retail
2296,PC/GR/WR/00293,MEDICHEM PHARMACY,H/NO. B132/10 ADABRAKA MALLAM JUNCTION ACCRA,GA SOUTH,Greater Accra,Wholesale/Retail
2297,PC/GR/R/0371P,MEDIGRACE PHARMACY LIMITED,GL-036-4539 NMAI ABONASSEY STREET - TSE ADDO,LA NKWANTANANG-MADINA,Greater Accra,Retail
2298,PC/GR/R/0391P,MEDIMART PHARMACY LTD,NII SAI STREET - - OGBOJO,ADENTAN,Greater Accra,Retail
2299,PC/GR/R/0096H,MEDIMART PHARMACY LTD,H/NO. B2 MARINA MALL AIRPORT CITY ACCRA,AMA,Greater Accra,Retail
2300,PC/GR/R/0297J,MEDIMART PHARMACY LTD,"UNN.PLOT COMMUNITY 11, SHELL STATION TEMA GENERAL
HOSPITAL ROAD COMMUNITY 11, TEMA TEMA",TMA,Greater Accra,Retail
2301,PC/GR/R/0311J,MEDIMART PHARMACY LTD,H/NO. TC/MKT/A/129 KRAKUE STREET COMMUNITY 1 TEMA,TMA,Greater Accra,Retail
2302,PC/GR/R/00679,MEDIMART PHARMACY LTD.,PLOT NO. 4 - SPINTEX ROAD ACCRA,TMA,Greater Accra,Retail
2303,PC/GR/R/0088G,MEDIMART PHARMACY LTD.,"H/NO. C597/13, - MAAMOBI MAAMOBI",AMA,Greater Accra,Retail
2304,PC/BA/WR/0101D,MEDIMIS PHARMACY,"TMA 123C 35 VATICAN CITY AVENUE NEW ABOADIKRO
TECHIMAN",TECHIMAN,Brong Ahafo,Wholesale/Retail
2305,PC/GR/R/00694,MEDIPOINT PHARMACY,H/NO. 1 NEW ROAD KISSEMAN ACCRA,GA EAST,Greater Accra,Retail
2306,PC/ER/R/0024E,MEDISAVE PHARMACY LTD.,"H/NO. C189, KIBI MAIN RD. KOFORIDUA KIBI",EAST AKIM,Eastern,Retail
2307,PC/BA/R/0326K,MEDISERVICE PHARMACY,PLOT 116 TECHIMAN-KINTAMPO ROAD - JEMA,TECHIMAN,Brong Ahafo,Retail
2308,PC/GR/R/00927,MEDISHOP PHARMACY,"PLOT NO. 214, ATOMIC ROAD, - HAATSO",GA EAST,Greater Accra,Retail
2309,PC/GR/R/0099J,MEDITAB PHARMACY LIMITED,H/NO. 112 RICHARD BOYE AVENUE OTINSHIE DZEAN AYOR,ADENTAN,Greater Accra,Retail
2310,PC/GR/R/0140L,MEDITAB PHARMACY LTD,GE-262-8395 NII NORTEY PALM CRESCENT SELASSIE HAATSO,GA EAST,Greater Accra,Retail
2311,PC/GR/R/00818,MEDITAB PHARMACY LTD.,JB PLAZA BUILDING - KISSEMAN JUNCTION ACCRA,AMA,Greater Accra,Retail
2312,PC/GR/R/0576K,MEDITEL PHARMA LTD,H/NO. 45 2ND JASMINE STREET - CHRISTIAN VILLAGE,GA EAST,Greater Accra,Retail
2313,PC/AS/R/0293K,MEDKING PHARMACY LTD,"PLOT 4, BLOCK R, AYIGYA",KMA,Ashanti,Retail
2314,PC/CR/R/0046M,MEDKNIGHT PHARMACY LTD,STORE 1&2 CCTH MAIN STREET - CAPE COAST,CAPE COAST,Central,Retail
2315,PC/CR/WR/0151H,MEDKNIGHT PHARMACY LTD,"UNN. PREMISES TRANSFORMER JUNCTION KAKRABA-KASOA
KAKRABA",AWUTU SENYA,Central,Wholesale/Retail
2316,PC/CR/R/0035D,MEDLAND PHARMACY LTD,"STORE NO. 192, CAPE COAST-WINNEBA RD, PEDU JXN, CAPE
COAST",CAPE COAST,Central,Retail
2317,PC/AS/R/0496L,MEDLANE J. C. PHARMACY,PLOT 6 - - TANOSO,ATWIMA NWABIAGYA,Ashanti,Retail
2318,PC/GR/R/0083B,MEDLIFE PHARMACY LTD.,"NEAR ISLAMIC UNIV., - ADJIRIGANOR ACCRA",ADENTAN,Greater Accra,Retail
2319,PC/ER/R/0098P,MEDLOG PHARMACY LTD,E2-0013-3013 - LORRY STATION ABIRIW,AKWAPIM NORTH,Eastern,Retail
2320,PC/GR/R/0053J,MEDMINA COMPANY LIMITED,H/NO. 88/3 12/12 ROAD NEAR POST OFFICE MADINA,LA NKWANTANANG-MADINA,Greater Accra,Retail
2321,PC/GR/R/0021G,MEDNET PHARMACY (GH) LTD,"H/NO. KR 191, ABOFOMA, KWABENYA ST., KWABENYA
ACCRA",GA EAST,Greater Accra,Retail
2322,PC/AS/WR/0137A,MEDNIGHT PHARMACEUTICALS LT,"H/NO. PLOT 7, BLOCK D - OBUASI AHENEMA KOKOBEN",ATWIMA KWANWOMA,Ashanti,Retail
2323,PC/GR/W/0163K,MEDONE PHARMACY LTD,GE-201-6831 BREKUSU ROAD - KWABENYA,GA EAST,Greater Accra,Wholesale
2324,PC/GR/W/00724,MEDPHARMA ALLIANCE INTERNA,"10 H/NO. 2200, MAIN MALLAM-GBAWE ROAD (AFTER
GRAVEL JUNCTION) - ACCRA",GA SOUTH,Greater Accra,Wholesale
2325,PC/AS/R/0328H,MEDPOINT PHARMACY,"H/NO. 56, BLOCK C DWUMANAFOUR ROAD KOREA
MAMPONTENG",KWABERE EAST,Ashanti,Retail
2326,PC/GR/W/0068D,MEDREACH COMPANY LTD (PHAR,"H/NO. 523 ASHONGMANG ESTATE ROAD BRIDGE
ASHONGMAN",GA EAST,Greater Accra,Wholesale
2327,PC/GR/R/0232J,MEDRIC PHARMACY LTD,H/NO. B298/23 ZION ROAD NEW FADAMA ACCRA,AMA,Greater Accra,Retail
2328,PC/WR/R/0086K,MEDRUGS PHARMACY LTD,H/NO. 72 LIBERATION ROAD MARKET CIRCLE TAKORADI,SEKONDI-TAKORADI,Western,Retail
2329,PC/GR/R/0548K,MEDS N MORE PHARMACY,HOSPITAL LINK ROAD - COMMUNITY 9 TEMA,TMA,Greater Accra,Retail
2330,PC/WR/WR/0611L,MEDSTOP PHARMACY,PLOT 1A HWENANPORI-BEKWAI ROAD - BIBIANI,BIBIANI-ANHWIASO BEKWAI,Western,Wholesale/Retail
2331,PC/AS/R/0561L,MEDSURE PHARMACY,"PLOT 11, BLOCK B, ATONSU KUWAIT",KMA,Ashanti,Retail
2332,PC/AS/R/0306K,MEDSURE PHARMACY LTD,"PLOT 70, BLOCK K, GYINASE",KMA,Ashanti,Retail
2333,PC/GR/R/0515K,MEDWAY PHARMACY,PLOT 52 BBC ROAD NEW YORK KATAMANSO,KPONE KATAMANSO,Greater Accra,Retail
2334,PC/AS/WR/00087,MEFACO PHARMACY,H/NO. 35A HOSPITAL ROAD WAWASI OBUASI,OBUASI,Ashanti,Wholesale/Retail
2335,PC/CR/WR/0460L,MEG PHARMACY LTD,"NO. 1 NANA ANAFO STORES OPPOSITE ATTA MILLS CLINIC
NKANFOA",CAPE COAST,Central,Wholesale/Retail
2336,PC/GR/IW/0014F,MEGA LIFESCIENCE GH.LTD.,"aHle/NO.8, DZORWULU CRESENT - - DZORWULU-ACCRA",AMA,Greater Accra,Importing Wholesale
2337,PC/GR/R/0065J,MEGA PHARMACY LIMITED,NEAR TAXI RANK SAPEIMAN,GA WEST,Greater Accra,Retail
2338,PC/NR/WR/0360L,MEGA-1PHARMACEUTICALS,H/NO. 69 - KALADAN AREA TAMALE,TAMALE,Northern,Wholesale/Retail
2339,PC/GR/R/00815,MEGAN CHEMIST LTD.,46TH NEW SEMPE HIGH STREET NEW MAMPROBI ACCRA,AMA,Greater Accra,Retail
2340,PC/GR/R/0221J,MEGLO PHARMACY,H/NO B303/19 ALIU MAHAMA SAKAMAN DANSOMAN,AMA,Greater Accra,Retail
2341,PC/VR/WR/0175J,MEK PHARMACY LIMITED,UNN SOKODE LOKOE HO,HO,Volta,Wholesale/Retail
2342,PC/VR/WR/0006K,MEK PHARMACY LIMITED,"H/NO. VP0020-0207 ACCRA-KPANDO RD TSAKPE NEWTOWN
KPANDO",KPANDO,Volta,Wholesale/Retail
2343,PC/AS/W/0083A,MEK PHARMACY LTD.,"PLOT 12, BLOCK XI - OLD AMAKOM KUMASI",KMA,Ashanti,Wholesale
2344,PC/NR/W/0106F,MEK PHARMACY LTD.(TAMALE BR,"H/NO. NZ BLOCK A 50 KUMASI-TAMALE HIGHWAY TAMALE
LAMASHEGU",TAMALE,Northern,Wholesale
2345,PC/AS/W/0505L,MELDIN CHEMIST LTD,"PLOT 2, BLOCK E BEKWAI ROAD ANYINAM SANTASI",KMA,Ashanti,Wholesale
2346,PC/AS/R/00052,MELDIN CHEMISTS LTD.,"PLOT 13, BLOCK 3 OLD TAFO KUMASI",KMA,Ashanti,Retail
2347,PC/GR/R/0158L,MELIA PHARMACY,"DURON HOUSE ECOWAS ROAD RITZ JUNCTION MADINA
ZOMGO",ADENTAN,Greater Accra,Retail
2348,PC/GR/WR/0143E,MELOCH PHARMACEUTICALS LTD,"SHOP NO. 14, NAA PLAZA BUILDING - - OKAISHIE-ACCRA",AMA,Greater Accra,Wholesale/Retail
2349,PC/AS/R/0172N,MELORB PHARMACY LTD,"PLOT 19, BLOCK D, AHIWIAA",KWABERE EAST,Ashanti,Retail
2350,PC/AS/R/0029F,MENA ADWUBI PHARMACY,"H/NO. D/A 49, LORRY STATION,DOMEABRA - EJISU EJISU
JUABENG",EJISU-JUABENG,Ashanti,Retail
2351,PC/AS/WR/00048,MENSAF CHEMISTS LTD.,H/NO. Z.E. 180 - ALLA BAR KUMASI,KMA,Ashanti,Wholesale/Retail
2352,PC/AS/WR/0355K,MENTOCARE PHARMACY LTD,"H/NO. 1, DWINYAMA",AHAFO-ANO SOUTH,Ashanti,Wholesale/Retail
2353,PC/GR/R/0146K,MENZBEK AFRICA PHARMACY,"H/NO. KARF/239 YELLOW SIGN ROAD, SEBREPOR TESANO
ACCRA",GA CENTRAL,Greater Accra,Retail
2354,PC/AS/R/0267J,MEPRIO CHEMIST,"PLOT NO. 699, BLK A OLD AHINSAN ROAD AHINSAN ESTATE
AHINSAN",KMA,Ashanti,Retail
2355,PC/GR/R/0335P,MERAKI PHARMACY LTD,GS-0657-8336 MAIN STREET - ASHALAJA,GA SOUTH,Greater Accra,Retail
2356,PC/GR/R/0445K,MERAKI PHARMACY LTD,H/NO. AS 440 ROAD OF JUSTICE - ASHLALA,GA SOUTH,Greater Accra,Retail
2357,PC/GR/R/0408L,MERCAD BEAUTY & PHARMA LIMI,GZ-171-3105 - TESHIE LINK REGIMANUEL ESTATE,LEDZOKUKU-KROWOR,Greater Accra,Retail
2358,PC/CR/R/0520L,MERKOT PHARMACY,"H/NO. NA/FF 591, KASOA",AWUTU SENYA EAST,Central,Retail
2359,PC/CR/R/0382H,MERKOT PHARMACY CO. LIMITED,H/NO. HG 627 OPEIKUMA ROAD ENIGYEKROM KASOA,AWUTU SENYA,Central,Retail
2360,PC/CR/W/0092M,MERKOT PHARMACY CO. LTD,"H/NO. EE 55/4, AGONA SWEDRU",AGONA WEST,Central,Wholesale
2361,PC/CR/WR/0159H,MERKOT PHARMACY LTD,"H/NO. CV 104/11, CONGO VILLA default CONGO VILLA
KASOA",AWUTU SENYA,Central,Wholesale/Retail
2362,PC/GR/R/0345P,MERMIKE PHARMACY LTD,"H/NO. V81 SOUTHHAMPTON STRRET COCOA BOARD PLAZA
AMASAMAN",GA WEST,Greater Accra,Retail
2363,PC/GR/WR/0210K,MEROKAG PHARMACY LTD,H/NO. D907/21 NII OKAI STREET NEW MARKET FADAMA,GA CENTRAL,Greater Accra,Wholesale/Retail
2364,PC/GR/R/0461K,MESBEN PHARMACY LIMITED,H/NO. 26 - PALAS TOWN NEW GBAWE,GA SOUTH,Greater Accra,Retail
2365,PC/GR/R/0457K,MESSIAH CHEMIST LTD,H/NO. 37 NI HIGHWAY - AKWETEMAN,GA CENTRAL,Greater Accra,Retail
2366,PC/GR/WR/00299,METROPHARMA LTD.,HNO. 220/1 KWARTEI STREET MALLAM ACCRA,GA SOUTH,Greater Accra,Wholesale/Retail
2367,PC/GR/R/0516L,MI & MA PHARMACY LTD,92-126-7779 MAIN LORRY STATION NEW SITE ADENTA,ADENTAN,Greater Accra,Retail
2368,PC/GR/R/00604,MICABIPHARM CO. LTD.,UNN. STORE - DOME MARKET ACCRA,GA EAST,Greater Accra,Retail
2369,PC/GR/R/0041A,MICHEW PHARMACY LTD.,"H/NO. 3, WUO STR, NR APOSTOLIC FAITH MISSION, TIPER,
ODORKOR",AMA,Greater Accra,Retail
2370,PC/GR/R/0045E,MICHRISMA PHARMACY,"UNN. HSE, SPINTEX ROAD BEHIND UNIBANK ACCRA",TMA,Greater Accra,Retail
2371,PC/GR/WR/00583,MIDLAND CHEMISTS LTD.,H/NO. 78 ANSAH NUNOO ROAD MAMPROBI ACCRA,AMA,Greater Accra,Wholesale/Retail
2372,PC/GR/WR/00583,MIDLAND CHEMISTS LTD.,H/NO. 78 ANSAH NUNOO ROAD MAMPROBI ACCRA,AMA,Greater Accra,Wholesale/Retail
2373,PC/GR/R/00773,MIDWATCH PHARMACY,"H/NO. 300, A-LANG, AIKINS STR, NORTH KWASIEMAN, ACCRA",GA SOUTH,Greater Accra,Retail
2374,PC/AS/WR/00037,MIKADDO PHARMACY LTD,H/NO. 1 NO. 1 ANTOA STREET KEJETIA KUMASI,KMA,Ashanti,Wholesale/Retail
2375,PC/AS/R/00192,MIKADDO PHARMACY LTD,STORE 7 & 8 COMMERCIAL AREA KNUST KUMASI,KMA,Ashanti,Retail
2376,PC/ER/WR/0113G,MIKADDO PHARMACY LTD.,"STORE NO. 4 & 5, MARKET STORES, OPP. TEMA HSE,
KOFORIDUA KOFORIDUA",NEW-JUABENG,Eastern,Wholesale/Retail
2377,PC/ER/WR/0112G,MIKADDO PHARMACY LTD.,"H/NO. 11, BROADWAY STREET, KOFORIDUA KOFORIDUA",NEW-JUABENG,Eastern,Wholesale/Retail
2378,PC/GR/R/0234K,MIKHEN PHARMACY LTD,"ELEPHANT STREET KROWAA HERBAL SHOP CENTRE
AMASAMAN",GA WEST,Greater Accra,Retail
2379,PC/AS/R/0306H,MIKI-MED PHARMACY LTD.,PLOT 2 SPORT ROAD DENTESO ASOKORE MAMPONG,ASOKORE MAMPONG,Ashanti,Retail
2380,PC/GR/R/0013F,MILE 11 PHARMACY LTD.,"H/NO.GNT/B/358E, GBAWE-BORTIANOR RD. - NEW GBAWE",GA SOUTH,Greater Accra,Retail
2381,PC/GR/R/00410,MILE 7 CHEMISTS LTD.,H/NO. - ADJACENT MILE 7 PARK NEW ACHIMOTA,AMA,Greater Accra,Retail
2382,PC/GR/R/0071G,MILLAN CHEMIST LTD.,"H/NO. PLOT NO. 14, SAKUMONO ROAD, SAKUMONO
SAKUMONO",TMA,Greater Accra,Retail
2383,PC/GR/R/00961,MILLAN CHEMISTS LTD (COMM. 1,"H/NO. A 46, COMMUNITY 12, TEMA",TMA,Greater Accra,Retail
2384,PC/WR/WR/00019,MILLENIUM PHARMACY CO. LTD.,H/NO. 44/9 LAGOON ROAD SEKONDI SEKONDI,SEKONDI-TAKORADI,Western,Wholesale/Retail
2385,PC/WR/WR/0466L,MINAMO PHARMACY LTD,"H/NO. PNL 1/22, PRESTEA",PRESTEA HUNI VALLEY,Western,Wholesale/Retail
2386,PC/AS/R/0365K,MINAMO PHARMACY LTD,"PLOT 77, BLOCK 5 - APATRAPA JUNCTION TANOSO",KMA,Ashanti,Retail
2387,PC/BA/WR/00042,MINEX PHARMACY LTD,"H/NO. E. 139/2, SUNYANI",SUNYANI,Brong Ahafo,Wholesale/Retail
2388,PC/GR/R/00787,MINIMAX PHARMACEUTICALS LTD,"H/NO. 43/7 EMMUSE STREET, 2ND STREET LABONE ACCRA",AMA,Greater Accra,Retail
2389,PC/GR/R/0131D,MIPILL PHARMACY LTD.,"H/NO. 0272, PANTANG OLD ROAD PANTANG VILLAGE
ABOKOBI",GA EAST,Greater Accra,Retail
2390,PC/CR/WR/00022,MIR PHARMACY,STORE NO. 14 AJUMAKO ROAD - MANKESSIM,MFANTSEMAN,Central,Wholesale/Retail
2391,PC/ER/R/0351J,MISSION PHARMACY LTD,STORE NO. 1 & 6 JACKSON PARK ROAD BETOM KOFORIDUA,NEW-JUABENG,Eastern,Retail
2392,PC/GR/R/0614L,MIZFRED PHARMACY,"PANTANG HOSPITAL ROAD, PANTANG",ADENTAN,Greater Accra,Retail
2393,PC/AS/W/0098N,MMD CHEMIST,"H/NO. 0015 - MANHYIA, KUMASI KUMASI",KMA,Ashanti,Wholesale
2394,PC/GR/CP/0218N,MOBILE DOCTORS CLINIC PHARM,H/NO. 45 10TH AVENUE ADDOGONO TESHIE NUNGUA,LA NKWANTANANG-MADINA,Greater Accra,Clinic Pharmacy
2395,PC/GR/R/0015B,MODERN CARE PHARMACY,STORE NO. 182 POLICE ROAD WEIJA MARKET ACCRA,GA SOUTH,Greater Accra,Retail
2396,PC/CR/R/0063P,MODERN CARE PHARMACY,STORE 1&2 NEW ROAD ZONGO KASOA,AWUTU SENYA EAST,Central,Retail
2397,PC/AS/WR/0099N,MODERN PHARMACY,PLOT 5 - NEAR MESEUM PARKOSO,ASOKORE MAMPONG,Ashanti,Wholesale/Retail
2398,PC/GR/WR/0171B,MOHILLS PHARMACEUTICALS LTD,"H/NO. D763/4, KIMBERLY AVENUE Accra ACCRA",AMA,Greater Accra,Wholesale/Retail
2399,PC/GR/WR/00108,MOKAT CHEMISTS LTD.,HN0.1 FIRST OTSWE STREET SOUTH LABADI ESTATES ACCRA,LA DEDE-KOTOPON,Greater Accra,Wholesale/Retail
2400,PC/GR/WR/00108,MOKAT CHEMISTS LTD.,HN0.1 FIRST OTSWE STREET SOUTH LABADI ESTATES ACCRA,LA DEDE-KOTOPON,Greater Accra,Wholesale/Retail
2401,PC/AS/R/00139,MOLEYS CHEMISTS LTD.,"H/NO. PLOT 12, BLOCK T - NEW AMAKOM ESTENTION
KUMASI",KMA,Ashanti,Retail
2402,PC/ER/R/0103P,MOLLY PHARMACY,ES-0883-2374 SUHUM ROAD - NANKESE,SUHUM,Eastern,Retail
2403,PC/GR/R/0220L,MON AMIE PHARMACY LIMITED,"H/NO. 1 NII CEPHAS ASHALE AVENUE OLD TOWN ASHALEY
BOTWE",ADENTAN,Greater Accra,Retail
2404,PC/GR/WR/00240,MONAZ PHARMACY LTD.,H/NO. BO 11 - SOUTH McCARTHY HILL ACCRA,GA SOUTH,Greater Accra,Wholesale/Retail
2405,PC/AS/R/0193K,MONBEE PHARMACY LIMITED,PLOT 3 STEWARDS STREET - YAWKWEI JUASO,ASANTE-AKIM SOUTH,Ashanti,Retail
2406,PC/AS/R/0146B,MONIQUE CHEMISTS LTD.,"POLT II, BLOCK W, STADIUM ROAD ASOKWA ASOKWA",KMA,Ashanti,Retail
2407,PC/GR/R/0032N,MONT-G PHARMACY LTD,GK-0941-7538 UNIVERSITY AVENUE - LAKE SIDE ESTATE,ADENTAN,Greater Accra,Retail
2408,PC/GR/W/0092H,MOON PHARMA GHANA LIMITED,"H/NO. 1, C91 KWAME NKRUMAH AVENUE ADABRAKA ACCRA",GA CENTRAL,Greater Accra,Wholesale
2409,PC/AS/R/0058B,MOONLIGHT PHARMACY,"H/NO. K9, ASHTOWN STREET, KUNTANASE KUNTANASE-
KUMASI",BOSOMTWE,Ashanti,Retail
2410,PC/CR/R/0069P,MOORHEAD PHARMACY LTD,"H/NO. NY/218, NYANYANO",GOMOA EAST,Central,Retail
2411,PC/AS/R/0299K,MORATEL CHEMIST LTD,"PLOT 7, BLOCK 7, ABOABO NO. 1",KMA,Ashanti,Retail
2412,PC/GR/R/0043N,MORGAN HILL PHARMACY,"GZ-045-2604, NUNGUA",LA NKWANTANANG-MADINA,Greater Accra,Retail
2413,PC/GR/R/0043P,MORTON CHEMIISTS LTD,UNN .HSE. STATION KUBEKROM II,KPONE KATAMANSO,Greater Accra,Retail
2414,PC/GR/W/0090P,MORTON CHEMIST LTD,UNN. HSE MUSA NYE STREET ZENU ASHAIMAN,ASHIAMAN,Greater Accra,Wholesale
2415,PC/GR/R/0214N,MORTON CHEMISTS,GM-241-0145 AMRAHIA ROAD MILK JUNCTION OTINIBI,,Greater Accra,Retail
2416,PC/GR/R/0134K,MORTON CHEMISTS LTD,"H/NO. C40/24 NII TETTEH AMUI STREET, LEBANON ZONE 4
ASHAIMAN",ASHIAMAN,Greater Accra,Retail
2417,PC/AS/WR/0148N,MORTTSONS PHARMACY LTD,"PLOT 2, BLOCK F - TUC JUNCTION ADIEMBRA",KMA,Ashanti,Wholesale/Retail
2418,PC/WR/WR/0056G,MOSAN FONTLIFE PHARMACY LTD,"H/NO. PLOT 1, TANOKROM SCH. JXN, TAKORADI TAKORADI",SEKONDI-TAKORADI,Western,Retail
2419,PC/VR/WR/0185H,MOSELIN PHARMACY LTD.,UNN. HOUSE KPASSA ROAD ENGLISH-ARABIC AREA NKWANTA,NKWANTA SOUTH,Volta,Wholesale/Retail
2420,PC/ER/WR/0324J,MOSHOSHO PHARMACY LTD,H/NO. 38 NKAWKAW ROAD ABAASE NEW ABIREM,BIRIM NORTH,Eastern,Wholesale/Retail
2421,PC/CR/R/0086B,MOSMAY PHARMACY,H/NO. 142 PVL JUKWA RAOD ABURA CAPE COAST,CAPE COAST,Central,Retail
2422,PC/BA/WR/0206H,MOSSAY PHARMACY (PENKWASE,"H/NO. TS 145, OPP. REGIONAL HOSPITAL PENKWASE
SUNYANI",SUNYANI,Brong Ahafo,Retail
2423,PC/BA/WR/00033,MOSSAY PHARMACY LTD.,H/NO. B/7/2 ZONGO-ONE WAY STREET SUYANI SUNYANI,SUNYANI,Brong Ahafo,Wholesale/Retail
2424,PC/GR/R/00285,MOTHER-LOVE PHARMACY,"H/NO.3 OFF ACCRA-DODOWA ROAD NORTH FRAFRAHA
ACCRA",ADENTAN,Greater Accra,Retail
2425,PC/BA/WR/0323K,MPEG PHARMACY,H/NO. A 19 MAIN STREET - KWATIRE,SUNYANI WEST,Brong Ahafo,Wholesale/Retail
2426,PC/AS/W/0147N,MPHARMA PHARMACEUTICAL LT,"PLOT 4, BLOCK C, AHODWO NHYIASO",KMA,Ashanti,Wholesale
2427,PC/GR/W/0523K,MPHARMA PHARMACEUTICALS LT,GZ-204-1203 SPINTEX ROAD - MANET JUNCTION,LEDZOKUKU-KROWOR,Greater Accra,Wholesale
2428,PC/BA/R/0124E,MRY-J PHARMACY LTD.,"PLOT 8, BLOCK B, MARKET ROAD - SUNYANI",SUNYANI,Brong Ahafo,Retail
2429,PC/GR/W/0422K,MSI WHOLESALE,H/NO. 36 AKWAI STREET - TESANO,GA CENTRAL,Greater Accra,Wholesale
2430,PC/WR/R/0163J,MSJ PHARMACY,PLOT NO. E2 ESSIPON ROAD SEKONDI ESSIPON,SEKONDI-TAKORADI,Western,Retail
2431,PC/GR/R/0310K,MT. OLIVE TOP PHARMACY,"H/NO. 24 SECOND RIVER LANE SOUTH WEST McCARTHY
TETEGU",GA SOUTH,Greater Accra,Retail
2432,PC/GR/R/0403K,MUBHAK PHARMACY,GW-0070 SONITRA ROAD 3 JUNCTION AMASAMAN,GA WEST,Greater Accra,Retail
2433,PC/AS/W/0059B,MULTI-I LTD. (PHA. DIV.),"PLOT 8-9, BLOCK T - WEST NHYIAESO KUMASI",KMA,Ashanti,Wholesale
2434,PC/WR/WR/0093G,MULTICARE PHARMACY LTD.,"H/NO. 31, OPP. KAN ROYAL FUEL STN, DWENASI SEFWI
DWENASI",SEFWI WIAWSO,Western,Wholesale/Retail
2435,PC/GR/R/0049D,MUNDO PHARMACY LTD.,"H/NO. A 103, - AMRAHIA TOOL BOTH AMRAHIA",ADENTAN,Greater Accra,Retail
2436,PC/NR/WR/0181J,MUNDRA PHARMACY GHANA LIM,BDA 90 JOHNNEY SECTION S.T.K SAWLA,SAWLA TUNA KALBA,Northern,Retail
2437,PC/NR/WR/0124M,MUROUKI HASSINI PHARMACY LI,"H/NO. D, BLOCK G23 HOSPITAL ROAD GURMA SALAGA",EAST GONJA,Northern,Retail
2438,PC/GR/WR/00111,MYCRO CHEMISTS,105 ROYAL CASTLE ROAD KOKOMLEMLE ACCRA,AMA,Greater Accra,Wholesale/Retail
2439,PC/GR/R/00086,MYCRO CHEMISTS,UNB.STORE - EAST LEGON EXTENSION ACCRA,AMA,Greater Accra,Retail
2440,PC/GR/R/0036L,MYCRO CHEMISTS,H/NO. 506 CAMBODIA STREET - ABOKOBI-BOI,GA EAST,Greater Accra,Retail
2441,PC/AS/W/0106K,N & A PHARMACY,"H/NO. J 45 PATASI, MAIN STREET PATASI KUMASI",KMA,Ashanti,Wholesale
2442,PC/GR/R/0058D,N-GEO PHARMACY,"H/NO. AE159, JAPAN MOTORS EST, ASHALEY BOTWE MADINA",ADENTAN,Greater Accra,Retail
2443,PC/GR/R/0058D,N-GEO PHARMACY,"H/NO. AE159, JAPAN MOTORS EST, ASHALEY BOTWE MADINA",ADENTAN,Greater Accra,Retail
2444,PC/GR/R/0403L,N-GEO PHARMACY LIMITED,H/NO. 13/M 25 - ZONGO JUNCTION MADINA,LA NKWANTANANG-MADINA,Greater Accra,Retail
2445,PC/GR/R/0064M,NAAB BLANKS PHARMACY,GW-0212-7227 - OBEYEYIE AMASAMAN,GA WEST,Greater Accra,Retail
2446,PC/GR/R/0640L,NAAB BLANKS PHARMACY LIMITE,"ADJACENT FRIMPS SERVICE STATION WOLAKO STREET ALHAU
CURVE ACCRA",GA CENTRAL,Greater Accra,Retail
2447,PC/GR/WR/00112,NAABSON PHARMACY,H/NO. I/207 - COMMUNITY 1 MARKET (KENKEY LANE) TEMA,TMA,Greater Accra,Wholesale/Retail
2448,PC/CR/R/0143H,NAADOSTI PHARMACEUTICALS LT,H/NO. 15/4 KASOA NYANYANO ROAD LAWYER KASOA,AWUTU SENYA,Central,Retail
2449,PC/GR/R/0035G,NABIBS PHARMACY,"H/NO. 499/500, TRADE FAIR ROAD, - TSE-ADO",LA DEDE-KOTOPON,Greater Accra,Retail
2450,PC/GR/R/00872,NAD PHARMACY,"SHOP NO. 37 BAATSONA KOTOBABI TAXI RANK KPESHIE
ACCRA",TMA,Greater Accra,Retail
2451,PC/GR/R/00872,NAD PHARMACY,"SHOP NO. 37 BAATSONA KOTOBABI TAXI RANK KPESHIE
ACCRA",TMA,Greater Accra,Retail
2452,PC/GR/WR/0036M,NADMA PHARMACY LTD,STORE 113 KIMBERLY AVENUE OKAISHIE ACCRA,AMA,Greater Accra,Wholesale/Retail
2453,PC/ER/WR/00035,NADORG PHARMACY LTD.,"H/NO. N/J 539, NKAWKAW RD, ZONGO JXN, NKAWKAW",KWAHU WEST,Eastern,Wholesale/Retail
2454,PC/ER/WR/00016,NAGISA PHARMACY LTD.,"H/NO. C.352/4, - SAWER SOMANYA",YILOKROBO,Eastern,Wholesale/Retail
2455,PC/AS/R/00124,NAKO CHEMIST LTD.,"H/NO. PLOT 1, BLOCK 1 - AKWEREM KUMASI",KMA,Ashanti,Retail
2456,PC/WR/R/0085C,NANDY PHARMACY LTD.,"H/NO. 16/1F, ANAJI NTANKOFUL ROAD ANAJI TAKORADI",SEKONDI-TAKORADI,Western,Retail
2457,PC/AS/R/0206E,NAOTOM PHARMACY,H/NO. SA/73 OPP. JUABEN RURAL BANK FUMESUA FUMESUA,EJISU-JUABENG,Ashanti,Retail
2458,PC/WR/R/0038G,NAPAKWAW PHARMACY LTD,"H/NO. PT 351, TAKORADI-CAPE COAST RD, BUS STOP,
EFFIAKUMA",SEKONDI-TAKORADI,Western,Retail
2459,PC/BA/R/0382H,NAPDEL PHARMACY LIMITED,"PLOT 3, BLOCK E YAMFO MAIN STREET OWAMKWANSO
YAMFO",TANO NORTH,Brong Ahafo,Retail
2460,PC/BA/R/0160P,NAPDEL PHARMACY LTD,"PLOT 82, BLOCK B - DOMINASE ABESIM",SUNYANI,Brong Ahafo,Retail
2461,PC/GR/WR/0525L,NARAX,"PLOT 6, BLOCK A ABOKOBI ROAD ABLAGYEI OLD
ASHONGMAN",GA EAST,Greater Accra,Wholesale/Retail
2462,PC/GR/R/0243P,NARDY'S PHARMACY LTD,H/NO. EA/56/8 WUBIIBI LANE - ADENTA,ADENTAN,Greater Accra,Retail
2463,PC/GR/R/0045D,NARHSAM PHARMACY LTD,"H/NO. PR/OL 006, NEAR LORRY STN, LOWER TOWN,
PRAMPRAM",NINGO PRAMPRAM,Greater Accra,Retail
2464,PC/GR/R/0045D,NARHSAM PHARMACY LTD,"H/NO. PR/OL 006, NEAR LORRY STN, LOWER TOWN,
PRAMPRAM",NINGO PRAMPRAM,Greater Accra,Retail
2465,PC/WR/WR/0020N,NAS-MATSON PHARMACY,H/NO. 17/6 COLLINS AVENUE MARKET CIRCLE TAKORADI,SEKONDI-TAKORADI,Western,Wholesale/Retail
2466,PC/NR/R/0269P,NASARA PHARMACY LTD,NT-0006-8773 PICORNA STREET ZOGBELI TAMALE,TAMALE,Northern,Retail
2467,PC/GR/R/00226,NASCATA PHARMACY LTD.,OPPOSITE ZONGO MOSQUE MADINA,ADENTAN,Greater Accra,Retail
2468,PC/GR/WR/00189,NASIT CHEMIST,NEAR BEACH DRIVE ESTATE TUBA JUNCTION ACCRA,AMA,Greater Accra,Wholesale/Retail
2469,PC/CR/WR/00024,NAT & SONS PHARMACY LTD.,"OPP. THE TWIFO PRASO GOVT. HOSP, - - TWIFO PRASO",TWIFO HEMANG LOWER DENK,YCIeRnAtral,Wholesale/Retail
2470,PC/CR/WR/00019,NAT & SONS PHARMACY LTD.,HNO. PVL 58 NEW MARKET ABURA CAPE COAST,CAPE COAST,Central,Wholesale/Retail
2471,PC/CR/WR/0033D,NAT AND SONS PHARMACY LTD,H/NO. 69/2/B - NIPPON ELMINA,KOMENDA-EDINA EGUAFO-AB,IRCEeMntral,Wholesale/Retail
2472,PC/GR/R/0077N,NAVIA PHARMACY LTD,"PLOT 24, JOMA",GA CENTRAL,Greater Accra,Retail
2473,PC/BA/WR/00022,NAVIPHARMA GH LTD,H/NO. D 3/2 STATION STREET SUYANI SUNYANI,SUNYANI,Brong Ahafo,Wholesale/Retail
2474,PC/GR/R/0006J,NAYAG PHARMACY LIMITED,H/NO. G1/5 GIFFARD ROAD NEAR FAIR GARDENS HOTEL LA,LA DEDE-KOTOPON,Greater Accra,Retail
2475,PC/VR/WR/0034P,ND PHARMACY LTD,"H/NO. DE-139 DANABJI-PIBILLA ROAD TAKORADI JUNCTION
DAMANKO",NKWANTA NORTH,Volta,Wholesale/Retail
2476,PC/GR/R/00619,NEA PHARM,NO. 77 NO. 77 BRENYA STREET TESEANO ACCRA,AMA,Greater Accra,Retail
2477,PC/WR/WR/0037G,NEAL-K PHARMACY LTD,"H/NO. 5 DIXCOVE ROAD DIXCOVE ROAD AGONA AGONA
NKWANTA",AHANTA WEST,Western,Wholesale/Retail
2478,PC/GR/R/00668,NEB PHARMACY,H/NO. G 400/3 OLD LA ROAD ACCRA ACCRA,AMA,Greater Accra,Retail
2479,PC/GR/R/0031A,NEB PHARMACY LTD,"H/NO. X/MIV/KWAB/92/9 MANGOASE ASHOMANG NEW
ASHONGMAN",GA EAST,Greater Accra,Retail
2480,PC/GR/WR/00244,NEDA CHEMISTS LTD.,H/NO. 377/4 ACCRA NEW TOWN KOKOMLEMLE ACCRA,AMA,Greater Accra,Wholesale/Retail
2481,PC/AS/R/00299,NEEDAL CHEMIST LTD.,H/NO. ATA 1B - ASASEMANSO KUMASI,KMA,Ashanti,Retail
2482,PC/GR/R/0194G,NEEGS PHAMACEUTICALS LTD,"H/NO. G42/C5 G ROAD, NEAR PENTECOST CHURCH
COMMUNITY 25 TEMA",TMA,Greater Accra,Retail
2483,PC/GR/R/00719,NEEK ROYALE PHARMACY,"HNO. 79, BLOCK 29 - ODORKOR-KWASHIEMAN CENTRAL
ACCRA",AMA,Greater Accra,Retail
2484,PC/GR/R/0069L,NEEK-ROYALE PHARMACY,GC-181-9951 AGAPE HIGH STREET - ABLEKUMA,GA CENTRAL,Greater Accra,Retail
2485,PC/GR/R/0251J,NEIGHBOR PHARMACEUTICALS LT,"UNN.HSE, BROWN PLAZA MIAMI ROAD MIAMI TETEGU-
WEIJA",GA SOUTH,Greater Accra,Retail
2486,PC/GR/R/0486L,NEKOYOE PHARMACY LIMITED,AWUDU STORES DODOWA ROAD - KPONE BAWALESHIE,,Greater Accra,Retail
2487,PC/WR/WR/0364L,NELCY PHARMACY,"H/NO. 41/42, TOKOBO NO. 1",JOMORO,Western,Wholesale/Retail
2488,PC/WR/WR/0018N,NELCY PHARMACY,STORE 1 NKROFUL ROAD - ESIAMA,ELLEMBELLE,Western,Wholesale/Retail
2489,PC/GR/R/0032H,NERJEREU PHARMACY LTD,"H/NO. 11B/12, AWOSHIE-POKUASE ROAD - ANYAA MARKET
AWOSHIE",GA SOUTH,Greater Accra,Retail
2490,PC/GR/R/0032H,NERJEREU PHARMACY LTD,"H/NO. 11B/12, AWOSHIE-POKUASE ROAD - ANYAA MARKET
AWOSHIE",GA SOUTH,Greater Accra,Retail
2491,PC/GR/R/00018,NESTA CHEMISTS LIMITED,NO. 9 NINTH AVENUE TESANO ACCRA,AMA,Greater Accra,Retail
2492,PC/GR/R/00590,NESTA CHEMISTS LIMITED,H/NO. B832/24 - ABEKA ACCRA,AMA,Greater Accra,Retail
2493,PC/GR/R/00018,NESTA CHEMISTS LIMITED,NO. 9 NINTH AVENUE TESANO ACCRA,AMA,Greater Accra,Retail
2494,PC/GR/R/00590,NESTA CHEMISTS LIMITED,H/NO. B832/24 - ABEKA ACCRA,AMA,Greater Accra,Retail
2495,PC/AS/R/0026M,NEW ERA PHARMACY LTD,"PLOT 1, PLK 2 LAKE ROAD - APUTUOGYA",BOSOMTWE,Ashanti,Retail
2496,PC/AS/R/0362P,NEW GENERATION PHARMACY LT,"PLOT 58, BLOCK I, AS-U156-4192 - AHENBRONUM TAFO",KMA,Ashanti,Retail
2497,PC/GR/WR/00114,NEW PAGE CHEMISTS,H/N D577/3 - ZONGO LANE ACCRA,AMA,Greater Accra,Wholesale/Retail
2498,PC/WR/WR/0359H,NEW SAMKWARTH CO. LTD,H/NO. 6 BONFUL AVENUE AKITEWA PRESTEA,PRESTEA HUNI VALLEY,Western,Wholesale/Retail
2499,PC/WR/R/0039M,NEW SAMWARTH PHARMACY,STORE 1 - KRUTOWN PRESTEA,PRESTEA HUNI VALLEY,Western,Retail
2500,PC/BA/WR/0121B,NEW-LIFE PHARMACY,H/NO. E 10 CENTRAL MOSQUE STREET SAWABA KINTAMPO,KINTAMPO NORTH,Brong Ahafo,Wholesale/Retail
2501,PC/GR/WR/0383H,NEWDAY PHARMA COMPANY LTD,"PLOT AW 19 TOTAL RESS JUNCTION NEAR SWAN CLINIC
ADENTA WEST",ADENTAN,Greater Accra,Wholesale/Retail
2502,PC/GR/R/0540L,NEXT DOOR PHARMACY LIMITED,H/NO. 10 - - NEW GBAWE CP,GA SOUTH,Greater Accra,Retail
2503,PC/AS/WR/0023D,NEXT WORLD PHARMACEUTICALS,"PLOT 142, DEPHELIA HOUSE - HIGH TENSION ESRESO",BOSOMTWE,Ashanti,Wholesale/Retail
2504,PC/GR/WR/0632L,NEXTO PHARMACEUTICALS LTD,"H/NO. DW/NT/045, TSOPOLI",NINGO PRAMPRAM,Greater Accra,Wholesale/Retail
2505,PC/VR/R/0029P,NEXTO PHARMACY LTD,"H/NO. VG 075, GOLO-KWATI",AFADZATO-SOUTH,Volta,Retail
2506,PC/GR/R/0038P,NEXTO PHARMACY LTD,H/NO. EA 941 GREEN BARRIER STREET - OLD NINGO,NINGO PRAMPRAM,Greater Accra,Retail
2507,PC/VR/R/0237P,NEXTO PHARMACY LTD,VF-2073-6619 - NEAR FIRE SERVICE HAVE ETOE,AFADZATO-SOUTH,Volta,Retail
2508,PC/GR/R/0002L,NGANOMAN PHARMACY,"OPPOSITE AGOWU FURNITURE MAIN DODOWA -
NGANOMAN",SHAI-OSUDOKU,Greater Accra,Retail
2509,PC/CR/WR/0090A,NHYIRA PHARMACY,H/NO. WT 11/1 ACCRA-CAPE COAST ROAD KASOA KASOA,AWUTU SENYA,Central,Wholesale/Retail
2510,PC/ER/WR/00041,NICK & SONS PHARMACY LTD.,H/NO. E55 OFF ANGLICAN STREET - NSAWAM,AKWAPIM SOUTH,Eastern,Wholesale/Retail
2511,PC/GR/R/00377,NICKEL CHEMIST LTD.,PLOT 735 COMMANDO STREET SOUTH ODORKOR ACCRA,AMA,Greater Accra,Retail
2512,PC/GR/R/0244J,NICODOH PHARMACY LTD.,"UNN. HSE AMAMOLE CANADA ABLEKUMA-POKUASE
HIGHWAY ABLEKUMA AMOMOLE",AMA,Greater Accra,Retail
2513,PC/AS/R/0006F,NICOM PHARMACY LTD,"PLOT 87, HIGH TENSION ESERESO",OBUASI,Ashanti,Retail
2514,PC/GR/R/0163L,NII MAG PHARMACY LTD,NII ARMAH STREET NEAR PRESBY CHURCH OMANJOR,GA CENTRAL,Greater Accra,Retail
2515,PC/GR/R/00403,NIMA HIGHWAY PHARMACY LTD,"H/NO. 1 - NIMA HIGHWAY,NIMA ACCRA",AMA,Greater Accra,Retail
2516,PC/WR/WR/0160J,NIMDEE PHARMACY AND COMPA,NO 33 S . T . M . A . ROAD SEKONDI TAKORADI,SEKONDI-TAKORADI,Western,Retail
2517,PC/AS/R/00034,NIMO PHARMA LTD.,H/NO. BA 1 - BANTAMA KUMASI,KMA,Ashanti,Retail
2518,PC/GR/R/0005L,NINATT PHARMACY LIMITED,"GK-0816-9345 NANAKROM ROAD MELCOM EAST LEGON
HILLS",KPONE KATAMANSO,Greater Accra,Retail
2519,PC/GR/R/0121G,NINSON PHARMACY,"H/NO. PALAS TOWN, PALASS TOWN ANYAA",GA CENTRAL,Greater Accra,Retail
2520,PC/GR/W/0119H,NISSI PHARMA LTD,H/NO. 3 AGBOTUS AVENUE MADINA ACCRA,ADENTAN,Greater Accra,Wholesale
2521,PC/GR/WR/00279,NISSI PHARMA LTD.,P 769/4 CARNAVON OKAISHIE ACCRA,AMA,Greater Accra,Wholesale/Retail
2522,PC/WR/W/0609L,NISSI PHARMACY,H/NO. 14/7 - NO. 1 TAKORADI,SEKONDI-TAKORADI,Western,Wholesale
2523,PC/AS/W/0066E,NISSI PHARMACY LTD.(ASHTOWN),"H/NO. OL 157, ASHTOWN MAIN STREET ASH TOWN MANHYIA",KMA,Ashanti,Wholesale
2524,PC/CR/WR/0156G,NKUNIM PHARMACY LTD.,H/NO. NH 53 - - BREMAN-ASIKUMA,ASIKUMA-ODOBEN BRAKWA,Central,Wholesale/Retail
2525,PC/ER/WR/0178N,NKURAKAN PHARMACY LTD,H/NO. NKZ 7/B7 - ZONGO NKURAKAN,YILOKROBO,Eastern,Wholesale/Retail
2526,PC/CR/WR/0532L,NKWA HIA PHARMACY LIMITED,"STORE 1&2 OPPOSITE ATECHEM POLICE STATION SUBINSO
DUNKWA-ON OFFIN",UPPER DENKYIRA-EAST,Central,Wholesale/Retail
2527,PC/AS/WR/00051,NOBLE CHEMIST LTD,H/NO. K.O. 16 - NEWTOWN KUMASI,KMA,Ashanti,Wholesale/Retail
2528,PC/WR/WR/00006,NOCK CHEMISTS LTD.,H/NO. 23/4 HAYFORD ROAD TAKORADI,SEKONDI-TAKORADI,Western,Wholesale/Retail
2529,PC/GR/R/0124H,NOLA PHARMACY,GK-0244-4875 AFLAO ROAD INDUSTRIAL AREA TEMA,TMA,Greater Accra,Retail
2530,PC/VR/WR/0134F,NORTHERN GATE PHARMACEUTIC,H/NO. JOS-295 MAIN STATION - JASIKAN,JASIKAN,Volta,Retail
2531,PC/VR/WR/0230P,NORTHERN GATE PHARMACY,H/NO. KB 1-58 - COACOA MARKET KADJEBI-AKAB,KADJEBI,Volta,Wholesale/Retail
2532,PC/GR/R/0080C,NOVIK PHARMACY,H/NO. 39H EDUARDO MONDLAMA ROAD KOKROBITE ACCRA,GA SOUTH,Greater Accra,Retail
2533,PC/GR/R/00289,NOVIK PHARMACY LTD.,"H/NO. A644/2 EDUARDO MOHDLANA ROAD MAMPROBI
ACCRA",AMA,Greater Accra,Retail
2534,PC/GR/WR/0078H,NOVOMED PHARMA,H/NO. 1 DEDE ADYIN STREET GALILEE ABLEKUMA,GA WEST,Greater Accra,Wholesale/Retail
2535,PC/AS/R/00129,NSENIE PHARMACY LTD.,"PLOT 5A BLOCK. D - NSENIE, NEW SITE KUMASI",KMA,Ashanti,Retail
2536,PC/AS/R/0248M,NSURI PHARMACY LTD,PLOT GO PA STREET - APATRAPA,KMA,Ashanti,Retail
2537,PC/GR/R/0145F,NU-MEDICALS PHARMACY,"H/NO. A34-A36, SHALOM MALL, - - ACHIMOTA ACCRA",AMA,Greater Accra,Retail
2538,PC/BA/WR/0125E,NUMARK PHARMACY,"H/NO. P29/B, PENKWASI HOSPITAL RD. SUNYANI",SUNYANI,Brong Ahafo,Wholesale/Retail
2539,PC/BA/R/0127K,NUMARK PHARMACY (KENYASI BR,BLOCK 259 - JERICHO KENYASI NO. 2,ASUTIFI NORTH,Brong Ahafo,Retail
2540,PC/BA/R/0139E,NUMARK PHARMACY LTD.,"H/NO. ME 32/A, ODUMASE ROAD - SUNYANI",SUNYANI,Brong Ahafo,Retail
2541,PC/BA/R/0176F,NUMARK PHARMACY(ABESIM BRA,"H/NO. P.24, BLK. C, ABESIM",SUNYANI,Brong Ahafo,Retail
2542,PC/CR/R/0154H,NUMBERS PHARMACY LTD,"H/NO. 237, OPP. DUKES PRETROLEUM BANTOMA FOSO-
KUMASI ROAD BANTOMA ASSIN FOSU",ASSIN NORTH,Central,Retail
2543,PC/AS/WR/00066,NUMENSH PHARMACY,H/NO. K.O.28 KETE STREET SUBIN VALLEY KUMASI,KMA,Ashanti,Wholesale/Retail
2544,PC/AS/R/0065C,NUMENSH PHARMACY(PANKRON,"PLOT 37, BLOCK A, PANKRONO PANKRONO",KMA,Ashanti,Wholesale
2545,PC/ER/R/0124P,NYA ASEM HWE PHARMACY LTD,"H/NO. A2 ASAFO ADU NKWANTA ROAD AHENBRONU AKIM
ASAFO",EAST AKIM,Eastern,Retail
2546,PC/GR/R/00330,NYAHO MED. CENTRE PHARM.,H/NO. 35 AVIATION ROAD AIRPORT RESIDENTIAL AREA ACCRA,AMA,Greater Accra,Retail
2547,PC/GR/R/00330,NYAHO MED. CENTRE PHARM.,H/NO. 35 AVIATION ROAD AIRPORT RESIDENTIAL AREA ACCRA,AMA,Greater Accra,Retail
2548,PC/GR/WR/0412H,NYALA PHARMACY,H/No. 40 KANDA HIGHWAY KANDA KANDA,AMA,Greater Accra,Wholesale/Retail
2549,PC/GR/R/0022J,NYAME-DO PHARMACY,UNN STORE - - ODUMAN,GA WEST,Greater Accra,Retail
2550,PC/AS/WR/00052,NYANKWA PHARMACY,OTB 568 ADUM APEMPOA ROAD ADUM KUMASI,KMA,Ashanti,Wholesale/Retail
2551,PC/AS/WR/0271J,NYARKOSA PHARMACY,H/NO. OB 27 NEAR LORRY STATION SALEM OBOGU,ASANTE-AKIM SOUTH,Ashanti,Wholesale/Retail
2552,PC/BA/R/0607L,O. K PHARMACY LTD,PLOT 38 SUNYANI-BEREKUM HIGHWAY - FIAPRE,SUNYANI WEST,Brong Ahafo,Retail
2553,PC/AS/R/0449K,O. K. HONESTY PHARMACY LTD,"H/NO. FN 633, BOMSO",KMA,Ashanti,Retail
2554,PC/BA/WR/0090B,O. K. PHARMACY,PLOT NO 54 SUNYANI DORMAA HIGHWAY BERLIN FIAPRE,SUNYANI WEST,Brong Ahafo,Wholesale/Retail
2555,PC/GR/R/0437L,O.B.M PHARMACY LTD,H/NO. RP/ASH/B/91&91A - OPPOSITE ECOBANK ASHAIMAN,ASHIAMAN,Greater Accra,Retail
2556,PC/WR/R/00011,O'NART PHARMACY,H/NO. 5B/8 AXIM ROAD KWESIMINTSIM TAKORADI,SEKONDI-TAKORADI,Western,Retail
2557,PC/WR/R/0338J,O'NART PHARMACY,H/NO. 146 WHINDO ROAD ASAKAE TAKORADI,SEKONDI-TAKORADI,Western,Retail
2558,PC/GR/W/0054M,OA & J PHARMACEUTICALS,"H/NO. 7 OLEANDER STREET BIG APPLE JUNCTION EAST
LEGON",AMA,Greater Accra,Wholesale
2559,PC/GR/R/0352L,OA PHARMACY LIMITED,UNN HOUSE HIGH STREET - NSAKINA,GA WEST,Greater Accra,Retail
2560,PC/AS/R/0180G,OAK CRESCENT PHARMACY,"H/NO. 28, BLOCK D, FANKYENEBRA, SANTASI",KMA,Ashanti,Retail
2561,PC/GR/R/0022L,OAK TREE PHARMACY,GZ-132-9930 AKUTUTSO STREET TEIBIBIANO TESHIE,LA NKWANTANANG-MADINA,Greater Accra,Retail
2562,PC/GR/WR/00116,OAKA PHARMACY LIMITED,H/NO. B1138/24 - ABEKA LAPEZ ACCRA,AMA,Greater Accra,Wholesale/Retail
2563,PC/GR/R/00917,OAKLEX PHARMACY,"STORE UNIT A, PLT C4-21 ELIMINA ROAD LAKESIDE SHOPS
ASHALE-BOTWE",ADENTAN,Greater Accra,Retail
2564,PC/GR/R/0053D,OAKLEX PHARMACY,"H/NO. C8-LS 1 SHOP A COMMUNITY 8 MAIN GATE - ASHALLEY
BOTWE",ADENTAN,Greater Accra,Retail
2565,PC/AS/R/0096N,OAKRIDGE PHARMACY,"STORE 5, 6, 7 HIGH STREET SCHOOL JUNCTION, ATONSU
KUMASI",KMA,Ashanti,Retail
2566,PC/AS/WR/0102N,OAKRIDGE PHARMACY,AH-1433-0361 MARKET STORE BUS STATION ASUOFIA,ATWIMA NWABIAGYA,Ashanti,Wholesale/Retail
2567,PC/AS/R/0150J,OAKRIDGE PHARMACY LIMITED,"STORE 1, 2 & 3, NEW AGOGO COMM. MARKET ATONSU
KUMASI",KMA,Ashanti,Retail
2568,PC/CR/WR/0087M,OAKRIDGE PHARMACY LTD,"H/NO. 5588, WINNEBA",EFFUTU,Central,Wholesale/Retail
2569,PC/AS/R/0378K,OAKRIDGE PHARMACY LTD,"PLOT 3L, ADJACENT CCC AYIGYA",KMA,Ashanti,Retail
2570,PC/ER/R/0186N,OB CAREPOINT PHARMACY LTD,EN-096-4377 GOIL SERVICE STATION AKWADUM KOFORIDUA,NEW-JUABENG,Eastern,Retail
2571,PC/NR/WR/0037C,OBARSI PHARMACEUTICALS LTD.,"H/NO. E, EXT. 423, HOSPITAL ROAD CHOGLI TAMALE",TAMALE,Northern,Wholesale/Retail
2572,PC/NR/R/0171H,OBARSI PHARMACY LTD. (ANNEX,"H/NO. N. A 10, HOSPITAL ROAD OPP. S.D.A HOSPITAL
TAMALE",TAMALE,Northern,Retail
2573,PC/GR/R/0144M,OBESTER PHARMACY LIMITED,H/NO. GS-672 ARON SCHOOL STREET AGAPE GONSE GBAWE,GA SOUTH,Greater Accra,Retail
2574,PC/GR/WR/0163G,OBM PHARMACY,H/NO. N5/130 OPP. B.A.D OSUDOKU MICHEL CAMP,KPONE KATAMANSO,Greater Accra,Wholesale/Retail
2575,PC/GR/W/00030,OBOOMA PHARMACY & DRUG ST,H/NO.D674/4 KIMBERLEY AVENUE OKAISHIE ACCRA,AMA,Greater Accra,Wholesale
2576,PC/ER/WR/0595K,ODA PHARMACY LTD,H/NO. 41 MAIN STREET DUKE SERVICE STATION AKIM ODA,BIRIM CENTRAL,Eastern,Wholesale/Retail
2577,PC/GR/R/00784,ODDAREMMA CHEMISTS,H/NO. AC 7339/60 NEAR KOTOBABI BATSONA ACCRA,TMA,Greater Accra,Retail
2578,PC/AS/W/0265J,ODOKOSI PHARMACY LTD,H/NO. NZ 66 ALBERT ADOMAKO ST. ALLABAR MANHYIA,KMA,Ashanti,Wholesale
2579,PC/GR/WR/00148,ODORKOR PHARMACY LTD.,H/NO. 254/12 H/NO. 254/12 ODORKOR-KWASHIEMAN ACCRA,AMA,Greater Accra,Wholesale/Retail
2580,PC/GR/WR/00148,ODORKOR PHARMACY LTD.,H/NO. 254/12 H/NO. 254/12 ODORKOR-KWASHIEMAN ACCRA,AMA,Greater Accra,Wholesale/Retail
2581,PC/CR/WR/0029D,ODUM NSEMPA PHARMACY,"H/NO. 117/7, BAWJIASE ROAD NKUBEM AGONA SWEDRU",AGONA WEST,Central,Wholesale/Retail
2582,PC/GR/WR/0068M,OFAKO PHARMACY LIMITED,"GD-157-2480, FULANI NEAR ICGC ASHIYIE",ADENTAN,Greater Accra,Wholesale/Retail
2583,PC/CR/WR/0151E,OFAKO PHARMACY LTD.,"H/NO. 900, OFF NYANYANU ROAD INDIAN CITY KASOA",AWUTU SENYA,Central,Wholesale/Retail
2584,PC/AS/R/0094N,OFFINSOMAN PHARMACY LTD,H/NO. 0022 DENTIN - KOKOTE ROAD - OFFINSO,OFFINSO,Ashanti,Retail
2585,PC/GR/WR/0232N,OFFSHORE PHARMACY LIMITED,H/NO. 87.5 PENTECOST ROAD - MADINA,LA NKWANTANANG-MADINA,Greater Accra,Wholesale/Retail
2586,PC/CR/WR/0511K,OFO COMPANY LTD,H/NO. B/1 - OPPOSITE METHODIST CHURCH DIASO,UPPER DENKYIRA-WEST,Central,Wholesale/Retail
2587,PC/CR/R/0153E,OGUAAMAN PHARMACY LTD.,"UNN. HOUSE, ASHANTI ROAD/TANTRI, - CAPE COAST",CAPE COAST,Central,Retail
2588,PC/AS/R/0352K,OHENEBA PHARMACY LTD,"H/NO. AH 21, BLOCK C AGRIC ROAD AHYIEM KONONGO",ASANTE AKIM CENTRAL,Ashanti,Retail
2589,PC/GR/WR/00055,OKAISHIE PHARMACY LTD.,H/NO. D762/4 CARNAVON AVENUE OKAISHIE ACCRA,AMA,Greater Accra,Wholesale/Retail
2590,PC/AS/R/0171N,OKOFONI PHARMACY LTD,"22A, BLOCK A KUMASI-OFFINSO ROAD - AFRANCHO",AFIGYA-KWABRE,Ashanti,Retail
2591,PC/GR/R/00091,OLD ROAD CHEMISTS,H/NO. B4 ZONGO JUNCTION MADINA OLD ROAD MADINA,ADENTAN,Greater Accra,Retail
2592,PC/CR/WR/0444L,OLISANGIE PHARMACY LTD,"H/NO. DMR/11/15 ATECHEM ROAD MAIN LORRY STATION
DUNKWA-ON-OFFIN",UPPER DENKYIRA-EAST,Central,Wholesale/Retail
2593,PC/GR/R/0012M,OLIVE HEALTH PHARMACY,2ND CIRCULAR ROAD - ARABELLA RESIDENCY CANTONMENTS,LA NKWANTANANG-MADINA,Greater Accra,Retail
2594,PC/GR/R/00160,OLIVES CHEMIST& H'CARE SERV.,H/NO. M13/3 ACCRA-DODOWA ROAD - MADINA,ADENTAN,Greater Accra,Retail
2595,PC/GR/W/00252,OMEGA MEYER GH. LTD (PHARM.,PLOT 19 RING ROAD NORTH INDUSTRIAL AREA ACCRA,AMA,Greater Accra,Wholesale
2596,PC/GR/WR/0021L,OMEK CHEMIST LTD,"H/NO. 465, ANYAA",GA CENTRAL,Greater Accra,Wholesale/Retail
2597,PC/AS/MW/0086A,OMER INVESTMENTS LTD,"oPlLeOsTa l7e6, BLK F , NKONTWIMA KUMASI",KMA,Ashanti,Manufacturing Wholesale
2598,PC/AS/R/0106G,ONE 2 ONE PHARMACY LTD.,"H/NO. PLK 78, BLK U, AYIGYA ZONGO MAIN STREET, KUMASI",KMA,Ashanti,Retail
2599,PC/WR/R/0610L,ONE 4 ALL PHARMA,H/NO. 36/7 KOFI ANNAN ROAD SSNIT TAKORADI,SEKONDI-TAKORADI,Western,Retail
2600,PC/GR/W/0078M,ONE PHAMILY PHARMACY,H/NO. A43 KIMBERLEY AVENUE OKAISHIE ACCRA,AMA,Greater Accra,Wholesale
2601,PC/VR/W/0172J,ONE PHAMILY PHARMACY LTD,1/Z-0188-3651 J.E.A MILLS HIGH STREET TORWE AFLAO,KETU SOUTH,Volta,Wholesale
2602,PC/CR/WR/00026,ONUADO PHARMACY LTD.,JVC ANNEX BUILDING BAWJIASE ROAD KASOA KASOA,AWUTU SENYA,Central,Wholesale/Retail
2603,PC/BA/R/0157P,ONYAME BA PHARMACY LTD,BW-0000-0428 MAIN STREET - WENCHI,WENCHI,Brong Ahafo,Retail
2604,PC/GR/R/0122G,ONYX PHARMACY LIMITED,"H/NO. B P. NO. GWMA POK/0213/TO19, POKUASE HIGH
HILLS, POKUASE POKUASE",GA WEST,Greater Accra,Retail
2605,PC/GR/R/0018M,OPA CHEMIST,H/NO. 12 HIGHWAY NEAR SHELL STATION SHIPONTELE,GA WEST,Greater Accra,Retail
2606,PC/GR/R/0231K,OPA CHEMIST LTD,"H/NO. 40 MAIN ACCRA-NSAWAM ROAD ADJACENT OPPAH
ENTERPRISE AMASAMAN",GA WEST,Greater Accra,Retail
2607,PC/GR/R/0178C,OPA CHEMISTS LTD,"MS PLAZA HOUSE, - NEAR GRACE FILLING STATION, DOME",GA EAST,Greater Accra,Retail
2608,PC/NR/R/00004,OPAC PHARMACY LTD,H/NO. C19 DEBOYA ROAD - TAMALE,TAMALE,Northern,Retail
2609,PC/NR/R/0079G,OPAC PHARMACY LTD.,"H/NO. M 255, HURLINGHAM STR, ZOGBELI, TAMALE",TAMALE,Northern,Retail
2610,PC/CR/R/0521L,OPALSA PHARMACY LTD,"H/NO. 104A/11, OFAAKOR",AWUTU SENYA EAST,Central,Retail
2611,PC/UER/R/0339H,OPEN GATE PHARMACY LTD.,"H/NO. B 15, NEAR NEW MOSQUE, OPP. MAIN TAXI ST.
ZONGO BOLGA-GHANA HIGHWAY NEAR, REGIONAL HOSPITAL
ZAARE",BOLGATANGA,Upper East,Retail
2612,PC/UER/R/00003,OPENED GATE PHARMACY,H/NO. B.15 NEAR NEW MOSQUE BOLGATANGA,BOLGATANGA,Upper East,Retail
2613,PC/GR/WR/0424H,OPTIMAX PHARMACY LIMITED,H/No. O.B. 78 OGBOJO OGBOJO OGBOJO,LEDZOKUKU-KROWOR,Greater Accra,Wholesale/Retail
2614,PC/WR/W/0021N,OPTIMUM PHARMACEUTICALS LT,H/NO. G479 QUIWAL STREET AIRPORT RIDGE TAKORADI,SEKONDI-TAKORADI,Western,Wholesale
2615,PC/AS/R/0117D,ORBIT PLUS PHARMACY LTD,"H/NO. 40 BLOCK N ROYAL LAMERTA STREET WEST NHYIASO
EXTENSION KUMASI",KMA,Ashanti,Retail
2616,PC/GR/R/00543,ORBITAL PHARMACY,H/NO. TA/B/001 - NORTH TAIFA BURKINA ACCRA,GA EAST,Greater Accra,Retail
2617,PC/GR/R/0118B,ORBITAL PHARMACY ( AMASAMA,ABENEASE ROAD - AMASAMAN,GA WEST,Greater Accra,Retail
2618,PC/GR/R/0552K,ORIGIN CHEMIST LIMITED,H/NO. SGGA AF 989 15 TEMA-ASHAIMAN ROAD - AFIENYA,TMA,Greater Accra,Retail
2619,PC/GR/R/0204M,ORIGIN CHEMIST LIMITED,GZ-200-2429 - - SPINTEX ROAD,LA NKWANTANANG-MADINA,Greater Accra,Retail
2620,PC/GR/R/00808,ORIGIN CHEMIST LTD,"H/NO. I/F65, SITE 4 null COMMUNITY 1 TEMA",TMA,Greater Accra,Retail
2621,PC/GR/R/0450L,ORIGIN CHEMIST LTD,"GN-0543-9586 DAWENYA ROAD GOIL SERVICE STATION NEW
DAWENYA",NINGO PRAMPRAM,Greater Accra,Retail
2622,PC/GR/R/0493L,ORIGIN CHEMIST LTD,"GOIL SERVICE STATION DODOWA ROAD NEAR BARRON
DISTILLERIES AMANFROM",ADENTAN,Greater Accra,Retail
2623,PC/GR/R/0046P,ORIGIN CHEMIST LTD,GN-1181-9152 AFIENYA ROAD - MATEHEKO,NINGO PRAMPRAM,Greater Accra,Retail
2624,PC/GR/W/0047P,ORIGIN CHEMIST LTD,H/NO. SGGA AF98915 HIGHWAY HOT OVEN AFIENYA,NINGO PRAMPRAM,Greater Accra,Wholesale
2625,PC/GR/R/0050P,ORIGIN CHEMIST LTD,"UNN. HSE, LABANON",ASHIAMAN,Greater Accra,Retail
2626,PC/GR/R/0096C,ORIGIN PHARMACY,"H/NO. 28, TRINITY STREET MEMPEASEM ADENTA",ADENTAN,Greater Accra,Retail
2627,PC/GR/R/0524L,ORKMAN PHARMACY LIMITED,GE-337-8434 - PILLAR 2 DOME,GA EAST,Greater Accra,Retail
2628,PC/AS/R/0309K,OSAA DINPA PHARMACY,H/NO. AB 132 SDA STREET - ABUAKWA,ATWIMA NWABIAGYA,Ashanti,Retail
2629,PC/AS/R/0131E,OSBON PHARMACY LTD.,"H/NO. OA, BLK 6, PLOT 12, STARLETS ROAD KUMASI",KMA,Ashanti,Retail
2630,PC/AS/R/0553L,OSDAK PHARMACY,"PLOT, BLOCK 8 - AHENEBRONUM TAFO",KMA,Ashanti,Retail
2631,PC/GR/W/00031,OSEI-BAAH AGENCIES AND PHARM,"H/NO. D.773/4, 1ST FLOOR, WIAFCO, KIMBERLEY AVENUE
OKAISHIE ACCRA",AMA,Greater Accra,Wholesale
2632,PC/ER/R/0159M,OSEIWUSU PHARMA LTD,"EN-158-2258 ADWESO-OKORASE ROAD OLIVE MALL
KOFORIDUA",NEW-JUABENG,Eastern,Retail
2633,PC/AS/R/0061E,OSKOF PHARMACY,"PLOT 16, BLOCK Y, BOMSO SUSANSO",KMA,Ashanti,Retail
2634,PC/GR/IW/0192C,OSON'S CHEMIST LTD,"aHle/NO. 44/2 KWAME NKRU,AH AVENUE ADABRAKA ACCRA",AMA,Greater Accra,Importing Wholesale
2635,PC/AS/R/0213M,OSON'S CHEMISTS LIMITED,GPH-0001 NEW MARKET KEJETIA KUMASI,KMA,Ashanti,Retail
2636,PC/AS/WR/00078,OSONS CHEMIST LTD.,"H/NO. K. O. 94 ODUMASI STREET ASHANTI NEW TOWN
KUMASI",KMA,Ashanti,Wholesale/Retail
2637,PC/GR/W/00152,OSONS CHEMIST LTD.,H/NO. D759/4 KIMBERLEY AVENUE ACCRA ACCRA,AMA,Greater Accra,Wholesale
2638,PC/AS/WR/00078,OSONS CHEMIST LTD.,"H/NO. K. O. 94 ODUMASI STREET ASHANTI NEW TOWN
KUMASI",KMA,Ashanti,Wholesale/Retail
2639,PC/GR/W/00152,OSONS CHEMIST LTD.,H/NO. D759/4 KIMBERLEY AVENUE ACCRA ACCRA,AMA,Greater Accra,Wholesale
2640,PC/AS/WR/0197C,OSU PHARMA LTD,H/NO MLR 19 - - NEW EDUBIASE,ADANSI SOUTH,Ashanti,Wholesale/Retail
2641,PC/GR/R/00092,OTAL CHEMISTS,H/NO. 35 35 SUNYANI AVENUE KANDA ESTATES ACCRA,AMA,Greater Accra,Retail
2642,PC/NR/R/0123M,OTENTIK PHARMACY LIMITED,UNN. HSE. - KANVIU-TUNAAYILI SAGNARIGU,SAGNERIGU,Northern,Retail
2643,PC/GR/WR/0121P,OTY'S PHARMACY,OPPOSITE LATER DAY SAINTS CHURCH NUMESI DODOWA,SHAI-OSUDOKU,Greater Accra,Wholesale/Retail
2644,PC/GR/R/0485K,OTY'S PHARMACY,GM-274-6178 TIPPER STREET - AMANFROM,GA SOUTH,Greater Accra,Retail
2645,PC/ER/WR/0156J,OUR LADY OF LOURDES PHARMAC,UNN NUASO-KPONG MAIN ROAD NUASO NUASO,LOWER MANYA KROBO,Eastern,Retail
2646,PC/GR/IW/0123H,OVAL PHARMACEUTICALS LIMITE,aHle/NO. 2 MADINA NEW ROAD MADINA ACCRA,ADENTAN,Greater Accra,Importing Wholesale
2647,PC/WR/W/0173E,OVAL PHARMACEUTICALS LTD,H/NO. 7/5 LIBERATION ROAD TAKORADI TAKORADI,SEKONDI-TAKORADI,Western,Wholesale
2648,PC/WR/WR/0043B,OWASS PHARMACY LTD.,"H/NO. 53, ESTATE JUNCTION TARKWA TARKWA",TARKWA-NSUAEM,Western,Wholesale/Retail
2649,PC/ER/WR/00034,OWUSCO BEE PHARMACY LTD.,"H/NO. NT 889, KIT CAT - NEAR DASOA WELL NKAWKAW",KWAHU WEST,Eastern,Wholesale/Retail
2650,PC/GR/R/0396P,OX-BOWL PHARMACY LTD,"PLOT 110, GK-0097-9410 - - DAWHENYA",NINGO PRAMPRAM,Greater Accra,Retail
2651,PC/AS/R/0134J,OXALE PHARMACY,"PLOT 88, BLOCK J MALLAM BRIDGE STREET - FAWOADE",KWABERE EAST,Ashanti,Retail
2652,PC/GR/R/0102G,OYIBI PHARMACY,"H/NO. 57, ADJIRINGANOR MAIN ST, EAST LEGON EAST LEGON",ADENTAN,Greater Accra,Retail
2653,PC/ER/R/0354J,P & J PHARMACY LTD,STORE NO. 1 ASAFO ADJEI JUNCTION NSAWAM NSAWAM,NSAWAM ADOAGYIRI,Eastern,Retail
2654,PC/AS/R/0347K,P-RAY PHARMACY,"PLOT 12, BLOCK A - - NKUKUO-WIAWSO",AFIGYA-KWABRE,Ashanti,Retail
2655,PC/GR/R/00592,P. N. T. PHARMACY,UNN. HOUSE 37 LIBERATION ROAD - ACCRA,AMA,Greater Accra,Retail
2656,PC/GR/R/0236K,P2 PHARMACY,GE-338-3952 GOLD STREET PILLAR 2 DOME,GA EAST,Greater Accra,Retail
2657,PC/GR/R/0101H,PACALIN PHARMACY,"LAKESIDE ESTATE UNIVERSITY STREET, ASHALEY BOTWE
ADENTA ACCRA",LA NKWANTANANG-MADINA,Greater Accra,Retail
2658,PC/CR/R/0087B,PADEKO PHARMACY,H/NO. AYK 20/4 AYANFURI KYEREMEKFROM AYANFURI,UPPER DENKYIRA-WEST,Central,Retail
2659,PC/GR/R/00094,PALACE PHARMACY LTD,H/NO. C7/5 DANQUAH CIRCLE CANTONMENTS ACCRA,AMA,Greater Accra,Retail
2660,PC/GR/R/0167L,PALACE PHARMACY LTD,H/NO. 7 SHIPPI LINK CANTONMENTS ACCRA,AMA,Greater Accra,Retail
2661,PC/GR/W/0079M,PALACE PHARMACY LTD,H/NO. E146/2 KOJO THOMPSON ROAD ADABRAKA ACCRA,AMA,Greater Accra,Wholesale
2662,PC/AS/WR/00089,PALB PHARMACY LTD.,"H/NO. 7B & 12B, BLOCK R - - NORTH ASUOYEBOAH",KMA,Ashanti,Wholesale/Retail
2663,PC/GR/R/0488L,PALEM PHARMACY LIMITED,"GW-0294-7160 FRANKO ESTATE STREET AGYA HERBAL
OFANKOR",GA WEST,Greater Accra,Retail
2664,PC/GR/R/0049J,PALM-AID PHARMACY,H/NO. G403/1 MAALE DADA STREET NOKOTSOESHI LA,LA DEDE-KOTOPON,Greater Accra,Retail
2665,PC/GR/R/0027E,PALM-AID PHARMACY LTD.,H/NO. 486/6 AHUSAITSO ABORMI LA,LA NKWANTANANG-MADINA,Greater Accra,Retail
2666,PC/AS/R/0186K,PAMJOSON PHARMACY,"H/NO. K 82, KWASO",EJISU-JUABENG,Ashanti,Retail
2667,PC/AS/R/0592L,PAMJOSON PHARMACY LIMITED,H/NO. BE 52 - DENKYIRA BONWIRE,EJISU-JUABENG,Ashanti,Retail
2668,PC/AS/R/00243,PANACEA PHARMACY,H/NO. 3 BLOCK G SANTASI ZONGO KUMASI,KMA,Ashanti,Retail
2669,PC/AS/R/0111N,PANACEA PHARMACY,"PLOT 10, BLOCK V - STADIUM ASOKWA",KMA,Ashanti,Retail
2670,PC/AS/R/0060E,PANACEA PHARMACY,"PLOT 19, BLOCK A, NEAR METHODIST CHURCH SUAME
TARKWA",KMA,Ashanti,Retail
2671,PC/GR/WR/00280,PANACEA PHARMACY,"GN-0544-4308 TOP OIL SERVICE STATION DEVTRACO
JUNCTION DAWHYENYA",TMA,Greater Accra,Wholesale/Retail
2672,PC/GR/WR/00104,PANACEA PHARMACY LTD.,"H/NO. 144A KOTEI-ROBERTSON STREET NORTH KANESHIE
ACCRA",AMA,Greater Accra,Wholesale/Retail
2673,PC/AS/WR/00108,PANACEA PHARMACY (ANNEX),"PLOT NO. 24, BLOCK A KWAMO KUMASI",EJISU-JUABENG,Ashanti,Wholesale/Retail
2674,PC/NR/R/0425P,PANACEA PHARMACY LIMITED,T-POLY JUNCTION - CHOGGU TAMALE,SAGNERIGU,Northern,Retail
2675,PC/GR/R/0324P,PANACEA PHARMACY LTD,MELCOM MALL - OPPOSITE GOIL SERVICE STATION SPINTEX,LA NKWANTANANG-MADINA,Greater Accra,Retail
2676,PC/GR/R/0326P,PANACEA PHARMACY LTD,"GD-019-9311 DODOWA ROAD PUMA SERVICE STATION
ADENTA",ADENTAN,Greater Accra,Retail
2677,PC/AS/W/0184G,PANACEA PHARMACY LTD,H/NO. PLOT 10 BLOCK IV - ASOKWA KUMASI,KMA,Ashanti,Wholesale
2678,PC/AS/R/0081A,PANACEA PHARMACY(ASAFO BRA,"H/NO. NTER 1, BLOCK 30, - ASAFO ASAFO",KMA,Ashanti,Retail
2679,PC/AS/R/0546L,PANDA CHEMIST LIMITED,"AK-534-2661, KWADWO DENKYEMUOSO",KMA,Ashanti,Retail
2680,PC/AS/R/0247M,PANGROOVE PHARMACY LIMITED,"PLOT 2, BLOCK G - SUAME KUMASI",KMA,Ashanti,Retail
2681,PC/GR/R/0047J,PANTO PHARMACY LTD,"H/NO. B202/11 ASAMAN STREET, BRIGHT FUTURE ACADEMY
ODORKOR ACCRA",AMA,Greater Accra,Retail
2682,PC/GR/WR/00126,PARACELSUS PHARMACY,H/NO. F605/2 MISSION STREET EXTENSION OSU-RE ABOKOBI,AMA,Greater Accra,Wholesale/Retail
2683,PC/GR/WR/00127,PARAMEDICA SERVICES LTD,H/NO.27 GUGGISBERG AVENUE KORLE-BU ACCRA,AMA,Greater Accra,Wholesale/Retail
2684,PC/GR/R/0441K,PARAMEDICA SERVICES LTD,PLOT 2 GOME STREET 5TH GROVE DANSOMAN,GA CENTRAL,Greater Accra,Retail
2685,PC/AS/R/0109J,PARAPHARM CHEMIST LIMITED,"PLOT 12, BLOCK B, AMPATIA",KMA,Ashanti,Retail
2686,PC/CR/R/0071P,PARICA PHARMACY LTD,"H/NO. U 203, ESSIAM",AJUMAKO-ENYAN-ESSIAM,Central,Retail
2687,PC/GR/WR/00273,PARKER PHARMACY,H/NO. A 914/1 GLOVER ADDO STREET KORLE-GONNO ACCRA,AMA,Greater Accra,Wholesale/Retail
2688,PC/GR/WR/00273,PARKER PHARMACY,H/NO. A 914/1 GLOVER ADDO STREET KORLE-GONNO ACCRA,AMA,Greater Accra,Wholesale/Retail
2689,PC/GR/W/0161G,PARKER PHARMACY,"PLOT NO. 21, SHIASHIE BOUNDARY ROAD - EAST LEGON",LA NKWANTANANG-MADINA,Greater Accra,Wholesale
2690,PC/GR/IW/00139,PARMARTS PHARMACY LTD.,"aSleIC BUILDING, OLD BONSU BROTHERS - ACCRA",AMA,Greater Accra,Importing Wholesale
2691,PC/AS/R/00036,PARTNERS HEALTH SERV. LTD.,"H/NO.ME BLOCK.2, PLOT.12 - NEW TAFO KUMASI",KMA,Ashanti,Retail
2692,PC/AS/WR/00055,PARTNERS HEALTH SERVICES,H/NO. BA 170 BANTAMA HIGH STREET DICHEMSO KUMASI,KMA,Ashanti,Wholesale/Retail
2693,PC/AS/WR/00055,PARTNERS HEALTH SERVICES,H/NO. BA 170 BANTAMA HIGH STREET DICHEMSO KUMASI,KMA,Ashanti,Wholesale/Retail
2694,PC/UWR/WR/0274J,PASMAX PHARMACY,"H/NO. KP 105, KPAGURI KPAGURI ROAD KPAGURI WA",WA,Upper West,Wholesale/Retail
2695,PC/AS/WR/00079,PAT PHARMACY LTD.,"PLOT 18, BLOCK N ROMAN BANTAMA KUMASI",KMA,Ashanti,Wholesale/Retail
2696,PC/AS/R/0501L,PATBEDAV PHARMACY,PLOT M10 ADONKO STREET - KRONUM-ABUOHIA,KMA,Ashanti,Retail
2697,PC/AS/R/0097B,PATBEDAVS PHARMACY,"PLOT NO. 27, BLOCK B AFRANCHO KUMASI",AFIGYA-KWABRE,Ashanti,Retail
2698,PC/CR/WR/0118K,PATRIVERS PHARMACY LIMITED,"H/NO. 1, ASSIN PRASO",ASSIN NORTH,Central,Wholesale/Retail
2699,PC/UWR/WR/0189M,PAULIGALI PHARMACY LTD,"H/NO. 18, BLOCK A OPPOSITE REGIONAL HOSPITAL DOKPONG
WA",WA,Upper West,Wholesale/Retail
2700,PC/AS/R/00220,PEACE FARE PHARMACY,H/NO. 16 BLOCK 6/EH - EWHIMASE KUMASI,KMA,Ashanti,Retail
2701,PC/WR/R/0187J,PEACELAND PHARMACY LIMITED,UNN INFRONT OF THE PALACE MPINSIN TAKORADI,SEKONDI-TAKORADI,Western,Retail
2702,PC/AS/R/0066C,PEACH CHEMIST,"H/NO. 24, 1ST AVENUE - AGRIC KUMASI",KMA,Ashanti,Retail
2703,PC/GR/R/00095,PEACOCK PHARMACY,H/NO. D762/4 KIMBERLEY AVENUE - ACCRA,AMA,Greater Accra,Retail
2704,PC/AS/R/0209M,PEAK CARE PHARMACY,"PLOT 46, AKOSUA SERWAA BONSU STREET ODENEHO
KWADASO",KMA,Ashanti,Retail
2705,PC/AS/W/00051,PEARLANE PHARMACY LTD.,"H/NO. 01, 122 - ASHTOWN KUMASI",KMA,Ashanti,Wholesale
2706,PC/AS/R/0063A,PEARLANE PHARMACY,"PLOT NO. 121, BLOCK A KUMASI-SUNYANI ROAD ASUOYEBOA
KUMASI",KMA,Ashanti,Retail
2707,PC/AS/R/0063A,PEARLANE PHARMACY,"PLOT NO. 121, BLOCK A KUMASI-SUNYANI ROAD ASUOYEBOA
KUMASI",KMA,Ashanti,Retail
2708,PC/AS/W/0172K,PEARLANE PHARMACY,"STORE NO SG7C/SPS045D SUAME -ABOABO ROAD NEAR
POLICE STATION SUAME",KMA,Ashanti,Wholesale
2709,PC/AS/WR/0359K,PEARLANE PHARMACY,"H/NO. 25, ABRAFO KOKOBEN KUMASI-SUNYANI HIGHWAY -
ABRAFO KOKOBEN",ATWIMA NWABIAGYA,Ashanti,Wholesale/Retail
2710,PC/GR/R/0117E,PEDSAM PHARMACY LTD.,"H/NO. E6/6, ASHAIMAN-KATAMANSO ROAD - ATADEKA",ASHIAMAN,Greater Accra,Retail
2711,PC/GR/R/0102M,PEE & KAY PHARMACY LTD,"H/NO. FB JH, NEW SEBREPOR",TMA,Greater Accra,Retail
2712,PC/NR/WR/00010,PEEKAY GOMBI PHARMACY LTD.,H/NO. B 37 SAKASAKA ROAD MOSHIE ZONGO TAMALE,TAMALE,Northern,Wholesale/Retail
2713,PC/GR/R/00747,PEEKS PHARMACY,H/NO. 58 OWUSU KOFI STREET DARKUMAN ACCRA,AMA,Greater Accra,Retail
2714,PC/AS/R/0059A,PEEVIS PHARMACY LTD.,"PLOT NO. 1, BLOCK 6 MAMPONG ROAD OLD TAFO KUMASI",KMA,Ashanti,Retail
2715,PC/AS/WR/0574L,PEKO PHARMACYLTD,"PLOT 12, BLOCK P/Q - NEAR KOMFO ANOKYE PREPARATORY
SCHOOL TAFO NHYIAESO",KMA,Ashanti,Wholesale/Retail
2716,PC/AS/WR/0051E,PENAK PHARMACY LTD.,"H/NO. KO3, KUMASI-OFFINSO ROAD KODIE",KMA,Ashanti,Wholesale/Retail
2717,PC/BA/WR/0042F,PENDMIK PHARMACY LTD.,"PLOT 135, BLOCK 16, ADJACENT RAFCHIK HOSPITAL SUNYANI-
ABESIM RD. ABESIM",SUNYANI,Brong Ahafo,Wholesale/Retail
2718,PC/GR/R/0306J,PENIEL PHARMACY,"H/NO. DA/AO/001 TERRAZZO JUNCTION OSORSHIE
DAWHENYA DAWHENYA",NINGO PRAMPRAM,Greater Accra,Retail
2719,PC/AS/R/0573L,PENRI PHARMACY,"H/NO. 17, BLOCK O - AHODWO KUMASI",KMA,Ashanti,Retail
2720,PC/GR/R/0349P,PENUEL PHARMACY LTD,H/NO. 18 ATUASI HILL STREET - ANYAA,GA CENTRAL,Greater Accra,Retail
2721,PC/GR/R/0276P,PEOPLE CHOICE PHARMACY,H/NO. 10 HIGH TENSION LANE - FISE,GA WEST,Greater Accra,Retail
2722,PC/AS/R/0158E,PEOPLE PHARMACY LTD.,"PLOT 8, BLOCK N, - NEAR ADOM CLINIC SANTASI",KMA,Ashanti,Retail
2723,PC/BA/R/0277K,PEPWAY PHARMACY,H/NO. JK 57/A - AGOZO AREA SUNYANI,SENE EAST,Brong Ahafo,Retail
2724,PC/GR/WR/00635,PERFBAAB PHARMACY LTD.,"H/NO. C 370/10, HIGH STREET AYAWASO, OPPOSITE
KOTOBABI POLICE STATION ACCRA",AMA,Greater Accra,Wholesale/Retail
2725,PC/GR/WR/00635,PERFBAAB PHARMACY LTD.,"H/NO. C 370/10, HIGH STREET AYAWASO, OPPOSITE
KOTOBABI POLICE STATION ACCRA",AMA,Greater Accra,Wholesale/Retail
2726,PC/GR/R/0488K,PERFECT HANDS HEALTHCARE SER,"H/NO. 66 BUADUWAA STREET NEW SEBREPOR MATEHEKO
AFIENYA",NINGO PRAMPRAM,Greater Accra,Retail
2727,PC/GR/R/0327P,PERFECT PHARMA SOLUTIONS,GM-052-9648 NII KODIA STREET SAKORA ADENTA,ADENTAN,Greater Accra,Retail
2728,PC/VR/R/0173J,PERFECT PS PHARMACY LIMITED,H/NO 50 HOSPITAL ROAD NSUTA KETE-KRACHI,KRACHI WEST,Volta,Retail
2729,PC/GR/R/0407L,PERFECT WELLNESS PHARMACY C,"GC-143-827 AWOSHIE-[OKUASE HIGHWAY - ABLEKUMA
OLEBU",GA CENTRAL,Greater Accra,Retail
2730,PC/GR/R/0434P,PERU PHARMACY LTD,FRIMPS AVENUE - COMMUNITY 19 LASHIBI,TMA,Greater Accra,Retail
2731,PC/GR/R/00134,PESCA CHEMIST,H/NO. 33 MANTSE KWAO STREET MAMPROBI ACCRA,AMA,Greater Accra,Retail
2732,PC/GR/R/0116E,PETLA PHARMACY LTD.,"H/NO. BLK 28B, SSNIT FLATS SITE B, TEMA",TMA,Greater Accra,Retail
2733,PC/CR/WR/0103L,PETROS HILL PHARMACY LTD,"PLOT 3, BLOCK 5 TEXACO HOSPITAL ROAD TEXACO AGONA
SWEDRU",AGONA WEST,Central,Wholesale/Retail
2734,PC/GR/R/00589,PEVED PHARMACY LTD.,"H/NO. 19, BOADE ROAD NUNGUA ACCRA",LEDZOKUKU-KROWOR,Greater Accra,Retail
2735,PC/AS/W/0377K,PFA PHARMACY LTD,"PLOT 10, BLOCK B NEW ROAD TAFO MILE 3 KUMASI",KMA,Ashanti,Wholesale
2736,PC/GR/R/0225M,PFAGO CHEMISTS LIMITED,LUCIANNA BOULOVARD - ADJIRINGANOR ACCRA,ADENTAN,Greater Accra,Retail
2737,PC/GR/WR/00276,PFAGO CHEMISTS LTD.,"LEGON HALL ANNEX ""B"" UNIV. OF GHANA, LEGON ACCRA",GA EAST,Greater Accra,Wholesale/Retail
2738,PC/GR/R/00150,PFAGO CHEMISTS LTD.,"H/NO. 100/5 AGBOTUI MADINA, AGBOTUI",LA NKWANTANANG-MADINA,Greater Accra,Retail
2739,PC/GR/WR/00276,PFAGO CHEMISTS LTD.,"LEGON HALL ANNEX ""B"" UNIV. OF GHANA, LEGON ACCRA",GA EAST,Greater Accra,Wholesale/Retail
2740,PC/GR/R/00150,PFAGO CHEMISTS LTD.,"H/NO. 100/5 AGBOTUI MADINA, AGBOTUI",LA NKWANTANANG-MADINA,Greater Accra,Retail
2741,PC/GR/R/0225N,PH ANFORD CHEMIST LTD,GA-579-8593 OBLI KWASHIE LANE BAAH YARD AWOSHIE,GA CENTRAL,Greater Accra,Retail
2742,PC/GR/R/0321P,PH ANFORD CHEMIST LTD,"GA-532-5173 NII TETTEH MACLEAN AVENUE RUSSIA
JUNCTION ODORKOR",AMA,Greater Accra,Retail
2743,PC/ER/R/0325J,PH PHARMACY LIMITED,H/NO. A 200 AKYENFO ROAD MAAME KROBO MAAME KROBO,KWAHU AFRAM PLAINS SOUTH,Eastern,Retail
2744,PC/CR/R/0090L,PHARMA DE PABLOE LTD. ANNEX,H/NO. 1 - CENTRAL CAMPUS WINNEBA,EFFUTU,Central,Retail
2745,PC/GR/R/0035L,PHARMA GEORGE,H/NO. 1 6TH STREET - OSU,SHAI-OSUDOKU,Greater Accra,Retail
2746,PC/GR/R/0037L,PHARMA GEORGE CHEMIST,"PLOT 14 HAATSO ROAD NEAR GAEC POLICE STATION
KWABENYA",GA EAST,Greater Accra,Retail
2747,PC/GR/R/00895,PHARMA GEORGE CHEMIST,"H/NO. 17 MAIN KWABENYA ROAD REGIMANUEL ESTATE
KWABENYA",GA EAST,Greater Accra,Retail
2748,PC/AS/R/0208E,PHARMA LAUD K,"PLOT 1, BLK. 1 BENIMASI - BOADI",KMA,Ashanti,Retail
2749,PC/AS/R/00277,PHARMA LAUD K. LTD,H/NO. 118 KOTEI ROAD KOTEI KUMASI,KMA,Ashanti,Retail
2750,PC/AS/W/0371K,PHARMA LAUD K. LTD,"H/NO. 13 & 14, BLOCK 111 - BENIMASI BOADI",KMA,Ashanti,Wholesale
2751,PC/GR/R/0188L,PHARMABAY LTD,"H/NO 21 H/NO 21,KORTTAM ESTATE - TEIMAN",ADENTAN,Greater Accra,Retail
2752,PC/GR/WR/0066D,PHARMACHEM LTD,H/NO. 090A EL-SHADDAI FISE AMASAMAN,GA WEST,Greater Accra,Wholesale/Retail
2753,PC/CR/R/0102B,PHARMACY DE PABLOE LTD.,H/NO. SE 8/1 COMM ROAD LOCUST JUNCTION WINNEBA,EFFUTU,Central,Retail
2754,PC/CR/WR/0162H,PHARMACY DE PABLOE LTD.,H/NO. 111/2 SWEDRU ROAD ASEBU MARKET GOMOA-ASEBU,EFFUTU,Central,Wholesale/Retail
2755,PC/GR/WR/0017M,PHARMACY DIRECT LTD,H/NO. 24 LANE DWAHE ADENTA CLINIC ADENTA,ADENTAN,Greater Accra,Wholesale/Retail
2756,PC/GR/R/0239J,PHARMACY ROYALE LIMITED,"UNN. HSE, ACACIA BUILDING 5th CIRCULAR ROAD
CANTONMENTS ACCRA",LA DEDE-KOTOPON,Greater Accra,Retail
2757,PC/GR/W/0428L,PHARMAFEN GHANA LIMITED,"H/NO. 04913 KNUSTFORD AVENUE UT BANK PREMISES
ACCRA CENTRAL",AMA,Greater Accra,Wholesale
2758,PC/GR/R/0219J,PHARMAGEORGE CHEMIST LIMITE,H/NO M 98/4 KEKELE KEKELE MADINA,LA NKWANTANANG-MADINA,Greater Accra,Retail
2759,PC/GR/R/0080J,PHARMAGEORGE CHEMIST LTD,H/NO. 14 FIRST ROAD MILE 7 NEW ACHIMOTA,GA WEST,Greater Accra,Retail
2760,PC/GR/R/0099C,PHARMAGEORGE CHEMIST LTD.,"H/NO. 4, BREKUSU KWABENYA RD. - KWABENYA",GA EAST,Greater Accra,Retail
2761,PC/GR/W/0100C,PHARMAGEORGE CHEMIST LTD(D,"H/NO. 1A, DOME-KWABENYA ROAD - DOME",GA EAST,Greater Accra,Wholesale
2762,PC/GR/R/00049,PHARMAGEORGE PHARMACY LTD,NEAR OBAAHEMA CLINIC ASHONGMAN ACCRA,GA EAST,Greater Accra,Retail
2763,PC/AS/WR/0171K,PHARMALEADS LIMITED,PLOT 8F - - APAGYA,AFIGYA-KWABRE,Ashanti,Wholesale/Retail
2764,PC/GR/R/00579,PHARMALOT CHEMISTS LTD,H/NO. B 59 KWABENYA ROAD KWABENYA ACCRA,GA EAST,Greater Accra,Retail
2765,PC/NR/W/0093K,PHARMANOVA LTD,H/NO. KAL 132 DAKPEMA STREET LAMASHIEGU TAMALE,TAMALE,Northern,Wholesale
2766,PC/GR/MW/0025E,PHARMANOVA LTD.,"oHl/eNsaOl.e 3, OKODAN STREET OSU MANHEAN ACCRA",AMA,Greater Accra,Manufacturing Wholesale
2767,PC/AS/W/0050C,PHARMANOVA LTD.,"H/NO. 3, KOFI ADOMAKO STREET ASOKWA KUMASI",KMA,Ashanti,Wholesale
2768,PC/GR/R/00325,PHARMASOURCE PHARMACY LTD,"DARKUMAN HIGH ST OFFICIAL TOWN ROAD DARKUMAN
ACCRA",AMA,Greater Accra,Retail
2769,PC/GR/W/0105K,PHARMASYMBIOSIS LTD,"H/NO. 13 KOFI ASANTE OFORI-ATTA ROAD AIRPORT WEST
ACCRA",AMA,Greater Accra,Wholesale
2770,PC/WR/WR/0058C,PHARMATAB PHARMACY LTD.,"PLOT 5, ADIEMBRA ROAD BAKAKYIR SECONDI",SEKONDI-TAKORADI,Western,Wholesale/Retail
2771,PC/GR/WR/0343L,PHARMATRUST LIMITED,H/NO. C-143 NII OKAIMAN STREET - LAPAZ,AMA,Greater Accra,Wholesale/Retail
2772,PC/CR/WR/00031,PHARMATRUST LTD.,FILLING STATION OBOOM ROAD KASOA KASOA,AWUTU SENYA,Central,Wholesale/Retail
2773,PC/GR/WR/0132B,PHARMATRUST LTD. (MALLAM BR,UNN STORE - NR. LORRY STATION MALLAM,GA SOUTH,Greater Accra,Retail
2774,PC/GR/R/0158F,PHARMATRUST PHARMACEUTICA,"H/NO. C57/22, ACHIMOTA EAST AFRIYIE RD, - ACHIMOTA-
ACCRA",AMA,Greater Accra,Retail
2775,PC/GR/WR/0047A,PHARMATRUST PHARMACY,"SCC STREET WEIJA, BEHIND GICEL POLICE STATION ACCRA",GA SOUTH,Greater Accra,Wholesale/Retail
2776,PC/CR/WR/0043M,PHARMATRUST PHARMACY,UNN. STORE - OPPOSITE POLYCLINIC KASOA,AWUTU SENYA EAST,Central,Wholesale/Retail
2777,PC/GR/WR/0233N,PHARMATRUST PHARMACY,GM-032-8391 - JJ RAWLINGS AVENUE MADINA,LA NKWANTANANG-MADINA,Greater Accra,Wholesale/Retail
2778,PC/GR/W/0428P,PHARMATRUST PHARMACY,H/NO. 1/221 NII ATANYA ROAD TULAKU ASHAIMAN,ASHIAMAN,Greater Accra,Wholesale
2779,PC/CR/WR/0121K,PHARMATRUST PHARMACY,ACCRA - CAPE COAST HOGHWAY OLD MARKET KASOA,AWUTU SENYA EAST,Central,Wholesale/Retail
2780,PC/CR/R/0168K,PHARMATRUST PHARMACY,H/NO. KM 35/9 OPPOSITE PUMA KAEMEBRE KASOA,AWUTU SENYA EAST,Central,Retail
2781,PC/GR/R/0262K,PHARMATRUST PHARMACY,"PLOT NO. 771, BLOCK 8 ACCRA-MALLAM HIGHWAY AI
ENERGY FILLING STATION ODORKOR",GA SOUTH,Greater Accra,Retail
2782,PC/GR/R/0311K,PHARMATRUST PHARMACY,"PLOT BC 215 ACCRA-KASOA HIGHWAY BROADCASTING
JUNCTION NEW BORTIANO",GA SOUTH,Greater Accra,Retail
2783,PC/GR/R/0081M,PHARMATRUST PHARMACY,UNN STORE - NII BOI TOWN JUNCTION LAPAZ,AMA,Greater Accra,Retail
2784,PC/CR/WR/0148H,PHARMATRUST PHARMACY ( AMA,"UN NUMBERED BUILDING KASOA CAPE COAST HIGHWAY
AMANFROM KASOA AMANFROM",AWUTU SENYA,Central,Wholesale/Retail
2785,PC/GR/WR/0017P,PHARMATRUST PHARMACY (TESH,UNN STORE MAIN ROAD - TESHIE,,Greater Accra,Retail
2786,PC/WR/W/0424P,PHARMATRUST PHARMACY LTD,H/NO. 24 KOFI ANNAN ROAD MARKET CIRCLE TAKORADI,SEKONDI-TAKORADI,Western,Wholesale
2787,PC/CR/WR/0389K,PHARMATRUST PHARMACY LTD,H/NO. KS 135C - OPPOSITE NEW TIMERS HOTEL KASOA,AWUTU SENYA EAST,Central,Wholesale/Retail
2788,PC/AS/R/00041,PHARMAX (GH) LTD,H/NO. BA 131 HIGH STREET BANTAMA KUMASI,KMA,Ashanti,Retail
2789,PC/GR/WR/0013A,PHARMHAUS CHEMIST LTD,"H/NO. 103, - LYNDY, ADENTA",ADENTAN,Greater Accra,Wholesale/Retail
2790,PC/GR/R/0190N,PHARMPLUS PHARMACY LTD,"H/NO. A2340/82 PINE STREET STREET RACE COURSE
SOWUTUOM",GA CENTRAL,Greater Accra,Retail
2791,PC/GR/R/0149G,PHARMRITE PHARMACY LTD.,"SHOP NO. 3, JES BUILDING, DODOWA MAIN RD, - MALEJOR",ADENTAN,Greater Accra,Retail
2792,PC/GR/R/0313P,PHEELIX PHARMACY LTD,H/NO. 12 RUPEE STREET - LAPAZ,AMA,Greater Accra,Retail
2793,PC/GR/R/0631L,PHENOM PHARMACY LTD,UNN. HSE. TERAZZO JUNCTION DAWHENYA,NINGO PRAMPRAM,Greater Accra,Retail
2794,PC/GR/R/00908,PHERSONS PHARMACY,"H/NO. ASH/B/004 ABURI ROAD ABUOM JUNCTION
KWABENYA",GA EAST,Greater Accra,Retail
2795,PC/GR/R/0420H,PHERSONS PHARMACY LTD.,"UNNUMBERED HOUSE NEAR OVERHEAD BRIDGE ACHIMOTA
OLD TAXI RANK ACHIMOTA",AMA,Greater Accra,Retail
2796,PC/GR/WR/0082B,PHERSONS PHARMACY LTD. (ISRA,UNN. STORE - ISRAEL TABORA ACCRA,AMA,Greater Accra,Retail
2797,PC/WR/WR/0205K,PHILFBEST PHARMA LTD,H/NO. AP 1/10E - APOWS SEFWI DWINASE,SEFWI WIAWSO,Western,Wholesale/Retail
2798,PC/GR/IW/0010J,PHILLIPS PHARMACEUTICAL (GHA,"PLOT NO. 251-A OSHIMPA STREET NEAR LIGHT HOUSE
aCleHURCH NORTH KANESHIE",AMA,Greater Accra,Wholesale
2799,PC/GR/R/0076D,PHILTA PHARMACY,"H/NO. 222, AUNTIE MARY RD, OSMAN STORES, PILLAR 2
DOME",GA EAST,Greater Accra,Retail
2800,PC/GR/IW/0026A,PHINAS PHARMA LTD.,aHle/NO. 3 - NUNGUA-SPINTEX ACCRA,TMA,Greater Accra,Importing Wholesale
2801,PC/AS/R/0124L,PHRANISCA PHARM LTD,"PLOT 8A, BLOCK 11 BAKANA STREET - ANTOA OFFINSO",OFFINSO,Ashanti,Retail
2802,PC/GR/MW/00006,PHYTO-RIKER (GIHOC) PHARM. LT,oAlCeCsaRlAe-NSAWAM ROAD MILE 7 ACHIMOTA,GA WEST,Greater Accra,Manufacturing Wholesale
2803,PC/AS/MW/00003,PHYTO-RIKER(GIHOC) PHARMACE,"oHl/eNsaOl.e 01, EXT. PLT.2, BLK. 4 NEW ASHTOWN STR. - KUMASI",KMA,Ashanti,Manufacturing Wholesale
2804,PC/WR/WR/0192L,PIDA CHEMIST,H/NO. H79/80A 4TH AVENUE NEW COMPOUND BIBIANI,BIBIANI-ANHWIASO BEKWAI,Western,Wholesale/Retail
2805,PC/AS/WR/0132E,PIDA CHEMIST LTD.,"STORE 1, SHELL SERVICE STATION BANTAMA KUMASI",KMA,Ashanti,Wholesale/Retail
2806,PC/AS/R/0132E,PIDA CHEMIST LTD.,"H/NO. BE 1A, OBUASI-ASOKWA JXN RD, - BOETE",OBUASI,Ashanti,Retail
2807,PC/BA/WR/0049F,PIDA CHEMIST LTD.,"H/NO. D38/4, MELCOM STREET - SUNYANI",SUNYANI,Brong Ahafo,Wholesale/Retail
2808,PC/GR/R/0092J,PILL BAY PHARMACY,H/NO. 100 TELECOM - GBAWE,GA SOUTH,Greater Accra,Retail
2809,PC/GR/R/0004L,PILL PACK PHARMACY LIMITED,GOIL SERVICE STATION NEAR SHALOM SPOT LASHIBI,TMA,Greater Accra,Retail
2810,PC/GR/R/0378L,PILL PLUS PHARMACY,TOP OIL SERVICE STATION - - ADJEI KOJO,ASHIAMAN,Greater Accra,Retail
2811,PC/GR/R/0082M,PILL RACK PHARMACY,H/NO. 6 JUNGLE AVENUE EAST LEGON ACCRA,AMA,Greater Accra,Retail
2812,PC/GR/W/0398L,PILLCARE PHARMACY LIMITED,UNN STORE BOUNDARY ROAD - EAST LEGON,LA NKWANTANANG-MADINA,Greater Accra,Wholesale
2813,PC/BA/R/0156P,PILLCHECK PHARMACY LTD,PLOT E/56 ABESIM ROAD - SUNYANI,SUNYANI,Brong Ahafo,Retail
2814,PC/AS/WR/0100N,PILLMARK PHARMACY LTD,PLOT KK/10/A KWABENAKWA ASOKWA ROAD - OBUASI,OBUASI,Ashanti,Wholesale/Retail
2815,PC/AS/R/0190G,PILLMART PHARMACY,H/NO. PLOT 6 BLOCK J - KUMASI AHINSAN,KMA,Ashanti,Retail
2816,PC/AS/R/0176N,PILLMART PHARMACY LTD,AK-251-4979 - SG MALL AYIGYA,KMA,Ashanti,Retail
2817,PC/GR/R/00153,PILLPOINT PHARMACY,H/NO. NEAR C174/29 - MEMPEASEM EAST LEGON ACCRA,AMA,Greater Accra,Retail
2818,PC/AS/WR/0130A,PILLPOINT PHARMACY,"H/NO. BU 2 SANTASI-OBUASI ROAD ATWIMA BROFOYEDURU
AHENEMA KOKOBIN",ATWIMA KWANWOMA,Ashanti,Wholesale/Retail
2819,PC/GR/R/00153,PILLPOINT PHARMACY,H/NO. NEAR C174/29 - MEMPEASEM EAST LEGON ACCRA,AMA,Greater Accra,Retail
2820,PC/AS/WR/0130A,PILLPOINT PHARMACY,"H/NO. BU 2 SANTASI-OBUASI ROAD ATWIMA BROFOYEDURU
AHENEMA KOKOBIN",ATWIMA KWANWOMA,Ashanti,Wholesale/Retail
2821,PC/GR/R/0177B,PILLPOINT PHARMACY,"H/NO. 4220,SOUTH MACHARTHY, - OPP. ECOBANK MALLAM
JUNCTION, WEIJA",GA SOUTH,Greater Accra,Retail
2822,PC/GR/R/0085D,PILLPOINT PHARMACY .,"H/NO. A. 29/5, LAST STOP CHEMUENA CHORKOR",AMA,Greater Accra,Retail
2823,PC/GR/W/0303P,PILLS & TAB,"PLOT 5, BLOCK 10- TETTEH QUARSHIE LEGON LEGON",AMA,Greater Accra,Wholesale
2824,PC/GR/R/0229E,PILLS & TABS PHARMACY,"NEAR GLORY OIL STATION, SPINTEX RD, - BATSONA",LEDZOKUKU-KROWOR,Greater Accra,Retail
2825,PC/GR/R/0209C,PILMAR PHARMA LTD,H/NO. 4/24 SF OKPOTI ADJEI ROAD - SOUTH FRAFRAHA,ADENTAN,Greater Accra,Retail
2826,PC/AS/R/0310K,PINACLE PHARMACY LIMITED,PLOT 5 AKONANSA STREET - APUTUOGYA,BOSOMTWE,Ashanti,Retail
2827,PC/AS/R/0131L,PINNACLE PHARMACY LTD,"PLOT 23/24, BLOCK S - NORTH KWADASO KUMASI",KMA,Ashanti,Retail
2828,PC/GR/R/0036N,PITCH CHEMIST LIMITED,"GZ-130-9255, TESHIE",LA NKWANTANANG-MADINA,Greater Accra,Retail
2829,PC/GR/R/00577,PIU-VITA PHARMACY,"TESHIE CAMP(2) TWO, OPP, BLOCK FACTORY ACCRA TESHIE",LEDZOKUKU-KROWOR,Greater Accra,Retail
2830,PC/CR/WR/0384H,PJ & C CHEMISTS (GH) LIMITED,PLOT 14 ADADE ROAD KAKRABA GOMOA NYANYANO,AWUTU SENYA,Central,Wholesale/Retail
2831,PC/GR/R/0168L,PJ PHARMACY LTD,GS-0104-2422 TOP BASE ROAD - GBAWE,GA SOUTH,Greater Accra,Retail
2832,PC/AS/R/0118A,PLAN HEALTH PHARMACY LTD.,"H/NO. NTER 277 FNT, O. A. STREET, FANTE NEW TOWN
KUMASI",KMA,Ashanti,Retail
2833,PC/WR/R/0196L,PLATINUM-P CARE PHARMACY,H/NO. 27 GOLG FIELD MINING VILLAGE ROAD - TARKWA,TARKWA-NSUAEM,Western,Retail
2834,PC/NR/R/0120M,PLUSCARE PHARMACY,"H/NO. 240B KARAGA AVENUE ADI DAARUL TUNAAYILI
KANVILL",SAGNERIGU,Northern,Retail
2835,PC/BA/R/0205P,PNEUNA PHARMACY LTD,"H/NO SRC 74, BAAKONIABA",SUNYANI,Brong Ahafo,Retail
2836,PC/GR/W/00184,PNT PHARMACY,"PLOT NO. 52 FORMER KINGSWAY BUILDING AWUDOME
ACCRA",AMA,Greater Accra,Wholesale
2837,PC/GR/R/0039A,PNT PHARMACY LTD,"PLOT NO. DUNKONA,SHOPPING MALL ADJACENT MELCOM
WEIJA N/A",AMA,Greater Accra,Retail
2838,PC/GR/WR/00122,PNT PHARMACY LTD.,H/NO. 48 PALACE STREET NORTH KANESHIE ACCRA,AMA,Greater Accra,Wholesale/Retail
2839,PC/GR/R/0636L,POINT OF CARE PHARMACY LTD,"GE-058-2878 HINE SCHOOL STREET ABOKOBI-BOI
ASHONGMAN",GA EAST,Greater Accra,Retail
2840,PC/GR/R/0200J,POINT RIGHT PHARMACY LIMITED,H/NO 30 SATELITE SATELITE-KUTUNSE KUTUNSE,GA WEST,Greater Accra,Retail
2841,PC/AS/R/0141J,POKLINA PHARMACY LIMITED,"PLOT JMS 17, BLOCK D - HIGH TENSION EJISU-JAMASI",EJISU-JUABENG,Ashanti,Retail
2842,PC/AS/R/00206,POKLINA PHARMACY LTD.,"PLOT 27, BLOCK. A SAWABA - KUMASI",KMA,Ashanti,Retail
2843,PC/GR/R/0131B,POKUASE PHARMACY,H/NO. 75 AYAWASO ROAD POKUASE ACCRA,GA WEST,Greater Accra,Retail
2844,PC/GR/R/0131B,POKUASE PHARMACY,H/NO. 75 AYAWASO ROAD POKUASE ACCRA,GA WEST,Greater Accra,Retail
2845,PC/GR/R/0249J,POKUASE PHARMACY(ANNEX),"UNN. HSE, POKUASE-AWOSHIE SHELL POKUASE-AWOSHIE
ROAD AYAWASO AYAWASO",GA WEST,Greater Accra,Retail
2846,PC/AS/MW/0241M,POKUPHARMA LTD,"oPlLeOsTa l1e2, FEMUSUA",EJISU-JUABENG,Ashanti,Manufacturing Wholesale
2847,PC/CR/WR/0145E,POMA PHARMACY LTD.,"H/NO. DW 211/11, MANDELA STREET - AGONA SWEDRU",AGONA WEST,Central,Wholesale/Retail
2848,PC/AS/WR/00084,PORTER PHARMACEUTICALS LTD.,H/NO. ZE.172 ZARIKYI STREET ALLA BAR ZONGO ALLA BAR,KMA,Ashanti,Wholesale/Retail
2849,PC/GR/W/00003,POTER'S PHARMACY,H/NO. 763/4 KIMBU AVENUE OKAISHIE ACCRA,AMA,Greater Accra,Wholesale
2850,PC/CR/R/00012,POWER SHOWER PHARM LTD.,H/NO. I. 36 ODA ROAD - SWEDRU,AGONA EAST,Central,Retail
2851,PC/GR/WR/0602K,POWER SHOWER PHARMACY (C. 2,"PLOT NO. 53, ADJACENT ECG COLLECTION POINT, COMM 20,
TEMA",TMA,Greater Accra,Retail
2852,PC/CR/WR/0510K,PP PHARMACY LTD,"H/NO. KZ 46/3, NYANYANO",GOMOA EAST,Central,Wholesale/Retail
2853,PC/CR/WR/0513K,PRAK AND DAUGHTERS PHARMA,"H/NO. EK 51, BREMAN ASIKUMA",ASIKUMA-ODOBEN BRAKWA,Central,Retail
2854,PC/CR/WR/0088M,PRAK AND DAUGTHERS PHARMAC,STORE 2 & 3 ECG STREET - AJUMAKO,AJUMAKO-ENYAN-ESSIAM,Central,Wholesale/Retail
2855,PC/GR/R/0264K,PRECIOUS BALM PHARMACY,TAXI RANK KLALA STREET OKPOI GONO TESHIE,LEDZOKUKU-KROWOR,Greater Accra,Retail
2856,PC/AS/R/0013E,PREMBLESS PHARMACY,"H/NO.AE 38, DOMEABRA APROMASE STREET - APROMASE",EJISU-JUABENG,Ashanti,Retail
2857,PC/GR/R/0018F,PREMIER PHARMACY LTD.,"H/NO. 7, FLOWER STREET - CHANTAN",GA CENTRAL,Greater Accra,Retail
2858,PC/GR/WR/00193,PREMIER POINT CHEMISTS,H/NO. F183/8 MAIN LABONE ROAD NORTH LABONE ACCRA,LEDZOKUKU-KROWOR,Greater Accra,Wholesale/Retail
2859,PC/WR/R/0467L,PREMIUM HEALTH PHARMACY,H/NO. 612 AXIM ROAD ESIKAFOANBANTEM NO. 2 TAKORADI,SEKONDI-TAKORADI,Western,Retail
2860,PC/GR/R/0089J,PREMIUM PHARMACY,H/NO. 87 EAST CHRISTIANBORG ESTATE - OSU,SHAI-OSUDOKU,Greater Accra,Retail
2861,PC/CR/WR/0042L,PRESCRIPTION PLUS PHARMACY,H/NO. PT 119 ADDISON STREET GREEN HILL CAPE COAST,CAPE COAST,Central,Wholesale/Retail
2862,PC/GR/R/0405K,PRIJOPHARMA COMPANY LTD,H/NO. 211 - LAMII DWAAHE ADENTA STATION,ADENTAN,Greater Accra,Retail
2863,PC/CR/WR/0202N,PRIMAR PHARMACY,H/NO. 214 OBOM ROAD - KASOA,AWUTU SENYA EAST,Central,Wholesale/Retail
2864,PC/ER/R/0340K,PRIMASH PHARMACY LTD,EA-0326-8446 AKOSOMBO ROAD DOWN TOWN NEW POWN,ASUOGYAMAN,Eastern,Retail
2865,PC/GR/R/0263K,PRIME HEALTH PHARMACY,PLOT 47 LOMNAVA ROMAN HILL SOWUTUOM,GA CENTRAL,Greater Accra,Retail
2866,PC/GR/R/0068J,PRIME HEALTH SERVICES LTD,MADIS RESIDENCE ARS ROAD MARS HOTEL NEW DAWHENYA,NINGO PRAMPRAM,Greater Accra,Retail
2867,PC/GR/R/0105M,PRIME PHARMACY,UNN HSE. - COMMUNITY 25 TEMA,TMA,Greater Accra,Retail
2868,PC/GR/R/0199M,PRIME PHARMACY,H/NO. U5 BAWALESHIE ROAD - EAST LEGON,AMA,Greater Accra,Retail
2869,PC/GR/R/0200M,PRIME PHARMACY,H/NO. C31/14 BLOHUM STREET - DZORWULU,AMA,Greater Accra,Retail
2870,PC/GR/R/0184F,PRIME PHARMACY,"AIRPOT SHELL FILLING STN, AIRPORT CITY, LAGOS AVE, EAST
LEGON EAST-LEGON",AMA,Greater Accra,Retail
2871,PC/AS/R/0030H,PRIMED PHARMACY LTD,H/NO. 9 BLK A EDWENASE KUMASI,KMA,Ashanti,Retail
2872,PC/AS/R/0113L,PRIMETIME PHARMACY LTD,H/NO. I & II/1 - MAXIMA AYIGYA,KMA,Ashanti,Retail
2873,PC/WR/WR/0042B,PRIMOSS PHARMACY,H/NO. MB 18B MARKET AREA SEFWI ASAWINSO,SEFWI WIAWSO,Western,Wholesale/Retail
2874,PC/ER/WR/0150B,PRINCE CARE PHARMACY LTD.,"H/NO. KNT/B96, - KOFORIDUA ZONGO KOFORIDUA",NEW-JUABENG,Eastern,Wholesale/Retail
2875,PC/AS/W/00088,PRINCE CHARLES PHARM. LTD.,"PLOT NO. 46, VI - MBROM KUMASI",KMA,Ashanti,Wholesale
2876,PC/GR/W/0384L,PRINLEX PHARMACY LIMITED,GE-254-0596 ST. JOHN'S ROAD MARKET DOME,GA EAST,Greater Accra,Wholesale
2877,PC/BA/WR/00028,PRISBEN PHARMACY LTD.,H/NO. BW 1 KWASU ROAD BECHEM BECHEM,TANO SOUTH,Brong Ahafo,Wholesale/Retail
2878,PC/GR/R/0196N,PRISTEVE PHARMACY LTD,UNN. HSE - SAKI GOLF ESTATE KPONE BARRIER,KPONE KATAMANSO,Greater Accra,Retail
2879,PC/AS/WR/0059E,PRO-CARE LTD.,"PLOT 4, BLOCK C, - NEAR PENTECOST CHURCH APIRE-SANTASI",KMA,Ashanti,Wholesale/Retail
2880,PC/GR/R/0043D,PRO-HEALTH PHARMACY,"KINBU ROAD OPPOSITE CIVIL SERVANTS CLINIC MINISTRIES
OSU",AMA,Greater Accra,Retail
2881,PC/GR/R/0017B,PRO-LIFE PHARMACY (TEBIBIANO,"H/NO. 77/9511, LINK ROAD, TESHIE TEBIBIANO ACCRA",LEDZOKUKU-KROWOR,Greater Accra,Retail
2882,PC/GR/R/00616,PRO-LIFE PHARMACY LTD.,"H/NO. 227/5, TSUI BLEO ROAD, TESHIE ACCRA",LEDZOKUKU-KROWOR,Greater Accra,Retail
2883,PC/NR/R/0019P,PROCARE PHARMACY (T-POLY BR,"H/NO. 368, BLOCK A STAR OIL SERVICE STATION KPAISI
GURUGU",SAGNERIGU,Northern,Retail
2884,PC/GR/WR/0166E,PROFAMA PHARMACY LIMITED,"STORE NO. 3 MALLAM-WEIJA KASOA RD NEW BORTIANOR
WEIJA",GA SOUTH,Greater Accra,Wholesale/Retail
2885,PC/GR/R/0140K,PROH PHARMACY,H/NO. 24 NEW FADAMA ROAD - FADAMA,GA CENTRAL,Greater Accra,Retail
2886,PC/GR/WR/0212K,PROH PHARMACY (ANNEX),STORE NO. 1 & 2 - AREA COUNCIL POKUASE,GA WEST,Greater Accra,Wholesale/Retail
2887,PC/AS/R/0197K,PROMA PHARMACY LTD,"H/NO. BLK IV, PLOT 15 - ABAASE ABIJAN",BOSOMTWE,Ashanti,Retail
2888,PC/GR/R/0003J,PROMIDEN PHARMACY LTD,"H/NO. 16 NII ANTO NYAME STREET NEAR EBENEZER FUNERAL
HOUSE WEIJA",GA SOUTH,Greater Accra,Retail
2889,PC/AS/MW/0484L,PROPHARM CHEMIST LTD,oPlLeOsTa l5e ASSORYIWA STREET APEMSO JUNCTION APPIADU,KMA,Ashanti,Manufacturing Wholesale
2890,PC/AS/R/0555L,PROPHARM CHEMIST LTD,"PLOT 29, BLOCK G ASOKORE ROAD AFFORDABLE HOUSING
ASOKORE-MAMPONG",KMA,Ashanti,Retail
2891,PC/GR/WR/0081J,PROSPECT PHARMACY LTD,H/NO. 2462 QUARTEY PAPAFIO HILLS SANTEO EAST LEGON,ADENTAN,Greater Accra,Wholesale/Retail
2892,PC/WR/R/0372H,PROVIDER PHARMACY,"H/NO. AS/N 339 AKROMA NTO NEAR CATHOLIC CHURCH
ASANKRAGWA",AHANTA WEST,Western,Retail
2893,PC/AS/R/0240M,PURELIFE PHARMACY,"PLOT 29, BLOCK F - OPPOSITE MUNICIPAL HOSPITAL BEKWAI",,Ashanti,Retail
2894,PC/GR/WR/0617L,PURPOSE PHARMACY LIMITED,GW-0226-0662 - WHITE HOUSE JUNCTION OFANKOR,GA WEST,Greater Accra,Wholesale/Retail
2895,PC/GR/R/0100J,Q-BEN PHARMACY LIMITED,H/NO. G 741/2 MAALE DADA ABESE LA,LA NKWANTANANG-MADINA,Greater Accra,Retail
2896,PC/AS/R/0107A,QUALITY HEALTHCARE LTD (PHAR,"PLOT 22, BLK XVI - KWADASO KUMASI",KMA,Ashanti,Retail
2897,PC/ER/R/0181N,QUALITY LIFE PHARMACY LTD,"EW-0008-4985 OPPOSITE REPULIC BANK ASIKAFO AMANTEM
ASAMANKESE",WEST AKIM,Eastern,Retail
2898,PC/GR/R/0165K,QUALITY RX LIMITED,H/NO. 7 PARK STREET EAST LEGON ACCRA,LA NKWANTANANG-MADINA,Greater Accra,Retail
2899,PC/GR/WR/0257K,QUASIPHARM LTD,FLAVOR HOUSE OXFORD STREET S JUNCTION OSU,SHAI-OSUDOKU,Greater Accra,Wholesale/Retail
2900,PC/CR/WR/0519L,QUEEN STREET PHARMACY LTD,"H/NO. F11, CAPE COAST",CAPE COAST,Central,Wholesale/Retail
2901,PC/WR/R/0022P,QUEENXTA PHARMACY LTD,"H/NO. BD 49, BEAHU",AHANTA WEST,Western,Retail
2902,PC/GR/R/0057P,QUICK AID PHARMACY LTD,"DPS JUNCTION GOODNESS FILLING STATION COMMUNITY 25
TEMA",,Greater Accra,Retail
2903,PC/GR/R/0206C,QUICK PHARMACY,"H/NO. B2/2 ABOKOBI AGBOGBA ROAD B.B. MANUFACTURING
LIMITED PARAKUO",AMA,Greater Accra,Retail
2904,PC/GR/R/0206C,QUICK PHARMACY,"H/NO. B2/2 ABOKOBI AGBOGBA ROAD B.B. MANUFACTURING
LIMITED PARAKUO",AMA,Greater Accra,Retail
2905,PC/GR/R/0007M,QUICKAID PHARMACY LTD,UNN. HSE TEMA-AKOSOMBO HIGHWAY - GBETSILE,TMA,Greater Accra,Retail
2906,PC/GR/R/0402P,QUINDEL PHARMACY LTD,OFF SPINTEXC - TOTAL SERVICE STATION TEMA,TMA,Greater Accra,Retail
2907,PC/GR/R/0151M,R & C PHARMACY LTD,H/NO. 7 NII OKO MANSOUR STREET - DOME,GA EAST,Greater Accra,Retail
2908,PC/GR/R/0438L,R & E PHARMACY AND MART LIMI,UNN. HSE ARS STREET SKY PETROLEUM NEW DAWHENYA,NINGO PRAMPRAM,Greater Accra,Retail
2909,PC/AS/R/00280,R&J PHARMACY LTD,"H/NO. PLOT.1, BLOCK G - GYENYASE KUMASI",KMA,Ashanti,Retail
2910,PC/GR/R/0047G,RABBI PHARMACY,"CANADA JUNCTION, ECG SUB-TRANSM. STN, AMOMOLE
AMASAMAN",GA WEST,Greater Accra,Retail
2911,PC/ER/R/0183N,RABITO PHARMACY LTD,EF-1845-3029 - LINDADOR BUNSO,FANTEAKWAH,Eastern,Retail
2912,PC/GR/R/0582K,RABS PHARMACY LIMITED,"GE-179-3081 MENSAH ANTEH AVENUE NEAR RED-LIGHT
RSTAURANT KWABENYA",GA EAST,Greater Accra,Retail
2913,PC/GR/R/0170L,RADIANCE PHARMACY,"GL-083-7854, TSEADO",LA NKWANTANANG-MADINA,Greater Accra,Retail
2914,PC/GR/R/0006E,RADIANCE PHARMACY,"H/NO. 4, SUNDAY STREET HAATSO ACCRA",GA EAST,Greater Accra,Retail
2915,PC/GR/R/0111E,RADIMED CHEMISTS LTD.,"H/NO. SM/B/798, ST. LARMARKUS STR. SANTA MARIE WEIJA",GA SOUTH,Greater Accra,Retail
2916,PC/CR/WR/0477L,RAG LINEKER PHARMACY,H/NO. NF 238/14 TIMBER MARKET STREET - KASOA,AWUTU SENYA EAST,Central,Wholesale/Retail
2917,PC/VR/WR/0004M,RAHAMA H. A. PHARMACY,H/NO. AYE 658 AFLAO AVENUE = AFLAO AVOEME,KETU SOUTH,Volta,Wholesale/Retail
2918,PC/BA/WR/0100A,RAHMA PHARMACY,H/NO. BB 44 MAIN STREET YEJI YEJI,PRU,Brong Ahafo,Wholesale/Retail
2919,PC/BA/R/0153P,RAHMACARE PHARMACY LTD,H/NO. TMA 04381 - TUNSUASE TECHIMAN,TECHIMAN,Brong Ahafo,Retail
2920,PC/AS/R/0494K,RAK-D PHARMACY LTD,"H/NO. NT 42, BLOCK 2 - OPPOSITE BUST STOP ODUMASI",ASANTE AKIM NORTH,Ashanti,Retail
2921,PC/AS/WR/00067,RAKYAA CHEMISTS LIMITED,"PLOT 19, BLOCK V - NORTH SUNTRESO KUMASI",KMA,Ashanti,Wholesale/Retail
2922,PC/ER/R/0049G,RAMOL PHARMACY,"H/NO. H 53A, DJAN KWASI II RD, CHRIST APOSTOLIC CH,
DJANKROM, NSAWAM NSAWAM",NSAWAM ADOAGYIRI,Eastern,Retail
2923,PC/GR/R/0089C,RANAS PHARMACY LTD.,"H/NO. J567/1, ROYAL PARK, NUNGUA",LEDZOKUKU-KROWOR,Greater Accra,Retail
2924,PC/GR/R/00834,RANDAN CHEMIST LTD.,"H/NO. W 1981, - ABELENKPE, MANHEAN LOOP, ACCRA",AMA,Greater Accra,Retail
2925,PC/GR/WR/0151F,RANDY PHARMACY,"H/NO. 1A, MADINA OLD ROAD, - MADINA",ADENTAN,Greater Accra,Wholesale/Retail
2926,PC/GR/R/00345,RANKOF PHARMACY LTD.,H/NO. PO.15 AMERICAN HOUSE ROAD EAST LEGON ACCRA,AMA,Greater Accra,Retail
2927,PC/CR/R/0146H,RANSLOVE PHARMACY LTD,"UNN. STORE OPPOSITE WIABO SCHOOL COMPLEX KASOA
NYANYANO ROAD TAIFA JUNCTION KASOA",AWUTU SENYA,Central,Retail
2928,PC/AS/W/0017H,RANSPHARMA LIMITED,RO 105 YAA AGO STR ASHTOWN ASHTOWN,KMA,Ashanti,Wholesale
2929,PC/GR/R/0518K,RANSTELL PHARMACY LTD,"H/NO. AJK B1, C1-014 - NEAR AFLAO BUS STOP KASSEH",ADA WEST,Greater Accra,Retail
2930,PC/AS/WR/0375H,RANY PHARMACY & WELLNESS CE,H/NO. OTB 433B AFIA KOBI AVENUE ROMAN HILLS KUMASI,KMA,Ashanti,Retail
2931,PC/AS/WR/0009K,RANY PHARMACY & WELLNESS CE,PLOT 2 & 3 BLOCK F AYEDUASE KUMASI,KMA,Ashanti,Retail
2932,PC/GR/W/0001N,RANY PHARMACY & WELLNESS CE,H/NO. 18 ADAMA STREET ADABRAKA ACCRA,AMA,Greater Accra,Wholesale
2933,PC/GR/WR/0557K,RAPHA CHEMIST LTD,H/NO. 15 ALAFIA STREET PARAKU JUNCTION PANTANG,ADENTAN,Greater Accra,Wholesale/Retail
2934,PC/GR/R/0641L,RAPHACARE PHARMACY LTD,"UNN. SHOP, SAKUMONO",TMA,Greater Accra,Retail
2935,PC/AS/R/0011E,RAPHEKA PHARMACY,"H/NO. 1, PLOT 4 NANA PONKOH - OBUASI",OBUASI,Ashanti,Retail
2936,PC/GR/IW/0420P,RAPID IMPROVEMENT PHARMACEUTICALS LTD,"GT-346-5473 UNIT-J2 COMPLEXES LARENAISSANCE
BAATSONA",LA NKWANTANANG-MADINA,Greater Accra,Wholesale
2937,PC/GR/W/00261,RAPNET P'MACEUTICAL LTD.,"H/NO. 3&4, OPPOSITE. AMA URBAN STC YARD STC YARD
ADABRAKA",AMA,Greater Accra,Wholesale
2938,PC/AS/R/0127J,RASBORO PHARMACY LIMITED,"PLOT 17, BLOCK P - BOBAI JUNCTION ASOKORE MAMPONG",ASOKORE MAMPONG,Ashanti,Retail
2939,PC/AS/R/00077,RAY PHARMACY,H/NO. F.63 Asawasi ASAWASI KUAMSI,KMA,Ashanti,Retail
2940,PC/AS/R/0595L,RAYBOAT PHARMACY LTD,"PLOT 63, ESRESO ADAGYA",BOSOMTWE,Ashanti,Retail
2941,PC/GR/WR/0077E,RAYDOS PHARMACY,"GOD WILL PROVIDE SHOPPING MALL OLYMPIC STADIUM
ROAD - AMASAMAN",GA WEST,Greater Accra,Wholesale/Retail
2942,PC/AS/R/0344K,RAYLOVE PHARMACY,"H/NO. JB 367, APEMPUA JUABENG",EJISU-JUABENG,Ashanti,Retail
2943,PC/AS/R/0340J,RAYNEK PHARMACY LTD,H/NO. 30 DONYINA MAIN STREET DONYINA DONYINA,EJISU-JUABENG,Ashanti,Retail
2944,PC/AS/R/0341J,RAYNEK PHARMACY LTD,H/NO. AK/038/0274 CHURCH ROAD ADUM KUMASI,KMA,Ashanti,Retail
2945,PC/AS/R/0182G,RAYNEK PHARMACY LTD,"H/NO. SFS1, SUAME ROUNDABOUT MAMPONG
RD, SUAME KUMASI",KMA,Ashanti,Retail
2946,PC/GR/R/0372P,RAYONI PHARMACY LTD,"H/NO. H154, GD-206-6841 NII MENSAH KOFI - AMRAHIA",ADENTAN,Greater Accra,Retail
2947,PC/GR/R/0458K,RAYONI PHARMACY LTD,H/NO. 175A TUMU AVENUE - KANDA,GA CENTRAL,Greater Accra,Retail
2948,PC/GR/WR/0107H,RAYSS PHARMA LTD.,"H/NO. B 429/11, 2ND DARKO LANE, WATER WORKS JXN, -
DARKUMAN ACCRA",AMA,Greater Accra,Wholesale/Retail
2949,PC/GR/R/0181L,REAL LIFE PHARMACY LTD,GE-003-1208 - BENAB SERVICE STATION ABOKOBI,GA EAST,Greater Accra,Retail
2950,PC/GR/R/0407H,REALEZA PHARMACY LTD.,H/No. B204/34 MAIN ANYAA ROAD ANYAA AWOSHIE,GA SOUTH,Greater Accra,Retail
2951,PC/GR/WR/00406,REBEACON CHEMIST,ADJACENT HAATSO MARKET COMPLEX null HAATSO HAATSO,GA EAST,Greater Accra,Wholesale/Retail
2952,PC/GR/R/0266K,REECH OPTIONS PHARMACY LIMIT,H/NO. B1012/7 ORGLE ROAD BUBUASHIE NORTH KANESHIE,AMA,Greater Accra,Retail
2953,PC/GR/R/0026L,REECH OPTIONS PHARMACY LTD,BLOCK 30 - ABLAH MAMMON ACCRA,GA CENTRAL,Greater Accra,Retail
2954,PC/AS/R/0317H,REEDYS SQUARE PHARMACY LIMI,STORE 133/134 HORSEY PARK OBUASI CENTRAL OBUASI,OBUASI,Ashanti,Retail
2955,PC/GR/R/0228K,REEL PHARMACY LIMITED,"H/NO. 957 OFANKOR ROAD EBENEZER JUNCTION
SOWUTUOM",GA CENTRAL,Greater Accra,Retail
2956,PC/GR/WR/00133,REGENT PHARMACY,H/NO. 21 AKOTIA KOTEH STREET KANESHIE ACCRA,AMA,Greater Accra,Wholesale/Retail
2957,PC/GR/R/0280J,REGEORGIA PHARMACY LTD,H/NO. GW-0484-0290 SAMSAM STREET AMASAMAN MEDIE,GA WEST,Greater Accra,Retail
2958,PC/CR/WR/0459L,REGIBEN FAMILY PHARMACY,"H/NO. 33 COMMERCIAL STREET, 1920 RA AVENUE WINNEBA",EFFUTU,Central,Wholesale/Retail
2959,PC/CR/R/0067F,REGIBEN FAMILY PHARMACY LTD.,"H/NO. KA 233/3, COMMERCIAL STR. WINNEBA WINNEBA",EFFUTU,Central,Retail
2960,PC/AS/R/00193,REGISAM PHARMACY,"PLOT 1, BLOCK 1 - OFORIKROM EXT KUMASI",KMA,Ashanti,Retail
2961,PC/CR/WR/0061P,REGNANT,STORE 1&2 - ADJACENT JD SERVICE STATION PAPASE NO. 1,AWUTU SENYA,Central,Wholesale/Retail
2962,PC/GR/R/0218J,REHOBOTH PHARMACY,H/NO C28 POULTRY FARM AVENUE DANSOMAN ACCRA,GA SOUTH,Greater Accra,Retail
2963,PC/GR/R/0004E,REIMIK PHARMACY LTD.,PLOT NO. K14 - EAST ASHAIMAN ASHAIMAN,ASHIAMAN,Greater Accra,Retail
2964,PC/AS/R/0122N,REJESS PHARMACY LTD,"BLOCK 16 SOLO ROAD NEAR PURITY SCHOOL, BRONKONG
AFRANCHO",AFIGYA-KWABRE,Ashanti,Retail
2965,PC/GR/WR/0267K,RELIANCE PHARMACEUTICALS LTD,"H/NO. 1/15 OFF SPINTEX ROAD NEAR CRISSBERY PUB
BAATSONA",TMA,Greater Accra,Wholesale/Retail
2966,PC/GR/R/0148M,RELIANCE PHARMACY LIMITED,"H/NO. A27 ASHAIMAN ROAD NUNGUA MAIN ROAD
SAKUMONO",LA NKWANTANANG-MADINA,Greater Accra,Retail
2967,PC/ER/W/00010,RELICS PHARMACY LTD,"H/NO. SD/A 58, PRINCE BOATENG ROUNDABOUT SRODAE
KOFORIDUA",NEW-JUABENG,Eastern,Wholesale
2968,PC/AS/R/0108N,RELIV IMPAKT,"PLOT 1 & 2 NEAR HILL TOP SETTLEMENT - DENKYEMMUOSO
EXTENSION",KMA,Ashanti,Retail
2969,PC/GR/WR/0217L,REMEDY ISLAND PHARMACY LTD,H/NO. SGGS 3823-18 - WONDER JUNCTION KWABENYA,GA EAST,Greater Accra,Wholesale/Retail
2970,PC/GR/W/0464K,REMEDY PHARMA LIMITED,"H/NO. C141/4 NEW TOWN STREET NAA AYIKALEY PLACE
KOKOMLEMLE",GA CENTRAL,Greater Accra,Wholesale
2971,PC/GR/R/0402H,REMEDY PHARMACY,"UNN. HOUSE, TUBA TUBA-KOKROBITE ROAD TUBA ACCRA",GA SOUTH,Greater Accra,Retail
2972,PC/AS/WR/0161N,REMINANT CHEMIST LTD,H/NO. 7 AE-0233-7656 - MANHYIA,EJISU-JUABENG,Ashanti,Wholesale/Retail
2973,PC/CR/R/0150E,RENADA CHEMIST,"H/NO. H 412/7, OPIEKUMA ROAD KASOA",AWUTU SENYA,Central,Retail
2974,PC/CR/WR/0195N,RENADA CHEMISTS,"H/NO. 2 & 3, KASOA",GOMOA EAST,Central,Wholesale/Retail
2975,PC/CR/R/0153G,RENADA CHEMISTS LTD. (ANNEX),"H/NO. DC 18/6 OPEIKUMA ROAD, DIAMOND CITY KOFORIDUA
KASOA",AWUTU SENYA,Central,Retail
2976,PC/GR/R/0226N,RENERVE PHARMACY,H/NO. A5505/44 BIO FIO CLOSE AGBAJENA ABLEKUMA,GA CENTRAL,Greater Accra,Retail
2977,PC/GR/R/0316P,RENERVE PHARMACY LTD,"GW-0538-8268 AMEN AMEN STREET AMOMORLEY
ABLEKUMA",GA WEST,Greater Accra,Retail
2978,PC/GR/W/0075E,RENIE CHEMIST LTD.(OKAISHIE BR,"H/NO. 751, WARD D, BLK 4, KIMBERLY AVENUE OKAISHIE
OKAISHIE, ACCRA",AMA,Greater Accra,Wholesale
2979,PC/GR/W/00117,RENIE CHEMISTS LTD.,H/NO. C 180/3 - ADABRAKA ACCRA,AMA,Greater Accra,Wholesale
2980,PC/GR/R/0421P,RESCUE CHEMIST LIMITED,"PARCEL 950, BLOCK 25, SECTION 14 BOUNDARY ROAD
BAWALESHIE EAST LEGON",AMA,Greater Accra,Retail
2981,PC/GR/R/0416H,RESONANCE PHARMACY LIMITED,H/No. 42A ASENSO BAR STREET ASHAIMAN TEMA,TMA,Greater Accra,Retail
2982,PC/GR/R/0098C,RETINA PHARMACY,"PLOT NG 201, SPINTEX ROAD ACCRA BAATSONA",TMA,Greater Accra,Retail
2983,PC/GR/R/00102,REUBEN PHARMACY,H/NO. C373/2 Alajo ALAJO ACCRA,AMA,Greater Accra,Retail
2984,PC/GR/R/0106H,REUCHRIS PHARMACY,"H/NO. PLOT NO. 231, ABEASE STREET ABLEKUMA ACCRA",GA SOUTH,Greater Accra,Retail
2985,PC/WR/R/0368H,REVAG PHARMACY LTD,H/NO. YIA AXIM BNA/121 AXIM,NZEMA EAST,Western,Retail
2986,PC/GR/R/0343P,REVEL CHEMIST,"H/NO. 127, GZ-203-4050, SPINTEX",LA NKWANTANANG-MADINA,Greater Accra,Retail
2987,PC/GR/R/00775,REVMAN PHARMACY,H/NO. B 102/29 8 DZAGBLE STREET NII BOYE TWN ACCRA,AMA,Greater Accra,Retail
2988,PC/GR/R/00775,REVMAN PHARMACY,H/NO. B 102/29 8 DZAGBLE STREET NII BOYE TWN ACCRA,AMA,Greater Accra,Retail
2989,PC/AS/WR/0128J,REXOPHARMA LIMITED,"PLOT 20, BLOCK I TWUMDUASE ROAD AYEDUASE KUMASI",KMA,Ashanti,Wholesale/Retail
2990,PC/CR/WR/0193N,REYPAT PHARMACY,"STORE 1 & 2 - PETROSOL SERVICE STATION GOMOA
BESEADZE",GOMOA WEST,Central,Wholesale/Retail
2991,PC/GR/WR/0044L,RHEMATHEO PHARMACY LTD,MENSAH BAR SHELL SERVICS STATION KPONE-BAWALESHIE,KPONE KATAMANSO,Greater Accra,Wholesale/Retail
2992,PC/GR/R/00877,RHINO PHARMA,"H/NO. 14//1 GUAVA CRESCENT COMMUNITY 19 / LASHIBI
ACCRA",TMA,Greater Accra,Retail
2993,PC/BA/R/0602L,RHODEL PHARMACY LTD,H/NO. K 161 HOSPITAL ROAD A-LINE NKORANZA,NKORANZA SOUTH,Brong Ahafo,Retail
2994,PC/GR/R/0238J,RHODIUM PHARMACY,H/NO. BLK 0347/13 KOTOBABI ROAD PIGFARM ACCRA,GA EAST,Greater Accra,Retail
2995,PC/VR/WR/0154C,RIAD PHARMACEUTICAL COMPAN,"STORE NO. 2, FIAWOO HOUSE NEAR KETA POLICE STATION
ABUTIAKOPE KETA",KETA,Volta,Retail
2996,PC/VR/R/0458L,RIAD PHARMACY COMPANY LTD,"H/NO. HE 397 MAJOR SETH LUMOR STREET HEDZRANAWO
DENU",KETU SOUTH,Volta,Retail
2997,PC/ER/R/0086P,RIBEN PHARMA LTD,H/NO. EN-224-9403 LAST STOP PIPELINE ZONGO KOFORIDUA,NEW-JUABENG,Eastern,Retail
2998,PC/AS/WR/0495L,RICH CARE PHARMACY LTD,"PLOT 68A, BLOCK G - STATION ADAKO JACHIE",EJISU-JUABENG,Ashanti,Wholesale/Retail
2999,PC/BA/WR/0466K,RICH-ZION PHARMACY LTD,"H/NO. Z-109 ONE WAY ZONGO, TOWN PARK BEREKUM",BEREKUM,Brong Ahafo,Wholesale/Retail
3000,PC/GR/R/0018G,RICHBAAH PHARMACY,"H/NO. 097, OBEYEYIE LORRY STATION. STREET ACHIAMAN-
AMASAMAN, OBEYEYIE",GA WEST,Greater Accra,Retail
3001,PC/GR/WR/00134,RICHBEN PHARMACY LTD.,"NEAR SHELL TRAINING SCH,
37 MILITARY ROUNDABOUT
ACCRA ACCRA",AMA,Greater Accra,Wholesale/Retail
3002,PC/GR/WR/00135,RICHCORD PHARMACY,- CANTONMENTS ROAD OSU-RE ACCRA,AMA,Greater Accra,Wholesale/Retail
3003,PC/GR/R/0349L,RICHJOES COMPANY LIMITED,H/NO. B719/4 ACCRA-WINNEBA ROAD - KANESHIE,AMA,Greater Accra,Retail
3004,PC/GR/W/0050J,RICHJOES PHARMACYLIMITED,"H/NO. 272/3 NAA PLAZA STREET, UTC OKAISHIE ACCRA",AMA,Greater Accra,Wholesale
3005,PC/AS/R/0142J,RICHNA PHARMACY LIMITED,"PLOT 7, BLOCK C ANTOA STREET STATION ABIREM",KWABERE EAST,Ashanti,Retail
3006,PC/ER/R/0102P,RICHOMONS PHARMACY,"H/NO. N1 927 ATIBIE ROAD NEAR JEHOVA WITNESS HALL
NKAWKAW",KWAHU WEST,Eastern,Retail
3007,PC/ER/R/0081P,RICHPOT PHARMACY LTD,ET-0004-9798 AME ZION STREET NSUASE KWABENG,ATIWA,Eastern,Retail
3008,PC/NR/WR/00009,RICKY PHARMACY LTD.,H/NO. A21 BANK OF GHANA STREET TAMALE TAMALE,TAMALE,Northern,Wholesale/Retail
3009,PC/ER/R/0109P,RICOMMONS PHARMACY LTD,"H/NO. N147, AFOSU",BIRIM NORTH,Eastern,Retail
3010,PC/AS/R/0004F,RICOMONS PHARMACY,"PLOT AN 8, ANKAASE BODOMASE ROAD - KUMAWU",SEKYERE AFRAM PLAINS,Ashanti,Retail
3011,PC/AS/WR/0122D,RICOMONS PHARMACY LIMITED,"PLOT 11, BLOCK H JUASO JUNCTION - ASANTE",ASANTE-AKIM SOUTH,Ashanti,Wholesale/Retail
3012,PC/ER/R/0326J,RICOMONS PHARMACY LTD,H/NO. NG 114 HOLY FAMILY STREET ADOAGYIR NKAWKAW,KWAHU WEST,Eastern,Retail
3013,PC/ER/R/0195H,RICOMONS PHARMACY LTD.,"H/NO. A 66, MAIN MOSLEM MOSQUE ABAASE NEW ABIREM",BIRIM NORTH,Eastern,Retail
3014,PC/GR/R/0214M,RIDGE MEDICAL CENTRE PHARMA,SU TOWERS KING TACKIE AVENUE NORTH RIDGE ACCRA,AMA,Greater Accra,Hospital Pharmacy
3015,PC/GR/W/0029J,RIDOC VENTURES LIMITED,"H/NO. B260/13 CHACHA ROAD TOWN COUNCIL LANE
LATEIBIOKOSHIE",GA SOUTH,Greater Accra,Wholesale
3016,PC/GR/R/0143F,RIGHT PHARMACY LTD.,"H/NO. 54, DATUS ROAD, ACCRA BUBUASHIE-ACCRA",AMA,Greater Accra,Retail
3017,PC/AS/WR/00099,RIGHTWAY PHARM LTD.,H/NO. 1 BLOCK 1 - BIMPEH HILL KUMASI,KMA,Ashanti,Wholesale/Retail
3018,PC/AS/WR/00091,RIGHTWAY PHARMACY LTD.,"H/NO. 54, SIWUTRIASE, MAMPONG ASH.",MAMPONG,Ashanti,Wholesale/Retail
3019,PC/AS/R/00039,RIMA-RIVA CHEMIST LTD.,"PLT.12, BLOCK.13 - KWADASO KUMASI",KMA,Ashanti,Retail
3020,PC/GR/R/00183,RINGWAY CHEMISTS LTD.,"H/NO. E. 177/3 NORTH LINK OSU, RINGWAY ESTATE ACCRA",AMA,Greater Accra,Retail
3021,PC/CR/R/0030D,RISCOB PHARMACY,"STORE NO. 1 & 2, WINNEBA JUNCTION, WINNEBA",EFFUTU,Central,Retail
3022,PC/VR/R/00007,RITE AID PHARMACY,H/NO. B.E.11/117 HOUSING ROAD - HO,HO,Volta,Retail
3023,PC/VR/WR/00014,RITE AID PHARMACY,H/NO. BE 5/98 MARKET ROAD ASIGATO HO,HO,Volta,Wholesale/Retail
3024,PC/GR/R/0413H,RITE DOSE PHARMACY,PLT 67 ADJR TRASSACO ROAD ADJIRINGANOR EAST LEGON,AMA,Greater Accra,Retail
3025,PC/WR/WR/0046B,RITE-VALUE PHARMACY,"H/NO. GH 1, BIBIANI",BIBIANI-ANHWIASO BEKWAI,Western,Wholesale/Retail
3026,PC/AS/R/0051D,RITJEI PHARMACY,"PLOT NO. 18, BLOCK E, EJISU ROAD KWAMO KWAMO",EJISU-JUABENG,Ashanti,Retail
3027,PC/AS/WR/00102,RITJEI PHARMACY LTD,"PLOT 53, BLOCK N AGONA ASHANTI",KMA,Ashanti,Wholesale/Retail
3028,PC/AS/WR/0035B,RIVERSIDE PHARMACY LTD.,H/NO. 1F MAIN LORRY STATION ASUOFIA,KMA,Ashanti,Wholesale/Retail
3029,PC/ER/R/0051G,RIVERVIEW CHEMIST LTD.,"UNMARKED SHOP, ACCRA-AKOSOMBO RD, AKRADE
ATIMPOKU",ASUOGYAMAN,Eastern,Retail
3030,PC/GR/WR/0368L,ROATINA PHARMACY LIMITED,DEVTRACO PS GLOBAL ROAD - NEW DAWHENYA,NINGO PRAMPRAM,Greater Accra,Wholesale/Retail
3031,PC/GR/R/0017E,ROATINA PHARMACY LTD.,"UNN. HSE, DEVTRACO COURT JXN, NUMO NUERTEY ANUMLE
RD, COMM. 25, TEMA",TMA,Greater Accra,Retail
3032,PC/AS/R/0055G,ROATINA PHARMACY LTD.,"H/NO. PLOT 1, BLK. E, PANKRONO, KUMASI",KMA,Ashanti,Retail
3033,PC/GR/R/0048H,ROBBIE'S CHEMISTS,"H/NO. B/6/A/24, BRENYA STREET BRENYA STREET OKAIKOI
APENKWA",AMA,Greater Accra,Retail
3034,PC/GR/R/00162,ROBBIES CHEMIST,H/NO. 31 4TH STREET TESANO ACCRA,AMA,Greater Accra,Retail
3035,PC/GR/R/00104,ROBESTA CHEMISTS LTD.,H/NO. B5/6 OBLOGO ROAD NEAR ZONG JUNCTION ACCRA,AMA,Greater Accra,Retail
3036,PC/GR/R/0109E,ROBLOIS PHARMACY COM. LTD.,UNN. HSE. ASAFOATSE STR. - ASOFAN,GA WEST,Greater Accra,Retail
3037,PC/GR/WR/0055L,ROCHE PRODUCTS GHANA LTD,"H/NO. Y21B AGOSTINO NETO AIRPORT RESIDENTIAL AREA
ACCRA",GA CENTRAL,Greater Accra,Wholesale/Retail
3038,PC/GR/WR/00140,ROCK CHEMISTS,H/NO. C.10 OPP. ABC BREWERY LTD. ACCRA ACHIMOTA,GA WEST,Greater Accra,Wholesale/Retail
3039,PC/GR/WR/00262,ROCK CHEMISTS,"H/NO. A 900/1 GUGGISBERG AVENUE KORLE BU, KORLE
GONNO ACCRA",AMA,Greater Accra,Wholesale/Retail
3040,PC/GR/WR/00140,ROCK CHEMISTS,H/NO. C.10 OPP. ABC BREWERY LTD. ACCRA ACHIMOTA,GA WEST,Greater Accra,Wholesale/Retail
3041,PC/GR/WR/00262,ROCK CHEMISTS,"H/NO. A 900/1 GUGGISBERG AVENUE KORLE BU, KORLE
GONNO ACCRA",AMA,Greater Accra,Wholesale/Retail
3042,PC/GR/WR/0121H,ROCK CHEMISTS,H/NO. 15 LAWSON AVENUE KWABENYA ACCRA,GA EAST,Greater Accra,Wholesale/Retail
3043,PC/AS/IW/0088N,ROCKGEE PHARMACY LTD,"aPleLOT 1, BLOCK A - ODENEHO KWADASO",KMA,Ashanti,Importing Wholesale
3044,PC/GR/R/0449L,ROCKWELL PHARMACY,"UNN. HSE KRAKUE ROAD, MELCOM SHOPPING CENTRE
COMMUNITY 1 TEMA",TMA,Greater Accra,Retail
3045,PC/GR/R/0476K,ROCKWELL PHARMACY LTD,PLOT IND/A/70/1 - POLICE BAARIER DAWHENYA,KPONE KATAMANSO,Greater Accra,Retail
3046,PC/GR/W/0314K,RODARCH PHARMACEUTICALS LT,H/NO. 60 ORGLE ROAD NORTH KANESHIE ACCRA,AMA,Greater Accra,Wholesale
3047,PC/GR/WR/0023A,RODINA CHEMIST,H/NO. GA/24/69 ACP-KWABENYA ROAD POKUASE ACCRA,GA WEST,Greater Accra,Wholesale/Retail
3048,PC/GR/R/00914,ROHI PHARMACY LTD,H/NO. F 41 KARL QUIST STREET NEAR THE CEMETARY OSU,AMA,Greater Accra,Retail
3049,PC/GR/R/00912,ROKAAP PHARMACY,H/NO. 1 OPPOSITE ECOBANK WEST LEGON ACCRA,AMA,Greater Accra,Retail
3050,PC/AS/R/0126K,ROKDEL PHARMACY LTD,"PLOT 5, BLOCK T, KUMASI",KMA,Ashanti,Retail
3051,PC/GR/IW/0258K,ROKMER PHARMA LTD,aHle/NO. 726/4 WINNEBA ROAD MARKET KANESHIE,AMA,Greater Accra,Importing Wholesale
3052,PC/GR/R/00307,ROKMER PHARMA LTD.,"H/NO. A74/15 29TH CLOSE, OSOFO DADZIE ROAD
DANSOMAN ACCRA",AMA,Greater Accra,Retail
3053,PC/GR/W/00227,ROKMER PHARMA LTD.,H/NO. 41 NII LARYEA FAAMITE ROAD NORTH GBAWE ACCRA,GA SOUTH,Greater Accra,Wholesale
3054,PC/GR/R/0357P,ROLAK PHARMACY LTD,COMMANDO STREET - - AKATAMANSO,KPONE KATAMANSO,Greater Accra,Retail
3055,PC/ER/WR/0113D,ROMAN PHARMACY,"E7-031-6518 EM DEBRAH STREET OPPOSITE PRISONS PARK
EFFIDUASE",NEW-JUABENG,Eastern,Wholesale/Retail
3056,PC/GR/R/00904,ROMAN RIDGE PHARMACY,H/NO. 17 RIDGE ROAD OPP. ROMAN RIDGE SCHOOL ACCRA,AMA,Greater Accra,Retail
3057,PC/GR/R/00105,ROMART PHARMACY,H/NO. B22/15 NEAR PEACE CLINIC MATAHEKO ACCRA,AMA,Greater Accra,Retail
3058,PC/CR/R/0095L,ROMART PHARMACY,"H/NO. 766/3 OFFICE WINNEBA-ACCRA HIGHWAY ZONGO
KASOA",AWUTU SENYA EAST,Central,Retail
3059,PC/GR/R/0184L,ROMKER PHARMA LIMITED,H/NO. 384/10 GUGGISBURG STREET - ABIJAN,GA CENTRAL,Greater Accra,Retail
3060,PC/AS/WR/0318H,RONEL PHARMACY LIMITED,5.0060-5.0068 ADEHYEMAN GARDENS KEJETIA KUMASI,KMA,Ashanti,Wholesale/Retail
3061,PC/GR/R/0436P,RONIK PHARMACY LTD,"MAIN ROAD, SANTOE",KPONE KATAMANSO,Greater Accra,Retail
3062,PC/GR/R/00415,ROPHI PHARMACY LTD.,H/NOC142/17 - ALAJO ACCRA,AMA,Greater Accra,Retail
3063,PC/GR/R/00735,ROSAD PHARMACY,H/NO. A 167 TAXI RANK ZONGO MADINA,LA NKWANTANANG-MADINA,Greater Accra,Retail
3064,PC/GR/R/00768,ROSEAID PHARMACY LTD,"H/NO. EAB/22, 03 PLOT 40 - ASHALEY BOTWE ACCRA",AMA,Greater Accra,Retail
3065,PC/UER/WR/0564K,ROSELASI PHARMACY LTD,"H/NO. B322 LORRY STATION ROAD DAPARTIDONGO
BOLGATANGA",BOLGATANGA,Upper East,Wholesale/Retail
3066,PC/ER/R/0115D,ROSENO PHARMACY,"H/NO. A57, - OPP. ENYIRESI HOSPITAL, ENYIRESI",ATIWA,Eastern,Retail
3067,PC/ER/R/0502L,ROSENO PHARMACY LTD,H/NO. C3 KWABENG ROAD - ABOMOSU,ATIWA,Eastern,Retail
3068,PC/ER/WR/0338K,ROSENO PHARMACY LTD,"H/NO. A29, AHENBRONO ASIAKWA",EAST AKIM,Eastern,Wholesale/Retail
3069,PC/GR/R/00431,ROSETTE PHARMACY,H/NO. GB/1/B 103 - GBAWE ACCRA,GA SOUTH,Greater Accra,Retail
3070,PC/WR/R/0226M,ROSIPAC PHARMACY,H/NO. A11M KWAMENA NUSI LAGOS TOWN TAKORADI,SEKONDI-TAKORADI,Western,Retail
3071,PC/WR/W/0106D,ROSIPAC PHARMACY,"NO. PT 180, SUPER 06 BUILDING WEST BLOCK AFRIC
TOWNSHIP",SEKONDI-TAKORADI,Western,Wholesale
3072,PC/AS/W/0091E,ROSTRUM PHARMACY LTD.,"H/NO. ME2, BLOCK 3, KROFROM STREET - ASHTOWN",KMA,Ashanti,Wholesale
3073,PC/GR/R/0084L,ROSYCARE PHARMACY LIMITED,ABORKOPE STADIUM ROAD - NEAR TAXI RANK AMASAMAN,GA WEST,Greater Accra,Retail
3074,PC/VR/R/0006N,ROVAMAP PHARMACY,H/NO. GL/5 ASIANU STREET GABI KPANDU,KPANDO,Volta,Retail
3075,PC/AS/R/00286,ROWASA PHARMACY LTD.,H/NO. BW. PLOT 1 - NR. YEJI CLINIC BREMAN,KMA,Ashanti,Retail
3076,PC/GR/W/00225,ROXIN PHARMACEUTICALS,"H/NO. 106 OSU AVENUE, EXT. SWITCH BACK ROAD
CANTONMENTS ACCRA",AMA,Greater Accra,Wholesale
3077,PC/AS/R/00112,ROYAL AVENUE PHARMACY,H/NO. 35 NEAR MANHYIA PALACE AHENEBOROANO KUMASI,KMA,Ashanti,Retail
3078,PC/AS/R/0303K,ROYAL CALEB PHARMACY LTD,H/NO. OTB 513 NSENIE STREET PAMPASO KUMASI,KMA,Ashanti,Retail
3079,PC/ER/R/0504L,ROYAL CARE PHARMACY LTD,"E2-0040-6275 TORONTO STREET NEAR FURNITURE SHOP
AKROPONG",AKWAPIM NORTH,Eastern,Retail
3080,PC/ER/R/0082P,ROYAL CARE PHARMACY LTD,H/NO. TE 136 - POLICE STATION AREA TUTU,AKWAPIM SOUTH,Eastern,Retail
3081,PC/GR/R/00732,ROYAL CHARISMA PHARMACY LTD,H/NO. D/N/T 42 DOME ASAFO ADJEI ROAD PILLAR 2 ACCRA,GA EAST,Greater Accra,Retail
3082,PC/GR/W/00165,ROYAL DACH PHARMACY,"H/NO. 44/4 SOUTH JAMES NELSON ROAD, OFF KOJO
THOMPSON ROAD ACCRA ACCRA",AMA,Greater Accra,Wholesale
3083,PC/GR/W/00165,ROYAL DACH PHARMACY,"H/NO. 44/4 SOUTH JAMES NELSON ROAD, OFF KOJO
THOMPSON ROAD ACCRA ACCRA",AMA,Greater Accra,Wholesale
3084,PC/GR/W/0280P,ROYAL EMPIRE PHARMACEUTICAL,GC-073-7400 - MARKET ANYAA,GA CENTRAL,Greater Accra,Wholesale
3085,PC/AS/R/0176K,ROYAL JR. PHARMACY,AK-192-8754 ADOWATO ABREPO KUMASI,KMA,Ashanti,Retail
3086,PC/GR/WR/00142,ROYAL PHARMACY,H/NO. NO D763 KIMBERLY AVENUE OKAISHIE ACCRA,AMA,Greater Accra,Wholesale/Retail
3087,PC/VR/R/0664L,ROYALE PHARMACY,"H/NO. GL 24A GABI ECG MARQUART HOSPITAL ROAD GABI
KPANDO",KPANDO,Volta,Retail
3088,PC/ER/WR/0184N,RS-DOXA PHARMACY LTD,H/NO. 0128 ADIEMBRA JUNCTION NEAR TAXI RANK AKROSO,BIRIM SOUTH,Eastern,Wholesale/Retail
3089,PC/AS/WR/0294K,RSF PHARMACY,"H/NO. 305, KWADASO ESTATE",KMA,Ashanti,Wholesale/Retail
3090,PC/ER/WR/0063B,RUANDY PHARMACY,"H/NO. ER 405/SA 274, MARKET STREET, - NSAWAM",NSAWAM ADOAGYIRI,Eastern,Wholesale/Retail
3091,PC/ER/R/0067E,RUANDY PHARMACY LTD.(PWD BR,PWD BUILDING HOSPITAL JUNCTION - NSAWAM ADOAGYIRI,AKWAPIM SOUTH,Eastern,Retail
3092,PC/CR/WR/0381H,RUFRAN PHARMACY LIMITED,STORE 1&2 AKWELEY NEW MARKET KASOA,AWUTU SENYA,Central,Wholesale/Retail
3093,PC/GR/WR/0165B,RX PHARMA CO. LTD.,"H/NO. C225/16, NSAWAM ROAD NEAR GTU, EAST TESANO
ACCRA",AMA,Greater Accra,Wholesale/Retail
3094,PC/GR/R/0337L,RYTCOL PHARMACY LIMITED,GS-0108-5545 KWATEY ROAD GRAVEL JUNCTION GBAWE,GA SOUTH,Greater Accra,Retail
3095,PC/GR/R/0037N,RYTEPHARM PHARMACY LTD,GA-020-3172 MACAM-KETIA ROAD - MAAMOBI,AMA,Greater Accra,Retail
3096,PC/GR/R/0539L,RYTHEALTH PHARMACY LTD,"H/NO. NA/TT 494 - AMARIA JUNCTION NGLESHIE AMANFRO
TOPTOWN",GA SOUTH,Greater Accra,Retail
3097,PC/GR/R/00612,S. P. PHARMACY LTD.,"PLOT NO. 5, OPP. TEXPO RD, SPINTEX ACCRA",TMA,Greater Accra,Retail
3098,PC/GR/R/0111K,SAANI HEALTH PHARMACY LIMITE,H/NO. 10 N3 MERIDIAN STREET COMMUNITY 9 TEMA,TMA,Greater Accra,Retail
3099,PC/ER/R/0596K,SABDEF PHARMACY LTD,STORE NO. 3 & 4 SOCIAL CENTRE ROAD - OFOASE,AKYEMANSA,Eastern,Retail
3100,PC/VR/WR/0177M,SABU-DAV PHARMACY,VY-0005-0472 HO-AFLAO ROAD KPORDOAVE DZODZE,KETU NORTH,Volta,Wholesale/Retail
3101,PC/GR/W/0270P,SACKITEY MEDITECH PHARMACY L,"H/NO. 12, GT-138-9359 GLOVER CLOSE COMMUNITY 6 TEMA",TMA,Greater Accra,Wholesale
3102,PC/GR/R/00356,SADAS CHEMISTS,"H/NO. 359/1 EMUASE, APAPA STATION LA ACCRA",LEDZOKUKU-KROWOR,Greater Accra,Retail
3103,PC/GR/R/0037A,SADAS CHEMISTS,H/NO. G 26/4 EMUASE LA ACCRA,LEDZOKUKU-KROWOR,Greater Accra,Retail
3104,PC/GR/WR/00144,SADASKO PHARMACY LTD.,H/NO. 762/4 BARCLAYS LANE OKAISHIE ACCRA,AMA,Greater Accra,Wholesale/Retail
3105,PC/WR/WR/0508L,SAFELINE PHARMACY,PLOT 18 DR KWAME NKRUMAH STREET - HALF ASSINI,JOMORO,Western,Wholesale/Retail
3106,PC/GR/R/0085J,SAFEMED PHARMACY LIMITED,- TOWN ROAD NEAR MUNICIPAL ASSEMBLY AMOMOLEY,GA WEST,Greater Accra,Retail
3107,PC/GR/R/0087D,SAFERSIDE PHARMACY,"H/NO. A304/20, SAKAMAN-DANSOMAN RD, ACCRA
DANSOMAN",AMA,Greater Accra,Retail
3108,PC/GR/W/0217K,SAFERSIDE PHARMACY,H/NO. A3/19 OBLOJO ROAD RUSSIA ACCRA,GA SOUTH,Greater Accra,Wholesale
3109,PC/GR/WR/00251,SAFEWAY CHEMIST LTD.,H/NO. 65 1ST KAAJAANO STREET SOUTH LA ESTATE ACCRA,AMA,Greater Accra,Wholesale/Retail
3110,PC/GR/WR/00251,SAFEWAY CHEMIST LTD.,H/NO. 65 1ST KAAJAANO STREET SOUTH LA ESTATE ACCRA,AMA,Greater Accra,Wholesale/Retail
3111,PC/CR/WR/00016,SAGES PHARMACY LTD.,UNIVERSITY CAFETARIA - NEW SITE CAPE COAST,CAPE COAST,Central,Wholesale/Retail
3112,PC/GR/R/0234N,SAHA PHARMACY LTD,"H/NO. 6, ACCRA",ADENTAN,Greater Accra,Retail
3113,PC/WR/WR/0120A,SAHARA PHARMACY,AGAPET FILLING STATION INCHABAN,SHAMA,Western,Wholesale/Retail
3114,PC/AS/R/00082,SAINT DOMINIC'S PHARMACY,H/NO. AH. 25 - EFFIDUASE KUMASI,KMA,Ashanti,Retail
3115,PC/GR/WR/0101F,SAINT PATRICK PHARMACY,UNN.HOUSE NII KPAKPO OBLIPONG STREET - FISE,GA WEST,Greater Accra,Wholesale/Retail
3116,PC/GR/R/00326,SALBY PHARMACY LTD.,H/NO. B48/16 - SUKURA MARKET ACCRA,AMA,Greater Accra,Retail
3117,PC/AS/WR/00059,SALOM PHARMACY,H.NO. ZC54 KEJETIA KUMASI,KMA,Ashanti,Wholesale/Retail
3118,PC/AS/R/0264J,SALUTO PHARMACY,"H/NO. 2 2ND CLOSE OHWIMASE-HILLTOP HILLTOP
OHWIMASE-KWADASO",KMA,Ashanti,Retail
3119,PC/BA/R/0226P,SAM-WASS PHARMACY LTD,"H/NO. ZE 129/B, BP-0990-5083 - - ZABRAMA",PRU,Brong Ahafo,Retail
3120,PC/GR/R/00158,SAMAH CHEMISTS LTD.,LEGON-ADENTA ROAD S.D.A. JUNCTION ACCRA,AMA,Greater Accra,Retail
3121,PC/GR/R/0032L,SAMARITAN PHARMACY LTD,GW-0528-3909 - LORRY STATION NSAKINA,GA WEST,Greater Accra,Retail
3122,PC/AS/WR/0138J,SAMEL PHARMACY COMPANY LIM,PLOT 30 NEAR PENTECOST - AHENEMA KOKOBEN,ATWIMA KWANWOMA,Ashanti,Retail
3123,PC/GR/R/0034E,SAMEST PHARMACY LTD.,"H/NO. J 17, NUNGUA MARITIME ESTATE ROAD
KANTAMANTO, MARITIME ROAD NUNGUA",LEDZOKUKU-KROWOR,Greater Accra,Retail
3124,PC/ER/WR/0106P,SAMGINA PHARMA LTD,H/NO. M89/2 ASUTUARE ROAD - AKUSE,LOWER MANYA KROBO,Eastern,Wholesale/Retail
3125,PC/GR/R/00629,SAMGYEN PHARMACY LTD.,H/NO. G 121/2 ODOI ATSEM STREET LA ACCRA,LEDZOKUKU-KROWOR,Greater Accra,Retail
3126,PC/GR/R/00385,SAMIGO PHARMACY LTD.,H/NO. A 329/7 NEW MAMPROBI-CAMARA ACCRA,AMA,Greater Accra,Retail
3127,PC/WR/WR/0240N,SAMINA PHARMACY LTD,H/NO. WB/245C - LORRY STATION BAWDIE,AMENFI EAST,Western,Wholesale/Retail
3128,PC/WR/WR/0242N,SAMKWARTH PHARMACY LIMITED,H/NO. AC 22 - 10TH HWY COMPOUND KESSE ABOSO,PRESTEA HUNI VALLEY,Western,Wholesale/Retail
3129,PC/AS/R/00240,SAMMESS PHARMACY,"PLOT 3 BLOCK 36 ""A"" LINE BUOKOM EST KUMASI",KMA,Ashanti,Retail
3130,PC/AS/R/00275,SAMMESS PHARMACY LTD (ANNE,"H/NO. PLOT 133, BLOCK G MAMPONTENG",KWABERE EAST,Ashanti,Retail
3131,PC/UER/R/0134D,SAMORAK PHARMACY LTD.,"H/NO. B-21, STADIUM ROAD DAPORE-TINDONGO BOLGA",BOLGATANGA,Upper East,Retail
3132,PC/GR/W/0002J,SAMOSPHARMA LIMITED,H/NO. WBHA 868 NII QUAYE STREET - BAATSONA,TMA,Greater Accra,Wholesale
3133,PC/GR/WR/0128F,SAMSED MEDICALS & HEALTHCAR,"H/NO. D42/4, J.J. STREET AWOSHIE ACCRA CENTRAL",AMA,Greater Accra,Retail
3134,PC/GR/R/0161K,SAMSEL PHARMACY,"H/NO. 145/6, BLN 248 TOTAL LAST STOP TSUIBLEO TESHIE",LEDZOKUKU-KROWOR,Greater Accra,Retail
3135,PC/GR/WR/0180L,SAMSOP PHARMACEUTICALS,PLOT 9 ASAFO AVENUE FISE JUNCTION AMASAMAN,GA WEST,Greater Accra,Wholesale/Retail
3136,PC/BA/WR/0599L,SAMU & SONS PHARMACY LTD,H/NO. C 90 OFUMAN ROAD - WENCHI,WENCHI,Brong Ahafo,Wholesale/Retail
3137,PC/AS/WR/00114,SANAL PHARMACY,"PLOT 16, BLOCK C AHENEMA KOKOBENG - KUMASI",KMA,Ashanti,Wholesale/Retail
3138,PC/GR/MW/0083D,SANBAO(GH) PHARMACEUTICALS,"PLOT NO.2, TEPZ GOV'T VILLAGE STR. FREE ZONE ENCLAVE
oTEleMsaAle",TMA,Greater Accra,Manufacturing Wholesale
3139,PC/CR/W/00003,SANCOTEX PHARMACY,H/NO. G111/2 UTC ROAD KOTOKURABA CAPE COAST,CAPE COAST,Central,Wholesale
3140,PC/AS/WR/0495K,SANDY BAY PHARMACY,H/NO. 622 - MAXIMA JUNCTION BOMSO,KMA,Ashanti,Wholesale/Retail
3141,PC/CR/R/0475L,SANFORD WORLD CLINIC PHARMA,"CC-001-6432, CAPE COAST",CAPE COAST,Central,Retail
3142,PC/GR/R/0218K,SANFORD WORLD CLINIC PHARMA,H/NO. 208 241 ECOWAS ROAD POWERLAND MADINA,LA NKWANTANANG-MADINA,Greater Accra,Retail
3143,PC/GR/R/0395P,SANITAS PHARMACY,"UNN. HOUSE, KAKASUNAKA",KPONE KATAMANSO,Greater Accra,Retail
3144,PC/UWR/WR/0275J,SANKMO PHARMACY,H/NO. A 11 CAPTAIN SAWYER STREET TUMU ZONGO TUMU,SISSALA EAST,Upper West,Wholesale/Retail
3145,PC/GR/WR/00147,SANOR CHEMISTS,H/NO. D670/A4 PAPAFIO STREET OKAISHIE ACCRA,AMA,Greater Accra,Wholesale/Retail
3146,PC/GR/W/0066L,SANOR CHEMISTS,"- MAIN STREET NEAR NUNGUA SECONDARY SCHOOL
NUNGUA",LEDZOKUKU-KROWOR,Greater Accra,Wholesale
3147,PC/GR/W/0070L,SANOR CHEMISTS,"H/NO. B66/29, DZABLE STREET - LAPAZ",AMA,Greater Accra,Wholesale
3148,PC/GR/R/0313J,SANTA THERES PHARMACY,"H/NO. GT/275/8071, ADJEI-KOJO TETTEH-OCLOO SCHOOL
STREET ADJEI-KOJO ADJEI-KOJO",ASHIAMAN,Greater Accra,Retail
3149,PC/GR/R/0199C,SANTA THERES PHARMACY LTD,"H/NO. 4, BLUE PLAZA 18 BYPASS NEAR BAATSONA FILLING
STATION TEMA",TMA,Greater Accra,Retail
3150,PC/GR/R/0199C,SANTA THERES PHARMACY LTD,"H/NO. 4, BLUE PLAZA 18 BYPASS NEAR BAATSONA FILLING
STATION TEMA",TMA,Greater Accra,Retail
3151,PC/WR/WR/0045B,SANTOS CHEMISTS LTD.,H/NO. DS/A6 LORRY PARK DEBISO,BIA EAST,Western,Wholesale/Retail
3152,PC/GR/MW/0381L,SAP HEALTH LIMITED,"H/NO. 13 KOFI ASANTE OFORI-ATTA STREET AIRPORT WEST
oAlCeCsaRlAe",AMA,Greater Accra,Manufacturing Wholesale
3153,PC/AS/WR/00117,SAPKUMA PHARMACY,H/NO. KN 6 ASAMANG ROAD EFFIDUASE KUMASI,SEKYERE EAST,Ashanti,Wholesale/Retail
3154,PC/GR/R/0134H,SAPPHIRE HORIZON,"H/NO. A/71A EXCEL SERVICE STATION EXCEL FILLING STATION
ASHAIMAN",ASHIAMAN,Greater Accra,Retail
3155,PC/AS/R/0169C,SAQS PHARMACY (ASOKWA BRAN,"PLOT 3, BLOCK 2 STADIUM ROAD NEAR MCKEOWN TEMPLE
ASOKWA",KMA,Ashanti,Retail
3156,PC/AS/R/0169C,SAQS PHARMACY (ASOKWA BRAN,"PLOT 3, BLOCK 2 STADIUM ROAD NEAR MCKEOWN TEMPLE
ASOKWA",KMA,Ashanti,Retail
3157,PC/AS/WR/0290K,SAQS PHARMACY LTD,"PLOT 8, BLOCK E MAIN STREET - PATASE",KMA,Ashanti,Wholesale/Retail
3158,PC/AS/R/0370K,SAQS PHARMACY LTD,"SHOP 50 HUDSON ROAD, CITY MALL ASOKWA KUMASI",KMA,Ashanti,Retail
3159,PC/AS/MW/0022B,SARK PHARMACY,oHl/eNsaOl.e ZE 183 - ALLABAR ZONGO KUMASI,KMA,Ashanti,Manufacturing Wholesale
3160,PC/BA/R/0209G,SARKRENE PHARMACY LTD,"H/NO. KK 185, - KENYASI NO. 2 KWADASO",ASUTIFI NORTH,Brong Ahafo,Retail
3161,PC/GR/WR/00149,SARKUFF PHARMACY LTD.,H/NO. D763/4 KIMBERLEY AVENUE OKAISHIE ACCRA,AMA,Greater Accra,Wholesale/Retail
3162,PC/AS/WR/00072,SARPS CHEMISTS,"H/NO. BH. 127, KUMASI",KMA,Ashanti,Wholesale/Retail
3163,PC/ER/R/0599K,SAS PHARMACY LTD,EV-0000-5468 ASAMAMKESE-ACCRA ROAD - ADEISO,WEST AKIM,Eastern,Retail
3164,PC/GR/R/0063J,SAVERS LIFE PHARMACY,H/NO. ET 611 RIVERSIDE CLOSE ROUND ABOUT TUBA,GA SOUTH,Greater Accra,Retail
3165,PC/AS/R/0099A,SAWABA PHARMACY,"PLT 14, BLOCK E ADUKROM- SAWABA ROAD SAWABA
KUMASI",KMA,Ashanti,Retail
3166,PC/AS/R/0099A,SAWABA PHARMACY,"PLT 14, BLOCK E ADUKROM- SAWABA ROAD SAWABA
KUMASI",KMA,Ashanti,Retail
3167,PC/BA/WR/0322K,SCAB PHARMACY,H/NO. 40/3 MIM KUKUOM ROAD - GOASO,ASUNAFO NORTH,Brong Ahafo,Wholesale/Retail
3168,PC/BA/R/0325K,SCAB PHARMACY,"H/NO. MCR/MM/046, MIM",ASUNAFO NORTH,Brong Ahafo,Retail
3169,PC/BA/R/0033F,SCAB PHARMACY (ATEBUBU BRAN,"H/NO. AWE 137, ATEBUBU-KUMASI ROAD - ATEBUBU",ATEBUBU-AMANTIM,Brong Ahafo,Retail
3170,PC/BA/R/0138F,SCAB PHARMACY (BEREKUM BRA,"PLOT NO. 8, BLOCK B, BEREKUM-SAMPA ROAD - BEREKUM",BEREKUM,Brong Ahafo,Retail
3171,PC/BA/R/0137F,SCAB PHARMACY (DUAYAW NKW,"H/NO. D/A 3A/BLK B, DUAYAW - DUAYAW NKWANTA",TANO NORTH,Brong Ahafo,Wholesale
3172,PC/BA/R/0036F,SCAB PHARMACY (KATO BRANCH),"PLOT 30/A, KATO BEREKUM-SUNYANI RD. - KATO",BEREKUM,Brong Ahafo,Retail
3173,PC/BA/R/0035F,SCAB PHARMACY (NKORANZA BR,"PLOT 37, BLOCK D, NKORANZA-EJURA RD. - NKORANZA",NKORANZA SOUTH,Brong Ahafo,Retail
3174,PC/BA/R/0038F,SCAB PHARMACY (WAMFIE BRAN,H/NO. W/B/A/23 WAMFIE-DORMAA RD. - WAMFIE,DORMAA EAST,Brong Ahafo,Retail
3175,PC/BA/R/0037F,SCAB PHARMACY (YEJI BRANCH),H/NO. YJS 172/71 YEJI-KUMASI RD. - YEJI,PRU,Brong Ahafo,Retail
3176,PC/AS/R/0494L,SCAB PHARMACY LIMITED,"PLOT Z 66, BLOCK A - ZONGO MAMPONG",MAMPONG,Ashanti,Retail
3177,PC/BA/WR/0155C,SCAB PHARMACY LTD,"ROOM 1 & 2, PENTECOST HOUSE TWENE AMANFO ROAD -
SUNYANI",SUNYANI,Brong Ahafo,Wholesale/Retail
3178,PC/BA/WR/0155C,SCAB PHARMACY LTD,"ROOM 1 & 2, PENTECOST HOUSE TWENE AMANFO ROAD -
SUNYANI",SUNYANI,Brong Ahafo,Wholesale/Retail
3179,PC/BA/R/0008L,SCAB PHARMACY LTD,PLOT 8 BEREKUM ROAD - DORMAA AHENKRO,DORMAA CENTRAL,Brong Ahafo,Retail
3180,PC/AS/R/0129L,SCAB PHARMACY LTD,"BLOCK G5 DAGOMBA LINE OPPOSITE GOVERNMENT
HOSPITAL EJURA",EJURA-SEKYIDUMASE,Ashanti,Retail
3181,PC/AS/R/0130L,SCAB PHARMACY LTD,"PLOT 6, ABREPO TEKESE",KMA,Ashanti,Retail
3182,PC/AS/R/0492L,SCAB PHARMACY LTD,"PLOT 9 - NEAR EDUCATIONAL OFFICE MAMPONG
ABRUKUTUASO",MAMPONG,Ashanti,Retail
3183,PC/BA/WR/0606L,SCAB PHARMACY LTD,H/NO. PF 139 HOSPITAL ROAD - PRANG,PRU,Brong Ahafo,Wholesale/Retail
3184,PC/AS/R/0157N,SCAB PHARMACY LTD,"PLOT 25, BLOCK A AT-1221-3994 - FEYIASE",BOSOMTWE,Ashanti,Retail
3185,PC/BA/R/0149P,SCAB PHARMACY LTD,H/NO. NS 82/W SAMPA-WENCHI ROAD - NSAWKAW,WENCHI,Brong Ahafo,Retail
3186,PC/BA/R/0150P,SCAB PHARMACY LTD,H/NO. KT 84/B HIGH STREET - KINTAMPO,KINTAMPO NORTH,Brong Ahafo,Retail
3187,PC/BA/R/0151P,SCAB PHARMACY LTD,"H/NO DR 74, PLOT B SAMPA-BEREKUM ROAD - DROBO",BEREKUM,Brong Ahafo,Retail
3188,PC/BA/R/0229P,SCAB PHARMACY LTD,"H/NO. TMA 253 JTI, MAIN ROAD - JAMA",TECHIMAN SOUTH,Brong Ahafo,Retail
3189,PC/AS/R/00259,SCAB PHARMACY LTD,"PLOT 61, BLOCK N, FEYIASE",KMA,Ashanti,Retail
3190,PC/AS/R/0036H,SCAB PHARMACY LTD,PLOT NO. 0. 039 AHENBOBOANO AHENBOBOANO MANHYIA,KMA,Ashanti,Retail
3191,PC/BA/R/0467K,SCAB PHARMACY LTD,H/NO. C-8 MAIN STREET - NSUKAW,TAIN,Brong Ahafo,Retail
3192,PC/BA/WR/0143H,SCAB PHARMACY LTD.,H/NO. KDS 1 - OPPOSITE GCB BANK DORMAA AHENKRO,DORMAA CENTRAL,Brong Ahafo,Wholesale/Retail
3193,PC/BA/R/0021B,SCAB PHARMACY LTD.,H/NO. A 094/4 ADJACENT OLD PALACE NTOASE WNECHI,WENCHI,Brong Ahafo,Retail
3194,PC/BA/WR/0143H,SCAB PHARMACY LTD.,H/NO. KDS 1 - OPPOSITE GCB BANK DORMAA AHENKRO,DORMAA CENTRAL,Brong Ahafo,Wholesale/Retail
3195,PC/BA/R/0021B,SCAB PHARMACY LTD.,H/NO. A 094/4 ADJACENT OLD PALACE NTOASE WNECHI,WENCHI,Brong Ahafo,Retail
3196,PC/BA/WR/0185E,SCAB PHARMACY LTD.,H/NO. A 193/4 DAGOMBA LANE - TECHIMAN,TECHIMAN,Brong Ahafo,Wholesale/Retail
3197,PC/BA/R/0069G,SCAB PHARMACY LTD.,H/NO. A/10 ANKOBEA ROAD ABESIM ABESIM,SUNYANI,Brong Ahafo,Retail
3198,PC/BA/WR/0070G,SCAB PHARMACY LTD.,"H/NO. BLOCK F/37, DROBO-SAMPA ROAD, - DROBO",JAMAN SOUTH,Brong Ahafo,Wholesale/Retail
3199,PC/BA/WR/0034F,SCAB PHARMARY (TECHIMAN-KEN,"DISTRICT STORES 27 & 28, KENTEN - TECHIMAN-KENTEN",TECHIMAN,Brong Ahafo,Retail
3200,PC/GR/R/00570,SCOOPEX PHARMACY,H/NO. I/E 23 SITE 6 - COMMUNITY 1 TEMA,TMA,Greater Accra,Retail
3201,PC/GR/R/0130G,SCRIPTS N ME PHARMACY,"H/NO. M 103/855, PANTANG SHALOM ESTATE, - PANTANG",GA EAST,Greater Accra,Retail
3202,PC/AS/W/0104L,SDG P-MOCENT PHARMACY,"PLOT 113B, BLOCK C - NEAR GRACELAND HOSPITAL EMENA-
APPIADU",KMA,Ashanti,Wholesale
3203,PC/GR/R/0061H,SEA BREEZE PHARMACY LIMITED,UNN. HOUSE - PANTANG P&T AGBOGBA,ADENTAN,Greater Accra,Retail
3204,PC/VR/WR/0005N,SEBATOS PHARMACY,KAYABA STREET - OLD TOWN NKWANTA,NKWANTA SOUTH,Volta,Wholesale/Retail
3205,PC/VR/WR/0007N,SEBATOS PHARMACY,H/NO. 085 LETTUCE STREET - KPASSA,NKWANTA NORTH,Volta,Wholesale/Retail
3206,PC/GR/R/0142E,SEBATOS PHARMACY,PLOT 270/J ST FRANCIS STREET ESTHER BAKERY NUNGUA,LEDZOKUKU-KROWOR,Greater Accra,Retail
3207,PC/VR/R/0152C,SEBATOS PHARMACY (HOHOE BR,"H/NO. AH 3L 001, MARKET STR, MAIN LORRY PARK, ADAHO
HOHOE",HOHOE,Volta,Retail
3208,PC/VR/R/0152C,SEBATOS PHARMACY (HOHOE BR,"H/NO. AH 3L 001, MARKET STR, MAIN LORRY PARK, ADAHO
HOHOE",HOHOE,Volta,Retail
3209,PC/AS/WR/00088,SEBOT PHARMACY LTD,"STORE NO. 13, CENTRAL MARKET - OBUASI",OBUASI,Ashanti,Wholesale/Retail
3210,PC/AS/R/0054E,SECOM PHARMACY LTD.,"PLOT 12, BLOCK 12, - NEW TAFO NEW-TAFO",KMA,Ashanti,Retail
3211,PC/GR/WR/0297P,SECOND KING PHARMACY,H/NO. AY/AS/138 AYIKU-DORYUMU ROAD - ASEBI,SHAI-OSUDOKU,Greater Accra,Wholesale/Retail
3212,PC/GR/R/00175,SEDEM PHARMACY LTD.,H/NO. NBC 84/E NEAR 6 TO 6 BUS STOP - CHANTAN,AMA,Greater Accra,Retail
3213,PC/GR/R/0197L,SEED PHARMACY LTD,"SHOP 2, PLOT 1 PAPAFIO STREET NANAKROM ADENTA",ADENTAN,Greater Accra,Retail
3214,PC/GR/R/0028E,SEKEL PHARMACY LTD.,"MAKOLA SHOP FF 27, THORPE ROAD SIC LIFE MALL -",AMA,Greater Accra,Retail
3215,PC/VR/WR/0108G,SELACK PHARMACY,"UNN. HOUSE, POLICE STATION, ADJACENT AKATSI , POLICE
STATION - AKATSI",AKATSI SOUTH,Volta,Wholesale/Retail
3216,PC/VR/R/0119P,SELIKEM PHARMACY LTD,"H/NO. L13 KLUTSE STREET 3RD GATE, MAWULI ESTATE HO",HO,Volta,Retail
3217,PC/VR/R/0253P,SELIMED PHARMACY LTD,OJ-0042-1443 - OPPOSITE HOSPITAL JASIKAN,JASIKAN,Volta,Retail
3218,PC/VR/WR/0123C,SELINA PHARMACY,UNN. HOUSE JUAPONG-HO ROAD JUAPONG,NORTH TONGU,Volta,Wholesale/Retail
3219,PC/VR/R/0236P,SELLY PHARMACY LTD,H/NO. B002 TORGBE ADU BOBI STREET FIAVE HO,HO,Volta,Retail
3220,PC/GR/R/0454P,SELPHARMA LTD,UNN. HSE Nii Afutu Tsuru St. Otinshe Adjiringanor,ADENTAN,Greater Accra,Retail
3221,PC/NR/WR/0183J,SELVAM PLUS PHARMACY LIMITE,"PLOT 527 BLK A KUMBUNGU ROAD NAAGAMRU FILLING
STATION CHOGU-TAMALE",TAMALE,Northern,Wholesale/Retail
3222,PC/AS/R/0018D,SEM PHARMACY LIMITED,"PLOT NO. 70, 69 ODENEHO KWADASO ROAD, - KUMASI",KMA,Ashanti,Retail
3223,PC/WR/R/0108D,SENATE PHARMACY,"H/NO. 38/A, BANKYEASE-IADU, BANKYEASE MARKET",SEKONDI-TAKORADI,Western,Retail
3224,PC/GR/R/0517K,SENELLA PHARMACY,"H/NO. SP 52A - NEAR SEBREPOR ROYALS OS SHAKESPEARE
SCHOOL GOLF CITY",KPONE KATAMANSO,Greater Accra,Retail
3225,PC/GR/R/0051A,SENELLOYD O. LTD.,PLOT NO. ACCRA ACCRA,AMA,Greater Accra,Retail
3226,PC/GR/W/0002N,SENES PHARMA CO. LTD,SHELL SERVICE STATION NII ATANYA HIGHWAY - ASHIAMAN,ASHIAMAN,Greater Accra,Wholesale
3227,PC/GR/R/0003N,SENES PHARMA CO. LTD,"AKOSOMBO ROAD, MATEHEKO-AFIENYA",TMA,Greater Accra,Retail
3228,PC/GR/R/0294P,SENES PHARMA CO. LTD,"GB-045-4474 NII OKO ALLAYE AVE COMMUNITY 22, AFARIWA
ESTATE TEMA",TMA,Greater Accra,Retail
3229,PC/GR/R/00426,SENES PHARMACY,"PLOT NO. CL 810 REV. ACQUAAH STREET COMMUNITY 8
TEMA",TMA,Greater Accra,Retail
3230,PC/GR/W/00137,SENES PHARMACY LTD.,"H/NO. SF/70B/22J MICHEL CAMP ROAD COMMUNITY 21
TEMA",TMA,Greater Accra,Wholesale
3231,PC/BA/WR/00016,SENTI CHEMIST LTD.,"OPP. GH. COMMERCIAL BANK GRAPHIC ROAD SUYANI
SUNYANI",SUNYANI,Brong Ahafo,Wholesale/Retail
3232,PC/BA/R/0199P,SENTI CHEMISTS LTD,"PLOT NO 6, BLOCK C SOUTH RIDGE BEREKUM ROAD SUNYANI",SUNYANI,Brong Ahafo,Retail
3233,PC/GR/R/00329,SEPTAL CHEMISTS,OPP. KOTOBABI POLYCLINIC - KOTOBABI ACCRA,AMA,Greater Accra,Retail
3234,PC/GR/WR/00152,SEPTAL CHEMISTS LTD.,H/NO. B340/24 - NEAR ABEKA MARKET ACCRA,AMA,Greater Accra,Wholesale/Retail
3235,PC/BA/WR/0223P,SERAPHIM PHARMACY,"BT-0057-3426, TECHIMAN",TECHIMAN SOUTH,Brong Ahafo,Wholesale/Retail
3236,PC/BA/R/0281K,SERAPHIM PHARMACY LTD,H/NO. TC 275 YAMFO ROAD - TANOSO,TANO NORTH,Brong Ahafo,Retail
3237,PC/AS/R/0121D,SERDAN PHARMACY LTD,"PLOT 19, BLOCK D - AHINSAN KUMASI",KMA,Ashanti,Retail
3238,PC/ER/WR/0136E,SERECA PHARMACY,"H/NO. 33, NEAR KOKROKO HOTEL NEAR KOKROKO HOTEL
ATUA",LOWER MANYA KROBO,Eastern,Wholesale/Retail
3239,PC/GR/R/00161,SERGEN PHARMACY,H/NO. B915/23 DARKUMAN ROAD - ACCRA,AMA,Greater Accra,Retail
3240,PC/GR/WR/00191,SEYAMA PHARMACEUTICALS,H/NO. 62 PALACE STREET NORTH KANESHIE ACCRA,AMA,Greater Accra,Wholesale/Retail
3241,PC/GR/W/0315P,SEYSEL PHARMACEUTICALS LTD,"H/NO. D492, BLOCK C AMPONSAH STREET - FRAFRAHA",ADENTAN,Greater Accra,Wholesale
3242,PC/GR/W/0256K,SHAGGYSCO PHARMACEUTICALS,"SHOP 113/114 KIMBERLY AVENUE, NAA PLAZA OKAISHIE
ACCRA",AMA,Greater Accra,Wholesale
3243,PC/GR/WR/0394L,SHAGGYSCO PHARMACY LTD,UNN. HOUSE OLD NSAWAM ROAD - POKUASE,GA WEST,Greater Accra,Wholesale/Retail
3244,PC/AS/R/0380K,SHAKINGS PHARMACY LTD,H/NO. KT 81 - OPPOSITE HOSPITAL NKENKAASU,OFFINSO NORTH,Ashanti,Retail
3245,PC/AS/W/00080,SHALINA HEALTHCARE GHANA LT,PLOT. NO. 12 BLOCK II LAKE ROAD DADIESOABA KUMASI,KMA,Ashanti,Wholesale
3246,PC/GR/W/00082,SHALINA HEALTHCARE-GHANA LT,H/NO. F4/4 LA ROAD OSU ACCRA,AMA,Greater Accra,Wholesale
3247,PC/WR/W/0512L,SHALINA PHARMACY GHANA LIMI,"PLOT NO. 135 PAA GRANT-POBEE BINEY ROAD TYPE C
TAKORADI",SEKONDI-TAKORADI,Western,Wholesale
3248,PC/NR/W/0014P,SHALINA PHARMACY GHANA LIMI,H/NO. M213 - ZOGBELI TAMALE,TAMALE,Northern,Wholesale
3249,PC/GR/W/0160G,SHALOM CHEMISTS LTD.,H/NO. A 401/20 OFF ZODIAC AKOKOFOTO RD. DANSOMAN,AMA,Greater Accra,Wholesale
3250,PC/GR/R/0113H,SHALOM UB PHARMACY LIMITED,H/NO. BOAFOWAA'S HOUSE ADOTEIMAN DANFA ACCRA,ADENTAN,Greater Accra,Retail
3251,PC/ER/R/0150L,SHAPELIFE PHARMACY LTD,H/NO. KB 42 ASAAWAM STREET - KUKURANTUMI,EAST AKIM,Eastern,Retail
3252,PC/GR/MW/00010,SHARP PHARMACEUTICALS LTD.,"oHl/eNsaOl.e 24/26, MANGO TREE AVENUE, ASYLUM DOWN ACCRA",AMA,Greater Accra,Manufacturing Wholesale
3253,PC/BA/R/0064G,SHEKEL PHARMACY LTD.,"H/NO. D 14/2, OPP. WESLEY METH. CATHEDRAL, DOMINASE",SUNYANI,Brong Ahafo,Retail
3254,PC/AS/R/0585L,SHERAG PHARMACY LTD,"PLOT 87, BLOCK H9 ABRADE ROAD - MAMPONTENG",KWABERE EAST,Ashanti,Retail
3255,PC/AS/R/0350K,SHERAG PHARMACY LTD,"PLOT 75, BLOCK F - - EBUOSO-MAMPONTENG",KWABERE EAST,Ashanti,Retail
3256,PC/GR/R/0457P,SHOP LIFE PHARMACY LTD,"GZ-150-9985, H/NO. 101 MANET - LEKMA ROAD MARVILLE
HOMES SPINTEX ACCRA",LEDZOKUKU-KROWOR,Greater Accra,Retail
3257,PC/GR/R/0431K,SIKWA PHARMACY LTD,GC-065-8964 VRAV ROAD TOTEITSE SOWUTUOM,GA SOUTH,Greater Accra,Retail
3258,PC/GR/R/0077L,SILSCREN PHARMACY LTD,GE-255-9915 HOSPITAL ROAD MUSUKU KWABENYA,GA EAST,Greater Accra,Retail
3259,PC/GR/R/0107H,SILVARA PHARMACY,"H/NO. 909 KWASHIEMAN- OFANKOR ROAD SOWUTUOM
ACCRA",GA CENTRAL,Greater Accra,Retail
3260,PC/GR/R/0139M,SILVERPILL PHARMACY LIMITED,- VOLTA STREET - LEGON,AMA,Greater Accra,Retail
3261,PC/GR/W/0487K,SIMART PHARMACEUTICALS,"H/NO. 29/2 ADODO WEST PAA GRANT STREET COMMUNITY
10 TEMA",TMA,Greater Accra,Wholesale
3262,PC/GR/R/0487K,SIMART PHARMACEUTICALS,"PLOT 287, BANKUMAN STREET BLEKRO BARRACKS TEMA
NEW TOWN",TMA,Greater Accra,Retail
3263,PC/GR/R/00950,SIMART PHARMACY,H/NO. F/408 MAIN OFFICIAL TOWN ROAD - ASHAIMAN,ASHIAMAN,Greater Accra,Retail
3264,PC/GR/R/0086J,SIMART PHARMACY,H/NO. 651 SHAIGAI-PS STREET SHAIGAI STATION KPONE,KPONE KATAMANSO,Greater Accra,Retail
3265,PC/AS/R/0039H,SIMPLE PHARMACY LTD,AZ 8 CENTRAL MOSQUE ZONGO ABOABO,KWABERE EAST,Ashanti,Retail
3266,PC/CR/R/0194N,SIMPSON PHARMACY,CX-002-9269 - OBOM JUNCTION KASOA,AWUTU SENYA EAST,Central,Retail
3267,PC/GR/R/0083J,SIMPSON PHARMACY LIMITED,H/NO. DK 89 MAIN ROAD - AMANFROM,GA SOUTH,Greater Accra,Retail
3268,PC/CR/WR/0049M,SIMSAH PHARMACY,H/NO. 28 - ADISADEL ESTATE CAPE COAST,CAPE COAST,Central,Wholesale/Retail
3269,PC/GR/R/0189J,SINAVICENNA LIMITED,H/NO 4/5 OSABU STREET ABELEMKPE ACCRA,GA SOUTH,Greater Accra,Retail
3270,PC/GR/WR/0491K,SIVON PHARMACY LTD,H/NO. 7 BORBORDZI STREET TULAKO ASHAIMAN,ASHIAMAN,Greater Accra,Wholesale/Retail
3271,PC/GR/R/0015G,SIX CEES PHARMACY,"HNO. B322/14, FEO-EYEO STR, KANESHIE ACCRA",AMA,Greater Accra,Retail
3272,PC/BA/WR/0151C,SIX STARS PHARMACY,"H/NO. NT 2, HIGH STREET, NEAR COCOBOD SUNYANI",SUNYANI,Brong Ahafo,Wholesale/Retail
3273,PC/BA/R/0205H,SIX STARS PHARMACY,"H/NO. D 2, OPP. SUNYANI WEST DISTRICT ASSEMBLY LOW
COST ODUMASE SUNYANI",SUNYANI WEST,Brong Ahafo,Retail
3274,PC/BA/R/0203H,SIX STARS PHARMACY,"H/NO. SEC 1, BLOCK A SSNIT NEW ROAD NKWABENG SOUTH
SUNYANI",SUNYANI,Brong Ahafo,Retail
3275,PC/BA/R/0273K,SIX STARS PHARMACY,PLOT 2 MAIN ROAD ALASKA JUNCTION ABESIM,SUNYANI,Brong Ahafo,Retail
3276,PC/GR/R/0373P,SK GLOBAL PHARMACY LTD,H/NO. CB 502 ESTHER OCLOO CLOSE - OYARIFA,ADENTAN,Greater Accra,Retail
3277,PC/BA/R/0164P,SKAD-D PHARMACY LTD,BW-0003-1378 RAWLINGS STREET BANDA LINE WENCHI,WENCHI,Brong Ahafo,Retail
3278,PC/BA/WR/0174P,SKAD-D PHARMACY LTD,"H/NO. 36A, BLOCK C SECTOR 3 MANHYIA WENCHI",WENCHI,Brong Ahafo,Wholesale/Retail
3279,PC/AS/R/0117J,SKANE PHARMACY LIMITED,STORE 1 & 2 - POLICE SUAME,KMA,Ashanti,Retail
3280,PC/GR/R/0087J,SKS PHARMACY,"H/NO. 20 ADJACENT DETRACO MAIN ENTRANCE -
DAWHWENYA",ADA WEST,Greater Accra,Retail
3281,PC/ER/R/0154J,SKYCARE PHARMACY LIMITED,AD/A14 MINNYINA JUNCTION ADAA KOFORIDUA,NEW-JUABENG,Eastern,Retail
3282,PC/GR/R/00109,SKYLINE PHARMACY,H/NO. A 947/3 GUGGISBERG AVENUE MAMPROBI ACCRA,AMA,Greater Accra,Retail
3283,PC/NR/R/00009,SLAVA PHARMACY,H/NO. CH EXTENSION 165 BOLGA ROAD TAMALE TAMALE,TAMALE,Northern,Retail
3284,PC/NR/R/0190F,SLAVA PHARMACY (KALPOHIN BR,"BLK. G, NO. 10, NR HEALTH INSU OFFICE, WATHERSTON RD, -
KALPOHIN",SAGNERIGU,Northern,Retail
3285,PC/AS/R/0654L,SLDF PHARMACY LTD,"PLOT 1, BLOCK E HIGH STREET - BAMPANASE",KWABERE EAST,Ashanti,Retail
3286,PC/GR/WR/0148G,SLICK PHARMACY,"H/NO. 105, AMASAMAN",GA WEST,Greater Accra,Wholesale/Retail
3287,PC/GR/R/0242P,SLIM AND FIT PHARMACY LTD,"GW-0634-1753, GA 89 MAJESTY ROAD - AMARMOLEY",GA WEST,Greater Accra,Retail
3288,PC/CR/W/00005,SLOXY PHARM,H/NO. CPK 3/1 NYANYANO ROAD - KASOA,AWUTU SENYA,Central,Wholesale
3289,PC/GR/R/0129F,SMART CARE PHARMACY LTD.,"PLOT NO. 55, SANTEO GLOBAL DOWN, NR. COMM 24 - TEMA
TEMA",TMA,Greater Accra,Retail
3290,PC/NR/R/0179J,SMART PHARMACY,H/NO 1 NYANKPALA NYANKPLALA NYANKPALA,TOLON,Northern,Retail
3291,PC/GR/R/0031N,SMINAC PHARMACY LTD,PLOT 209 J. E. A MILLS ROAD - OLD BORTIANOR,GA SOUTH,Greater Accra,Retail
3292,PC/CR/R/0095M,SMT PHARMA COMPANY LTD,"STORE 1 & 2, KASOA",AWUTU SENYA EAST,Central,Retail
3293,PC/GR/R/0050N,SNA PHARMA SERVICES LIMITED,H/NO. 291/2 JUVITA STREET - OYARIFA,ADENTAN,Greater Accra,Retail
3294,PC/GR/R/0241P,SNAK PHARMACY LTD,STORE 1 & 2 - NEAR TOLL BOOTH AYIMENSA,ADENTAN,Greater Accra,Retail
3295,PC/AS/R/00053,SNOWDOVE PHARMACY,"PLOT 2, BLOCK 11 DADIESOBAHENE STREET KNUST- KOTEI
KUMASI",KMA,Ashanti,Retail
3296,PC/GR/R/0058L,SNS PHARMACY LTD,"TESANO COMMERCIAL PLAZA ABEKA ROAD NEAR ZOOZOO
TEXANO",AMA,Greater Accra,Retail
3297,PC/GR/WR/0005C,SODINA PHARMACY,"PLOT NO. 2B/13, GOLF CITY - TEMA",TMA,Greater Accra,Wholesale/Retail
3298,PC/GR/R/0073N,SOGLI PHARMACY LTD,SESEMI - - ABOKOBI,GA EAST,Greater Accra,Retail
3299,PC/AS/R/0086N,SOLACE PHARMACY LTD,"PLOT 51, BLOCK X APPIAH-DONYINA ROAD - APPIADU",KMA,Ashanti,Retail
3300,PC/AS/R/0012H,SOLODAV PHARMACY LTD,PLOT 072 NSENIE STREET NSENIE STREET KENTIKRONO,KMA,Ashanti,Retail
3301,PC/GR/R/0056D,SOLUPHARMA LTD,"REV DAGADU STREET SOS INTERNAL SCHOOL, COMMUNITY 6
TEMA",TMA,Greater Accra,Retail
3302,PC/GR/W/0186C,SOLUTIONS PHARMACEUTICALS L,H/NO. E & j PLAZA KWAME NKRUMAH CIRCLE ACCRA,AMA,Greater Accra,Wholesale
3303,PC/GR/R/0098J,SONIJECK COMPANY LTD,GW-0016-3136 12 YIYIWA ROAD - SONITRA,GA WEST,Greater Accra,Retail
3304,PC/GR/R/0322P,SONO TECHNIQUES PHARMACY LT,GA-035-1281 RING ROAD EXTENSION - OSU,AMA,Greater Accra,Retail
3305,PC/AS/WR/00106,SOSAAB PHARMACY,"H/NO. NF 85 - KUMASI NEW EDUBIASE, KUMASI",ADANSI SOUTH,Ashanti,Wholesale/Retail
3306,PC/GR/R/0008G,SOTERIA-LIFE PHARMACY LTD.,"HNO. 5B, MALLAM KASOA RD, OLD BARRIER TRAFFIC LIGHT,
NEW WEIJA",GA SOUTH,Greater Accra,Retail
3307,PC/NR/R/0116M,SOUL PHARMACY LIMITED,UNN. HSE - OPPOSITE GAB SERVICE STATION SHISHEGU,SAGNERIGU,Northern,Retail
3308,PC/BA/R/0067G,SOY CHEMISTS LTD.,"H/NO. S.S. 204/2, P. K. DRUYE STR, DORMAA AHENKRO",DORMAA CENTRAL,Brong Ahafo,Retail
3309,PC/AS/R/0120L,SOZO PHARMACY,"PLOT 21, BLOCK K, MAIN STREET - BOKRO",KMA,Ashanti,Retail
3310,PC/GR/R/0185P,SPECTACULAR PHARMACY LTD,GE-006-6442 MARKET ROAD - ABOKOBI,GA EAST,Greater Accra,Retail
3311,PC/GR/R/0304J,SPECTRA PHARMACY,"H/NO. GN/0172/8985 PRAMPRAM ROAD PRAMPRAM
MIOTSO",ADA WEST,Greater Accra,Retail
3312,PC/VR/R/0247N,SPECTRA PHARMACY LTD,OS-00021-4797 MAIN STREET - NKWANTA,NKWANTA SOUTH,Volta,Retail
3313,PC/GR/R/0442K,SPEED PHARMACY,H/NO. 3482/7 RASTA TOAD - TESHIE,LEDZOKUKU-KROWOR,Greater Accra,Retail
3314,PC/GR/WR/0228E,SPEED PHARMACY,H/NO. J482/7 CACTUS STR. GBETSILE GBETSILE,ASHIAMAN,Greater Accra,Wholesale/Retail
3315,PC/GR/W/0223L,SPINTEX CHEMIST LTD,SHOP NO. 46-48 STATION ROAD OKAISHIE ACCRA,AMA,Greater Accra,Wholesale
3316,PC/NR/WR/0125M,SPRING PHARMACEUTICALS LTD,H/NO. D 104 - MARKET KUNTUNKURE,WEST GONJA,Northern,Wholesale/Retail
3317,PC/GR/R/0419K,SPRING TIME PHARMACY,"PLOT 056 - COMMUNITY 2 LAKESIDE ESTATE, ADENTA",ADENTAN,Greater Accra,Retail
3318,PC/GR/R/0323P,SPRING TIME PHARMACY LTD,H/NO. FQ 440 - PEACE VILLAGE OBEYEYIE,GA WEST,Greater Accra,Retail
3319,PC/AS/R/0109N,SPRINGVALLEY PHARMACY LTD,TAFO - ADOMPOM TAFO,KMA,Ashanti,Retail
3320,PC/GR/R/0333L,SR PHARMACY LIMITED,GD-057-7302 ANIMAL RESEARCH ASEIFIE ADENTA,ADENTAN,Greater Accra,Retail
3321,PC/ER/WR/0321J,SSS PHARMACY LTD,"H/NO. A/31 AMA ADUBEA STREET POST OFFICE SQUARE NEW-
AKRADE",ASUOGYAMAN,Eastern,Wholesale/Retail
3322,PC/AS/R/0653L,ST KEM PHARMACY,"H/NO. TE 157, TOASO",ATWIMA NWABIAGYA,Ashanti,Retail
3323,PC/GR/R/0005E,ST KEM PHARMACY,"H/NO. B 30/1, MALLAM ROAD ACCRA WEIJA",GA SOUTH,Greater Accra,Retail
3324,PC/VR/R/0255P,ST. ERIC PHARMACY LTD,"H/NO. AK 1173/167, VH-0088-3969 BATIK ROAD FIAVE HO",HO,Volta,Retail
3325,PC/AS/R/0119D,ST. GEORGINA PHARMACY,"PLOT 30 SHOP NO 30, LAKE RD, OPP. PACIFIC FUEL STN,
CHIRAPATRE",KMA,Ashanti,Retail
3326,PC/AS/R/0119D,ST. GEORGINA PHARMACY,"PLOT 30 SHOP NO 30, LAKE RD, OPP. PACIFIC FUEL STN,
CHIRAPATRE",KMA,Ashanti,Retail
3327,PC/GR/R/00111,ST. MICHAEL CHEMISTS,H/NO. W/A 12 - ACHIMOTA ACCRA,GA WEST,Greater Accra,Retail
3328,PC/GR/WR/00155,ST. STEPHENS PHARMACY,"H/NO.G261/3 ADJORKOR HSE, NEAR LA POLICE STATION, -
ACCRA",LA DEDE-KOTOPON,Greater Accra,Wholesale/Retail
3329,PC/GR/R/00429,STA CO. LTD (PHARMACY),H/NO. EA 13/16 - ADENTA ADENTA,ADENTAN,Greater Accra,Retail
3330,PC/GR/R/0393P,STABLE PLUS PHARMACY LTD,H/NO. 6 HUMPHERY NIIKOI STREET MARKET MADINA,ADENTAN,Greater Accra,Retail
3331,PC/NR/R/0359J,STADIUM PHARMACY LTD,BLK 41 ADJACENT STADIUM NYHOHINI TAMALE,TAMALE,Northern,Retail
3332,PC/AS/R/0367K,STAHMA PHARMACY LTD,"H/NO. 57, BLOCK A 48 ADOATO ADAMANU ROAD - BANTAMA",KMA,Ashanti,Retail
3333,PC/AS/WR/0024M,STAKABS PHARMACY LTD,PLOT 21 GYINASI ROAD - KOTEI,KMA,Ashanti,Wholesale/Retail
3334,PC/GR/WR/00204,STANDARD PHARMACY,H/NO. 523/18 - ABELENKPE ACCRA,AMA,Greater Accra,Wholesale/Retail
3335,PC/ER/WR/0112F,STANKAY PHARMACY,"H/NO. K7, ADOAGYIRI ROUNDABOUT, - - ADOAGYIRI",NSAWAM ADOAGYIRI,Eastern,Wholesale/Retail
3336,PC/GR/WR/0091H,STARAID CARE LTD,H/NO. 2 MANGO LANE HAATSO ACCRA,GA EAST,Greater Accra,Wholesale/Retail
3337,PC/BA/WR/0603L,STARLITE CHEMISTS LTD,H/NO. HJ-0001 - - NKWANTA-HWIDIEM,ASUTIFI SOUTH,Brong Ahafo,Wholesale/Retail
3338,PC/GR/R/0058H,STAYWELL PHARMACY LTD.,"H/NO. PLOT N 7451, ASHONGMAN MAIN STREET NEW
ASHONGMAN ASHONGMAN",GA EAST,Greater Accra,Retail
3339,PC/GR/R/00231,STE-NAFAR PHARMACY,"H/NO. 45/NB, C2 OFF AGGREY ROAD COMM. 2 TEMA",TMA,Greater Accra,Retail
3340,PC/WR/W/0207K,STEBURAH PHARMACY,H/NO. 5 BE-LIE STREET - BOGOSO,PRESTEA HUNI VALLEY,Western,Wholesale
3341,PC/ER/R/00013,STELLEX PHARMACY,"H/NO. NJ.66, NKAWKAW",KWAHU WEST,Eastern,Retail
3342,PC/AS/WR/0142B,STELLEX PHARMACY,H/NO. NT 10 - AGOGO JUNCTION KONONGO,ASANTE AKIM NORTH,Ashanti,Wholesale/Retail
3343,PC/GR/R/0117H,STENDS PHARMACY,"H/NO. OT/A/03, AMAATEI OKA KINK OLEBU ABLEKUMA",GA SOUTH,Greater Accra,Retail
3344,PC/GR/WR/00315,STEREDA PHARMACEUTICALS,H/NO. ANT. 7/2 - APRAKU NEWTOWN ACCRA,GA SOUTH,Greater Accra,Wholesale/Retail
3345,PC/GR/R/0230J,STEREDA PHARMACEUTICALS,H/NO. 98 INDEPENDENCE AVENUE AFRIKIKO ACCRA,GA EAST,Greater Accra,Retail
3346,PC/CR/WR/0144H,STEREDA PHARMACEUTICALS LTD,"H/NO. PLOT NO. 39/41 NYANYANO ROAD KASOA KAKRABA
KASOA KAKRABA",AWUTU SENYA,Central,Wholesale/Retail
3347,PC/GR/R/0017F,STERLING PHARMACEUTICALS LTD,"UNN.HSE., OPP.CHINA BISCUIT FACTORY, POKUASE",GA WEST,Greater Accra,Retail
3348,PC/GR/R/0229J,STEVE MENS PHARMACY,"PLOT 89, BLOCK 171 BOBIKOPE ROAD SAPEIMAN AMASAMAN",GA WEST,Greater Accra,Retail
3349,PC/AS/R/00228,STEWARDS PHARMACY,PLOT NO. 10 BLOCK E MAIN STREET EDWINASI KUMASI,KMA,Ashanti,Retail
3350,PC/GR/WR/0043A,STIPPS PHARMACY,LAME DWAAH WASHING BAY null SSNITS FLATS ADENTA,ADENTAN,Greater Accra,Wholesale/Retail
3351,PC/GR/R/0406K,STIPPS PHARMACY,065-C3 TRIPPLE ROAD POLICEMAN RESIDENCE NEW LEGON,ADENTAN,Greater Accra,Retail
3352,PC/VR/R/0251P,STRAMARK PHARMACY LTD,VI-0447-3975 MANGO STREET - KPEDZE,HO WEST,Volta,Retail
3353,PC/VR/R/0120K,STRAMARK PHARMACY LTD,H/NO. 004 - LAWNIA MIRAGE HO,HO,Volta,Retail
3354,PC/GR/R/00399,STREAMLINE PHARMACY,NEAR MAY FLOWER SERVICES COMMUNITY 10 TEMA,TMA,Greater Accra,Retail
3355,PC/GR/R/00274,STRIPES PHARMACY LTD.,H/NO. B48/13 - SUKURA ACCRA,AMA,Greater Accra,Retail
3356,PC/GR/R/00548,STRONG PHARMACY LIMITED,"H/NO. C 48/28, FREETORN AVENUE, BAWALESHIE ACCRA",AMA,Greater Accra,Retail
3357,PC/GR/R/0400L,SUCCES KEY PHARMACY LTD,"H/NO. B684/21 KWASHIE BEZROT STREET 1ST ABEKA
EXTENSION ABEKA",AMA,Greater Accra,Retail
3358,PC/ER/R/0070E,SUHUM PROVIDENCE PHARMACY,"H/NO. B141, SUHUM STATION ROAD KOFORIDUA SUHUM",SUHUM,Eastern,Retail
3359,PC/ER/W/0069E,SUHUM PROVIDENCE PHARMACY,H/NO. AYE/AI - VOLTA HOUSE SUHUM,SUHUM,Eastern,Wholesale
3360,PC/ER/R/0046F,SUHUM PROVIDENCE PHARMACY,H/NO. 134 INDEPENDENCE HIGH STR. - AYEKOTSE-SUHUM,SUHUM,Eastern,Retail
3361,PC/GR/R/00113,SUKE PHARMACY,"H/NO. B 656/2 - EDOUALA MOHDLANA LATERBIOKOSHIE
ODORKOR",AMA,Greater Accra,Retail
3362,PC/AS/WR/0196K,SUNBRIEL PHARMACY LTD,H/NO. A66 AGOGO ROAD - BODOMASI,ASANTE AKIM NORTH,Ashanti,Wholesale/Retail
3363,PC/NR/R/0359L,SUNG ROYAL PHARMACY LIMITED,"H/NO. COO 2, BLOCK 3 TECHIMAN ROAD DUNGU TAMALE",SAGNERIGU,Northern,Retail
3364,PC/WR/WR/0333J,SUNKWAPHARM,"H/NO. AK/B 112 DWENEASE HIGH STREET OLD TOWN WASSA
AKROPONG",WASSA EAST,Western,Wholesale/Retail
3365,PC/GR/R/0117F,SUNNYSIDE PHARMACY,"BLOCK 4, ASHALEY BOTWE NMAI DJOR ASHALEY-BOTWE",ADENTAN,Greater Accra,Retail
3366,PC/GR/R/0182P,SUNSET PHARMACY LTD,"GW-0116-7693, CA 303 EGYPT STREET - FISE",GA WEST,Greater Accra,Retail
3367,PC/GR/R/00147,SUNVIEW CHEMIST LTD.,"H/NO. 15 KPAKPO DANSO STREET DANSOMAN, MAMPOASE
ACCRA",AMA,Greater Accra,Retail
3368,PC/GR/R/00147,SUNVIEW CHEMIST LTD.,"H/NO. 15 KPAKPO DANSO STREET DANSOMAN, MAMPOASE
ACCRA",AMA,Greater Accra,Retail
3369,PC/BA/WR/0096D,SUNYANI PHARMACY LTD.,"PLOT 39, BLK. B, MAGAZINE STREET, SUNYANI",SUNYANI,Brong Ahafo,Wholesale/Retail
3370,PC/AS/R/00043,SUPERDRUG HOUSE,H/NO. 236 PREMPEH II STREET KUMASI KUMASI,KMA,Ashanti,Retail
3371,PC/NR/R/00001,SUPERLITE PHARMACY,H/NO. HC3 POST OFFICE STREET - TAMALE,TAMALE,Northern,Retail
3372,PC/GR/IW/00148,SUPRA PHARMA LTD.,aHle/NO. 6 NII BONIE LOOP DZORWULU ACCRA,AMA,Greater Accra,Importing Wholesale
3373,PC/AS/W/0069A,SUPRA PHARMA LTD. (K'SI BRANC,"H/NO. 139, PLT. 27 OPP. PALMER CLINIC DANYAME KUMASI",KMA,Ashanti,Wholesale
3374,PC/AS/W/0069A,SUPRA PHARMA LTD. (K'SI BRANC,"H/NO. 139, PLT. 27 OPP. PALMER CLINIC DANYAME KUMASI",KMA,Ashanti,Wholesale
3375,PC/GR/R/0208C,SUPREME BOX PHARMACY LTD,"H/NO. 48 MAIN ROAD, 1ST JUNCTION , ASHONGMAN",GA EAST,Greater Accra,Retail
3376,PC/AS/R/0582L,SURE SAVE PHARMACY,"PLOT 5, BLOCK D - THE BLOOD ABUAKWA MAAKRO",ATWIMA NWABIAGYA,Ashanti,Retail
3377,PC/GR/W/00158,SURGECARE & PHARMA LTD.,H/NO. B-2 BLOHUM STREET DZORWULU ACCRA,AMA,Greater Accra,Wholesale
3378,PC/GR/WR/0183E,SWANLAKE PHARMACY,"H/NO. TA 200, SDA CHURCH STR. TAIFA TAIFA-ACCRA",GA EAST,Greater Accra,Wholesale/Retail
3379,PC/AS/R/0140J,SWEET ALONE PHARMACY,"PLOT 20, BLOCK B - - SEYIEMO BUOHU",AFIGYA-KWABRE,Ashanti,Retail
3380,PC/GR/R/0205M,SWIFTMEDCARE PHARMACY,H/NO. 2 - DOWN TOWN OLD ASHONGMAN,GA EAST,Greater Accra,Retail
3381,PC/CR/R/0077P,T. Q. CHEMISTS LTD,"H/NO. 2, WINNEBA",EFFUTU,Central,Retail
3382,PC/GR/R/0528L,TABSMART PHARMACY LTD,"PLOT 302, SECTOR A NII LARYEA FAAMILE STREET BLUE GATE
GBAWE NORTH",GA SOUTH,Greater Accra,Retail
3383,PC/AS/R/00255,TAGVEE HEALTH SERVICES LTD,HNO. 6 BLK N2 SABON ZONGO ASOKORE MAMPONG KUMASI,KMA,Ashanti,Retail
3384,PC/GR/W/0608H,TAJ DEAROB PHARMACEUTICALS L,"H/NO. AW/086, DROMO HSE. ADENTA-ABURI HIGHWAY, 1ST
FLOOR ADENTA",ADENTAN,Greater Accra,Wholesale
3385,PC/GR/R/0077J,TAJ DEAROB PHARMACY LIMITED,"H/NO. AW 086, DROMO HOUSE ABURI HIGHWAY - ADENTA",ADENTAN,Greater Accra,Retail
3386,PC/GR/R/0183P,TALII PHARMACY LTD,GC-117-8163 ATABENE STREET - AWOSHIE,GA CENTRAL,Greater Accra,Retail
3387,PC/AS/R/0361K,TALONS PHARMACY,"PLOT 1, BLOCK A ADUMASA ROAD - BROFOYEDRU",ATWIMA KWANWOMA,Ashanti,Retail
3388,PC/GR/R/00761,TAP PHARMACY,H/NO. 13 AVENUE A AGBOGBA WASHING BAY ACCRA,AMA,Greater Accra,Retail
3389,PC/WR/R/0009M,TARAPH PHARMACY,H/NO. HVO7 - TWENDA HUNI VALLEY,PRESTEA HUNI VALLEY,Western,Retail
3390,PC/GR/WR/0141M,TARGET PHARMACY LIMITED,GM-186-0765 ABURI ROAD GHANA FLAG OYARIFA,ADENTAN,Greater Accra,Wholesale/Retail
3391,PC/AS/R/0557L,TE-DEUM PHARMACY LTD,"PLOT 75, BLOCK A ROYAL DRIVE - AKIUSU JUNCTION",KMA,Ashanti,Retail
3392,PC/GR/R/00354,TELAD PHARMACY,PLOT NO. AS/341 - ASHALLEY-BOTWE OLD TOWN ACCRA,ADENTAN,Greater Accra,Retail
3393,PC/GR/W/00210,TELAD PHARMACY LTD.,NEW TOWN ASHALLEYV BOTWE,ADENTAN,Greater Accra,Wholesale
3394,PC/GR/W/0172M,"TEN Q PHARMACEUTICALS, LTD",H/NO. 116 NAA PLAZA OKAISHIE ACCRA,AMA,Greater Accra,Wholesale
3395,PC/GR/R/0350L,TENMAA TRINITY PHARMACY LTD,H/NO. G281/2 - SUN CITY DZATWI,LA NKWANTANANG-MADINA,Greater Accra,Retail
3396,PC/GR/WR/0219L,THE CHELLGLEN PHARMACY LIMIT,H/NO. B372/11 NII ARMAH STREET - ODORKOR,GA SOUTH,Greater Accra,Retail
3397,PC/VR/R/0234P,THE FIRST FAMILY PHARMACY,VH-0203-5044 KPETOE HIGHWAY GODOKPUI HO,HO,Volta,Wholesale
3398,PC/ER/R/0053G,THE GOOD SHEPHERD PHARMACY,"H/NO. KW/A 164A, KOFORIDUA-ADAWSO RD, MILE 50 JXN,
ADWESO KOFORIDUA",AKWAPIM NORTH,Eastern,Retail
3399,PC/GR/R/00799,THE MALL PHARMACY,"SHOP 25-27, SPINTEX ROAD ACCRA MALL, EAST AIRPORT
ACCRA",AMA,Greater Accra,Retail
3400,PC/GR/R/0107E,THE MALL PHARMACY,"SHOP 107, WEST HILLS MALL MALLAM-CAPE COAST HIGH
STR. ACCRA WEIJA",GA SOUTH,Greater Accra,Retail
3401,PC/GR/R/0097F,THE MALL PHARMACY,C/NR BEACH ROAD SPINTEX NUNGUA,LEDZOKUKU-KROWOR,Greater Accra,Retail
3402,PC/GR/R/0012G,THE MALL PHARMACY,"SHOP NO. M5, A & C MALL 114, JUNGLE ROAD, LEGON ACCRA",AMA,Greater Accra,Retail
3403,PC/GR/R/00334,THE MEDIPOINT PHARMACY,ACHIMOTA SCHOOL ROAD ACHIMOTA ACCRA,AMA,Greater Accra,Retail
3404,PC/GR/R/00427,THE MEDIPOINT PHARMACY,H/NO. F 106/5 NORTH LABONE AVENUE LABONE ACCRA,LEDZOKUKU-KROWOR,Greater Accra,Retail
3405,PC/GR/R/0217N,THE PHARMALOFT PHARMACY,H/NO. 306 KING TACKIE TAWIAH AVENUE MILE 7 ACHIMOTA,GA WEST,Greater Accra,Retail
3406,PC/GR/R/00852,THE PILLBOX PHARMACY LTD.,"H/NO. 153/3/60, ZONGO ROAD, MADINA",LA NKWANTANANG-MADINA,Greater Accra,Retail
3407,PC/AS/WR/0144J,THE TRUTH PHARMACY LIMITED,"PLOT 81, BLOCK A - NEAR HEALTH CENTRE AHENKRO",AFIGYA-KWABRE,Ashanti,Wholesale/Retail
3408,PC/GR/R/0254J,THE VILLAGE PHARMACY,"UNN.HSE, NSAKINA ROAD NSAKINA ROAD PEACE VILLAGE
NSAKINA",GA WEST,Greater Accra,Retail
3409,PC/AS/R/0576L,THE WAY PHARMACY,H/NO. K18 - SOUTH SUNTRESO KUMASI,KMA,Ashanti,Retail
3410,PC/WR/R/0115P,THEO AND JUDE PHARMACY LTD,STORE 1 AHENE STREET AHENEBOBOANO JAPA,AMENFI EAST,Western,Retail
3411,PC/GR/R/0044A,THEONIC PHARMACY,PLOT NO. 4 - AFARIWA JUNCTION TEMA,TMA,Greater Accra,Retail
3412,PC/GR/R/0260K,THINK HEALTH PHARMACY LIMITE,H/NO. 011 - BARRIER ADENTA,ADENTAN,Greater Accra,Retail
3413,PC/GR/R/00339,THIRD GATE PHARMACY,"UNN. SHOP 3RD GATE JUNCTION WEST ASHALLEY BOTWE
ACCRA",ADENTAN,Greater Accra,Retail
3414,PC/GR/R/00339,THIRD GATE PHARMACY,"UNN. SHOP 3RD GATE JUNCTION WEST ASHALLEY BOTWE
ACCRA",ADENTAN,Greater Accra,Retail
3415,PC/UWR/WR/0562K,THOUSAND PHARMACY,H/NO. Z157 - ZONGO LANE WA,WA,Upper West,Wholesale/Retail
3416,PC/AS/R/0185M,THREE BROTHERS PHARMACY,"PLOT 1, BLOCK D, ASENSUA",KWABERE EAST,Ashanti,Retail
3417,PC/UWR/R/0194M,THYWILL PHARMACY LTD,"H/NO. 147, BLOCK A - KPAGURI RESIDENTIAL AREA WA",WA,Upper West,Retail
3418,PC/UER/WR/0565K,TILADO PHARMACY,H/NO. C 65 MOGNORI ROAD AZANGA BAWKU,BAWKU,Upper East,Wholesale/Retail
3419,PC/AS/R/00194,TIMAY CHEMISTS LIMITED,H/NO. 1B TUC ESATES KUMASI,KMA,Ashanti,Retail
3420,PC/AS/R/0116J,TIME-CURVE PHARMACY LIMITED,"PLOT 61, BLOCK 4A POKUAA HOTEL ROAD NEW SITE
AFRANCHO-BRONKONG",AFIGYA-KWABRE,Ashanti,Retail
3421,PC/BA/WR/0188E,TIMELESS PHARMACY LTD.,H/NO. C 46 TECHIMAN ROAD SUNYANI ASABIA CHIRAA,SUNYANI WEST,Brong Ahafo,Wholesale/Retail
3422,PC/AS/R/00191,TIMETEC PHARMACY LTD,H/NO. AF6 AFRANCHO - AFRANCHO,AFIGYA-KWABRE,Ashanti,Retail
3423,PC/GR/R/0014M,TINACARE PHARMACY LTD,BENAB SERVICE STATION KETAPOR ROAD FAASE POKUASE,GA WEST,Greater Accra,Retail
3424,PC/AS/WR/00085,TITAN CHEMIST LIMITED,H/NO. TS.11 - TUNSUOM BEKWAI-ASHANTI,BEKWAI,Ashanti,Wholesale/Retail
3425,PC/CR/R/0199N,TLC PHARMACY LTD,"H/NO. PM 410, CAPE COAST",CAPE COAST,Central,Retail
3426,PC/NR/W/00010,TOBINCO PHARMACEUTICALS,H/NO. 205 - KUKUO TAMALE,TAMALE,Northern,Wholesale
3427,PC/BA/W/0282K,TOBINCO PHARMACEUTICALS (TE,H/NO. D/2 305 DWOMOR STREET DWOMOR TECHIMAN,TECHIMAN,Brong Ahafo,Wholesale
3428,PC/ER/W/0180N,TOBINCO PHARMACEUTICALS LIM,H/NO. C 91 HIGH STREET JAMES TOWN ASAMANKESE,WEST AKIM,Eastern,Wholesale
3429,PC/ER/MW/0083P,TOBINCO PHARMACEUTICALS LIM,oHl/eNsaOl.e 01/B11 - OGUAA KOFORIDUA,NEW-JUABENG,Eastern,Manufacturing Wholesale
3430,PC/GR/W/00212,TOBINCO PHARMACEUTICALS LTD,H/NO. CO 1400 NEAR PREMPEH ROAD KOTOBABI ACCRA,AMA,Greater Accra,Wholesale
3431,PC/AS/W/00071,TOBINCO PHARMACY,"PLOT NO. 10, BLOCK VIIIA - ASAFO, DADIESOABA KUMASI",KMA,Ashanti,Wholesale
3432,PC/GR/R/00245,TOBINCO PHARMACY,"OPPOSITE KOTOBABI NIGHT MARKET - KOTOBABI DOWN
ACCRA",AMA,Greater Accra,Retail
3433,PC/VR/W/0140C,TOBINCO PHARMACY,H/NO. 3 ALUYE LINK MAWULI ESTATE HO,HO,Volta,Wholesale
3434,PC/GR/R/00245,TOBINCO PHARMACY,"OPPOSITE KOTOBABI NIGHT MARKET - KOTOBABI DOWN
ACCRA",AMA,Greater Accra,Retail
3435,PC/WR/W/0090G,TOBINCO PHARMACY,"H/NO. 3215, OPP. MELCOM, MKT CIRCLE, OLD JOHN SABBAH
RD, TAKORADI",SEKONDI-TAKORADI,Western,Wholesale
3436,PC/GR/W/00151,TOBINCO PHARMACY LTD.,H/NO. D499/3 KNUSFORD AVENUE ACCRA ACCRA,AMA,Greater Accra,Wholesale
3437,PC/GR/W/0123G,TOBINCO PHARMACY LTD.,"H/NO. 8918/17, DR. BUSIA HIGH STREET, - ODORKOR",AMA,Greater Accra,Wholesale
3438,PC/WR/R/0366H,TOFFEY PHARMACY,H/NO. OPPOSITE EKWEI HOSPITAL,ELLEMBELLE,Western,Retail
3439,PC/GR/WR/0195E,TOFFEY PHARMACY LIMITED,"H/NO. 701,TAIFA-ACCRA",GA EAST,Greater Accra,Wholesale/Retail
3440,PC/GR/R/0103H,TOHABA PHARMACEUTICALS LTD,"MANET COURT OKPOI GONNO STREET EAST GATE OKPOI
GONNO",TMA,Greater Accra,Retail
3441,PC/BA/R/0063G,TOHABA PHARMACEUTICALS LTD.,"H/NO. SECTOR 1, PLOT NO. TA, BUSIA ROAD, KOKOASE
WENCHI",WENCHI,Brong Ahafo,Retail
3442,PC/WR/R/0228M,TOMJOY PHARMACY,"STORE NO. 38/WA HOSPITAL ROAD OLD KUMASI STATION
WASSA AKROPONG",WASSA EAST,Western,Retail
3443,PC/WR/WR/0190L,TONYA PHARMACY,H/NO. 49 - BOBOOBO TARKWA,TARKWA-NSUAEM,Western,Wholesale/Retail
3444,PC/WR/R/0192M,TONYA PHARMACY,WT-0154-7875 - TAMSO TARKWA,TARKWA-NSUAEM,Western,Retail
3445,PC/WR/WR/0376H,TONYA PHARMACY,H/NO. 18/23 BOGOSO ROAD AKOON TARKWA,TARKWA-NSUAEM,Western,Wholesale/Retail
3446,PC/AS/R/00089,TONYFAUST PHARMACY LIMITED,"H/NO. PLOT 5 BLOCK 6 OPPOSITE ELF FILLING STATION NEW
AMAKOM KUMASI",KMA,Ashanti,Retail
3447,PC/ER/WR/00029,TONYKAY PHARMACY LTD.,H/NO. A67 - KOFORIDUA SUHUM,SUHUM,Eastern,Wholesale/Retail
3448,PC/WR/WR/0337J,TONYLIN PHARMACY,H/NO. 20 C KWABINA BINEY STREET ANAJI ANAJI,SEKONDI-TAKORADI,Western,Wholesale/Retail
3449,PC/VR/WR/0191M,TOP IN TOWN PHARMACY,H/NO. DZ 249 MAIN ROAD ZONGO DAMBAI,KRACHI EAST,Volta,Wholesale/Retail
3450,PC/GR/R/0452L,TOP IN TOWN PHARMACY LTD,PLOT 50 - KOTOBABI NO. 2 SPINTEX,TMA,Greater Accra,Retail
3451,PC/GR/R/0056P,TOP IN TOWN PHARMACY LTD,"UNN. HSE, LASHIBI",TMA,Greater Accra,Retail
3452,PC/GR/R/00710,TOP PILL PHARMACY,"H/NO. AF 23, MICHEL STR, COMMUNITY 8, TEMA",TMA,Greater Accra,Retail
3453,PC/GR/R/0205G,TOP PILL PHARMACY LTD,"H/NO. A1/111, SITE 3 - COMMUNITY 1 TEMA",TMA,Greater Accra,Retail
3454,PC/GR/R/00844,TOP PILL PHARMACY LTD.,"HSE. NO. 4, N2/C2 COMMUNITY 2 TEMA",TMA,Greater Accra,Retail
3455,PC/CR/R/0473L,TOP TIER PHARMACY LTD,H/NO. EE 25/4 - - AGONA SWEDRU,AGONA WEST,Central,Retail
3456,PC/AS/R/00020,TOP UP PHARMACY LTD,H/NO. 6 MARKET BANTAMA KUMASI,KMA,Ashanti,Retail
3457,PC/CR/R/0542K,TOP UP PHARMACY LTD,BAWJIASE ROAD - - KASOA,AWUTU SENYA EAST,Central,Retail
3458,PC/VR/WR/0457L,TOP UP PHARMACY LTD,VH 0080-4674 ATTAMUS STREET - AWAJI DOME,HO,Volta,Wholesale/Retail
3459,PC/GR/R/0132P,TOP UP PHARMACY LTD,"H/NO. SV 341 HIGHWAY HELLELUYA STORES COASTAL ESTATE
AKOSOMBO",ASUOGYAMAN,Eastern,Retail
3460,PC/GR/R/00921,TOP UP PHARMACY LTD.,"H/NO. 247/N3, SALIFU DAGARTY RD, COMM. 2, TEMA",TMA,Greater Accra,Retail
3461,PC/GR/R/00921,TOP UP PHARMACY LTD.,"H/NO. 247/N3, SALIFU DAGARTY RD, COMM. 2, TEMA",TMA,Greater Accra,Retail
3462,PC/GR/R/0156M,TOP-UP PHARMACY LTD,H/NO. 64 MAJOR MAHAMA ROAD AIRPORT HILLS ACCRA,LA DEDE-KOTOPON,Greater Accra,Retail
3463,PC/GR/R/0227N,TOP-UP PHARMACY LTD,"GA-117-2779 VOLTA ROAD NORTH AIRPORT REDIDENTIAL
ACCRA",AMA,Greater Accra,Retail
3464,PC/GR/R/0104K,TOP-UP PHARMACY LTD,H/NO. 17 BOUNDARY ROAD EAST LEGON ACCRA,AMA,Greater Accra,Retail
3465,PC/GR/R/00567,TOP-UP PHARMACY LTD.,H/NO. C13 TACKIE TAWIAH STREET COMMUNITY 4 TEMA,TMA,Greater Accra,Retail
3466,PC/GR/R/0370L,TOP-UP PHARMACY LTD.,YMCA REGIONAL OFFICE CASTLE ROAD ADABRAKA ACCRA,AMA,Greater Accra,Retail
3467,PC/GR/R/0371L,TOP-UP PHARMACY LTD.,H/NO. 1 - COMMUNITY 19 TEMA,TMA,Greater Accra,Retail
3468,PC/GR/W/0081C,TOP-UP PHARMACY LTD.,PLOT 9 HOSPITAL ROAD COMMUNITY 11 TEMA,TMA,Greater Accra,Wholesale
3469,PC/GR/R/0116G,TOP-UP PHARMACY LTD.,"H/NO. F793/2, OSU RE, OXFORD ST, OSU OSU",AMA,Greater Accra,Retail
3470,PC/GR/R/0118G,TOP-UP PHARMACY LTD.,"H/NO. V2, COMM. 9, HOSPITAL RD, NR BETHEL HOSPITAL,
TEMA TEMA",TMA,Greater Accra,Retail
3471,PC/GR/R/0115E,TOPAZ PHARMACY,"PLOT 117, - REDCO FLAT, MADINA",ADENTAN,Greater Accra,Retail
3472,PC/ER/WR/0628H,TOPMED PHARMACY,H/NO. DB 65 Drobo OPPOSITE CHIEF PALACE DROBO,NSAWAM ADOAGYIRI,Eastern,Wholesale/Retail
3473,PC/GR/R/0387H,TOPMED PHARMACY,"MEDIE KOTOKU MAIN ROAD FINEST FILING STATION MEDIE
MEDIE",GA SOUTH,Greater Accra,Retail
3474,PC/GR/R/0184P,TOPMED PHARMACY LTD,H/NO.. 145 A OBODAI AVENUE MILE 7 NEW ACHIMOTA,GA WEST,Greater Accra,Retail
3475,PC/GR/W/0189N,TOSH PHARMACEUTICALS LTD,UNN. HSE - NYABEMA POBIMAN,GA WEST,Greater Accra,Wholesale
3476,PC/CR/R/0446L,TQ CHEMISTS LIMITED,"H/NO. 226/8 MUNICIPAL HOSPITAL ROAD WORABA ESTATE
AGONA SWEDRU",AGONA WEST,Central,Retail
3477,PC/AS/R/0090E,TRACARE PHARMACY LTD.,"PLOT 17, BLOCK B , - KRONUM ABOUHIA",KMA,Ashanti,Retail
3478,PC/AS/R/00269,TRACMAR PHARMACY,"PLOT 1, BLOCK 14 - ANWOMASO KUMASI",KMA,Ashanti,Retail
3479,PC/AS/W/00030,TRADE WINDS CHEMIST LTD.,"H/NO. 01 CEDER CRESCENT OPPOSITE PARKS & GARDENS
KUMASI",KMA,Ashanti,Wholesale
3480,PC/VR/WR/0627H,TRAFALGAR GATE PHARMACY,"H/N. BE.11/143, OPP. MAIN LORRY STATION, Trafalgar HO",HO,Volta,Wholesale/Retail
3481,PC/VR/WR/0627H,TRAFALGAR GATE PHARMACY,"H/N. BE.11/143, OPP. MAIN LORRY STATION, Trafalgar HO",HO,Volta,Wholesale/Retail
3482,PC/GR/WR/0100F,TREASURE IMAGE PHARMACY,H/NO. 2 FULANI JUNCTION TUBA ACCRA,GA SOUTH,Greater Accra,Wholesale/Retail
3483,PC/CR/R/0066P,TREASURE PHARMACY LTD,"H/NO. 64 ALELUYA STREET ADAMU JUNCTION MILLENIUM
CITY",GOMOA EAST,Central,Retail
3484,PC/AS/R/00298,TREKANET PHARMACY,PLOT 65 CA ANOMANGYE KUMASI,KMA,Ashanti,Retail
3485,PC/GR/WR/00166,TREVIPHARM LTD.,H/NO. C16/7 NSAWAM ROAD KPEHE ACCRA,AMA,Greater Accra,Wholesale/Retail
3486,PC/GR/WR/00255,TRICON P'CEUTICALS LTD.,H/NO.1 TUDU CRESCENT TUDU ACCRA,AMA,Greater Accra,Wholesale/Retail
3487,PC/GR/W/0020A,TRIDEM PHARMA GHANA LTD.,H/NO. 66 C NII BONNIE CRESCENT DZORWULU ACCRA,AMA,Greater Accra,Wholesale
3488,PC/CR/R/00017,TRINITY PHARMACY,H/NO. 88 NYANYANO ROAD KASOA KASOA,AWUTU SENYA,Central,Retail
3489,PC/GR/WR/0135M,TRIPLE-E IMPEX PHARMACY,GW-0724-8045 - MAMA AFRICA ABLEKUMA-MANHEAN,GA CENTRAL,Greater Accra,Wholesale/Retail
3490,PC/GR/R/0080B,TRIPPLE 'B' PHARMACY LTD.,"H/NO. A 450/16 - DANSOMAN, DAMBA ACCRA",AMA,Greater Accra,Retail
3491,PC/GR/R/0400K,TRIPPLE J LIFE PHARMACY,GS-0423-4947 BEACH DRIVE TUBA WEIJA,GA SOUTH,Greater Accra,Retail
3492,PC/GR/WR/0078E,TRISTAR PHARMACEUTICALS,"H/NO. SE3, 138A, SEGE",ADA EAST,Greater Accra,Wholesale/Retail
3493,PC/GR/R/0164B,TRIVE PHARMACY,"H/NO. ANT BOO3, ASIKO STREET CHANTAN ACHIMOTA",AMA,Greater Accra,Retail
3494,PC/AS/R/0302K,TROIKA PHARMACY LTD,"PLOT 6, BLOCK C DBS ROOFING STREET ADIEBEBA NHYIAESO",KMA,Ashanti,Retail
3495,PC/AS/R/00056,TROPICAL CHEMISTS LTD.,H/NO. IB. BLOCK 27 MILE 4 BUS STOP OLD TAFO KUMASI,KMA,Ashanti,Retail
3496,PC/NR/R/0116C,TRUST CARE PHARMACY LTD.,"H/NO. 4220 A, EXT 46, MAIN ROAD, SAKASAKA TAMALE",TAMALE,Northern,Retail
3497,PC/WR/WR/0184J,TRUSTLINK PHARMACY LIMITED,"H/NO 14/16 PENTECOST CHURCH ROAD NEW ATUABO
TARKWA",TARKWA-NSUAEM,Western,Wholesale/Retail
3498,PC/VR/WR/00015,TRUTH PHARMACEUTICALS CO.LT,H/NO. KASA 176 ASAFO ROAD KADJEBI LORRY STATION,KADJEBI,Volta,Retail
3499,PC/GR/IW/0455P,TRUWORTH PHARMACEUTICALS L,"B23/1 ASHALLEY BOTWE- NMAI DZORN ROAD 3RD GATE
aAleSHALEY BOTWE",ADENTAN,Greater Accra,Wholesale
3500,PC/ER/R/0439K,TT PHARMACY LTD,H/NO. B 26 MANYE LAWE ROAD ZONGO LANE ASESEWA,UPPER MANYA KROBO,Eastern,Retail
3501,PC/GR/WR/00185,TUDU PHARMACY,H/NO. E72/2 KOJO THOMPSON ROAD - ACCRA,AMA,Greater Accra,Wholesale/Retail
3502,PC/AS/R/0146N,TUMIWURA PHARMACY LTD,PLOT 84 - ABIDJANKWANTA NEW KOKOBRIKO,BOSOMTWE,Ashanti,Retail
3503,PC/AS/W/00063,TVS LIMITED,H/NO. 15 BOMSO ROAD BOMSO KUMASI,KMA,Ashanti,Wholesale
3504,PC/CR/WR/0161H,TWIFU PRASO PHARMACY LTD.,"H/NO. PPA/15/5 NEAR DISTRICT HOSPITAL
ASIKAFOAMBATEM TWIFO PRASO",TWIFO HEMANG LOWER DENK,YCIeRnAtral,Wholesale/Retail
3505,PC/GR/R/00089,TWINS IMAGE PHARMACY LTD.,H/NO. C5/11 NEW TOWN ROAD - ACCRA,AMA,Greater Accra,Retail
3506,PC/AS/R/0453K,TWO-F PHARMACY,"PLOT 1, BLOCK AA - JEFF K JUNCTION APEMSO",KMA,Ashanti,Retail
3507,PC/GR/R/0410H,TWO-STARS PHARMACY,"STORES ZENU-KATAMANSO MAIN ROAD KPONE-KATAMANSO
NEW-YORK",KPONE KATAMANSO,Greater Accra,Retail
3508,PC/NR/WR/0038C,U.B PHARMA GHANA LTD.,GAB ENERGY DAKPEMA ROAD OLD BARRACKS TAMALE,TAMALE,Northern,Wholesale/Retail
3509,PC/AS/R/0329H,UB PHARMA LTD,"PLOT NO. 2 PAKOSO -SOS ROAD LAST STOP ASOKORE
MAMPONG",ASOKORE MAMPONG,Ashanti,Retail
3510,PC/AS/R/0342J,ULTIMATE CARE PHARMACY LTD,"H/NO. PLT 6, BLK 9 EMENA-BOADI ROAD EMENA EMENA",KMA,Ashanti,Retail
3511,PC/AS/R/0121E,ULTIMED PHARMACY LTD.,"H/NO. KO 2, KWABRAFOSU",OBUASI,Ashanti,Retail
3512,PC/AS/WR/00110,UNIC CARE CHEMIST,"H/NO. A33, WEST PATASI KUMASI",KMA,Ashanti,Wholesale/Retail
3513,PC/GR/W/0151K,UNIC CARE CHEMIST (ACCRA BRA,LORRY STATION POKUASE,GA WEST,Greater Accra,Wholesale
3514,PC/AS/W/00052,UNICHEM (GHANA) LTD.,"H/NO. OTB 219, LIBERTY HOUSE - ADUM KUMASI",KMA,Ashanti,Wholesale
3515,PC/GR/W/00039,UNICHEM GH. LTD,H/NO. 17 DADEBAN ROAD NORTH INDUSTIAL AREA ACCRA,AMA,Greater Accra,Wholesale
3516,PC/NR/W/0022N,UNICHEM GHANA LIMITED,"H/NO. SF 60 MALLET STREET ADJACENT HARBOUR, VITTIN
TAMALE",TAMALE,Northern,Wholesale
3517,PC/WR/W/0206G,UNICHEM GHANA LTD,H/NO. 18/9 TAKORADI,SEKONDI-TAKORADI,Western,Wholesale
3518,PC/GR/W/0170B,UNICOM CHEMIST,"H/NO. F 15, 10 LANE, OLD PANTANG ROAD OSU RE ACCRA",AMA,Greater Accra,Wholesale
3519,PC/GR/WR/00156,UNICOM CHEMIST LTD,"H/NO. A 928/1 53 GUGGISBERG AVENUE KORLE-GONNO
ACCRA",AMA,Greater Accra,Wholesale/Retail
3520,PC/GR/R/0083M,UNICOM CHEMIST LIMITED,H/NO. ST 1 MAIN ROAD GALILEA MARKET KASOA,GA SOUTH,Greater Accra,Retail
3521,PC/GR/WR/0168M,UNICOM CHEMIST LIMITED,H/NO. GW 0845 LADYBIRD LANE - TANTRA HILL,GA WEST,Greater Accra,Wholesale/Retail
3522,PC/GR/WR/0169M,UNICOM CHEMIST LIMITED,"GE-289-5759 NEAR ATOMIC ROUNDABOUT TAIFA ROAD
DOME",GA EAST,Greater Accra,Wholesale/Retail
3523,PC/GR/WR/0199G,UNICOM CHEMIST LIMITED,"H/NO. 47, GUGGISBERG AVENUE KORLE BU ACCRA",AMA,Greater Accra,Wholesale/Retail
3524,PC/GR/R/0368H,UNICOM CHEMIST LIMITED,SHELL FILLING STATION MAIN ROAD HAATSO ACCRA,GA EAST,Greater Accra,Retail
3525,PC/GR/R/0157K,UNICOM CHEMIST LIMITED,"SHOP NO. 2 SHOP NO.2, MANTSE BOI CLOSE MANTSE BOI
CLOSE NORTH KANESHIE",AMA,Greater Accra,Retail
3526,PC/GR/WR/0215K,UNICOM CHEMIST LIMITED,WALAKATAKA - OSU,LA DEDE-KOTOPON,Greater Accra,Wholesale/Retail
3527,PC/GR/WR/0219K,UNICOM CHEMIST LIMITED,H/NO. 92/94 NI HIGHWAY - ABEKA LAPAZ,GA CENTRAL,Greater Accra,Wholesale/Retail
3528,PC/GR/WR/00267,UNICOM CHEMIST LTD,"H/NO. D665/4, CARNAVON AVE DRUG LANE OKAISHIE ACCRA",AMA,Greater Accra,Wholesale/Retail
3529,PC/GR/WR/0045N,UNICOM CHEMIST LTD,H/NO. 33 ASOFAN ROAD - OFANKOR,GA WEST,Greater Accra,Wholesale/Retail
3530,PC/GR/WR/0046N,UNICOM CHEMIST LTD,GA-505-1251 DANSOMAN ROAD - ACCRA,AMA,Greater Accra,Wholesale/Retail
3531,PC/GR/WR/0047N,UNICOM CHEMIST LTD,ASH/MKT/A/41 - GOIL STATION ASHAIMAN,ASHIAMAN,Greater Accra,Wholesale/Retail
3532,PC/GR/WR/0136P,UNICOM CHEMIST LTD,"H/NO. G24, SHOP 3&4 NEAR SHELL FILLING STATION - WEIJA",GA SOUTH,Greater Accra,Wholesale/Retail
3533,PC/GR/W/0361P,UNICOM CHEMIST LTD,"GD-223-2597 PANPRON DJORN STREET NANAKROM EAST
LEGON HILLS",ADENTAN,Greater Accra,Wholesale
3534,PC/GR/W/0198G,UNICOM CHEMIST LTD,"H/NO. 4, NAA PLAZA - - OKAISHIE",AMA,Greater Accra,Wholesale
3535,PC/GR/R/00703,UNICOM CHEMIST LTD.,H/NO. 17 HOPS CLOSE DANSOMAN ACCRA,AMA,Greater Accra,Retail
3536,PC/GR/WR/00308,UNICOM CHEMIST LTD.,"H/NO. 214 WINNEBA ROAD MALLAM ODORKOR HIGHWAY
ACCRA",GA SOUTH,Greater Accra,Wholesale/Retail
3537,PC/GR/WR/0122A,UNICOM CHEMIST LTD.,H/NO. 1 20TH CLOSE DANSOMAN ACCRA,AMA,Greater Accra,Wholesale/Retail
3538,PC/GR/R/00703,UNICOM CHEMIST LTD.,H/NO. 17 HOPS CLOSE DANSOMAN ACCRA,AMA,Greater Accra,Retail
3539,PC/GR/WR/00308,UNICOM CHEMIST LTD.,"H/NO. 214 WINNEBA ROAD MALLAM ODORKOR HIGHWAY
ACCRA",GA SOUTH,Greater Accra,Wholesale/Retail
3540,PC/GR/WR/0122A,UNICOM CHEMIST LTD.,H/NO. 1 20TH CLOSE DANSOMAN ACCRA,AMA,Greater Accra,Wholesale/Retail
3541,PC/AS/W/0157E,UNICOM CHEMIST LTD.,"PLOT 22, BLOCK K, BANTAMA - KUMASI",KMA,Ashanti,Wholesale
3542,PC/ER/R/00011,UNIK PHARMACY,H/NO. SD/A 28 MARKET SQUARE KOFORIDUA,NEW-JUABENG,Eastern,Retail
3543,PC/CR/R/0145H,UNION SQUARE PHARMACY,"H/NO. PLOT 25, ABURA NEW SITE ABURA ACADEMY ROAD
ABURA CAPE COAST",CAPE COAST,Central,Retail
3544,PC/AS/WR/00073,UNIPHARMA LTD,"PLOT 29 BLOCK K PLOT 29 BLOCK K SOUTH ZONGO
PANKRONO",KMA,Ashanti,Wholesale/Retail
3545,PC/GR/W/0308K,UNIQUE AID PHARMACY,PLOT 240 OFANKOR-ACHIMOTA HIGHWAY BARRIER OFANKOR,GA WEST,Greater Accra,Wholesale
3546,PC/GR/W/0221K,UNIQUE AID PHARMACY LIMITED,SHOP NO. 72-73 STATION ROAD OKAISHIE ACCRA,AMA,Greater Accra,Wholesale
3547,PC/NR/R/0090K,UNIQUE PHARMACY LTD,H/NO. 14 NEAR RADIO JUSTICE LAMASHIEGU TAMALE,TAMALE,Northern,Retail
3548,PC/GR/W/00203,UNIROB PHARMACEUTICAL LTD.,H/NO. 69 GUGGISBERG STREET KORLE GONNO ACCRA,AMA,Greater Accra,Wholesale
3549,PC/GR/R/00409,UP TOWN PHARMACY,"H/NO. N-458, NEWTOWN (ANT/2104), ASHAIMAN ASHAIMAN",ASHIAMAN,Greater Accra,Retail
3550,PC/GR/R/0573K,UPHILL PHARMACY,UNN HSE - AMANFROM POKUASE,GA WEST,Greater Accra,Retail
3551,PC/GR/R/0015L,UPHILL PHARMACY ANNEX,GW-0838-3889 MASALACHI ROAD - TANTRA HILL,GA CENTRAL,Greater Accra,Retail
3552,PC/AS/R/0175K,UPREACH PHARMACY LIMITED,"21, PLOT R - TAFO NHYIASO KUMASI",KMA,Ashanti,Retail
3553,PC/ER/R/0162M,UPTOWN PHARMACY,H/NO. J14 ADEISO ROAD SABON ZONGO ADOAGYIRI,NSAWAM ADOAGYIRI,Eastern,Retail
3554,PC/CR/R/0147H,URBAN PHARMACY LTD,"H/NO. SECTOR 2 BLK. B PLOT NO. 48 EVALIP ROAD, KASOA CP
KASOA KASOA",AWUTU SENYA,Central,Retail
3555,PC/AS/W/0095N,URI PHARMA LTD,"PLOT 2, BLOCK 5 - SOFOLINE KUMASI",KMA,Ashanti,Wholesale
3556,PC/AS/R/0139N,URI PHARMA LTD,"PLOT 2, BLOCK T MAIN STREET - APATRAPA",KMA,Ashanti,Retail
3557,PC/AS/R/0650L,URI PHARMA LTD,"PLOT 2, BLOCK T MAIN STREET - APATAPRA",KMA,Ashanti,Retail
3558,PC/AS/R/0127L,UUU,"PLOT 49, BLOCK C - DKC ABUAKWA",ATWIMA NWABIAGYA,Ashanti,Retail
3559,PC/GR/MW/0335L,VACCIPHARM GHANA LIMITED,"H/NO. 13 KOFI ASANTE OFORI-ATTA STREET AIRPORT WEST
oAlCeCsaRlAe",AMA,Greater Accra,Manufacturing Wholesale
3560,PC/GR/R/0076C,VADEM PHARMACY LTD.,"H/NO. M 142/1, OGBOJO ROAD OPP. ARS MADINA",ADENTAN,Greater Accra,Retail
3561,PC/GR/W/0385P,VAFY PHARMACY LTD,"H/NO. L 286, GA-113-0296 OXFORD STREET - OSU",AMA,Greater Accra,Retail
3562,PC/GR/R/0144E,VALUE HEALTH PHARMACY,"TRAFFIC LIGHT, RADIO GOLD ACCRA LATERBIOKORSHIE-
ACCRA",AMA,Greater Accra,Retail
3563,PC/GR/R/0620L,VALUE PRICE PHARMACY LTD,GM-175-1573 - PRAYER THEATRE OYARIFA,ADENTAN,Greater Accra,Retail
3564,PC/AS/R/0364K,VANELLE PHARMACY LTD,H/NO. 24V OPPOSITE MARKET - ASUOYEBOAH,KMA,Ashanti,Retail
3565,PC/GR/R/0201L,VANESS SHOP EZ PHARMACY LIMI,H/NO 18 ABLEKUMA HIGHWAY - ABLEKUMA,GA CENTRAL,Greater Accra,Retail
3566,PC/GR/R/0029A,VANIAH PHARMACARE(VINA PHA,H/NO. M/606/6 MAYE HOT MADINA MADINA,ADENTAN,Greater Accra,Retail
3567,PC/GR/R/0175C,VANORA PHARMACY,"H/NO. 28, AGYEMAN AVENUE, OPP. BLK. 88, SSNIT FLAT
ADENTA",ADENTAN,Greater Accra,Retail
3568,PC/GR/R/0175C,VANORA PHARMACY,"H/NO. 28, AGYEMAN AVENUE, OPP. BLK. 88, SSNIT FLAT
ADENTA",ADENTAN,Greater Accra,Retail
3569,PC/WR/R/00015,VEKPARM PHARMACY,"H/NO. PLOT 147A, WEST LINE JXN, PIPE ANO TAKORADI",SEKONDI-TAKORADI,Western,Retail
3570,PC/WR/R/0468L,VENA CAVA PHARMACY LIMITED,"H/NO. EF 057, ESSAM",BIA WEST,Western,Retail
3571,PC/GR/R/0618H,VEOK PHARMACY,H/NO. AMMA 701 TROTRO STREET ABELEMKPE ACCRA,AMA,Greater Accra,Retail
3572,PC/GR/R/0266J,VEOK PHARMACY(ANNEX),H/NO. GN 0334-327 AKA-AYE STREET DOWENYA DOWENYA,NINGO PRAMPRAM,Greater Accra,Retail
3573,PC/AS/R/00271,VERAMS PHARMACY,"H/NO. PLOT 3, BLOCK 89 - NEW OFFINSO NEW OFFINSO",OFFINSO,Ashanti,Retail
3574,PC/VR/WR/00003,VERDI PHARMACY,H/NO. A. 256 - MAKAVO JUNCTION AFLAO,KETU SOUTH,Volta,Wholesale/Retail
3575,PC/VR/WR/00003,VERDI PHARMACY,H/NO. A. 256 - MAKAVO JUNCTION AFLAO,KETU SOUTH,Volta,Wholesale/Retail
3576,PC/VR/W/0580K,VERDI PHARMACY,H/NO. ADA-069 HEPSS ROAD ADABRAKA HOHOE,HOHOE,Volta,Wholesale
3577,PC/VR/R/0143L,VERDI PHARMACY,AMET GUEST HOSE CMB ADABRAKA HOHOE-JASIKAN,HOHOE,Volta,Retail
3578,PC/VR/WR/0053M,VERDI PHARMACY,H/NO. BE7/128 - SOME JUNTION HO,HO,Volta,Wholesale/Retail
3579,PC/VR/R/0342H,VERDI PHARMACY LTD. (ANNEX ),"H/NO. AS-4-349, LINUS COFFIE APEYIME AFLAO",KETU SOUTH,Volta,Retail
3580,PC/AS/WR/0155E,VERJO CHEMIST LTD.,"PLOT 3 & 5, BLK O, - OPP. COCOA MARKET WAREHOUSE,
ABUAKWA",KMA,Ashanti,Wholesale/Retail
3581,PC/AS/R/00063,VERJO CHEMISTS LTD.,H/NO. A.9 PATASI ESTATE KUMASI,KMA,Ashanti,Retail
3582,PC/AS/R/0558L,VIBONS PHARMACY LIMITED,"PLOT 37, BLOCK 37 - STATION MPATASIA",KMA,Ashanti,Retail
3583,PC/GR/R/0367P,VIC-AVA PHARMACY,"H/NO. H4, GS-0849-1966 OBOM ROAD NUESES QUARTERS
JUNCTION KASOA",GA SOUTH,Greater Accra,Retail
3584,PC/WR/R/0009P,VICAMEG PLUS PHARMACY LIMIT,H/NO. 38 ESI KWANTIMA STREET NEW ATUABO TARKWA,,Western,Retail
3585,PC/AS/R/0125L,VICAMP PHARMACY LTD,PLOT 157 LAKO ROAD - ESRESO,BOSOMTWE,Ashanti,Retail
3586,PC/GR/R/00661,VICAR PHARMACY,H/NO. 14 OFF SPINTEX ROAD - BAATSONAA,TMA,Greater Accra,Retail
3587,PC/AS/W/00081,VICBARNS PHARMACY LTD,"H/NO. 1, BLOCK K - BANTAMA KUMASI",KMA,Ashanti,Wholesale
3588,PC/AS/R/00154,VICBARNS PHARMACY LTD.,"H/NO. PSV/IA K LINE, MAIN STREET NORTH SUNTRESO
KUMASI",KMA,Ashanti,Retail
3589,PC/AS/R/00154,VICBARNS PHARMACY LTD.,"H/NO. PSV/IA K LINE, MAIN STREET NORTH SUNTRESO
KUMASI",KMA,Ashanti,Retail
3590,PC/GR/WR/00186,VICDORIS P'CEUTICALS LTD.,H/NO. 71 - RING ROAD CENTRAL ACCRA,AMA,Greater Accra,Wholesale/Retail
3591,PC/AS/WR/0131A,VICMERC O.A. PHARMACY LTD.,H/NO. NN 17 AKWASI OBENG ROAD NEW NSUTA OBUASI,ADANSI NORTH,Ashanti,Wholesale/Retail
3592,PC/VR/R/0252P,VICTORIOUS MOUNT ZION PHARM,H/NO. BL/L366 ST FRANCIS ROAD GBI BLA HOHOE,HOHOE,Volta,Retail
3593,PC/VR/R/00011,VICTORIOUS MT. ZION PHARMACY,H/NO. B/119 AFEDE STREET BANKOE HO,HO,Volta,Retail
3594,PC/GR/WR/00174,VICTORY PHARMACY LIMITED,H/NO. NO. D762/4 BANK LANE OKAISHIE ACCRA,AMA,Greater Accra,Wholesale/Retail
3595,PC/ER/R/00024,VIK-TEE PHARMACY LTD.,"H/NO. L166/3, TEMA HIGH WAY, - KPONG",LOWER MANYA KROBO,Eastern,Retail
3596,PC/VR/R/0336H,VIKLEXI PHARMACY LTD.,H/NO. 2 ALAYE STREET APPLE AVENUE MAWULI ESTATE,HO,Volta,Retail
3597,PC/GR/R/00697,VINA PHARMACY LTD.,H/NO. 39 HANSON ROAD HOUSING DOWN ADENTA,ADENTAN,Greater Accra,Retail
3598,PC/GR/R/0195G,VINGEN PHARMACY,"H/NO. 15, SETH NII NORTEY STREET - TESHIE TSUIBLEO",LEDZOKUKU-KROWOR,Greater Accra,Retail
3599,PC/GR/WR/0658L,VINISHAW PHARMACY LTD,GE-107-5625 - PURE WATER OLD ASHONGMAN,GA EAST,Greater Accra,Wholesale/Retail
3600,PC/GR/R/0312P,VINPERPAT PHARMACY LIMITED C,H/NO. A/1963 - ADOKWEI CR ABLEKUMA NEWTOWN,GA CENTRAL,Greater Accra,Retail
3601,PC/GR/R/0436L,VIROKA PHARMACY LIMITED,PLOT 10 LIC ROAD MELCOM MATEHEKO-AFIENYA,NINGO PRAMPRAM,Greater Accra,Retail
3602,PC/AS/R/0570L,VIRTUS PHARMACY LTD,"PLOT 28, BLOCK 2 - - DADIESOABA-ASAFO",KMA,Ashanti,Retail
3603,PC/GR/R/0253J,VISAT PHARMACY LTD,"H/NO. 19 MADINA-WAREHOUSE STREET MADINA WEST
MADINA",ADENTAN,Greater Accra,Retail
3604,PC/BA/WR/0028B,VISION 20 PHARMACY LTD.,"H/NO. TP 0138 LAST GATE TIMBER MARKET ASIKAFO
AMANTEM TECHIMAN",TECHIMAN,Brong Ahafo,Wholesale/Retail
3605,PC/CR/R/0201N,VITA CARE PHARMACY LTD,"H/NO. AJ 7A/1 ABOOM ROAD ADJACENT JUBILEE SCHOOL
CAPE COAST",CAPE COAST,Central,Wholesale/Retail
3606,PC/AS/R/0118N,VITAFORTE PHARMACY LTD,H/NO. CT 146 - KUNTENASE BOSOMTWE,BOSOMTWE,Ashanti,Retail
3607,PC/AS/WR/0132L,VITAL PHARMACY,"PLOT 74, BLOCK F KUMASI OBUASI-HIGHWAY - SANTASI",KMA,Ashanti,Wholesale/Retail
3608,PC/AS/R/0202E,VITAL PHARMACY,"PLOT 28, BLOCK R, MELCOM STREET - AHODWO",KMA,Ashanti,Retail
3609,PC/AS/R/00278,VITAL PHARMACY LTD,"H/NO. PLOT 40, BLOCK A ANOMANGYE JNX ADADIEM
KUMASI",KMA,Ashanti,Retail
3610,PC/AS/R/0069C,VITAL PHARMACY LTD. (PATASI BR,"PLOT 7, BLOCK M, - SOUTH PATASI KUMASI",KMA,Ashanti,Retail
3611,PC/ER/R/0157L,VITAMED PHARMACY LTD,H/NO. ADW/E4 ADWESO MAI ROAD - KOFORIDUA,NEW-JUABENG,Eastern,Retail
3612,PC/GR/R/0225K,VITAN PHARMACY LTD,H/NO. 951/1 - - KORLE-GONNO,AMA,Greater Accra,Retail
3613,PC/AS/R/0184M,VIVAX PHARMACY,"PLOT 5, BLOCK E - GOIL FUEL STATION JUASO",ASANTE-AKIM SOUTH,Ashanti,Retail
3614,PC/GR/R/0353P,VIVIKON PHARMACY LTD,H/NO. 14 2ND STREET ADON AVENUE PATUDA,GA EAST,Greater Accra,Retail
3615,PC/GR/R/00727,VOB PHARMACY,H/NO. 26 AMANKWA CLOSE COMANDOS ADENTA,ADENTAN,Greater Accra,Retail
3616,PC/GR/R/0021M,VONNE BERT PHARMACY LTD,H/NO. 105 ASHGREY STREET PRESBY JUNCTION GBAWE,GA SOUTH,Greater Accra,Retail
3617,PC/CR/R/0335J,VOTANG PHARMACY,"H/NO. DAB/7/46 Y-JUNCTION ABANKESIESO DUNKWA-ON-
OFFIN",UPPER DENKYIRA-EAST,Central,Retail
3618,PC/GR/R/0342P,VTM PHARMACY LTD,"H/NO. 1 NII ASHONG MUTSE ROAD ADJIRINGANOR EAST
LEGON",ADENTAN,Greater Accra,Retail
3619,PC/GR/R/00172,VYNNE PHARMACY LTD.,"H/NO. EA/1, LEGON-ABURI ROAD, EAST ADENTA, ADENTA",ADENTAN,Greater Accra,Retail
3620,PC/GR/R/0152K,WAGGA CARE PHARMACY,"PLOT NO. 8T/3 RAFIQ STREET NEAR FUEL STATION MEDIE
KOTOKU",GA WEST,Greater Accra,Retail
3621,PC/GR/R/0055N,WAGGA-CARE PHARMACY LTD,"GW-0485-3910 NEAR TOTAL SERVICE STATION SAMSAM
MEDIE",GA WEST,Greater Accra,Retail
3622,PC/GR/R/0473K,WALASCO PHARMACY,"H/NO. DR/AB/040 ADDICO PAUL STREET OPPOSITE
METHODIST SCHOO; DAWHENYA",NINGO PRAMPRAM,Greater Accra,Retail
3623,PC/ER/WR/0185N,WALGREENS PHARMACY LTD,H/NO. C9 BOADUA ROAD - AKWATIA,DENKYEMBOUR,Eastern,Wholesale/Retail
3624,PC/ER/WR/0109G,WALGREENS PHARMACY LTD.,"H/NO. B10/2, ADJ. ODA HOSPITAL ESTATE JUNCTION, AKIM
ODA",BIRIM CENTRAL,Eastern,Wholesale/Retail
3625,PC/GR/R/0101E,WAYNE PHARMACY,HARVEST GATE MINISTRIES SOWUTUOM ROAD - OFANKOR,GA WEST,Greater Accra,Retail
3626,PC/GR/WR/0067J,WEBSTER PHARMACY LTD,NEW LEGON ROAD - NEW LEGON,ADENTAN,Greater Accra,Wholesale/Retail
3627,PC/AS/W/0128L,WELCOME AGAIN PHARMACY LTD,PLOT 6 KUMASI ROAD - EJISU,EJISU-JUABENG,Ashanti,Wholesale
3628,PC/GR/R/0183L,WELCOME PHARMA LTD,"H/NO. 1 AGYA APPIAH STREET NEAR COPPER FIELD
INDUSTRIAL LTD OFANKOR",GA WEST,Greater Accra,Retail
3629,PC/GR/WR/0352H,WELCOME PHARMACY,OKAISHIE DRUG LANE - OKAISHIE ACCRA,AMA,Greater Accra,Wholesale/Retail
3630,PC/GR/R/0344P,WELGREENS PHARMACY LTD,"H/NO. 005, GS-0373-9661 - SAMPA AREA GBAWE",,Greater Accra,Retail
3631,PC/GR/R/0175M,WELLBOX PRESTIGE PHARMACY L,"H/NO. B112/20 ISAAC TETTEH AVENUE OFFICIAL TOWN
ODORKOR",AMA,Greater Accra,Retail
3632,PC/GR/R/0159J,WELLCARE PHARMACY LTD,H588/3 TESHIE CAMO 2 STREET TESHIE CAMP 2 TESHIE,LEDZOKUKU-KROWOR,Greater Accra,Retail
3633,PC/GR/W/0482K,WELLCHECK PHARMACY,H/NO. 11 PEACE BE JUNCTION COMMUNITY 25 KPONE,KPONE KATAMANSO,Greater Accra,Wholesale
3634,PC/AS/WR/0567L,WELLCITY PHARMACY LTD,PLOT 31 SENIOR HIGH SCHOOL ROAD - MPASATIA,ATWIMA MPONUA,Ashanti,Wholesale/Retail
3635,PC/AS/R/0115L,WELLDONE PHARMACY,DGM/GF/B01 - ADEHYE MARKET MBROM,KMA,Ashanti,Retail
3636,PC/GR/W/0046L,WELLGIANT PHARMACY LTD,H/NO. C390/3 ESEEFOO STREET - ADABRAKA,AMA,Greater Accra,Wholesale
3637,PC/GR/WR/0035N,WELLIAN PHARMACY,GE-084-5778 PURE WATER ROAD - OLD ASHONGMAN,GA EAST,Greater Accra,Wholesale/Retail
3638,PC/GR/W/0206N,WELLMARK PHARMACY LTD,REDCO FLATS - - MADINA,LA NKWANTANANG-MADINA,Greater Accra,Wholesale
3639,PC/GR/WR/0219N,WELLMARK PHARMACY LTD,H/NO. SA7189/83 - DARE ES SALEM MADINA,LA NKWANTANANG-MADINA,Greater Accra,Wholesale/Retail
3640,PC/GR/WR/0150K,WELLMART PHARMACY,ASHAIMAN ROAD - - ASHALEY BOTWE,LA NKWANTANANG-MADINA,Greater Accra,Wholesale/Retail
3641,PC/AS/R/0151N,WELLPLUS PHARMACY LTD,H/NO. EM2-GP2 ACHIASE-FEMESUA ROAD - EKYEM EJISU,EJISU-JUABENG,Ashanti,Retail
3642,PC/GR/WR/00177,WENCOL LTD.,H/NO. 381/13 MAMOBI-NIMA HIGHWAY ACCRA ACCRA,AMA,Greater Accra,Wholesale/Retail
3643,PC/GR/R/0220N,WENCOL PHARMACY LTD,H/NO. A 323/18 C7 ATTA ADOKO ROAD - DANSOMAN,AMA,Greater Accra,Retail
3644,PC/GR/R/00304,WEST LEGON COMM. PHARM,HNO.105 HAATSO ROAD MAIN WEST LEGON ACCRA,AMA,Greater Accra,Retail
3645,PC/GR/R/00133,WEST POINT CHEMIST,H/NO. II GUGGISBERG STREET KORLE-BU ACCRA,AMA,Greater Accra,Retail
3646,PC/GR/R/00127,WEST POINT CHEMISTS,H/NO. A 54/5 CHORKOR OLD WINNEBA RD - ACCRA,AMA,Greater Accra,Retail
3647,PC/WR/R/00022,WEST STAR PHARMACY,"H/NO. J 24, NEW SITE ESTATES, TAKORADI",SEKONDI-TAKORADI,Western,Retail
3648,PC/AS/WR/0288P,WESTERN PHARMACY,"PLOT 11, BLOCK J WESTERN BY-PASS NORTH PATASI KUMASI",KMA,Ashanti,Wholesale/Retail
3649,PC/AS/WR/0052E,WESTERN PHARMACY,H/NO. 10 BANTAMA HIGH STREET BANTAMA KUMASI,KMA,Ashanti,Wholesale/Retail
3650,PC/AS/W/0130J,WESTERN PHARMACY,"SHOP NO. G 14, 15, 16 AFTER INTERCHANGE SOFOLINE
KUMASI",KMA,Ashanti,Wholesale
3651,PC/AS/R/0333H,WESTERN PHARMACY LTD,"SHOP NO. G 14, 15,16 , SOFOLINE",KMA,Ashanti,Retail
3652,PC/AS/R/0363P,WESTERN PHARMACY LTD,H/NO. KR 24 - LORRY STATION KRONUM,KMA,Ashanti,Retail
3653,PC/GR/WR/0201F,WESTFIELD CHEMIST LTD.,"PLOT K2, NEW YORK NEW ROAD - ASHAIMAN",ASHIAMAN,Greater Accra,Wholesale/Retail
3654,PC/GR/R/00771,WESTLIFE PHARMACY LTD.,H/NO. 149 GBEGBE ROAD DANSOMAN ESTATE ACCRA,AMA,Greater Accra,Retail
3655,PC/GR/WR/0417K,WESTLINE PHARMACY LIMITED,JUNCTION ROAD ODUMASE-3 AMASAMAN,GA WEST,Greater Accra,Wholesale/Retail
3656,PC/WR/R/00013,WESTLINK CHEMIST LTD,"H/NO. STATION ROAD, NR MOBIL FILLING STN, TARKWA",TARKWA-NSUAEM,Western,Retail
3657,PC/WR/R/00034,WESTLINK CHEMISTS,"H/NO. D26, MAINT STR, AMERICAN HSE HOTEL, BOGOSO",PRESTEA HUNI VALLEY,Western,Retail
3658,PC/WR/R/00032,WESTRIDGE PHARMACY,"H/NO. PT 2A, WESTLINE HOTEL RD, WESTRIDGE TAKORADI",SEKONDI-TAKORADI,Western,Retail
3659,PC/ER/R/0151L,WHITE ANGEL PHARMACY,EL-0007-0580 MAIN ROAD - ODUMASE-KROBO,YILOKROBO,Eastern,Retail
3660,PC/GR/WR/00211,WHITE TOWER PHARMACY,H/NO. C156/1 CHATFIELD AVENUE ADABRAKA ACCRA,AMA,Greater Accra,Wholesale/Retail
3661,PC/GR/WR/0223E,WIDAMA PHARMACY,H/NO. A/241 MAIN MARKET SQUARE - ASHAIMAN,ASHIAMAN,Greater Accra,Wholesale/Retail
3662,PC/GR/WR/0088H,WIDAMA PHARMACY,H/NO. N/W 267 GOIL FILLING STATION LABANON ASHIAMAN,ASHIAMAN,Greater Accra,Wholesale/Retail
3663,PC/CR/WR/0462L,WIDAMA PHARMACY LTD,H/NO. 81/14 BAWJIASE ROAD - KASOA,AWUTU SENYA EAST,Central,Wholesale/Retail
3664,PC/GR/WR/00180,WILER PHARMA LTD.,PLOT B65/24 - ABEKA LAPAZ ACCRA,AMA,Greater Accra,Wholesale/Retail
3665,PC/GR/R/0099F,WILLIANA PHARMACY LTD,"H/NO.PR/AE/Z0/077 AFTER KINGS FILLING STATION TOLL
BOOTH AFIENYA",NINGO PRAMPRAM,Greater Accra,Retail
3666,PC/ER/R/00012,WILLIE KINGS CHEMISTS,H/NO. C38 MARKET STREET NEW TAFO-AKIM,EAST AKIM,Eastern,Retail
3667,PC/AS/WR/0594L,WILLRITE PHARMACY,"PLOT 1, BLOCK A MAASE ROAD - TAABUO STATION",AFIGYA-KWABRE,Ashanti,Wholesale/Retail
3668,PC/AS/R/0311K,WILLRITE PHARMACY,"PLOT 27, BLOCK N - - ATIMATIM MAASA",KWABERE EAST,Ashanti,Retail
3669,PC/AS/R/0015H,WILLRITE PHARMACY LTD,18 BLK J DR. OSEI AKOTO ROAD TAFO PANKRONO,KMA,Ashanti,Retail
3670,PC/BA/WR/0276K,WILMED PHARMACY,H/NO. TMA 058W - WIAWSO TECHIMAN,TECHIMAN,Brong Ahafo,Wholesale/Retail
3671,PC/WR/WR/0374H,WILMENS PHARMACY LIMITED,H/NO. B 25 POST OFFICE STREET UAC TARKWA,SUAMAN,Western,Wholesale/Retail
3672,PC/WR/WR/0356H,WILMORT PHARMACY,H/NO. 74A/1-1 ERIC WARDEN AVENUE ANAJI TAKORADI,SEKONDI-TAKORADI,Western,Wholesale/Retail
3673,PC/AS/R/0053E,WIMPEY CHEMIST LTD(OHWIMAS,"PLOT 10, BLOCK F , OHWIMASE KWADASO",KMA,Ashanti,Retail
3674,PC/AS/R/0127N,WIMPEY CHEMISTS LTD,"H/NO TA 50, 802 SUNYANI ROAD - TANOSO",KMA,Ashanti,Retail
3675,PC/AS/R/00083,WIMPEY CHEMISTS LTD.,"H/NO. PLOT 2, BLOCK E MAIN STREET TANOSO KUMASI",KMA,Ashanti,Retail
3676,PC/AS/R/0025M,WINNETTE PHARMACY LTD,"AV-0005-9916, JACOBU TUNSOUM",AMANSIE CENTRAL,Ashanti,Retail
3677,PC/CR/R/0118K,WISELY PHARMACY,H/NO. ON5/11 - OFAAKOR KASOA,AWUTU SENYA EAST,Central,Retail
3678,PC/CR/R/0089L,WISELY PHARMACY LIMITED,H/NO. 1/25 - ABRONYE SWEDRU,AGONA WEST,Central,Retail
3679,PC/WR/W/0239N,WISLET PHARMACY LTD,H/NO. AN 31 AKOTO STREET - TAKORADI,SEKONDI-TAKORADI,Western,Wholesale
3680,PC/WR/WR/0113K,WISPA PHARMA GH. LIMITED,"H/NO. 1, AHWETIESO",TARKWA-NSUAEM,Western,Wholesale/Retail
3681,PC/BA/R/0228P,WITTY PHARMACY LTD,PLOT NO. 168 - SAWMILL WIAMFIE,DORMAA EAST,Brong Ahafo,Retail
3682,PC/NR/R/0028N,WOEZOR PHARMACY LTD,"H/NO. 355 CHLORINE STREET KALPOHINI TAMALE-
SAGNARIGU",,Northern,Retail
3683,PC/GR/R/0217J,WOLUWIE PHARMACY LIMITED,N/A 3-JUNCTION-ASHIAMAN ROAD ASHIAMAN ASHIAMAN,GA WEST,Greater Accra,Retail
3684,PC/ER/R/0064B,WOLUWIE PHARMACY LTD.,"SHOP NO. 2, - TAXI RANK, DOBRO",NSAWAM ADOAGYIRI,Eastern,Retail
3685,PC/GR/R/0296J,WONDA-MED PHARMACY,"H/NO. F009 GHANA FIRE SERVICE ROAD MAKOLA MALL
ACCRA CENTRAL",AMA,Greater Accra,Retail
3686,PC/GR/W/0091F,WONDAMED PHARMACY LTD,NEAR GCB OLD ROAD MARKET MADINA,AMA,Greater Accra,Wholesale
3687,PC/UWR/WR/0036B,WONOWANA PHARMACY,"UNN. STORE GPRTU OFFICE COMPLEX KEJETIA, LORRY
STATION",WA,Upper West,Wholesale/Retail
3688,PC/UWR/R/0127P,WONOWANA PHARMACY LTD,XW-0074-4745 LAW-MARS JUNCTION NAPOGEBAKOLE WA,WA,Upper West,Retail
3689,PC/GR/R/0176C,WORLAKO PHARMACY,PLOT NO. AR 593 2003 FULANI ROAD - ASHIYIE,ADENTAN,Greater Accra,Retail
3690,PC/GR/W/0056N,WORLD VIEW PHARMACY LIMITED,"H/NO. 6 OFOTEY OSAPESUA AVENUE ADJIRINGANOR EAST
LEGON",AMA,Greater Accra,Wholesale
3691,PC/GR/R/00803,WORLDVIEW CHEMISTS LTD.,H/NO. 12 SIR ARKU KORSAH RD ROMAN RIDGE ACCRA,AMA,Greater Accra,Retail
3692,PC/GR/R/0057N,WORLDVIEW PHARMACY,ADINKRA HEIGHTS - - CANTONMENTS,LA NKWANTANANG-MADINA,Greater Accra,Retail
3693,PC/GR/W/0109H,WORLDWIDE HEALTHCARE LTD,"PLOT NO. 53, AMENFI PLAZA, 4TH FLOOR NEAR PAPAYR
RESTAURANT SPINTEX ROAD",AMA,Greater Accra,Wholesale
3694,PC/AS/W/0168C,WORLDWIDE HEALTHCARE LTD,"PLOT 11, BLOCK C, RICKY BOAKYE STREET, OPP. GUINESS
DEPOT, DABAN KUMASI",KMA,Ashanti,Wholesale
3695,PC/AS/W/0168C,WORLDWIDE HEALTHCARE LTD,"PLOT 11, BLOCK C, RICKY BOAKYE STREET, OPP. GUINESS
DEPOT, DABAN KUMASI",KMA,Ashanti,Wholesale
3696,PC/GR/W/0277P,WORLDWIDE PHARMACY LTD,H/NO. D769/4 - OKAISHIE ACCRA,AMA,Greater Accra,Wholesale
3697,PC/GR/WR/00182,WULCK PHARMA LTD.,H/NO. F184/2 WENTUM STREET OSU ACCRA,AMA,Greater Accra,Wholesale/Retail
3698,PC/GR/R/00660,X-PERTS PHARMACY,H/NO. D. 27 NIGHT MARKET ROAD ASHAIMAN ASHAIMAN,ASHIAMAN,Greater Accra,Retail
3699,PC/GR/R/0051L,X-PERTS PHARMACY LTD,H/NO. 129 BEACH DRIVE - NUNGUA,LEDZOKUKU-KROWOR,Greater Accra,Retail
3700,PC/GR/R/0379L,X-STAR PHARMACY LTD,"GZ-057-6394, TESHIE",LEDZOKUKU-KROWOR,Greater Accra,Retail
3701,PC/AS/R/0110A,XE-RION PHARMACY LTD.,H/NO. G3 MAIN STREET PATASI KUMASI,KMA,Ashanti,Retail
3702,PC/NR/R/0168H,XERION CHEMIST LTD.,"H/NO. 1A, EDUCATION RIDGE STREET OLD AIRPORT
SAGNARIGU",TAMALE,Northern,Retail
3703,PC/NR/R/0023N,XERION CHEMISTS LTD,"BLOCK NO. 3 GURUGU ROAD NEAR JISONAYILI JUNCTION
GURUGU-SAGNARIGU",SAGNERIGU,Northern,Retail
3704,PC/VR/R/0257N,XORNAM 360 PHARMACY,H/NO. HF/73 - ASORGLI HO,HO,Volta,Retail
3705,PC/GR/R/0160B,XPRESS CHEMISTS LTD.,NORTH LEGON ZONGO JUNCTION ROAD - NORTH LEGON,ADENTAN,Greater Accra,Retail
3706,PC/GR/W/00130,Y & J PHARMACEUTICALS,PREMISES OF W. COAST DYEING - INDUSTRIAL AREA ACCRA,AMA,Greater Accra,Wholesale
3707,PC/GR/W/00130,Y & J PHARMACEUTICALS,PREMISES OF W. COAST DYEING - INDUSTRIAL AREA ACCRA,AMA,Greater Accra,Wholesale
3708,PC/UWR/WR/00008,YAASIIN PHARMACEUTICALS,"H/NO. R/D 44, HOSPITAL STREET 10, WAMPANI WA",WA,Upper West,Wholesale/Retail
3709,PC/GR/R/0164E,YAKOS CHEMIST,"AGAPE JXN, OYARIFA ADENTA ROAD, ADENTA ACCRA",ADENTAN,Greater Accra,Retail
3710,PC/NR/R/0130M,YAMDEN PHARMACY,H/NO. 45 GBEWAA STREET NAYIRIFONGU WALEWALE,WEST MAMPRUSI,Northern,Retail
3711,PC/GR/W/0042P,YAMED PHARMACY LTD,H/NO. BX 12 NOVA STREET KANEWU ADJEI KOJO,KPONE KATAMANSO,Greater Accra,Wholesale
3712,PC/GR/WR/00236,YASARKO PHARMACY,H/NO. D.294/3 HANSEN ROAD AMAMOMO ACCRA,AMA,Greater Accra,Wholesale/Retail
3713,PC/AS/R/0374K,YASCAR PHARMACY LTD,"PLOT 5, BLOCK F - NEW SITE DABAN",KMA,Ashanti,Retail
3714,PC/GR/R/0522K,YAWHO PHARMACY LTD,AMAX PORK JOINT STREET - - KOKROBITE,GA SOUTH,Greater Accra,Retail
3715,PC/GR/R/0080L,YEHODA PHARMACY,GS-0430-7471 SHALOM STREET REP TOP WEIJA,GA SOUTH,Greater Accra,Retail
3716,PC/AS/IW/0024B,YELLOW AND ORANGE PHARMAC,"aPleLOT NO. 3, BLOCK 10, - AMAKOM KUMASI",KMA,Ashanti,Importing Wholesale
3717,PC/AS/WR/0587L,YESS SIRR CHEMISTS,H/NO. 14A. BLOCK D - JAMASI EJUSI-BESEASE,EJISU-JUABENG,Ashanti,Wholesale/Retail
3718,PC/GR/W/0101G,YIARA PHARMA LTD.,"H/NO. 75, GUGGISBERG AVENUE, - KORLE-BU",AMA,Greater Accra,Wholesale
3719,PC/GR/R/0345L,YILDIZ COMPANY LIMITED,"H/NO. 18A SENCHI STREET AIRPORT RESIDENTIAL AREA
ABLEKUMA - ACCRA",AMA,Greater Accra,Retail
3720,PC/GR/R/0333K,YIM DISPENSING PHARMACY LTD,UNN STORE ABILITY STREET - EAST LEGON,ADENTAN,Greater Accra,Retail
3721,PC/BA/R/0162P,YIRIKONN PHARMACY LTD,"STORE NO. 3 LIBERATION ROAD RECEPTION STATION
SUNYANI",SUNYANI,Brong Ahafo,Retail
3722,PC/CR/WR/0066F,YIVIS PHARMACEUTICALS LTD.,"H/NO. KC 6/18, EVERLIP-KASOA - KASOA",AWUTU SENYA,Central,Wholesale/Retail
3723,PC/UWR/R/0126P,YOBO PHARMACY LTD,"XJ-0000-6776, V25 EDWARD SALIA STREET - JIRAPA",JIRAPA,Upper West,Retail
3724,PC/GR/W/0070M,YOGI PHARMACEUTICALS LTD,"PLOT 66, H/NO. 10 - MINI PLAST SPINTEX",LA NKWANTANANG-MADINA,Greater Accra,Wholesale
3725,PC/GR/R/00286,YOMA CHEMIST LTD.,"H/NO. A 292, GBEGBE ROAD, DANSOMAN ACCRA",AMA,Greater Accra,Retail
3726,PC/VR/R/0027J,YOMEFA PHARMACY LIMITED,ADAKLU ROAD MAWULI ESTATE HO,HO,Volta,Retail
3727,PC/AS/WR/0378H,YUSKA PHARMACY LTD,AE 42 OPPOSITE CATHOLIC CHURCH AMPABAME NO.2,ATWIMA KWANWOMA,Ashanti,Wholesale/Retail
3728,PC/GR/R/0408H,ZAKKS PHARMACY,UNNUMBERED HOUSE DANEA-OTINIBI AMRAHIA AMRAHIA,ADENTAN,Greater Accra,Retail
3729,PC/GR/R/0069N,ZARA M PHARMACY LTD,H/NO. 102 - LAKESIDE COMMUNITY 1,ADENTAN,Greater Accra,Retail
3730,PC/GR/WR/0120F,ZASE CHEMIST,"H/NO. 14, KANDA ESTATES ABLADE RD. - KANDA ESTATES-
ACCRA",AMA,Greater Accra,Wholesale/Retail
3731,PC/GR/W/00157,ZEDORS PHARMA LTD.,H/NO. 144/D - OKAISHIE ACCRA,AMA,Greater Accra,Wholesale
3732,PC/GR/WR/0524K,ZEDORS PHARMACY,GW-0579-3348 NSAWAM ROAD - MEDIE,GA WEST,Greater Accra,Wholesale/Retail
3733,PC/GR/R/0068N,ZEN AID CHEMISTS LTD,GS-0220-2929 WINNEBA ROAD MENDSKROM WEIJA,GA SOUTH,Greater Accra,Retail
3734,PC/UER/R/0177J,ZIMAX PHARMACY LIMITED,H/NO A163 COMMERCIAL STREET ATULBABIISI BOLGATANGA,BOLGATANGA,Upper East,Retail
3735,PC/ER/WR/00015,ZINAIDA PHARMACY,ADJACENT MOBILE FILLING STATION SOMANYA,YILOKROBO,Eastern,Wholesale/Retail
3736,PC/AS/R/0162N,ZINTEX PHARMACY LTD,"PLOT 11, BLOCK B CHRISTY OPOKU STREET DABAN KUMASI",KMA,Ashanti,Retail
3737,PC/ER/R/0101P,ZIP PHARMACY,"H/NO NI 730 CENTRAL MARKET ROAD NEW STATION
NKAWKAW",KWAHU WEST,Eastern,Retail
3738,PC/ER/R/0153L,ZIP PHARMACY LTD,"SECTION 4A, BLOCK 1 TOWN ROAD - NKAWKAW",KWAHU WEST,Eastern,Retail
3739,PC/GR/R/0057B,ZIZIS PHARMACY,H/NO. 64 - ADIRIGANO ACCRA,ADENTAN,Greater Accra,Retail
3740,PC/GR/WR/00284,ZODIAC CHEMISTS,H/NO. A 199 OBLOGO ROAD DANSOMAN ESTATE ACCRA,AMA,Greater Accra,Wholesale/Retail
3741,PC/GR/R/0396K,ZOE PHARMACY,H/NO. 15 HAATSO ROAD - NORTH LEGON,GA WEST,Greater Accra,Retail
3742,PC/NR/R/0117M,ZUO PHARMACY LIMITED,H/NO. 23 ASAWABA ROAD DUNGU SAGNARIGU,SAGNERIGU,Northern,Retail
3743,PC/GR/W/0233J,ZUTRON PHARMACEUTICALS LTD.,"DCL TOWER OFFICE BUILDING 100 BOUNDARY ROAD OGBOJO
EAST LEGON",ADENTAN,Greater Accra,Wholesale
3744,PC/VR/WR/0255N,ZUZU PHARMACY LTD,H/NO. Q906B BIHECO STREET ALOYI KPANDO,KPANDO,Volta,Wholesale/Retail
3745,PC/GR/W/0135B,ZYCLAX GH. LTD.,H/NO. 3 GW HOPE ROAD MAAMOBI ACCRA,AMA,Greater Accra,Wholesale