client_clean,total_products,drug_products,food_products,countries_sourced,local_products,valid_products,import_pct,drug_pct
Ernest Chemist Limited,214,205,3,6,57,208,73.4,95.8
Ronak Exim Pvt Limited,185,185,0,1,0,185,100.0,100.0
"Rafimex Co. Limited., Accra",121,0,108,21,0,114,100.0,0.0
Pharmanova Limited No 3 Okodan Street Osu Manhean Accra,120,119,0,2,51,117,57.5,99.2
Unicom Chemist Limited,117,109,0,8,2,110,98.3,93.2
"Bliss Gvs Pharma Limited 102 Hyde Park Saki Vihar Road, Andheri",111,110,0,1,0,107,100.0,99.1
"Ernest Chemists Limited., Accra",111,1,110,8,0,111,100.0,0.9
Entrance Pharmaceuticals & Research Centre,109,102,0,2,41,102,62.4,93.6
Renie Chemist Limited,106,92,0,5,1,84,99.1,86.8
Gb Pharma Limited,93,83,0,2,0,88,100.0,89.2
"Melcom Gh. Limited., Accra",92,0,86,17,22,79,76.1,0.0
Eskay Therapeutics Limited,90,90,0,3,27,85,70.0,100.0
"Twellium Industrial Co. Limited., Nsawam, E/R",88,0,87,2,83,82,5.7,0.0
Centillion Pharma Limited,79,79,0,2,0,79,100.0,100.0
Costco Zion Investment Ghana Limited,78,0,78,1,0,10,100.0,0.0
Saagar Impex,76,0,76,2,0,76,100.0,0.0
Oa&J Pharmaceuticals Limited,75,75,0,2,42,75,44.0,100.0
Kinapharma Limited,75,70,0,3,40,67,46.7,93.3
"Sneda Shopping Center., Accra",74,0,73,3,0,74,100.0,0.0
"Ronak Exim Private Limited - Sant Kabir Road Behind Gendigate Police Station Baroda 390001 Gujarat, India",72,72,0,1,0,72,100.0,100.0
"Transmed Gh. Limited., Accra",68,0,65,14,0,66,100.0,0.0
"Africa Zone Trading Limited., Accra",67,0,66,13,0,64,100.0,0.0
Unicom Chemist Limited - Flour Mill Depot,67,67,0,3,0,66,100.0,100.0
M&G Pharmaceuticals,63,63,0,4,32,61,49.2,100.0
"Mac Sources Limited., Tudu",63,0,62,4,0,62,100.0,0.0
Pokupharma Limited,61,58,0,2,35,54,42.6,95.1
Denk Pharma Gmbh & Co Kg Prinzregentenstraße,57,57,0,2,0,53,100.0,100.0
Phyto-Riker,57,54,0,1,37,53,35.1,94.7
"Vegagen Uk Limited.The Litton Suite Sheepbridge Business Center Chesterfield S41.9Ed,Uk",56,56,0,2,0,46,100.0,100.0
Habmay Pharmacy Limited,55,54,0,2,0,55,100.0,98.2
"Ronak Exim Private Limited - Sant Kabir Road Gendi Gate Vadodara 390 001Gujarat, India",51,50,0,1,0,50,100.0,98.0
"Cave & Gardens Gh. Limited., Accra",50,0,47,14,0,47,100.0,0.0
"Lemonera Ghana Limited, Accra G/R",49,0,49,10,0,49,100.0,0.0
Letap Phramceuticals Limited,48,46,0,2,36,46,25.0,95.8
"Syycol Co. Limited., Accra",46,0,44,8,0,45,100.0,0.0
Mosam Mart Limited,45,0,45,1,0,45,100.0,0.0
"Msn Laboratories Private Limted, Msn House Plot No. C24, Industrial Estate Samathnagar Hyderabad 500 98 India",45,45,0,1,0,43,100.0,100.0
Add Pharma Ghana Limited,45,44,0,1,0,45,100.0,97.8
Gold Coast Matcom,45,0,45,11,1,38,97.8,0.0
Pharmatrust Limited,44,42,0,2,6,40,86.4,95.5
Aura Pharmaceuticals Limited,44,43,0,1,0,43,100.0,97.7
Softhealth Ghana Limited,43,42,0,1,0,43,100.0,97.7
"Oreca Ghana Limited., Accra",42,0,42,8,0,41,100.0,0.0
"Fareast Mercantile Limited., Accra",41,0,41,4,0,40,100.0,0.0
London United Exports,40,40,0,2,0,40,100.0,100.0
"Exeter Pharmaceuticals, Queensgate House 48, Queen Street Exeter Devon Ex43Sr United Kingdom",40,39,0,2,0,35,100.0,97.5
Novartis Ghana Limited,39,39,0,10,0,39,100.0,100.0
Salom Pharmacy Limited,39,34,0,2,22,34,43.6,87.2
"Nestle Gh. Limited., Accra",39,0,37,5,24,30,38.5,0.0
Trade Winds Chemist Limited,38,37,0,2,32,36,15.8,97.4
"Nutrifoods Gh. Limited., Tema",37,0,37,2,34,35,8.1,0.0
Captain Cook Enterprise,37,0,37,1,0,37,100.0,0.0
"Relish Company Limited,Akai Hse 3Rd Street Osu,Accra",35,35,0,1,7,35,80.0,100.0
"K6 Trading Limited., Accra",34,0,30,3,0,34,100.0,0.0
"Maridav Gh. Limited., Accra",34,0,34,8,1,33,97.1,0.0
"Novartis Pharma Ag - Lichtstrasse 35 4056 Basel, Switzerland",34,33,0,6,0,34,100.0,97.1
"Procus Ghana Limited., Accra",34,0,24,5,29,32,14.7,0.0
"Marina Distribution Co. Limited., Accra",33,0,33,10,0,7,100.0,0.0
"Lavina Pharmaceuticals Pvt. Limited, Satra Plaza, Office No.402 Plot No. 19-20, Sector-19 D, Palm Beach Rd, Navi Mumbai, Maharashtra 400703, India",33,32,0,1,0,32,100.0,97.0
Mylan Laboratories Limited,33,33,0,2,1,23,97.0,100.0
Dannex Ayrton Starwin,33,32,0,1,26,33,21.2,97.0
"Trust Link Ventures Limited., Accra",32,0,32,17,0,32,100.0,0.0
Shoprite Gh,32,0,25,2,0,31,100.0,0.0
Letap Pharmaceuticals Limited,32,31,0,2,31,32,3.1,96.9
"Imexco Gh. Limited., Accra",31,0,27,15,0,29,100.0,0.0
New Global Pharmaceutical Limited,31,29,0,1,9,29,71.0,93.5
Addii Biotech Private Limited,31,31,0,1,0,31,100.0,100.0
Sanofi Aventis Nigeria Limited,31,31,0,6,0,30,100.0,100.0
"Cave And Gardens Gh. Limited., Accra",31,0,31,11,0,31,100.0,0.0
Glacio Ghana Limited,31,0,15,2,0,29,100.0,0.0
Pharmatrust Limited - Scc New Weija Gicel,30,30,0,1,0,30,100.0,100.0
Novartis Pharma Services,30,29,0,11,0,26,100.0,96.7
Nps Trading Limited,30,0,11,6,0,29,100.0,0.0
Hetero Labs Limited,30,30,0,1,0,22,100.0,100.0
Knvm Medicare Pvt. Limited,28,27,0,3,1,27,96.4,96.4
The Himalaya Drug Company,28,27,0,1,0,28,100.0,96.4
Shalina Healthcare Dmcc30Th Floor Almas Towersjumeirah Lakes Towersdubaiuae,28,27,0,2,0,28,100.0,96.4
Gokals Limited,28,16,0,1,0,27,100.0,57.1
Ascot Pharmacy Limited,27,22,0,3,1,27,96.3,81.5
"Boehringer Ingelheim International Gmbh - Binger Strasse 173 55216 Ingelheim Am Rhein, Germany",27,27,0,3,0,27,100.0,100.0
"Al-Jabarout Limited., Accra",27,0,25,6,0,27,100.0,0.0
Six Stars Pharmacy Limited,27,27,0,2,0,27,100.0,100.0
"Thakkar Overseas Limited., Accra",27,0,24,10,0,26,100.0,0.0
Krka D.D Šmarješka Cesta,26,25,0,2,0,24,100.0,96.2
"Kwasi Addae Abebrese Ent., Accra",26,0,25,9,0,18,100.0,0.0
Olive Tree Pantry,26,0,26,4,0,26,100.0,0.0
"Don Emilio Limited., Accra",25,0,25,9,0,22,100.0,0.0
"At Ghana Limited, Accra, Ga/R",25,0,25,4,0,24,100.0,0.0
Aura Lifecare Pvt Limited,25,25,0,1,0,22,100.0,100.0
"Tobinco Pharmaceuticals Limited - P. O. Box Gp 13808, Accra-North",25,24,0,1,0,25,100.0,96.0
Shalina Healthcare,25,25,0,2,1,24,96.0,100.0
"Herbalife Ghana Limited No. 12 Una Homes, Airport City, Airport Bp, Gl",25,25,0,2,0,25,100.0,100.0
"London United Export Limited, Luex House",25,25,0,2,0,24,100.0,100.0
"Forewin Gh. Limited., Accra",25,0,20,6,0,17,100.0,0.0
Widama Pharmacy Co. Limited,24,24,0,1,0,24,100.0,100.0
Lymens Medical Supplies Limited,24,24,0,2,2,21,91.7,100.0
Jubaili Agrotec Limited,24,24,0,1,0,21,100.0,100.0
Mokat Chemists Limited P. O. Box Ct,24,0,0,1,0,24,100.0,0.0
"Three Hills Gh. Limited., Accra",24,0,23,6,0,20,100.0,0.0
"Interbrands Gh. Limited., Accra",24,0,23,11,0,24,100.0,0.0
Socomed Pharma Limited No 3 Maruti Paradise Plot No 93-95 Sector -15 Cbd Belapur Navi Mumbai 400614 India,24,24,0,1,0,15,100.0,100.0
"Denk Pharma Gmbh & Co Kg - Prinzregenten Str 79 81675 Munchen, Germany",24,24,0,3,0,24,100.0,100.0
Knad Services Limited,23,0,23,2,0,23,100.0,0.0
Knvm Medicare Private Limited,23,23,0,4,2,14,91.3,100.0
Kofikrom Pharmaceuticals Limited Ssnit Flats A1/4 Dtd Sakumono Estate Comm 13,23,23,0,3,2,20,91.3,100.0
"Plb Global Foods & Beverages Limited., Accra",23,0,22,8,0,23,100.0,0.0
M & G Pharmaceuticals Limited,23,23,0,2,12,23,47.8,100.0
"Forewin Ghana Limited, Accra",23,0,21,12,1,23,95.7,0.0
Rokmer Pharma Limited,23,23,0,1,0,20,100.0,100.0
Freds Bill Limited,23,23,0,1,0,23,100.0,100.0
Adom Mbroso Coldstores Limited,22,0,18,14,0,22,100.0,0.0
Aether Centre,22,22,0,1,0,22,100.0,100.0
"Raju Gh. Limited., Accra",22,0,22,8,1,20,95.5,0.0
"Relish Co. Limited., Accra",22,0,22,14,0,22,100.0,0.0
Indus Lifesciences Pvt. Limited,22,22,0,3,2,19,90.9,100.0
"Dolphin Frozen Foods Limited., Tema",22,0,21,13,0,22,100.0,0.0
Ernest Chemists Limited Gl-116-6030 7Th Floor 215 South Liberation Link Nester Square Airport City P O Box 3345 Accra,22,22,0,0,0,22,100.0,100.0
"Bell, Sons & Co",22,22,0,2,0,22,100.0,100.0
Forever Living Products Ghana Limited,22,22,0,2,0,22,100.0,100.0
"Thornton And Ross Limited - Linthwaite Laboratories Manchester Road Huddersfield Hd7 5Qh United Kingdom , United Kingdom",22,22,0,1,0,5,100.0,100.0
Unichem Industries Limited,22,22,0,2,11,21,50.0,100.0
"All Pharma Limited - P. O Box 1407 Reinzu House Off Mission Street Osu, Ghana",22,22,0,2,0,22,100.0,100.0
"M & G Pharmaceuticals Limited - D446/1, Bannerman Road, James Town Accra",22,22,0,2,12,22,45.5,100.0
"Greenwood Supply., Accra",22,0,12,10,0,14,100.0,0.0
Nutra Healthcare Limited,21,20,0,1,0,21,100.0,95.2
Costless Ventures,21,0,0,1,0,21,100.0,0.0
Jamjoom Pharmaceuticals Company,21,21,0,3,1,16,95.2,100.0
"Maybek Services Limited., Tema",21,0,21,3,0,21,100.0,0.0
"Tokuma Limited. Co., Mankessim, C/R",21,0,20,5,0,21,100.0,0.0
"Eskay Therapeutics Limited - 42 South Lndustrial Area Accra Ghana, Select",21,21,0,2,5,21,76.2,100.0
"Ashvet Ghana Co. Limited., Kumasi, A/R",21,21,0,3,0,21,100.0,100.0
Sdg P Mocent Pharmacy,21,21,0,2,1,21,95.2,100.0
"Menad Ventures., Accra",21,0,21,1,0,21,100.0,0.0
Gr Industries Limited,21,21,0,2,10,21,52.4,100.0
"Cipla Limited, Cipla House Peninsula Business Park, Garpatrao Kadam Mary Lower Parel Mumbai 400013, India",20,20,0,2,0,19,100.0,100.0
"Exeter Health Limited - Queensgate House 48 Queen Street Exeter Devon Ex4 3Sr , United Kingdom",20,20,0,1,0,20,100.0,100.0
Exeter Health Limited,20,18,0,2,0,20,100.0,90.0
"""Bayer West Central Africa S A Ghana Representative Office 9Th Floor Emporium",20,20,0,4,0,20,100.0,100.0
Medreich,20,20,0,2,0,20,100.0,100.0
Vitabiotics Limited 1 Apsley Way London Nw27Hg United Kingdom,20,17,0,1,0,12,100.0,85.0
Ciron Drugs And Pharmaceuticals Pvt. Limited,20,20,0,1,0,18,100.0,100.0
"Troge Medical Gmbh - 19 Milchstrasse 20148 Hamburg , Germany",20,20,0,2,0,20,100.0,100.0
"Izako Limited., Tema",20,0,18,6,0,9,100.0,0.0
"Tradepass Commodities Limited., Accra",20,0,20,8,0,20,100.0,0.0
"Frankatson Limited., Kaneshie",19,17,2,3,0,19,100.0,89.5
"Whitelane Limited., Accra",19,0,16,8,0,18,100.0,0.0
"Multibrands Gh. Limited., Accra",19,0,18,3,0,19,100.0,0.0
"Astrazeneca Uk Limited Charter Way, Macclesfield Sk10 2Na, United Kingdom",19,19,0,4,0,16,100.0,100.0
Shalina Helathcare Ghana Limited,19,19,0,3,0,19,100.0,100.0
"Suave Foods Limited., Accra",19,0,18,3,0,14,100.0,0.0
Glenmark Pharmaceuticals Limited B/2 Mahalaxmi Chambers 22 Bhalabhai Desai,19,19,0,0,0,19,100.0,100.0
"Precious Coldstore Limited. Accra, G/R",19,0,19,3,0,19,100.0,0.0
Roxin Ghana Limited,19,19,0,1,0,19,100.0,100.0
"Melson Supermarket Limited., Accra",19,0,19,6,0,13,100.0,0.0
Samospharma Limited,19,19,0,1,0,19,100.0,100.0
"Say Cheers Limited., Accra",19,0,19,5,0,11,100.0,0.0
"Otsuka Pharmaceutical Limited, Survey No. 199 To",19,19,0,1,0,17,100.0,100.0
Wealth In Limited,18,0,9,2,0,18,100.0,0.0
"V N Commodities Limited., Accra",18,0,10,5,0,18,100.0,0.0
"Gb Pharma Limited - 65 Chatsworth Road London Nw2 4Bg, United Kingdom",18,18,0,1,0,18,100.0,100.0
"Vav Commodities Gh. Limited., Accra",18,0,11,8,0,18,100.0,0.0
"Westco Investment Limited., Accra",18,0,18,7,1,13,94.4,0.0
"Quick & Fine Co. Limited., Accra",18,0,15,5,0,18,100.0,0.0
"Meyer Organics Private Limited - A-177 Road No 16/Z Wagle Estate Thane 400604 Maharashtra , India",18,17,0,1,0,18,100.0,94.4
Yogi Pharmaceuticals Limited - P. O. Box An 8324 Accra North Ghana,18,18,0,1,0,18,100.0,100.0
Hamsglobe Limited,18,12,0,1,0,18,100.0,66.7
"Guinness Ghana Breweries Plc, Accra",18,0,18,6,3,12,83.3,0.0
"Arkadas Ent., Tema",17,0,5,9,0,17,100.0,0.0
"Bulls Arrow Co. Limited., Kumasi, A/R",17,0,16,8,0,16,100.0,0.0
"C.H.F Heron Gh. Limited., Accra",17,0,17,4,0,17,100.0,0.0
Globion India Private Limited,17,16,0,1,0,17,100.0,94.1
Intravenous Infusions Limited,17,17,0,1,15,17,11.8,100.0
"Biotic Company Limitd, 1St Junction, Teshie Nungua Estates",17,17,0,3,0,17,100.0,100.0
Yellow And Orange Pharmacy Limited,17,17,0,1,0,16,100.0,100.0
"Ernest Chemists Limited - Gl-116-6030, 7Th Floor",17,17,0,1,5,17,70.6,100.0
Bharat Serums And Vaccines Limited,17,17,0,2,0,16,100.0,100.0
"K. Sarpong Frozen Foods., Accra",17,0,17,1,17,17,0.0,0.0
"Hamta & Sons Limited., Kumasi, A/R",17,0,13,3,0,15,100.0,0.0
Das Pharma Limited,17,17,0,1,8,17,52.9,100.0
Pharmevo Pvt,16,16,0,2,0,15,100.0,100.0
"Promasidor Gh. Limited., Accra",16,0,16,2,15,12,6.2,0.0
Deza Hwe Trading Limited Company,16,0,10,9,0,16,100.0,0.0
Socomed Pharma Pvt Limited,16,16,0,3,2,10,87.5,100.0
Udvell Therapeutics Private Limited 2 Floor Opp Badminton Academy Doon University Road Dehradun Uttarakhand 248001 India,16,16,0,0,0,16,100.0,100.0
Tobinco Pharmaceutical Limited,16,13,0,1,0,14,100.0,81.2
"F Hoffman La Roche Limited Wurmisweg 4303 Kaiseraugst, Switzerland",16,16,0,1,0,16,100.0,100.0
Jocovet Company Limited,16,16,0,0,0,16,100.0,100.0
"Artirmak Ent., Accra",16,0,4,8,0,16,100.0,0.0
"Carmensita Gh. Limited., Tema, G/R",16,0,16,6,0,16,100.0,0.0
Serum Institute Of India Private Limited,16,16,0,1,0,15,100.0,100.0
"Stedak Marketing Services., Accra",16,0,16,1,0,15,100.0,0.0
Afrique Healthcare Pvt,16,16,0,2,0,16,100.0,100.0
Msd,15,15,0,5,0,14,100.0,100.0
Cedar Point Chemist,15,15,0,1,0,12,100.0,100.0
"Equator Foods Ghana Limited., Accra",15,0,15,1,15,15,0.0,0.0
"Cbl West Africa Limited., Accra",15,0,15,2,14,14,6.7,0.0
Phillips Pharmaceuticals,15,15,0,2,0,10,100.0,100.0
Getz Pharma Pvt Limited,15,15,0,3,0,15,100.0,100.0
"Renie Chemist Limited - 36, Odanata Street, Asylum Down, Accra",15,15,0,2,0,15,100.0,100.0
"Cachet Pharmaceuticals Pvt Limited 415 Shah Nahar Dr E Moses Road Worli Mumbai, Maharashtra 400018 India",15,15,0,1,0,8,100.0,100.0
"Poultrade Co. Limited., Tema",15,0,15,4,0,15,100.0,0.0
"Edmarker Ghana Limited., Accra",15,1,14,1,0,10,100.0,6.7
"Adepa Fishing Co. Limited. Accra, G/R",15,0,15,5,0,15,100.0,0.0
Osons Chemist Limited,15,15,0,1,0,14,100.0,100.0
"Mass Industries, Tema",15,0,14,1,15,15,0.0,0.0
"Deysark Co. Limited., Accra",15,0,15,8,1,12,93.3,0.0
Sandoz Pharmaceutical Dd Verovškova Ulica,15,15,0,2,0,13,100.0,100.0
"West Africa & Gulf Co. Limited., Accra",15,0,15,5,0,14,100.0,0.0
Tema Mill Store Limited,15,0,15,7,0,15,100.0,0.0
"Bacl Gh. Limited., Accra",15,0,15,4,0,12,100.0,0.0
Pharmanova Limited,15,14,0,1,0,15,100.0,93.3
Preet Remedies Limited,15,15,0,1,0,15,100.0,100.0
Axa Parenterals Limited Plot No,15,15,0,1,0,14,100.0,100.0
"Emcure Pharmaceutical Limited Emcure House, T 184, Midc Rd, Bhosari, Pimpri-Chinchwad, Maharashtra 411026, India",14,14,0,1,0,14,100.0,100.0
"Olam Agri Ghana Limited, Accra, Ga/R",14,0,14,4,1,14,92.9,0.0
Oa & J Pharmaceuticals Limited,14,13,0,2,1,14,92.9,92.9
"Atnahs Pharma Uk Limited. - Sovereign House, Miles Gray Road, Basildon, Ss14 3Fr,, United Kingdom",14,11,0,3,0,14,100.0,78.6
Nuri Foods,14,0,14,10,0,14,100.0,0.0
Omer Investment Limited,14,14,0,1,12,14,14.3,100.0
"Double A. Co. Limited., Accra",14,0,14,5,0,14,100.0,0.0
Pfizer Specialities Limitesd 7Th Floor 21 Luggard V Ikoyi Lagos Nigeria,14,14,0,6,0,11,100.0,100.0
"Sky Agro And Aquaculture Solutions Limited., Accra, Ga/R",14,0,14,4,2,14,85.7,0.0
"No Lemon Limited, Takoradi, W/R",14,0,14,5,0,14,100.0,0.0
Akoaka Enterprise,14,0,14,3,0,14,100.0,0.0
"Menkish Impex Limited., Accra",14,0,11,4,0,14,100.0,0.0
"Suncity Farms Limited, Ve Deme, V/R",14,0,14,1,12,11,14.3,0.0
"Pinnacle Lifesciences Pvt. Limited 3Rd Floor, Mahendra Industrial Estate",14,14,0,1,0,14,100.0,100.0
"Net - Zero Frozen Coldstore, Tema G/R",14,0,14,1,0,14,100.0,0.0
Vitabiotics Limited,14,14,0,1,0,14,100.0,100.0
Entrance Pharmaceuticals & Research Centre No 16 Okpoi Gonno Spintex Road Accra,14,14,0,1,11,14,21.4,100.0
"Poultrade Gh. Limited., Tema",14,0,14,7,0,14,100.0,0.0
"Vav Fisheries Ghana Limited, Accra",14,0,9,7,0,14,100.0,0.0
"Maxmart Limited., Accra",14,0,5,2,0,14,100.0,0.0
Parmarts Pharmacy,14,14,0,2,0,11,100.0,100.0
Bristol Foods,14,0,14,10,0,14,100.0,0.0
Egyptian International Pharmaceuticals Industries,14,14,0,1,0,8,100.0,100.0
Crosssphere Foods,14,0,14,10,0,14,100.0,0.0
Frost Vault Foods,14,0,14,10,0,14,100.0,0.0
Pfizer Specialities Ghana Limited .C/O Iqvia,13,13,0,3,0,11,100.0,100.0
"Hills Pharmaceuticals Limited, D470/4 Additrom Road, Adabraka Accra",13,13,0,2,0,13,100.0,100.0
"Indus Life Sciences Private Limited , No 24 1 Subramanian Street 600 018, Abhiramapuram Chennai Tamil Nadu,India",13,13,0,0,0,13,100.0,100.0
"Rebaj Impex Co. Limited., Accra",13,0,11,4,0,11,100.0,0.0
Exphar S.A Avenue Thomas Eddison 105 1402 Thines Belgium,13,13,0,1,0,13,100.0,100.0
"Klamath Co. Gh. Limited., Accra",13,0,7,7,0,13,100.0,0.0
Oaks Pharma,13,13,0,1,0,13,100.0,100.0
"Senes Pharma Co. Limited Michel Camp Road, Cam 2122 Tema/",13,13,0,1,0,12,100.0,100.0
"Unichem Laboratories Limited, Unichem Bharan Prabhat Estate S.V. Road Jogeshwan West Mumbai",13,13,0,1,0,12,100.0,100.0
All Pharma Ghana Limited,13,13,0,2,0,13,100.0,100.0
Dd Nutritions Private Limited Plot No 171 Ground Floor Pocket 10 Sector 24 Rohini Northwest Delhi-110085 India,13,13,0,0,0,13,100.0,100.0
Les Laboratories Servies,13,12,0,2,0,12,100.0,92.3
"Pristine Foods., Accra",13,0,13,1,13,13,0.0,0.0
"Cipla Limited - Cipla House Peninsula Business Park Ganpatrao Kadam Marg Lower Parel Mumbai 400013, India",13,13,0,2,0,13,100.0,100.0
Hpw Fresh & Dry Limited. Off Bawjiase - Adeiso Road. E/R,13,0,13,1,13,13,0.0,0.0
Kepro B.V,13,13,0,1,0,13,100.0,100.0
Base Pharmacy Co. Limited,13,13,0,2,1,13,92.3,100.0
Royal Dach Pharmaceuticals,13,13,0,1,0,13,100.0,100.0
Rolinet Ventures,13,0,0,1,0,13,100.0,0.0
Livestock And Agro Business Services,13,13,0,1,4,13,69.2,100.0
"Emb Foods Limited., Tema",12,0,5,10,0,12,100.0,0.0
Valora Exim Limited,12,0,12,3,0,11,100.0,0.0
Worldwide Healthcare Limited,12,12,0,3,1,10,91.7,100.0
72Nd Pharmacy Limited,12,12,0,2,0,2,100.0,100.0
Beiersdorf Ghana Limited 5Th Floor Grand Oyeeman Building South Liberation Link Airport Commercial,12,0,0,0,0,0,100.0,0.0
Aspee Pharmaceuticals Box 201 Ejisu Ashanti Region,12,10,0,1,6,11,50.0,83.3
"Bedita Pharmacy Limited., Accra",12,12,0,3,0,10,100.0,100.0
"Trance Logistics Limited., Accra",12,0,12,1,0,12,100.0,0.0
"Ob Supply Line Agency, Accra",12,0,11,2,0,12,100.0,0.0
"Forever Living Products - Forever Direct Eu 4751 Xj Oud Gastel Netherlands Uk , United Kingdom",12,12,0,2,0,7,100.0,100.0
"Fan Milk Plc., Accra",12,0,12,2,6,8,50.0,0.0
Mal Titi Chemists Limited,12,12,0,1,7,12,41.7,100.0
Yellow & Orange Pharmaceuticals,12,12,0,1,0,11,100.0,100.0
"Kofikrom Pharmacy Limited - Ssnit Flats A1/4,Dtd Sakumono Estates Community 13,Tema,Ghana, Select",12,12,0,1,0,10,100.0,100.0
Mmc Pharmaceuticals Limited No 113 Visalakshi Street Devi Karumaryamman Nagar Valasaravakam Chennai-600087 India,12,12,0,1,0,12,100.0,100.0
Premium Serums And Vaccines Pvt,12,12,0,1,0,12,100.0,100.0
"Santa Glory Ent., Accra",12,0,12,6,0,12,100.0,0.0
Amponsah Effah Pharmaceuticals Limited P. O. Box,12,12,0,1,6,12,50.0,100.0
Beda Pharmaceuticals Limited,12,12,0,1,9,12,25.0,100.0
Nature'S Way Brands,12,12,0,1,12,12,0.0,100.0
"G.H. Afri Frozen Foods Limited, East Legon, G/R",12,0,12,5,0,12,100.0,0.0
"Gr Industries Limited - 15/5 Valco Road, Heavy Industries Area, Tema, Accra",12,12,0,2,7,12,41.7,100.0
"Fnj Investments Limited., Accra",11,0,11,4,0,11,100.0,0.0
"Bodukwan Multi Fruit Processing Limited., Kumasi, A/R",11,0,11,1,11,11,0.0,0.0
Zifam Pinnacle Pty Limited,11,11,0,1,0,5,100.0,100.0
Hebei Yuanzheng Pharmaceuticals Co. Limited 16 Liuyuang Road Shijiazhuang City Hebei Province - China,11,11,0,1,0,11,100.0,100.0
"Panific Limited., Accra",11,0,11,3,0,11,100.0,0.0
Paapaa Pharm Limited,11,11,0,1,0,11,100.0,100.0
"Mirpuri Inv. Limited., Accra",11,0,9,4,0,10,100.0,0.0
"Kaphils Ent., Nkwanta, O/R",11,0,11,1,11,11,0.0,0.0
Double A Limited - P. O. Box 690 Nungua Accra,11,11,0,1,0,11,100.0,100.0
Saboc Fayden Limited,11,0,11,0,0,0,100.0,0.0
Dutch Farm Int.B.V Niew Walden 112 1394 Pe Nederhost Den Berg.The Netherlands,11,11,0,1,0,11,100.0,100.0
"Salom Pharmacy Limited, P. O. Box 4901, Kumasi",11,11,0,2,1,9,90.9,100.0
O'Nart Pharmacy Limited,11,11,0,1,6,11,45.5,100.0
"Beracah Foods Limited., Tema",11,0,11,7,0,11,100.0,0.0
Maurya Confectionery Limited,11,0,10,1,0,11,100.0,0.0
Ernejoyson Limited,11,11,0,1,0,11,100.0,100.0
"Acadia Industries Limited., Accra",11,0,11,1,11,11,0.0,0.0
Korlyns Pharmaceuticals,11,11,0,4,0,2,100.0,100.0
"La Bianca Co. Limited., Tema",11,0,11,8,3,11,72.7,0.0
Jubaili Agrotec - Nkoransa Off Obuasird,11,11,0,1,0,11,100.0,100.0
Mega Lifesciences Ghana,11,8,0,2,0,8,100.0,72.7
"K3 Agri Farms Limited., Tema",11,0,11,1,0,11,100.0,0.0
Bedita Pharmaceuticals,11,11,0,2,0,10,100.0,100.0
"Bedita Pharmaceuticals - H/No. C410/2 Afram St., Second Road",11,11,0,2,0,11,100.0,100.0
Astrazeneca Uk Limited Silk Road Business Park Charter Way Macclesfield Cheshire Sk 10 2Na United Kingdom,11,11,0,3,0,11,100.0,100.0
Propharm Chemist Limited,11,10,0,1,7,11,36.4,90.9
Kemin Industries Bv Industrial Zone Extension 21 El Salhya El Gbeda Elsharkya Governorate Egypt,11,0,0,1,0,11,100.0,0.0
Asterisks Lifesciences,11,11,0,1,0,11,100.0,100.0
"Kingdom Books And Stationery Limited., Osu",10,0,10,1,0,10,100.0,0.0
"Meyer Organics Pvt Limited, A 177 Road No. 16 Wagle Estate Thane 400 604 Mumbai Maharashtra India",10,10,0,2,1,6,90.0,100.0
"Baoding Sunlight Heib Medicament Co. Limited, No 3881, Great Wall South Street. Baoding City Hebei Province China",10,10,0,1,0,10,100.0,100.0
Delma Pharma Limited,10,10,0,1,0,8,100.0,100.0
"Benyima Farms Limited., Accra",10,0,10,1,9,9,10.0,0.0
Til Healthcare Private Limited,10,10,0,1,0,10,100.0,100.0
Shalina Healthcare Dmcc 30Th Floor Almas Towers Jumeirah Lakes Dubai United Arab Emirates,10,10,0,2,4,10,60.0,100.0
Incepta Pharmaceuticals Limited,10,10,0,1,0,10,100.0,100.0
"Boafowura Limited. Co., Tema",10,0,10,5,0,10,100.0,0.0
Abyak Pharma Limited,10,10,0,2,0,10,100.0,100.0
"Naadukof Vent., Kumasi, A/R",10,0,5,6,0,10,100.0,0.0
"Multipro Private Limited.,Tema",10,0,10,2,0,9,100.0,0.0
"Abimat Frozen Food, Tema",10,0,5,6,0,10,100.0,0.0
Imexco Trading Ventures Limited,10,0,10,4,0,10,100.0,0.0
Pharmanova Limited - P. O. Box At 579 Achimota Accra,10,10,0,2,1,10,90.0,100.0
"Lavina Pharmaceuticals Private Limited - Office No 402 4Th Floor Satra Plaza Plot No 19 20 Sector 19D Vashi Navi Mumbai 400703, India",10,10,0,1,0,10,100.0,100.0
Medexense Biochem,10,10,0,0,0,10,100.0,100.0
"May Awurade Adom Vent., Accra",10,0,6,9,0,10,100.0,0.0
"Isaac Glavi Trading Ent., Tema",10,0,3,6,0,10,100.0,0.0
"Perez Frozen Foods Limited., Accra",10,0,8,7,0,10,100.0,0.0
Big Maron Pharmacy Limited,10,10,0,1,0,6,100.0,100.0
Mvc Pharmaceuticals Limited,10,10,0,1,0,10,100.0,100.0
"Healthy Haven., Accra",10,0,10,1,10,10,0.0,0.0
"Hebei New Century Pharma Co.Limited - No.189 Taihang Street Hi-Tech Zone, Shijiazhuang 050035. Hebei China, China",10,10,0,1,0,10,100.0,100.0
Kems. Wgh Ent. Accra,10,0,1,1,10,10,0.0,0.0
Menzbek Limited,10,10,0,1,0,8,100.0,100.0
Menzbek Africa Co Limited,10,10,0,1,0,9,100.0,100.0
"Vitabiotics Limited1 Apsley Waylondon, Nw2",10,10,0,1,0,5,100.0,100.0
"Vicarchie Gh. Limited., Ho, V/R",10,0,10,0,0,0,100.0,0.0
"Urban Marketplace Limited, Accra",10,0,10,1,0,10,100.0,0.0
"Aj Wholesale & Distribution Limited, Accra",10,0,10,6,0,10,100.0,0.0
"Multi -Pac Limited., Tema",10,0,10,1,6,5,40.0,0.0
"Smayan Healthcare Private Limited. Plot No. 8-9-26-27, Hpsidc, Industrial Area, Davni, Baddi Distt. -Solan",9,9,0,0,0,9,100.0,100.0
Medichem Pharmaceuticals Limited,9,9,0,1,0,3,100.0,100.0
"Ashish Life Sciences Pvt 213 Plaza New Link Road Andheri-Mumbai 400053-Maharashtra, India",9,4,0,1,0,9,100.0,44.4
Astrazeneca Scientific Office,9,9,0,2,0,9,100.0,100.0
Intervet,9,9,0,2,0,9,100.0,100.0
"Strides Shasun Limited Strides House Bilekahalli, Bannerghatta Road, Bangalore 560076, India",9,9,0,3,0,9,100.0,100.0
Intervet S.A,9,9,0,4,0,9,100.0,100.0
"Shalina Healthcare Dmcc - 30Th Floor Alinas Towers Dubai Uae , United Arab Emirates",9,9,0,3,1,9,88.9,100.0
Pfizer Specialities Limited,9,8,0,3,0,9,100.0,88.9
"Godylac Healthy Foods,A/R",9,0,9,1,9,9,0.0,0.0
Ajanta Pharma Limited Ajanta House Charkop Kandivli,9,9,0,1,0,9,100.0,100.0
"Godswill Gedd Ventures, Tema",9,0,6,7,0,9,100.0,0.0
"B. Foster Bakery., Koforidua, E/R",9,0,9,1,9,9,0.0,0.0
Greenwich Therapeutics Limited,9,9,0,1,0,9,100.0,100.0
"Blowchem Industries Limited., Tema",9,0,9,2,6,8,33.3,0.0
"Ti Zaa Din Nani Royal Limited, Gumani, Tamale, N/R",9,0,9,6,0,9,100.0,0.0
T.H Pharmaceuticals Limited,9,6,0,1,0,9,100.0,66.7
Novartis Pharma Ag,9,9,0,3,0,9,100.0,100.0
"Cadila Pharmaceuticals Limited - 1389 Trasad Road Dholka 382 225 Dist Ahmedabad Gujarat State, India",9,9,0,1,0,9,100.0,100.0
Pharmatrust Limited. - Accra,9,9,0,2,4,9,55.6,100.0
Mylan Laboratories Limited - Plot No. 564/A/22,9,9,0,1,0,9,100.0,100.0
"Africa Afro Trading Limited, Accra",9,0,9,7,0,9,100.0,0.0
Ice Sea Ghana Limited,9,0,8,6,0,9,100.0,0.0
"Praiseville Essentials, Tema",9,0,9,3,0,9,100.0,0.0
"Ambvet Biotech Co Limited - 109-112 Door 1 No11 Lasa Rd Nanyingmen Street Heping District Tianjin City, China",9,9,0,1,0,9,100.0,100.0
Hebei New Century Pharmaceutical Co. Limited Taihang Street Shijiazhuang City Hebei Province- China Taihang Street Shijiazhuang City Hebei Province- China,9,9,0,1,0,9,100.0,100.0
Frankabot Pharmaceutical,9,9,0,1,9,9,0.0,100.0
Samkwarth Pharmaceuticals,9,9,0,1,0,9,100.0,100.0
Organon South Africa Pty Limited,9,9,0,4,0,9,100.0,100.0
Genix Pharma,9,9,0,1,0,8,100.0,100.0
"Merck Serono Middle East Fz Limited - Jebel Ali No. Lb09013 Dubai, United Arab Emirates",9,9,0,3,0,9,100.0,100.0
Modi Mudipharma Private Limited,9,9,0,1,0,9,100.0,100.0
Macleods Pharmaceutical Limited,9,8,0,0,0,9,100.0,88.9
Vn Commodities Limited,9,0,6,6,0,9,100.0,0.0
Fourrts India Laboratories Pvt Limited,9,9,0,1,0,9,100.0,100.0
"Imperial Market Access Gh. Limited., Accra",9,0,9,6,0,9,100.0,0.0
"Zeiss Pharmaceuticals Private Limited - Plot No. 72, Epip, Phase-I, Jharmajri, Baddi , Disst. Solan",9,9,0,1,0,9,100.0,100.0
Laboratoire Innotech International,9,8,0,1,0,6,100.0,88.9
"Kent Pharma Limited 22 Red Okai Street Kingsby Road Near Kingsby Hotel-New Achimota Accra,Ghana",8,8,0,0,0,8,100.0,100.0
"Shescave Ent., Accra",8,0,6,7,0,8,100.0,0.0
"Jl Bakery Limited., Accra",8,0,8,1,8,8,0.0,0.0
Sandoz Pharmaceuticals D D,8,8,0,3,0,8,100.0,100.0
"Maurya Foods Limited., Accra",8,0,8,1,8,8,0.0,0.0
Ernejoyson Company Limited - Yass 9 Kasoa New Market,8,6,0,1,0,8,100.0,75.0
Medicamen Biotech Limited,8,8,0,1,0,8,100.0,100.0
Acino Ag Am Windfield 3583714 Mieobach Germany,8,8,0,4,0,6,100.0,100.0
"Kasapreko Co.Limited., Teshie-Nungua",8,0,8,2,6,6,25.0,0.0
"Dexvet Ghana Limited., Accra",8,6,2,1,0,8,100.0,75.0
"Jubaili Agrotec Limited., Kumasi, A/R",8,1,7,3,0,8,100.0,12.5
"Joshmat Foods., Tema",8,0,3,6,0,8,100.0,0.0
"Tsonakle Co. Limited., Accra",8,0,8,1,8,8,0.0,0.0
Hay Foods Limited,8,0,7,2,0,8,100.0,0.0
"Udvell Therapeutics Private Limited - 2 Floor, Opp Badminton Academy Doon University Road, Dehradun,Uttarakhand",8,8,0,1,0,8,100.0,100.0
Rabito Clinic,8,8,0,1,8,8,0.0,100.0
"Bharat Parenterals Limited 144&146 Jarod Samlaya Road, Vill. Haripura, Ta. Savli, Dist. Vadodara 391520 Gujarat, India",8,8,0,1,0,8,100.0,100.0
Lavina Pharmaceuticals Private Limited,8,8,0,1,0,6,100.0,100.0
"Hospitality And Catering Supplies Limited., Accra",8,0,4,1,0,8,100.0,0.0
Allon Health & Pharmacy Limited,8,8,0,1,0,8,100.0,100.0
"Bayswater Industries Limited., Keta, V/R",8,0,2,1,8,8,0.0,0.0
F Hoffman-La Roeche Limited Grenzachestrasse 124 Ch-4070 Basel Switzerland,8,8,0,1,0,6,100.0,100.0
"Ambica Impex Limited., Accra",8,0,5,5,0,4,100.0,0.0
Asaaba Naturalsge-328-1083West Legon,8,0,0,0,0,0,100.0,0.0
"We 2 Sea Foods Co. Limited., Tema",8,0,8,1,0,8,100.0,0.0
Macleods Pharmaceuticals Limited 304 Atlanta Arcade Marol Church Road Andheri East Mumbai 400 059 India,8,8,0,1,0,8,100.0,100.0
Charak Pharma Pvt,8,8,0,1,0,8,100.0,100.0
Bayer East Africa Limited Outering/Thika Ruaraka,8,8,0,1,0,8,100.0,100.0
"Nature Farms Gh. Limited., Accra",8,0,8,1,8,8,0.0,0.0
"Bede Ne Bana Limited Company, Half Assini",8,0,8,7,0,8,100.0,0.0
"Delphi Tech Limited., Tema",8,0,8,1,0,8,100.0,0.0
Trident Lifeline Private Limited,8,8,0,1,0,8,100.0,100.0
"Trident Life Pvt Limited 2001, 2Nd Floor, Apmc Krushi Bazaar, Falsawadi, Ring Road, Surat, Gujarat 395002, India",8,8,0,1,0,8,100.0,100.0
"Sika Kroabea Co. Limited., Tema",8,0,8,4,0,8,100.0,0.0
Surmount Laboratories Pvt Limited A 24003 Gidc Ind Estate Ankleshwar 393002 Gujarat India,8,8,0,1,0,8,100.0,100.0
Vielim Royal Limited,8,0,3,6,0,8,100.0,0.0
Verve Human Care Laboratories,8,8,0,1,0,8,100.0,100.0
"Jeddean Co. Limited. Accra, G/R",8,0,8,6,0,8,100.0,0.0
Rokmer Pharma Limited - P. O. Box Od 435 Odorkor Accra,8,8,0,1,0,8,100.0,100.0
Care View Pharmacy Limited,8,8,0,2,0,8,100.0,100.0
Dps Gmbh Limited - Next To New Kicc Dominion Spintex Road Accra,8,8,0,1,0,8,100.0,100.0
"Dew Foods, Tema",8,0,3,6,0,8,100.0,0.0
Aurobindo Pharma Limited,8,8,0,1,0,8,100.0,100.0
Stallion Laboratories Private Limited,8,8,0,1,0,8,100.0,100.0
Sky Bridge Pharmaceuticals Limited,8,8,0,1,0,8,100.0,100.0
"The B.B. Harrington Vent., Accra",8,0,8,1,0,8,100.0,0.0
Hebei New Century Pharmaceutical Co Limited No 189 Taihang Street Shijiazhuang Hebei China,8,8,0,0,0,8,100.0,100.0
"Bliss Gvs Pharma Limited - 102 Hyde Park Saki Vihar Road Andheri East Mumbai 400072, India",8,8,0,1,0,8,100.0,100.0
"Fairafric Ghana Limited, Amanase Near Suhum, Close To Yayra Glover Ghana Limited, Eo",8,0,8,1,8,8,0.0,0.0
B&O Pharma Zacdela Masquere 500 Rue De 1 Heus 31750 Escalquens France,8,8,0,1,0,7,100.0,100.0
"Frozen Shore, Airport-Accra",8,0,8,6,0,8,100.0,0.0
"Rebeghan Ventures., Accra",8,0,6,5,0,6,100.0,0.0
"Afrizone Market Limited, Accra",8,0,6,1,8,8,0.0,0.0
"Enso Nyame Ye Cold Store Limited., Tema",8,0,5,6,0,8,100.0,0.0
"Magdavis Catering Services, Kaneshie",8,0,6,1,8,8,0.0,0.0
Dimd Ghana Limited,8,0,0,0,0,0,100.0,0.0
Mafricom Ghana Limited,8,0,7,6,0,7,100.0,0.0
"Mr Kitchen Co. Limited., Accra",8,0,8,1,8,8,0.0,0.0
"Vihilda Com. Limited., Accra",8,0,8,1,8,8,0.0,0.0
"Phersons Pharmacy Limited., Accra",8,7,0,1,8,8,0.0,87.5
Vital Pharmacy Limited,8,8,0,1,0,8,100.0,100.0
Star Foods Global Investment Limited,8,0,8,5,0,8,100.0,0.0
Intas Pharmaceuticals Corporate House Near Sola Bndqe Sg Highway Thalty Ahmedabad 380054 Gujarat India,8,8,0,1,0,8,100.0,100.0
"""Maridav Gh Limited",8,8,0,0,0,8,100.0,100.0
Emil Pharmaceutical Industries Private Limited 101 Mangalam Kulupwadi Near National Park Borivali,8,8,0,1,0,8,100.0,100.0
"Feedico Co. Limited., Accra",8,0,8,1,0,8,100.0,0.0
"Zenex Animal Health India Private Limited - 9Th Floor N.G. Tower, Satellite Cross Roads Ahmedabad-380 015, Gujrat, India",7,5,0,1,0,7,100.0,71.4
Pfizer Specialities Limited 7 Barnes Road Farra Avenue Adabraka,7,7,0,3,0,7,100.0,100.0
Abbott Laboratories,7,7,0,2,0,6,100.0,100.0
Atlantic Lifesciences Limited - P. O. Box Pp 103 Prampram,7,7,0,1,7,7,0.0,100.0
Ciron Drugs & Pharmaceuticals Pvt Limited C 1101 1102 Lotus Corporate Park Graham Firth Steel Compound Jay Coach Junction Western Express Highway Goregaon,7,7,0,1,0,7,100.0,100.0
"Exclusive La Foods, Accra",7,0,4,1,3,3,57.1,0.0
"Mac-Arthur Limited. Com., Accra G/A",7,0,7,3,0,7,100.0,0.0
"Charlieboy Ent., Nkawkaw, E/R",7,0,0,6,0,7,100.0,0.0
Multivet Ghana Limited,7,7,0,3,0,7,100.0,100.0
Iona Pharmacy,7,7,0,1,0,7,100.0,100.0
"Prima Pharma - Btm/Bn/42 Borteyman, Accra",7,7,0,1,0,7,100.0,100.0
Wellkind Pharmaceutical Private Limited,7,7,0,1,0,7,100.0,100.0
"Izo S.R.L.A Socio Unico, Via San Zeno 99/A 25124 Brescia Italy",7,7,0,1,0,7,100.0,100.0
Vmd N.V,7,7,0,2,0,7,100.0,100.0
"Stedman Pharmaceuticals Pvt Limited, C-4 Sidco Pharmaceutical Complex, Alathur Thiroponur 603 110, Tanil Nadu, India",7,7,0,1,0,7,100.0,100.0
"Ferrer Internacional, S.A. Gran Via Carlus 94-08028, Barcelona, Spain",7,7,0,1,0,7,100.0,100.0
"Sun City Limited., Accra",7,0,6,4,0,7,100.0,0.0
Golden Tower Limited,7,7,0,1,4,7,42.9,100.0
Gonadosan Distribution Gmbh Romerstrasse 2 6900 Bregenz Austria,7,7,0,0,0,7,100.0,100.0
"Gracepong Enterprise, Accra, Ga/R",7,0,7,0,0,0,100.0,0.0
Aura Pharmaceuticals Pvt Limited 306 A Hain Om Plaza M G Road Borivali,7,7,0,1,0,7,100.0,100.0
"Ck Meat & Seafood, Accra",7,0,7,1,7,7,0.0,0.0
"Ferring Pharmaceuticals Sa, Jordan Abdali Area, Rahik Al Hariri Avenue The Badevard, Jordan",7,6,0,2,0,7,100.0,85.7
Dh Limited Company,7,0,3,6,0,7,100.0,0.0
Atlantic Life Science Limited,7,7,0,1,3,7,57.1,100.0
Atlantic Lifesciences Limited,7,7,0,1,5,7,28.6,100.0
"Pfizer Specialities Limited - 7 Th Floor, Heritage Place",7,7,0,4,0,7,100.0,100.0
"Cave And Gardens Ghana Limited, Accra",7,0,7,2,0,7,100.0,0.0
Modi Mudipharma Private Limited 1400 Modi Tower 98 Nehra Place New Delhi 110019 India,7,7,0,0,0,7,100.0,100.0
Dps Gmbh Limited,7,7,0,1,0,7,100.0,100.0
"B & O Pharm - Zac De La Masquere- 500 Rue De L'Hers- 31750 Escalquens, France",7,7,0,2,0,7,100.0,100.0
"Pegasus Pet Center Limited., Accra",7,0,7,3,0,7,100.0,0.0
"Pepmaster Foods Limited., Tema",7,0,3,1,7,7,0.0,0.0
Procom Logistics Limited,7,0,7,1,0,0,100.0,0.0
"Cherry Pine Farms Limited., Accra",7,0,6,1,4,4,42.9,0.0
"Cheaper Lines Limited., Tarkwa, W/R",7,0,2,5,0,7,100.0,0.0
Aristopharma Limited,7,7,0,0,0,6,100.0,100.0
Principle Healthcare International Limited,7,7,0,1,0,7,100.0,100.0
"Tankwa Bia Vent., Accra",7,0,7,1,7,7,0.0,0.0
"Arla Foods Limited., Tema",7,0,7,3,0,7,100.0,0.0
Artemis Sciences Limited,7,7,0,0,0,7,100.0,100.0
"Stallion Laboratories Private Limited - 8Th Floor, Devpath Behind Lal Bungalow",7,7,0,1,0,7,100.0,100.0
Fountain Foods Limited,7,0,4,1,7,3,0.0,0.0
"Forward Thinkers Farm., Accra",7,0,6,1,7,7,0.0,0.0
"Nkulenu Industries Limited., Accra",7,0,6,1,7,6,0.0,0.0
"Wilmar Africa Limited., Tema",7,0,7,3,3,6,57.1,0.0
"Yew Supplemets. - Plot No-6,At Post Chadoar,Ta-Palanpur 385001,Dist-Bnanskantha,Gujarat, India",7,7,0,1,0,7,100.0,100.0
Innocia Lifesciences Pvt. Limited,7,7,0,0,0,7,100.0,100.0
"A & Z Life Science Limited - Company House No. 24, Yellow Tall Street Cfc Estate, Dome",7,7,0,1,4,7,42.9,100.0
"A Sarps Pharmacy And Cosmetics Limited, East Airport ,Accra-Ghana",7,7,0,0,0,7,100.0,100.0
Geo Medicore Limited,7,7,0,2,2,6,71.4,100.0
Habmay Pharmaceuticals Limited,7,7,0,1,0,7,100.0,100.0
"Almcana Limited., Accra",7,0,7,1,0,5,100.0,0.0
"Ally Commodites Limited., Accra",7,0,3,6,0,7,100.0,0.0
Laprovet S.A.S 7 Rue Du Tertreau,7,5,0,1,0,7,100.0,71.4
Esiko Impex Companyltd,7,0,2,6,0,5,100.0,0.0
Sanbao,7,7,0,1,6,7,14.3,100.0
"Montana Montaire Enterprise, Tema",7,0,7,3,0,7,100.0,0.0
Owford Ventures,7,4,0,1,0,7,100.0,57.1
"Pakro Gh Limited., Accra",7,0,7,1,0,7,100.0,0.0
"Nyastek Ent., Accra",7,0,7,2,1,7,85.7,0.0
"The Wine Croft Limited., Accra",7,0,7,2,0,7,100.0,0.0
"Livestock & Agro Business Services., Accra",7,7,0,1,0,7,100.0,100.0
"Ft Foods Limited, Kumasi,A/R",7,0,7,1,5,5,28.6,0.0
Shreeji Ghana Private Limited Company,7,0,5,1,0,0,100.0,0.0
"G El Makarios Vent. Limited., Accra",7,0,7,1,0,7,100.0,0.0
Bliss Gvs Pharma,7,7,0,1,0,7,100.0,100.0
New Global Phamaceutical Limited,7,0,4,0,0,7,100.0,0.0
"Royal Sweet Limited., Kaneshie",7,0,7,2,5,7,28.6,0.0
"Shore Foods, Airport, G/R",7,0,7,6,0,7,100.0,0.0
"Annes Perfections, Tema",7,0,7,1,7,7,0.0,0.0
"Thali'S Ghana Limited., Accra",7,0,7,2,0,7,100.0,0.0
Cadila Healthcare Pharmaceuticals Limited,7,7,0,1,0,7,100.0,100.0
"Afro Concessions Limited., Accra",7,0,7,3,0,7,100.0,0.0
"Freeze Foods Gh. Limited., Accra",7,0,7,6,0,7,100.0,0.0
Pfizer Specialities Ghana Limited . C/O Iqvia 19 Aviation Road. Airport Residential,7,7,0,2,0,5,100.0,100.0
"Jay Kay Ind. & Inv. Limited., Accra",7,0,7,1,0,2,100.0,0.0
Hetero Labs Limited 7 2 A2 Hetero Corporate Industrial Estates Sanath Nagar Hyderabad 500 018 Telangana India,7,7,0,1,0,7,100.0,100.0
"Maxgringo Production., Accra",7,0,7,2,1,7,85.7,0.0
"Afro Organnics Essentials Limited, Accra",7,0,7,1,7,7,0.0,0.0
"The Lifestyle Unit Limited, Accra",7,0,0,1,7,7,0.0,0.0
Lucky Development Limited,7,7,0,1,0,7,100.0,100.0
Softhealth Ghana Limited P O Box Dt 1210 No 3 Nii Otseame Akushea Street Odorkor Tipper Accra,7,7,0,0,0,7,100.0,100.0
Karla Forjoe Ent,7,0,5,3,1,7,85.7,0.0
Adom Beauty Enterprise,7,0,0,1,7,1,0.0,0.0
"W H & F Frozen Food And Farm Limited. Accra, G/R",7,0,5,5,0,7,100.0,0.0
Vitacura Pharmaceuticals,7,7,0,2,0,7,100.0,100.0
R K D Pharmaceuticals,7,7,0,1,0,7,100.0,100.0
France Mod Enterprise,7,7,0,0,0,7,100.0,100.0
Centurion Laboratories Pvt Limited Plot No. P-2 Savli Biotech Park At Manjusa Tal-Savli,7,7,0,1,0,7,100.0,100.0
Johnson & Johnson - 3Rd Floor Nester Square Building Airport City Accra,7,7,0,1,0,7,100.0,100.0
"Sandview Ent., Accra",7,0,6,1,0,7,100.0,0.0
"Ernest Chemists Limited - Adjacent Provident Towers, Ring Central, Kwame Nkrumah Circle",7,7,0,2,1,7,85.7,100.0
Sama Ace Holding Limited,7,0,7,1,7,7,0.0,0.0
"Tobinco Pharmaceuticals Limited., Accra",7,7,0,1,0,7,100.0,100.0
Amhurst Enterprise,7,0,7,4,0,7,100.0,0.0
"Kamil Maihulla Limited., Accra, G/R",7,0,2,4,0,7,100.0,0.0
"Eterno Trading Ent., Tema",7,0,4,6,0,7,100.0,0.0
Till Healthcare Private Limited,7,7,0,1,0,7,100.0,100.0
"Saga Life Sciences Limited Survey No. 198/12 And 198/3 Chachrawadi Vasna, Ta Sanand, Dist Ahmedabad",7,7,0,1,0,7,100.0,100.0
Sandoz Gmbh Biochemiestrabe 10 6250 Kundi Austria,7,7,0,3,0,7,100.0,100.0
Gilat Chemist Limited,7,7,0,2,1,6,85.7,100.0
"Ebi Foods, Aflao, V/R",7,0,7,1,7,7,0.0,0.0
"Wilaman Investments., Accra",7,0,5,3,0,7,100.0,0.0
"X-Class Solutions Limited., Tema",7,0,5,3,0,6,100.0,0.0
"Wusuaa Frozen Foods, Tema",7,0,6,2,0,7,100.0,0.0
Ceva-Phylaxia Veterinarybiologicals Co Limited H-1107 Budapest Szállás U5 Hungary,6,6,0,2,0,6,100.0,100.0
Queisser Pharma Gmbh & Co Kg Schleswiger Strasse 74 24941 Flensberg Germany,6,6,0,1,0,3,100.0,100.0
"Modtay Co. Limited., Accra",6,0,5,5,1,5,83.3,0.0
Megan Chemist,6,6,0,2,0,6,100.0,100.0
Pfizer Specialties Limited,6,5,0,4,0,6,100.0,83.3
"Goldcoast Food, Herbs & Spices Limited., Kwanyako-Akotsi Rd., C/R",6,0,6,1,5,5,16.7,0.0
"Vymed Pharma Llp 174Gurudatt Society,Waghodia Road,Vadodara 390019 Gujarat India",6,4,0,1,0,6,100.0,66.7
Ivo Ghana Limited,6,0,0,1,0,1,100.0,0.0
Nutrade Limited,6,0,2,4,0,6,100.0,0.0
"Syl Silky Expert, Accra",6,0,6,1,6,6,0.0,0.0
Cheplapharm Arzneimittel Gmbh Ziegelholf 24 17489 Greifswald Germany,6,6,0,1,0,6,100.0,100.0
Chf Heron Ghana Limited,6,0,6,1,0,4,100.0,0.0
"Ice Joy Ghana Limited., Amasaman, E/R",6,0,6,1,6,6,0.0,0.0
"Clemhert Ind. Limited., Tema",6,0,6,1,6,6,0.0,0.0
"Magic Manufacturing And Bottling Limited., Accra",6,0,6,1,6,6,0.0,0.0
Mama G Venray Enterprise,6,0,5,5,1,6,83.3,0.0
Supra Pharma Limited,6,4,0,1,0,6,100.0,66.7
West Africa Container Agency Limited,6,0,3,2,0,6,100.0,0.0
Abbvie,6,6,0,2,0,6,100.0,100.0
Asterisk Life Sciences,6,6,0,1,0,6,100.0,100.0
"Imperial Strategies Limited., Accra",6,0,6,3,0,6,100.0,0.0
"Ikam Plus Co. Limited. Accra, G/R",6,0,6,4,0,6,100.0,0.0
"Nouvelle Parfumerie Gandour Gh. Limited., Accra",6,5,1,1,0,6,100.0,83.3
Norvatis Pharma Ghana Limited,6,6,0,0,0,6,100.0,100.0
Phyllyps Medical Diagnostic Company,6,0,0,1,0,6,100.0,0.0
"Pinabo Ventures, Tema, G/R",6,0,6,5,0,6,100.0,0.0
"Pharmatrust Limited, Scc New Weija Girel",6,6,0,2,1,5,83.3,100.0
Crown Healthcare Limited,6,0,0,2,0,6,100.0,0.0
Mtv Marketing,6,0,0,1,0,6,100.0,0.0
"Fele Alie Limited, Kumasi, A/R",6,0,6,5,0,6,100.0,0.0
Prisma Pharma,6,6,0,1,0,6,100.0,100.0
"Hovid Berhad 121 Jalan Tunku Abdul Rahman 30010 Ipoh Perak, Malaysia",6,6,0,1,0,6,100.0,100.0
"Accra Brewery Plc, Accra",6,0,6,1,0,6,100.0,0.0
Win-Medicare Private Limited 1400 Modi Tower 98 Nehru Place 110 019 New Delhi India,6,6,0,2,0,0,100.0,100.0
Acino Ag Leopoldstrasse 115 80804 Munich Germany,6,6,0,2,0,6,100.0,100.0
"Wellkind Pharmaceutical Private Limited - 46/4, Mahaveer Chowk, Muzaffarnagar, Ncr-Delhi",6,6,0,1,0,6,100.0,100.0
Kilitch Drugs Limited,6,6,0,1,0,6,100.0,100.0
"Novus Industries & Trading Limited, Accra",6,0,6,1,0,6,100.0,0.0
"Sulu Investments Limited, Shed No. 3&4 Free Zone Enclave, Tema, Greater Accra Region",6,0,6,1,6,6,0.0,0.0
Dmkk Enterprise,6,0,1,1,6,6,0.0,0.0
Perfect Pharmaceuticals Limited,6,6,0,1,3,5,50.0,100.0
"Mars Remedies Pvt Limited, Flat No 101 Callie Coine 5 Giribaug Society , Opp Hotel Nilam B/H National Plaza Off R C Dutt Road Alllapuri Vadodara-390007 India",6,6,0,1,0,6,100.0,100.0
"Mary Agoe Adjetey Ent., Accra",6,0,4,4,0,6,100.0,0.0
Phramatrust Limited,6,6,0,1,6,6,0.0,100.0
"Plow E-Mak International Limited., Accra G/A",6,0,6,2,0,6,100.0,0.0
Skant Healthcare Limited 31 Shiv Sagar Estate North Wing Dr Annie Besant Road Worli Mumbai 400018 India,6,6,0,1,0,6,100.0,100.0
"Remax Impex Ventures, Koforidua, E/R",6,0,6,5,0,6,100.0,0.0
"Nissivit Oak Foods., Accra",6,0,6,1,6,6,0.0,0.0
La Renon Healthcare Pvt Limited 207-208 Iscon Elegance Circle P-Prahlad Nagar Cross Roads S.G Highway Ahmedabad 380051 Gujarat India,6,6,0,2,0,4,100.0,100.0
Kubehene Special Accra G/A,6,0,4,1,6,6,0.0,0.0
Bayer West Central Africa,6,6,0,2,0,6,100.0,100.0
Borashee Pharmaceuticals Limited,6,6,0,1,0,6,100.0,100.0
"Datewell Prime Ent., Accra",6,0,4,5,0,6,100.0,0.0
"Hebei Kexing Pharmaceutical Co. Limited - No. 114 Changsheng Street, Luquan Development Zone, China",6,4,0,1,0,6,100.0,66.7
"V.S.S Vent., Accra",6,0,6,1,6,6,0.0,0.0
"Rosswood Co. Limited., Accra",6,0,4,1,6,5,0.0,0.0
Navkar Lifesciences,6,6,0,1,0,4,100.0,100.0
Danadams Pharmaceuticals Industry Limited,6,6,0,1,1,5,83.3,100.0
"Frosty Bite Gh. Limited., Accra, G/R",6,0,6,1,6,6,0.0,0.0
"Palace Shopping Mall, Accra",6,0,4,2,0,1,100.0,0.0
"Jedd Frozen Ent., Tema",6,0,6,2,0,6,100.0,0.0
"Oak Barrels Private Limited., Accra",6,0,6,2,5,6,16.7,0.0
"Glumen Ghana Limited., Accra",6,0,6,1,0,6,100.0,0.0
"Frozytrade Foods, Ahafo, B/R",6,0,3,4,0,6,100.0,0.0
"Janssen Cilag International, Nv Turnhoutseweg 30 Beerse, Belgium",6,6,0,1,0,6,100.0,100.0
"Logexperts Limited., Accra",6,0,6,2,0,6,100.0,0.0
Reiss & Co,6,2,4,3,0,6,100.0,33.3
Herbalife International Luxembourg S A R L 16 Avenue De La Gare L 1610 Luxembourg,6,6,0,2,0,0,100.0,100.0
"Korlyns Therapeutics Limited Linkfield Lane Redhill, Rh11Jl Surrey, England, United Kingdom",6,6,0,1,0,5,100.0,100.0
Cake Boss Catering & Trading Ent,6,0,4,1,6,6,0.0,0.0
"Francis Remedies Private Limited Ville Mandawali Reorhee, India",6,6,0,1,0,6,100.0,100.0
"Northern Dreamz Limited., Tamale, N/R",6,0,2,3,0,6,100.0,0.0
Three Hills Limited,6,0,6,2,0,6,100.0,0.0
Teva Pharmaceuticals Industries Limited,6,6,0,1,0,6,100.0,100.0
"Really Great Brands Limited., Airport",6,0,6,3,0,6,100.0,0.0
"Panacea Pharmaceuticals Limited 138 North Kaneshie, Accra",6,6,0,2,0,4,100.0,100.0
"Hills Extra Ent., Accra",6,0,6,2,0,6,100.0,0.0
"Snf Faustep Ent., Accra",6,0,6,1,6,6,0.0,0.0
"Lindajay Essentials Limited. Accra , G/R",6,0,6,1,6,6,0.0,0.0
Letap Pharmaceutical Limited,6,5,0,3,3,6,50.0,83.3
Medibios Laboratories,6,6,0,1,0,6,100.0,100.0
"Kadd Integrated Farms Limited. Takorawatwen, Afram Plains, E/R",6,0,6,2,2,4,66.7,0.0
"Fairafric Gh. Limited., Accra",6,0,6,1,6,6,0.0,0.0
Legon Trading Company Limited,6,0,6,5,0,6,100.0,0.0
"Samgyem 2022 Ent,Kumasi-A/R",6,0,6,1,0,5,100.0,0.0
"Berwus Trading Enterprise, Kumasi",6,0,6,1,0,6,100.0,0.0
"Fair And Safe Limited,C/O",6,0,6,1,0,6,100.0,0.0
"P.A. Agro Farms Limited, Nkoranza-Nyinase",6,0,6,1,6,6,0.0,0.0
"Ebonu Hyia Limited Company, Half Assin",6,0,5,6,0,6,100.0,0.0
"Eco Feeding Gh. Limited., Tema",6,0,6,1,6,6,0.0,0.0
Shanghai Fosun Pharmaceutical Development Co. Limited Room,6,6,0,1,0,5,100.0,100.0
"Akshan Ent., Tema",6,0,4,6,0,6,100.0,0.0
"Bb Associates Limited., Accra",6,5,0,3,0,6,100.0,83.3
"E. O. Kansarfo Ventures, Adum",6,0,2,2,0,6,100.0,0.0
Health Foresight Pharmacy Limited,6,4,0,1,0,6,100.0,66.7
Biomatrix Healthcare Pvt,6,6,0,1,0,6,100.0,100.0
"Miffy Catering Services, Accra",6,0,6,1,6,6,0.0,0.0
"Trade Post Company Limited, Kumasi A/R",6,0,6,5,0,6,100.0,0.0
Medcourt Pharmacy,6,4,0,1,0,6,100.0,66.7
"Leespec Ent,A/R",6,0,6,1,6,6,0.0,0.0
Geno Pharmaceuticals Pvt. Limited,6,6,0,1,0,6,100.0,100.0
"Neha Food Processing Limited., Accra",6,0,6,4,0,6,100.0,0.0
"Benniesah Co., Limited., Accra",6,0,6,1,6,6,0.0,0.0
"Benjbelle Company Limited, A/R",6,0,6,1,6,6,0.0,0.0
"Alyce Field Plus Ventures, Accra, G/R",6,0,6,2,0,6,100.0,0.0
"Martweva Vent., Accra",6,0,5,1,6,6,0.0,0.0
"First Class Groceries Ent., Accra",6,0,6,1,0,6,100.0,0.0
Covenant Love Cold Store Limited,6,0,2,5,0,6,100.0,0.0
Bedita Pharmacy,6,6,0,2,0,6,100.0,100.0
"7 Seas Foods Limited., Tema",6,0,3,5,0,6,100.0,0.0
"Emasmen Co. Limited, Tema G/R",6,0,6,4,0,6,100.0,0.0
Msn Laboratories Private Limited - Msn House,6,6,0,1,0,6,100.0,100.0
Zoetis Belgium S.A,5,0,0,1,0,5,100.0,0.0
Msn Lab Europe Limited,5,5,0,0,0,5,100.0,100.0
"20Th October Ent., Accra",5,0,0,3,0,5,100.0,0.0
"4U Ghana Co. Limited., Accra",5,0,5,1,5,5,0.0,0.0
"Yven K Ent., Accra",5,0,2,5,0,5,100.0,0.0
"Crystal Fisheries Limited., Tema",5,0,4,4,0,5,100.0,0.0
Investrade Int. Co. Limited,5,0,0,1,0,2,100.0,0.0
"Philkof Ent., Accra",5,0,1,3,0,5,100.0,0.0
"Market Summary Ent., Accra",5,0,5,2,0,5,100.0,0.0
Marine Medicare Pvt. Limited,5,5,0,1,0,5,100.0,100.0
Kepro,5,5,0,1,0,5,100.0,100.0
Gokals-Laborex,5,4,0,3,0,5,100.0,80.0
Good Example Pharmacy Limited,5,5,0,1,0,5,100.0,100.0
Novum Pharma B.V - Keyserswey,5,5,0,1,0,2,100.0,100.0
Sudarshan Pharma Industries Limited 55/547 Mhb Coay Mahavir Nagar Kandivali 20 Mumbai 67 India,5,5,0,1,0,2,100.0,100.0
Omega Meyer Gh Limited,5,5,0,2,0,4,100.0,100.0
"Habmay Pharmacy Limited-Kumasi.,A/R",5,5,0,1,0,5,100.0,100.0
"Hakama Co. Limited., Kumasi, A/R",5,0,5,1,5,5,0.0,0.0
"F&M World Ent. Limited., Accra",5,0,5,5,0,5,100.0,0.0
"K. Marx 37 Ent., Accra",5,0,0,2,0,5,100.0,0.0
"Top Saho Company Limited, Tublukope, Denu, V/R",5,0,4,4,0,5,100.0,0.0
"Fish And Feeds Limited., Tema",5,0,5,1,0,1,100.0,0.0
"Magpye Hub, Accra, Ga/R",5,0,5,0,0,0,100.0,0.0
"Porchrissa Ent. Daasebre Estate, Koforidua",5,0,5,1,5,5,0.0,0.0
"Abukay Cuisine, Accra",5,0,5,1,5,5,0.0,0.0
Weave Ghana Limited,5,0,0,0,0,0,100.0,0.0
"White Universe Limited., Accra",5,0,5,3,0,5,100.0,0.0
"Honeymord Haven., Accra",5,0,5,1,5,5,0.0,0.0
"El-Natural Foods, Accra",5,0,5,1,5,5,0.0,0.0
Ckim Pharma Llp Plot 327 Manpur South Sikkim 737128 India,5,5,0,0,0,5,100.0,100.0
"Maval Foods, Accra",5,0,5,1,5,5,0.0,0.0
Gramundo Investment Limited,5,0,2,3,0,5,100.0,0.0
"Lanoah Esk Limited., Co., Accra",5,0,5,1,0,5,100.0,0.0
Neo Pharma Centre Limited,5,5,0,1,0,5,100.0,100.0
Sdg P Mocent Pharmacy Limited P O Box Ba 355 Bantama,5,5,0,0,0,5,100.0,100.0
Scilife Pharma Private Limited - Plot No. Fd-57/58-A2 Korangi Creek Industrial Park,5,5,0,1,0,5,100.0,100.0
Stereda Pharmaceuticals Limited,5,5,0,2,0,4,100.0,100.0
"Golden Parani Limited Company, Accra",5,0,5,1,5,5,0.0,0.0
"Fenaam Ind. Limited., Accra",5,0,5,1,5,5,0.0,0.0
"Perfect Sail Enterprise, Tema",5,0,5,4,0,5,100.0,0.0
Iron Man Import And Export Limited,5,5,0,0,0,5,100.0,100.0
Acino Pharma Birsweg 24253 Ag Leisberg Switzerland,5,5,0,2,0,5,100.0,100.0
Wendil Hub Ventures,5,0,0,3,0,5,100.0,0.0
Ipca Laboratories Limited P.O Sejavta Ratlam Pin 4657002 Kandivil Ind Estate Mumbai India,5,5,0,1,0,0,100.0,100.0
Wellbiotic Espana,5,5,0,0,0,3,100.0,100.0
"Amisachi Limited., Tema",5,0,3,1,0,5,100.0,0.0
Amigos Commodities,5,0,1,4,0,5,100.0,0.0
"Deol@'S Hub,Accra",5,0,4,1,5,5,0.0,0.0
"Onyx Pharma 17 Pruthvinagar Satara Parisar Aurangabad 431010 Ms, India",5,5,0,0,0,5,100.0,100.0
"Degreat Amp K. Vent., Accra",5,0,5,1,0,5,100.0,0.0
Decadent Frozen Limited,5,0,1,5,0,5,100.0,0.0
Troge Medical,5,4,0,1,0,4,100.0,80.0
"Trust Time Co. Limited, Ashanti Region",5,0,3,4,0,5,100.0,0.0
Alivira Animal Health Limited 301/A Dosti Pinnacle Plot No. E7 Read No. 22 Waggle Industrial Area Thane,5,5,0,1,0,5,100.0,100.0
Ciron Drugs & Pharmaceuticals Pvt Limited,5,5,0,1,0,5,100.0,100.0
Ssa Supplements,5,5,0,0,0,5,100.0,100.0
Sylsam Bakery,5,0,5,0,0,0,100.0,0.0
"Sybadel Sciences Private Limited, B-601, Vedant, Unnatngr",5,5,0,0,0,5,100.0,100.0
"Nova Premiere Vent., Limited., Accra",5,0,5,1,0,5,100.0,0.0
Ge Healthcare,5,5,0,1,0,5,100.0,100.0
Gbt Ventures,5,0,5,0,0,0,100.0,0.0
Beximco Pharmaceuticals Limited 19 Dhammondi P/A,5,5,0,1,0,5,100.0,100.0
"Akyeke Yefe Limited Company, Half Assini, Jomoro W/R",5,0,5,5,0,5,100.0,0.0
"Meridianvault Enterprise, Accra, G/R",5,0,5,4,0,5,100.0,0.0
"Mega Lifesciences - 384 Soi 6 Pattana 3Rdbangpoo Industrial Estate Samutprakarn 10280 Thailand , Thailand",5,5,0,1,0,5,100.0,100.0
Mega Lifesciences,5,5,0,1,0,5,100.0,100.0
"Groital Co. Limited., Accra",5,0,5,1,5,5,0.0,0.0
"Adco Tyre And Trading Co. Limited., Tema",5,0,2,2,3,5,40.0,0.0
Charak Pharmaceuticals Pvt,5,5,0,1,0,5,100.0,100.0
Macleods Pharmaceuticals,5,4,0,1,0,3,100.0,80.0
"Dexvet Ghana Limited, Palm Wine Junction",5,5,0,1,0,5,100.0,100.0
Nutrileague Limited,5,5,0,2,0,5,100.0,100.0
"Tina Yawson Limited., Accra",5,0,5,5,0,5,100.0,0.0
Kama Industries Limited,5,5,0,2,1,5,80.0,100.0
"Big Stars Animal Feed Limited., Tema",5,0,5,1,0,5,100.0,0.0
Samospharma Limited P. O. Box Sk 1213 Sakumono,5,5,0,1,0,5,100.0,100.0
"Extendis Pharma, S.L. - Calle Tres Torres",5,5,0,1,0,5,100.0,100.0
"Exphar S A - Avenue Thomas Edison 1051402 Thines, Belgium",5,5,0,1,0,5,100.0,100.0
"Kmtyw Ent, Mampong, E/R",5,0,5,1,5,5,0.0,0.0
"Pharmacare Limited - Unit 3 Dialog Fleming Way Rh10 9Nq Crawley West Sussex , United Kingdom",5,5,0,1,0,3,100.0,100.0
Pharm Evo Pvt,5,5,0,0,0,5,100.0,100.0
Hm Medics Sas - 10 Rue Maréchal Joffre 06000 Nice France,5,5,0,0,0,5,100.0,100.0
"Mohammed Ali Osuman Ent., Accra",5,0,0,3,0,5,100.0,0.0
Mohammed Addo Ansah,5,0,5,2,0,0,100.0,0.0
B & O Pharma Rm A-522 No 188 Yesheng Road Shanghai 201306 China,5,5,0,1,0,5,100.0,100.0
"Sophia Abundance Grace Ent., Accra, Ga/R",5,0,5,2,4,5,20.0,0.0
Ayrton Drug Manufacturing Limited,5,5,0,0,0,5,100.0,100.0
Aya Herbal Industries,5,5,0,1,0,5,100.0,100.0
Kanorm Organics,5,0,0,1,5,5,0.0,0.0
"Arasselgourment, Accra",5,0,5,1,5,5,0.0,0.0
"Mensavo Christo Co. Limited., Accra",5,0,1,5,0,5,100.0,0.0
"Cerefix Foods Ent., Accra",5,0,5,1,4,4,20.0,0.0
Lika Distribution Ghana Limited,5,0,5,1,0,2,100.0,0.0
"Gabyjoe Co. Limited., Kumasi, A/R",5,0,3,4,0,5,100.0,0.0
"Bixports Limited. Co., Accra",5,0,2,1,0,5,100.0,0.0
"Nasfeg Trading Limited., Accra",5,0,5,2,0,5,100.0,0.0
"Akurasi Freshco Ent., G/R",5,0,5,1,5,5,0.0,0.0
Umedica Laboratories Private Limited 302 Dalamal House J Bajaj Road Nariman Point Mumbai Mahrashtra State India,5,4,0,1,0,5,100.0,80.0
Shanghai Fosun Pharmaceutical Development Co. Limited Building A No. 1289 Yishan Road Shanghai 200233 Pr China,5,5,0,1,0,5,100.0,100.0
Shalina Laboratories Pvt Limited,5,5,0,2,1,5,80.0,100.0
"M.G. Farms & Trading Limited, Accra",5,0,5,1,5,5,0.0,0.0
"Lucky Development Co. Limited., Accra",5,0,0,1,0,5,100.0,0.0
"Rakima Limited, Accra",5,0,5,4,0,5,100.0,0.0
"Vitacura Pharmaceuticals - Plot No.235 2Nd Floor 3Rd Crosss Street Lakshmi Nagar Extension Posur Chennai 600 116 India, India",5,5,0,1,0,5,100.0,100.0
"Adonko Bitters Limited, Kumasi, A/R",5,0,5,1,5,5,0.0,0.0
Waterfront All Services Limited,5,0,5,3,1,5,80.0,0.0
"Wask Food And Beverages Limitedcom.,A/R",5,0,4,1,5,5,0.0,0.0
Glaxosmithkline International,5,5,0,2,0,5,100.0,100.0
Glaxosmithkline Export Limited,5,5,0,2,0,3,100.0,100.0
"Baseline Pharmaceuticals Limited. Opposite The Aayalolo Bus Terminal Near Cocoa House, Tudu",5,5,0,1,0,5,100.0,100.0
Blister Limited,5,5,0,1,0,5,100.0,100.0
"Livealthimage Biopharma Private Limited. 313 Solutaine Plot N0 A1 Sector 1 Midc Ttc Ihd. Avec. Mahape 400710 Naari Mumbai Maharashtra, India",5,5,0,1,0,5,100.0,100.0
"Farbe Firma Private Limited - Plot No: 1508, G.I.D.C., Ankleswar, Gujarat- 393 002, India",5,5,0,1,0,5,100.0,100.0
"Oson`S Chemist Limited., Accra",5,4,1,2,0,5,100.0,80.0
"God On The Mountain, Accra",5,0,2,2,0,1,100.0,0.0
Double F Limited Company,5,0,3,4,0,5,100.0,0.0
Tascong Trust,5,5,0,1,0,5,100.0,100.0
"Tasco Food Ent. Accra, G/R",5,0,3,5,0,5,100.0,0.0
Grey Pacific Gh Limited,5,0,1,5,0,5,100.0,0.0
Tianjin Able Group Limited,5,5,0,1,0,4,100.0,100.0
"Raosi Ventures Limited, Accra G/R",5,0,5,3,0,5,100.0,0.0
"Freelington Ent., Accra",5,0,5,1,0,1,100.0,0.0
Lymezz Pharmacy Limited,5,5,0,1,0,5,100.0,100.0
"Ranov Ent., Accra, Ga/R",5,0,5,3,0,5,100.0,0.0
"Livealth Biopharma Pvt Limited - Regd. Off. - 77, Ratna Jyot Industrial Premises, Irla Gaothan, Vile Parle",5,5,0,1,0,5,100.0,100.0
"Royal Group - Onb-E/2, Mehar Sons Estate, Talpur Road, Karachi-74000, Pakistan",5,5,0,1,0,5,100.0,100.0
"Saliscom Com. Limited., Accra",5,0,5,1,5,5,0.0,0.0
"Menzbek Limited., Accra",5,5,0,1,0,4,100.0,100.0
"Merkot Pharmacy, Kasoa Congo Villa Off Ofankor",5,5,0,1,0,4,100.0,100.0
"Pascraman Limited., Kumasi, A/R",5,0,5,1,0,5,100.0,0.0
"Dahzah Brand Gh. Limited., Accra",5,0,3,1,5,5,0.0,0.0
"Jacfa Limited., Accra",5,0,5,2,0,5,100.0,0.0
"Redachem Industry Gh. Limited., Accra",5,0,5,3,0,5,100.0,0.0
"Newnesscare Inc 1 - 300 Supertest Road, Toronto, On M3J 2M2, Canada",5,5,0,1,0,5,100.0,100.0
"Solak Biochemist Limited ,A/R",5,0,5,1,5,5,0.0,0.0
"Vical Food & Inv. Limited., Accra",5,0,5,1,5,5,0.0,0.0
"Mkr Commodities Limited., Tema",5,0,5,3,0,5,100.0,0.0
Mint Life Pharma Limited,5,5,0,1,2,5,60.0,100.0
"Blue Map Pharmachem - 513-514, Agarwal B2B Centre, Kanch Pada Road, Off. Link Road, Malad",5,5,0,1,0,5,100.0,100.0
"Danafrim Enterprise. Kumasi, A/R",5,0,5,2,0,5,100.0,0.0
Paradise Green Groceries Limited,5,0,0,0,0,0,100.0,0.0
Overseas Health Care Private Limited 335Km Milestone National Highway No 1 P O Box No 25 Phillaur-144 410 Punjab India,5,5,0,0,0,5,100.0,100.0
"Entrance Pharmaceuticals & Research Centre - No 16 Okpoi Gonno Spintex Road Accra, Select",5,5,0,1,5,5,0.0,100.0
Mylan Laboratories Limited No. 19A Plot No 284B/1 Bommasandra Jigani Link Road-Industrial Area Anekal Talukl Bangalore 560105 India,5,5,0,2,0,2,100.0,100.0
"Efama Coldstore Ent. Accra, G/R",5,0,5,5,0,5,100.0,0.0
"Frimsa Foods, Accra ,G/R",5,0,1,4,0,5,100.0,0.0
Frigid Chill,5,0,5,4,0,5,100.0,0.0
"Frieslandcampina West Africa Limited., Accra",5,0,5,1,5,5,0.0,0.0
Feedhomes,5,0,1,5,0,5,100.0,0.0
Palb Pharmaceuticals,5,5,0,1,0,5,100.0,100.0
Danasmax Ent. Accra,5,0,5,1,5,5,0.0,0.0
"Renola Ent., Accra, Ga/R",5,0,5,2,0,5,100.0,0.0
"Bright Foods, Kumasi, A/R",5,0,4,4,0,5,100.0,0.0
"Annaac Prime Limited., Accra",5,0,1,4,0,5,100.0,0.0
"Amhurst Ent., Accra",5,0,5,2,0,5,100.0,0.0
Royal Dach Pharmaceutical,5,5,0,1,0,5,100.0,100.0
Ronak Exim Private Limited,5,5,0,2,0,4,100.0,100.0
Jeh-Roph,5,0,5,1,5,5,0.0,0.0
"Bremon Pharma - 121, The Galleria Mall, Yogi Chowk, Surat- 395010,Gujarat, India",5,5,0,1,0,5,100.0,100.0
Equatorial Healthcare Services Box Dpp F 30/31 Sakomono,5,5,0,1,5,5,0.0,100.0
"Victor Flow Enterprise, C/R",5,0,5,1,5,5,0.0,0.0
"Rkd Pharmaceuticals Llp - Marathon Max Mulund West Mumbai 80, India",5,5,0,1,0,5,100.0,100.0
Boateng Abusua Product Trading Company Limitedge- 354- 7583Dome,5,0,0,0,0,0,100.0,0.0
"Boris B'S Farms & Vertinary Supplies Gh. Limited., Kumasi, A/R",5,0,5,1,0,5,100.0,0.0
Gtg Pharmaceuticals Limited,5,4,0,3,1,4,80.0,80.0
"Gt Foods Limited., Accra",5,0,0,2,0,5,100.0,0.0
"Abbvie Pty Limited - Building 7, Waterfall Corporate Campus",5,5,0,1,0,5,100.0,100.0
"Ask Foods Ent., Accra",5,0,0,1,5,5,0.0,0.0
"Exeter Pharmaceuticals - Queensgate House 48 Queen Street Exeter Devon Ex4 3Sr , United Kingdom",5,5,0,1,0,5,100.0,100.0
"Ziraat, C/R",5,0,5,1,5,5,0.0,0.0
"Pharmasymbiosis Limited. House No. 13 Kofi Asante Ofori Atta Road, Airport",5,5,0,2,0,1,100.0,100.0
Intervet S,5,5,0,2,0,5,100.0,100.0
"Wilsgrow Ghana Limited, Tema, G/R",5,0,5,4,0,5,100.0,0.0
Yogi Care Pharmaceuticals Pvt,5,5,0,0,0,5,100.0,100.0
"Yabolivia Enterprise - P. O Box 7001, Adum Kumasi- Ashanti Region",5,5,0,1,0,5,100.0,100.0
"Conte Healthcare Pvt Limited 23 Shrishti Plaza, Saki Vihar Rd, Powai, Mumbai, Maharastra, India",5,5,0,1,0,5,100.0,100.0
"Conta Healthcare Private Limited. - 203, Shrishti Plaza, Sakivihar Road,Powai, Mumbai, Suburban, Maharashtra 400072, India",5,4,0,1,0,5,100.0,80.0
"Pharmanova Limited - No.3 Okodon Street, Osu Manhean, Accra",5,5,0,2,3,5,40.0,100.0
"Imexco Trading Ventures Limited., Accra",4,0,4,1,0,4,100.0,0.0
"Impact Food Hub Limited., Accra. G/A",4,0,4,1,4,4,0.0,0.0
"Yabolivia Ent., Kumasi, A/R",4,1,2,1,0,1,100.0,25.0
Bedita Pharmaceuticals Accra,4,4,0,1,0,4,100.0,100.0
"Seven Seas Limited - The Heights, Brooklands, Weybridge, Surrey Kt 13 0Xp, United Kingdom",4,4,0,3,0,4,100.0,100.0
"Trident Lifeline Private Limited - Falsawadi Ring Road Surat 395003 Gujarat, India",4,4,0,1,0,4,100.0,100.0
"Altimate Agro Chemical Co. Limited., Accra",4,4,0,0,0,4,100.0,100.0
"Alvanndy Ventures, Awudome Estate",4,0,4,2,0,4,100.0,0.0
Indus Life Sciences Private Limited,4,4,0,1,0,3,100.0,100.0
Expert Pharmaceuticals,4,4,0,0,0,4,100.0,100.0
Astra Investments Limited,4,4,0,1,0,4,100.0,100.0
"Supply Dorm Ventures, Accra",4,0,4,1,4,4,0.0,0.0
"Ascot Pharmacy Limited - St John Tantra Hill Road, Accra, Greater Accra",4,4,0,1,0,4,100.0,100.0
"Asempa Pharmacy, Prempeh Ii Street, Abraham Haick Building, Kumasi",4,4,0,0,0,4,100.0,100.0
Ikemmax Pharmaceuticals Limited,4,0,0,1,0,4,100.0,0.0
Abbott Laboratories S.A,4,4,0,2,0,1,100.0,100.0
Abbvie Pty Limited P.Box 4840 Weitevveden Park 1715 South Africa,4,4,0,1,0,4,100.0,100.0
"Aaams Green Butterfly Busket Ent., Accra",4,0,4,0,0,0,100.0,0.0
"Cresthills Farms Limited, A/R",4,0,4,1,4,4,0.0,0.0
"Crown Meal Ent., Accra",4,0,2,1,4,0,0.0,0.0
"Base Pharmacy Co. Limited. - P. O. Box 034, Osu Accra",4,4,0,1,0,4,100.0,100.0
"Root Foods Company Limited, Accra, Ga/R",4,0,4,0,0,0,100.0,0.0
Vicdoris Pharmaceuticals Limited,4,4,0,2,0,4,100.0,100.0
"Afav Ansah Limited., Accra",4,0,0,1,4,4,0.0,0.0
Vestige Marketing Pvt,4,4,0,0,0,0,100.0,100.0
"Herbalife Of Gh. Limited., Accra",4,4,0,1,0,3,100.0,100.0
"Rockcare Beverages Limited, Suhum, E/R",4,0,4,1,4,4,0.0,0.0
Rockgee Pharmacy Limited,4,4,0,1,0,4,100.0,100.0
"Eazzy Cuisine, Accra",4,0,4,1,4,4,0.0,0.0
"Jays Broth Ent., Accra",4,0,1,1,4,4,0.0,0.0
"Agro Kings Limited., Osu",4,0,1,1,4,3,0.0,0.0
"Frozen Impex,Accra",4,0,4,3,0,4,100.0,0.0
"Frozen Paradise Limited, Tema, G/R",4,0,0,4,0,4,100.0,0.0
"Three Dreamer Manufacturing Co. Limited., Tema",4,0,0,1,4,4,0.0,0.0
Amex Pharmacy Limited,4,0,0,2,0,4,100.0,0.0
Tianshi Health Industry Ent,4,4,0,0,0,4,100.0,100.0
"Tickles Trading, Accra",4,0,4,1,4,4,0.0,0.0
"Ann'S Deedew Foods, Accra",4,0,4,1,4,4,0.0,0.0
"Grower'S Squeeze Ent., Accra, Ga/R",4,0,4,1,4,4,0.0,0.0
Reiss &,4,4,0,1,0,4,100.0,100.0
"Fahdriss Farms, Accra",4,0,4,1,4,4,0.0,0.0
Fatimat Enterprise,4,0,4,1,4,4,0.0,0.0
"Freshland Cold Stores, Accra",4,0,2,4,0,4,100.0,0.0
Vibrant Skin Care & Beauty Line Of Products,4,0,0,0,0,0,100.0,0.0
V.M.D,4,4,0,1,0,4,100.0,100.0
"Unicom Chemist Limited - No. 234, Chabaa Winneba Road. Near, Mallam Junction",4,4,0,0,0,4,100.0,100.0
Ai Naturals Enterprisegm-077-2241Pantang,4,0,0,0,0,0,100.0,0.0
"Unicom Chemist Limited 214 Winneba Road Next To Takoradi Flour Mill Depot, Chaaba Accra, Ghana",4,4,0,0,0,3,100.0,100.0
Uniza Lifecare Private Limited,4,4,0,1,0,4,100.0,100.0
"Das Biz Supply, Accra",4,0,2,1,4,4,0.0,0.0
"Davejerry Impex, Accra",4,0,4,2,0,4,100.0,0.0
"Natura Crest Ent., Accra",4,0,4,1,4,4,0.0,0.0
"Eden Tree Gh. Limited., Accra",4,0,4,1,4,4,0.0,0.0
"Nanas Dea Ent. Accra, G/R",4,0,4,4,0,4,100.0,0.0
"Remie Foods Ventures., Kumasi, A/R",4,0,3,2,0,4,100.0,0.0
Renada Chemist Limited,4,4,0,2,1,4,75.0,100.0
"Longdon Food Enterprise, Accra, G/A",4,0,0,1,4,4,0.0,0.0
"Buzzard Co.Limited., Accra",4,0,4,2,0,4,100.0,0.0
"Cachet Pharmaceuticals Private Limited - 415 Shah Nahar Worli Mumbai 400018 , India",4,4,0,1,0,4,100.0,100.0
B.C Bencyn Pharmacy Limited,4,4,0,1,0,4,100.0,100.0
"Baccara Ent., Accra",4,0,4,2,0,4,100.0,0.0
"Azelis Chemicals Ghana Limited, Abelemkpe Archer Road, Accra-Ghan",4,0,4,2,0,4,100.0,0.0
"Nezer Food Arena., Accra G/A",4,0,1,1,4,4,0.0,0.0
Nissi Pharma Limited,4,4,0,2,2,2,50.0,100.0
Theon Pharmaceuticals Limited,4,4,0,1,0,4,100.0,100.0
The Arab Pesticide And Vertinary Drugs,4,4,0,1,0,4,100.0,100.0
"Kukorica, Accra",4,0,4,1,4,4,0.0,0.0
So-Cvs Investment /Chemist,4,4,0,1,1,4,75.0,100.0
"Glory Saraba Ventures. Tema, G/R",4,0,4,2,0,4,100.0,0.0
Reckitt Benckiser,4,4,0,1,0,4,100.0,100.0
"Lordish Ventures., Accra",4,0,4,1,0,0,100.0,0.0
Virchow Healthcare Pvt Limited,4,4,0,1,0,4,100.0,100.0
Naam Frozen Foods Ventures,4,0,4,4,0,4,100.0,0.0
Naari Pte Limited,4,4,0,1,0,4,100.0,100.0
Maxheal Pharmaceuticals,4,4,0,1,0,4,100.0,100.0
Maxmed Enterprise,4,0,0,1,0,4,100.0,0.0
"Dailyfood Limited., Accra",4,0,4,1,4,4,0.0,0.0
"D'Lorms Limited. Co., Accra",4,0,4,3,0,4,100.0,0.0
"Really Great Brands Limited., Accra",4,0,4,2,0,4,100.0,0.0
"Bayer Representative Office Ghana, 4Th Floor Emporium",4,4,0,1,0,2,100.0,100.0
Rsc Skincare Limited,4,4,0,0,0,4,100.0,100.0
"Bioveta A.S Komenskho 212 68323, Ivanovice Na Haze, Czech Republic",4,4,0,1,0,4,100.0,100.0
Rostrum Pharamcy,4,4,0,0,0,4,100.0,100.0
"Rovink Industries., Accra",4,0,4,1,4,4,0.0,0.0
"G&S Hungry Breads Ghana Limited., Accra",4,0,4,1,4,4,0.0,0.0
"Little Sesame Foods, Tema",4,0,0,4,0,4,100.0,0.0
"Farmers Real Alternate Trading., Accra",4,0,4,4,0,4,100.0,0.0
Pam Pharmaceuticals Limited,4,4,0,1,3,3,25.0,100.0
Vega Biotec Private Limited,4,4,0,1,0,4,100.0,100.0
"Vellinton Healthcare - Village-Rampur Jattan, Trilokpur Road Kala Amb Sirmour",4,4,0,1,0,4,100.0,100.0
"Rebma-Impex Gh. Limited., Accra",4,0,4,3,0,4,100.0,0.0
Lucky Development Limited 9 Feo Eyeo Road North Industrial Area Accra,4,4,0,0,0,4,100.0,100.0
Lupin Limited,4,4,0,1,0,4,100.0,100.0
Lynkopp Limited,4,0,4,1,4,4,0.0,0.0
Fresenius Kabi South Africa Strand 7 Gmbh Point Park 2 Tonetti Street Nudrand South Africa,4,4,0,1,0,0,100.0,100.0
B-Diet Limited,4,0,4,1,4,4,0.0,0.0
"Dd Nutritions Private Limited - Plot No. 171, Ground Floor, Pocket-10, Sector-24, Rohini, North West, Delhi-110085, India",4,4,0,1,0,4,100.0,100.0
"De Heus Ghana Limited., Accra",4,0,4,2,0,4,100.0,0.0
"Mazia Co Ent., Accra",4,0,3,1,4,4,0.0,0.0
"Fareast Mechantile Limited., Accra",4,0,4,2,0,3,100.0,0.0
"Blow Chem Industries Limited., Tema",4,0,4,1,4,4,0.0,0.0
Sika Kroabea Company Limited,4,0,4,4,0,4,100.0,0.0
"Silicon Valley International School, Accra",4,0,4,1,4,4,0.0,0.0
Kyei And Sons Global Trading,4,0,3,1,0,4,100.0,0.0
"Baxter Oncology Gmbh Kantstrabe 233790, Halle Wesfalen, Germany",4,4,0,0,0,4,100.0,100.0
"Koudijs Ghana Limited., Accra",4,0,4,1,4,4,0.0,0.0
"Sogenix Pharma Llp N0 71 Maniti Paradise Plot No 93,-95, Sector 15 Cbd Belapur Navi Mumbai 400614 India",4,4,0,1,0,4,100.0,100.0
Aditya Birla Global Trading,4,0,4,2,0,4,100.0,0.0
Walter Ritter Gmbh,4,4,0,1,0,4,100.0,100.0
"Jada Foods Limited., Tema",4,0,1,4,0,4,100.0,0.0
"Adsey'S Nest, Accra",4,0,4,1,4,4,0.0,0.0
"Aduabapa Foods, Tema",4,0,4,1,4,4,0.0,0.0
"R S Yaso Ventures., Accra",4,0,4,2,0,4,100.0,0.0
"Frank Gokah Ent. Accra, G/R",4,0,4,4,0,4,100.0,0.0
Laboratorios Hipra Sa,4,4,0,0,0,1,100.0,100.0
"Akro Frozen Food Enterprise,Koforidua",4,0,4,3,0,4,100.0,0.0
"Ec & J Global Limited., Tema",4,0,4,1,0,0,100.0,0.0
"Nark'S Base Food, Otamens, Kasoa, C/R",4,0,0,1,4,4,0.0,0.0
"Sabec Foods, A/R",4,0,4,1,4,4,0.0,0.0
"S Kant Healthcare Limited - 3-A Shiv Sagar Estate Dr Annie Besant Road Worli Mumbai - 400018 , India",4,4,0,1,0,4,100.0,100.0
Ganikderma Ghana Limited,4,4,0,2,0,1,100.0,100.0
Faith Cold Store,4,0,4,3,0,4,100.0,0.0
"Chambers Too Much Sauce, Accra",4,0,3,1,4,4,0.0,0.0
"Punjab Co. Limited., Accra",4,0,4,2,2,4,50.0,0.0
"Musu One, Tema",4,0,4,1,4,4,0.0,0.0
Emporio Foods,4,0,3,3,0,4,100.0,0.0
Everything Cacao Gh Limited,4,0,4,1,4,4,0.0,0.0
"Mega Lifesciences Pty Limited - Acn 076 713 392 Victoria 3175, Australia",4,4,0,1,0,4,100.0,100.0
"Ken'S Farm Fresh Ent., A/R",4,0,4,1,4,4,0.0,0.0
"Kitchen Pan, Accra",4,0,4,1,4,4,0.0,0.0
Specialty Beers,4,0,4,1,4,4,0.0,0.0
"Azariansmith Enterprise, Aburi",4,0,3,4,0,4,100.0,0.0
Solution Frozen Foods Ventures,4,0,4,3,0,3,100.0,0.0
"Moi Foods Gh. Limited, Accra",4,0,4,2,0,3,100.0,0.0
"Homefoods Processing And Cannery Limited., Accra",4,0,4,1,4,4,0.0,0.0
Peace Abla Gavor Enterprise,4,0,4,0,0,0,100.0,0.0
"D'Effizzy Trendz, Accra,. G/A",4,0,4,1,4,4,0.0,0.0
Pharma Dynamics,4,4,0,1,0,4,100.0,100.0
"Bhigs Organic Foods Limited, Effiduase, E/R",4,0,0,1,4,4,0.0,0.0
"Legendary Foods Limited, Tema",4,0,4,1,4,4,0.0,0.0
"Salsius Limited., Accra",4,0,4,1,0,3,100.0,0.0
"Safrip Gh. Limited., Accra",4,0,3,4,0,4,100.0,0.0
"Saints Food Ent. Tema, G/R",4,0,1,3,0,4,100.0,0.0
"Nayag Infinity Ent., Koforidua -Old Estates, E/R",4,0,1,1,4,4,0.0,0.0
Til Healthcare Pvt Limited Jhave Center Rafah Annamalai Building 72 Marshall Road Egmire Chennai 60008 India,4,3,0,2,0,4,100.0,75.0
Til Marketing,4,4,0,1,0,4,100.0,100.0
Baron Healthcare Limited,4,0,0,1,0,4,100.0,0.0
"Bb Sweet Eats, Koforidua, E/R",4,0,4,1,4,4,0.0,0.0
"Be Forgiven Ent., Accra",4,0,4,1,4,4,0.0,0.0
"Beacon Source And Services Limited, Accra",4,0,4,4,0,4,100.0,0.0
"Nyame Anoa Bites., Accra",4,0,4,1,4,4,0.0,0.0
"Dikagui Enterprise, Tema, G/R",4,0,4,4,0,4,100.0,0.0
Kofikrom Pharmacy,4,4,0,1,0,3,100.0,100.0
"Kojo Coast 2 Coast Ent., Accra",4,0,4,4,0,0,100.0,0.0
"Koko Plus Foundation., Accra",4,0,4,3,1,4,75.0,0.0
Korde Chemist Limited,4,4,0,1,4,4,0.0,100.0
"Kingsinli Company Limited, Accra",4,0,4,1,0,4,100.0,0.0
Pro-Others Company Limited,4,0,2,3,0,4,100.0,0.0
Profoods Limited,4,0,4,2,0,3,100.0,0.0
"Forever Living Products Ghana Limited Number Ii Kwabena Duffour Road, Airport Residential Area- Accra",4,4,0,1,0,4,100.0,100.0
"Pris - Davi Ventures. P. O. Box 1662, Accra",4,0,4,2,0,4,100.0,0.0
Medibroad Pharma Co. Limited Room 8/10 Jiaxing B'Dg,4,4,0,1,0,4,100.0,100.0
"Ernejoyson Limited, Kasoa, C/R",4,3,1,1,0,4,100.0,75.0
Ernest Ampofo Trading Enterprise,4,0,0,4,0,4,100.0,0.0
Johnson & Johnson Limited Bpk 24/Main Road / Hoofweg 241 Retreate 7945 South Africa,4,4,0,0,0,4,100.0,100.0
Johnson & Johnson Middle East Fz Llc Ghana Branch,4,4,0,2,0,3,100.0,100.0
"Two Thousand Limited., Accra",4,0,2,2,0,4,100.0,0.0
"Bethvida Co. Limited., Accra",4,0,4,0,0,0,100.0,0.0
Berlin Cheme,4,4,0,1,0,2,100.0,100.0
Asanduff Group,4,0,4,1,0,4,100.0,0.0
Ascend Logistics,4,4,0,1,0,0,100.0,100.0
"Suronipa Shipping And Logistics Ghana Limited, New Town",4,0,4,1,0,4,100.0,0.0
Novo Nordisk Kenya,4,4,0,0,0,2,100.0,100.0
"Dollynang Limited, Tema",4,0,4,4,0,4,100.0,0.0
"Axa Parenterals Limited - Plot No 936 937 939 Village Kishanpur Jamalpur Roorkee 247667 District Haridwar Uttarakhand, India",4,4,0,1,0,4,100.0,100.0
"Hoshii International Limited, Nsawam, G/R",4,0,4,1,0,4,100.0,0.0
Mushaban Enterprise,4,0,3,3,0,1,100.0,0.0
Macarthys Laboratories Bampton Road Harold Hill Ramford Rm3 8Ug United Kingdom,4,4,0,1,0,4,100.0,100.0
Macheal Laboratories Limited,4,4,0,1,0,0,100.0,100.0
Prijopharma Limited,4,0,0,0,0,0,100.0,0.0
"Harvest Haven Agripro Limited., Accra",4,0,4,1,0,4,100.0,0.0
Orley Laboratories Private Limited,4,4,0,0,0,4,100.0,100.0
Osamed Green Solution Limited - H/No. Plot,4,4,0,1,0,4,100.0,100.0
"Off-Side Import & Export, Accra",4,0,4,1,0,4,100.0,0.0
"Amnats Local Enterprise, Accra",4,0,4,1,4,0,0.0,0.0
"Tko Frozen Foods Limited., Kumasi, A/R",4,0,1,3,0,4,100.0,0.0
"Gymkeli Ventures, Accra North",4,0,4,1,0,4,100.0,0.0
"Iron Man Supplements, Kojo Thompson Road, Adabraka",4,4,0,1,0,4,100.0,100.0
Isabella Healthcare Services,4,0,0,1,0,4,100.0,0.0
Starr Life Sciences,4,4,0,1,0,4,100.0,100.0
"Summit Alpha International Corporation Limited, Accra, G/R",4,0,4,3,0,4,100.0,0.0
Golden Parani Ent. Accra,4,0,3,1,4,4,0.0,0.0
"Goldenbay Star Co. Limited., Accra",4,0,4,1,0,4,100.0,0.0
Aura Pharmaceutical Private Limited 306 A Hari Om Plaza Mg Road Borivali East Mumbai 400 066 Maharashtra India,4,4,0,1,0,3,100.0,100.0
Debamen Ghana Limited. Accra,4,0,4,2,0,4,100.0,0.0
"Sea Bay Pelagic, Accra",4,0,3,4,0,4,100.0,0.0
East Cantonments Pharmacy Limited No 1 Omega Drive Adabraka Accra,4,1,0,2,0,4,100.0,25.0
Neolife International,4,4,0,0,0,4,100.0,100.0
"Naturaljd Limited., Accra",4,0,4,1,4,4,0.0,0.0
Senes Pharma Co. Limited,4,4,0,1,0,4,100.0,100.0
Sanofi-Aventis,4,4,0,1,0,4,100.0,100.0
Ld Collins & Co Limited,4,4,0,2,0,4,100.0,100.0
Genesis Lifestyle,4,0,0,0,0,0,100.0,0.0
"Genius Baker, Tantra Hills",4,0,4,1,0,4,100.0,0.0
Jos Pharmaceutical Co. Limited,4,4,0,1,0,4,100.0,100.0
"Joswus Ent. Limited., Kumasi, A/R",4,0,4,1,0,4,100.0,0.0
"Kgn Impex Limited., Accra",4,0,3,3,0,4,100.0,0.0
Multinational Business Park Link 384Pech Block 6 Near Union Club Karachi Pakistan,4,4,0,1,0,4,100.0,100.0
N & A Pharmacy Limited J 45 Patase Kumasi,4,4,0,2,0,4,100.0,100.0
"White Volta Limited., Tema",4,0,0,4,0,4,100.0,0.0
"First State Import And Export Limited, Accra, A/R",4,0,4,1,0,4,100.0,0.0
"Amalgamated Feeds Limited., Accra",4,0,4,1,4,4,0.0,0.0
Amanta Healthcare Limited,4,4,0,1,0,4,100.0,100.0
"Amaraq Foods, Tema",4,0,1,4,0,4,100.0,0.0
Laprovet Hungary Veterinary Pharmaceuticals,4,0,0,1,0,4,100.0,0.0
Laprovet S.A.S - 7 Rue Du Tertreau Arche D'Oe,4,4,0,2,0,4,100.0,100.0
"Lasal Frozen Foods, Tema, G/R",4,0,4,3,0,4,100.0,0.0
"Optrade Co. Limited., Accra",4,0,3,2,0,4,100.0,0.0
"Aloha Ent., Accra",4,0,4,1,4,4,0.0,0.0
"Haano Limited., Accra",4,0,4,4,0,4,100.0,0.0
"Olisto Restaurant, Accra, Ga/R",4,0,4,1,4,4,0.0,0.0
Swiss Parenterals Affairs,4,4,0,2,1,4,75.0,100.0
"Gospano Limited. Co., Accra",4,0,3,2,0,4,100.0,0.0
Gp Healthy Bakes & Catering Services Limited,4,0,4,1,4,4,0.0,0.0
"Kenyio Manufacturing Co. Limited., Accra",4,0,4,1,1,1,75.0,0.0
"Cn Terminal Limited. Accra, G/R",4,0,4,3,0,4,100.0,0.0
"Pinnacle Lifesciences Private Limited - 3Rd Floor Mahendra Industrial Area Road No 29 Plot No 109D Sion E Mumbai 400022 , India",4,4,0,1,0,4,100.0,100.0
Indian Herbs Specialities Pvt,4,4,0,1,0,4,100.0,100.0
"Inspiring Lives Consult, Accra, Ga/R",4,0,4,1,4,4,0.0,0.0
"Y-Dan Ent., Accra",4,0,4,1,4,4,0.0,0.0
"30Th Floor, Almas Tower, Jumeirah Lake Towers - Dubai - United Arab Emirates",4,4,0,1,0,4,100.0,100.0
Moon Pharma Ghana Limited Moon P O Box An 8384 Accra-North,4,3,0,1,0,4,100.0,75.0
Zamzam Royal Limited. Tamale N/R,4,0,3,4,0,4,100.0,0.0
"Zein Foods Ventures ,Tema New Town, G/R",4,0,4,3,0,4,100.0,0.0
Moon Pharma Ghana Limited,4,0,0,3,0,4,100.0,0.0
"Emigoh Gh. Limited., Accra",4,0,4,1,4,4,0.0,0.0
Infitco Ghana Limited,4,0,4,1,0,0,100.0,0.0
"Inicio Bd Co. Limited., Accra",3,0,3,1,3,3,0.0,0.0
Impulse Pharma Private Limited,3,3,0,1,0,3,100.0,100.0
A&Z Lifesciences Limited Cfc Estate Dome,3,3,0,1,0,3,100.0,100.0
"12.31 Global Vent., Accra",3,0,3,1,0,3,100.0,0.0
Yogi Care Pharmaceutical Private Limited Office1113 1114 Binori B Square 3 Sindhu Bhavan Road Nr Trade Bulls Bodakdev Ahmedabad Gujarat 380054 India,3,3,0,0,0,3,100.0,100.0
"Yisrael Foods, A/R",3,0,3,1,3,3,0.0,0.0
"5 Gates Ventures. Tema, G/R",3,0,3,2,0,3,100.0,0.0
"Zuvi Pte Limited., Accra",3,0,3,0,0,0,100.0,0.0
"Fine Care Limited., Accra",3,0,3,1,3,3,0.0,0.0
"Copra Trading & Logistics Vent., Accra, G/R",3,0,2,1,3,3,0.0,0.0
"Conyx Mercantile Limited., Accra, Ga/R",3,0,3,1,3,3,0.0,0.0
"Crystal Maador Ventures, Akosombo, E/R",3,0,3,1,3,3,0.0,0.0
Pharmatrust Limited Scc New Weija Gicel Behind Police Station Accra,3,3,0,0,0,3,100.0,100.0
"Complete Farmer Limited., Afram Plains- Maame Krobo",3,0,3,1,3,3,0.0,0.0
Colgate Palmolive Ghana Limited,3,0,0,2,0,3,100.0,0.0
"Wh&F Frozen Food And Farm Limited., Accra",3,0,2,2,0,3,100.0,0.0
"Xo Trading Limited., Accra",3,0,3,2,0,1,100.0,0.0
"Abanga Farms And Food Systems Limited., Accra",3,0,3,2,0,3,100.0,0.0
"Abasakesse Company Limited, Accra, Ga/R",3,0,3,2,2,3,33.3,0.0
"Motc Impex, Accra",3,0,3,2,0,3,100.0,0.0
"Mpad Co. Limited., Tema",3,0,3,1,3,3,0.0,0.0
"Mpampa Cereals, Accra",3,0,3,2,2,3,33.3,0.0
Msi Reproductive Choices,3,2,0,2,0,2,100.0,66.7
"N&J Farms Limited., Accra",3,0,3,1,3,3,0.0,0.0
El Paradis Cosmetic Ghana Limited,3,0,0,0,0,0,100.0,0.0
"Whesoyy Ent., Tema",3,0,3,1,2,2,33.3,0.0
Abott Laboratories,3,3,0,2,0,3,100.0,100.0
"Hush Foods, Accra",3,0,3,1,3,3,0.0,0.0
"Ipca Laboratories Limited - Ipca Laboratories Limited International House 48 Kandivli Ind Estate Kandivli West Mumbai 400 067 , India",3,3,0,1,0,3,100.0,100.0
Ipca Laboratories Limited 48 Kandivli Industrial Estate Kandivli,3,3,0,0,0,3,100.0,100.0
Acon Biotech,3,0,0,1,0,3,100.0,0.0
"Ceva Animal Health, Llc. 8901 Rosehill Rd, Lenexa, Kansas 66215",3,1,0,1,0,3,100.0,33.3
"Pulse Mineral Water Company Limited, Amanfrom",3,0,3,1,0,3,100.0,0.0
"Pure & Fresh Limited., Accra",3,0,3,1,3,3,0.0,0.0
"Peng & Tasty Bakery, Accra",3,0,3,1,3,3,0.0,0.0
"Peace Indo Ghana Limited Plot 43/8, Steel Works Rd., Ind. Area",3,1,0,0,0,1,100.0,33.3
Cup Of Joy Ventures,3,0,3,1,0,3,100.0,0.0
Pfizer Specialties Limited C O Iqvia No 7 Barnes Road Farrar Avenue Adabraka Accra,3,3,0,0,0,3,100.0,100.0
Macleuds Pharmaceuticals Limited 304 Atlanta Arcade Marol Church Road Andheri East Mumbai 400059 India,3,3,0,2,0,2,100.0,100.0
Fourrtis Lab Pvt Limited Avenue Annai Indira Napa-Okkiyam Thoraipakkam Chennai 600097 Tamal Nadis India,3,3,0,1,0,3,100.0,100.0
"Chef Amal Catering, Accra",3,0,3,1,3,3,0.0,0.0
"Cheplapharm Arzneimettel Gmbh - Ziegelhof 24 17489 Greitswald, Germany",3,3,0,2,0,3,100.0,100.0
Champ Impex Limited. Accra,3,0,3,1,0,3,100.0,0.0
Prinlex Pharmacy Limited,3,3,0,1,0,3,100.0,100.0
"Prestige Trade Limited., Accra",3,0,3,3,0,3,100.0,0.0
Macarthys Laboratories Limited,3,3,0,1,0,3,100.0,100.0
"Macks Industries Limited., Accra",3,0,3,1,3,3,0.0,0.0
"Rectrade International Limited., Accra",3,0,3,1,0,3,100.0,0.0
Look-In Accra,3,0,3,0,0,0,100.0,0.0
"Pasto & Brothers Fisheries Limited., Accra",3,0,0,1,0,3,100.0,0.0
"Patthes Organic, Accra",3,0,3,1,3,0,0.0,0.0
"Pan Africa B2B Marketplace Technologies Limited., Accra",3,0,3,1,0,3,100.0,0.0
Panacea Biotech Limited,3,3,0,1,0,0,100.0,100.0
Fresenius Kabi Manufacturing,3,3,0,1,0,3,100.0,100.0
"Rash-Rayyan Catering Services, Accra",3,0,3,1,3,3,0.0,0.0
Careview Pharmacy,3,3,0,0,0,3,100.0,100.0
"Catgina 2022 Ent., Kumasi, A/R",3,0,1,1,0,3,100.0,0.0
"Rafix Impex, Accra",3,0,3,1,3,3,0.0,0.0
"Reejs Co. Limited., Accra",3,0,3,1,0,3,100.0,0.0
"Rabboni Oriental Store., Accra",3,0,3,1,0,3,100.0,0.0
"Maame Sarpomaa'S Catering Services, Odumasi, Sunyani, Bono Region",3,0,3,1,3,3,0.0,0.0
"Francopat Co. Limited., Accra",3,0,3,2,0,3,100.0,0.0
Centurion Laboratories Pvt,3,3,0,1,0,3,100.0,100.0
"Frosty Slogan Enterprise, Tema, G/R",3,0,3,1,0,3,100.0,0.0
"Danco Impex, Teshie Nungua Estate",3,0,3,2,2,3,33.3,0.0
"Dancyn'S Ventures, Accra",3,0,3,1,3,3,0.0,0.0
"Dannex Limited., Accra",3,3,0,1,2,3,33.3,100.0
"Palate Foods Industry Gh. Limited., Accra",3,0,3,1,3,3,0.0,0.0
Palb Pharmaceuticals Limited B9 187 Okumuafo Loop Kaneshie Estate,3,3,0,1,0,3,100.0,100.0
"Farmright Agric Consult, Kasoa, C/R",3,0,3,1,3,3,0.0,0.0
"Max International Inc 102S 200E Suite 610 Saltlake City Utah 84101 ,Usa",3,3,0,1,0,3,100.0,100.0
Livestock & Agro Business Services P. O. Box Co 1123 Tema,3,3,0,0,0,3,100.0,100.0
"Relish Company Limited, Akai House 3Rd Street Osu Ringway Estate P O Box An 5400 Accra",3,3,0,1,0,3,100.0,100.0
Reboboa Enterprise,3,0,0,0,0,0,100.0,0.0
"Bunnies & Pumpkins, Accra",3,0,3,1,0,3,100.0,0.0
Cachet Pharmaceutical Private Limited 415 Shah Nahar Dr E Moses Road 400018 Worli Maharashtra Mumbai India,3,3,0,1,0,3,100.0,100.0
"Cadbury Gh. Limited., Accra",3,0,3,1,3,3,0.0,0.0
"Cadesmee International Com. Limited., Accra",3,0,3,1,3,3,0.0,0.0
Reckitt Benckiser Nigeria Limited,3,3,0,1,0,3,100.0,100.0
Futura Surgicare Pvt,3,0,0,1,0,3,100.0,0.0
"G. Baisel Enterprise, C/R",3,0,2,1,3,2,0.0,0.0
"Liplik Limited., Accra",3,0,3,1,3,3,0.0,0.0
"Farmershaus Ghana Limited, Accra",3,0,3,1,3,3,0.0,0.0
"Palvec Ent., Accra",3,0,3,1,3,3,0.0,0.0
Pam P’Cals,3,3,0,0,0,3,100.0,100.0
Paca 'B' Enterprise,3,0,2,2,0,3,100.0,0.0
"Boisons Trading Enterprise, Korle Gorno, G/R",3,0,3,1,0,3,100.0,0.0
"Bon Arrive Limited., Accra, Ga/R",3,0,3,2,0,3,100.0,0.0
"Blue Skies Juice Gh. Limited., Nsawam, E/R",3,0,3,1,1,1,66.7,0.0
Botanical Benefits,3,3,0,0,0,3,100.0,100.0
"Brandroot Supplies, Accra",3,0,2,1,3,0,0.0,0.0
Reyoung Pharmaceuticals Co. Limited No 1 Ruijang Road Yiyuan County Shandong Province Pr. China,3,1,0,0,0,3,100.0,33.3
"Brence Holdings Limited, Accra",3,0,3,1,3,3,0.0,0.0
"Bristol Laboratories Limited - Unit-3, Canalside, Northbridge Road, Berkhamsted,Hertfordshire, Hp4 1Eg, United Kingdom",3,2,0,0,0,3,100.0,66.7
London United Exports 7 Prothero Gardens London Nw4 3Sf,3,3,0,1,0,3,100.0,100.0
"Gb Foods Ghana Limited, Accra, Ga/R",3,0,2,2,2,3,33.3,0.0
"Lexvee Agro Processing Limited., Saaman, Fanteakwa South",3,0,3,1,3,3,0.0,0.0
Libravo Ent,3,0,3,2,0,3,100.0,0.0
Life 3N Relief,3,0,3,1,0,3,100.0,0.0
Life Essentials Supplements,3,3,0,0,0,3,100.0,100.0
"Linda Mintah Tasty Yummy'S., Accra",3,0,3,1,3,3,0.0,0.0
"Famfretag Ent., Tema",3,0,1,3,0,3,100.0,0.0
"Extreme Organic Products Ent.,Accra",3,0,0,0,0,0,100.0,0.0
"De Don Limited Company, Tuobodom, Bono East Region",3,0,3,1,3,3,0.0,0.0
Blisters Pharmaceuticals,3,3,0,0,0,3,100.0,100.0
Blue Map Pharmachem,3,3,0,1,0,3,100.0,100.0
Royal Optimum Company Limited,3,0,0,0,0,0,100.0,0.0
"Royal Sweets Co. Limited., Kaneshie",3,0,3,2,0,3,100.0,0.0
"Royal Fresh Taste, Accra",3,0,3,1,3,3,0.0,0.0
"Rosequaw Enterprise, Sekondi, W/R",3,0,3,1,0,3,100.0,0.0
"Royal City Co. Limited., Accra",3,0,3,1,3,3,0.0,0.0
Genix Pharma Pvt. Limited,3,3,0,1,0,2,100.0,100.0
"Oscar Impex Limited., Accra",3,0,3,2,0,3,100.0,0.0
"Medical Cure International Limited, Accra",3,0,1,1,0,3,100.0,0.0
"Fair And Safe Limited, Tema, G/R",3,0,3,3,0,3,100.0,0.0
Sandoz Pharmaceuticals D.D - Verovškova Ulica,3,3,0,2,0,3,100.0,100.0
Bf Suma Pharmaceuticals Inc,3,3,0,1,0,3,100.0,100.0
"Bg Gold Ent., Kasoa, C/R",3,0,3,1,3,3,0.0,0.0
"Best Chef Coldstore, Accra Newtown, G/R",3,0,3,3,0,3,100.0,0.0
"Geetorks Company Limited, Tema",3,0,0,1,3,3,0.0,0.0
Laurus Labs Limited,3,3,0,1,0,2,100.0,100.0
Biocon Limited,3,3,0,0,0,0,100.0,100.0
Biological E Limited Plot No. 1 Biotech Park Phase Ii Kolthur Village Shameerpet Medchal India 500078,3,3,0,1,0,0,100.0,100.0
"Sahdo Industries Co. Limited, Pokrom, E/R",3,0,3,1,3,3,0.0,0.0
"Saikirpa Limited, Accra",3,0,3,3,0,3,100.0,0.0
"Salbix Foods, Accra",3,0,3,1,3,3,0.0,0.0
Blessed Obeng Enterprise,3,0,3,1,3,3,0.0,0.0
"Belco Pharma Pvt Limited A3314 Paschim Vihar, New Delhi 110063, India",3,3,0,1,0,3,100.0,100.0
"Ghana Rubber Products Limited., Accra",3,0,3,1,0,3,100.0,0.0
"Giant Foods Ent., Accra",3,0,3,1,3,3,0.0,0.0
"Lanzarote Logistics Limited., Accra",3,0,3,1,0,3,100.0,0.0
"Laprovet. 7 Rue Du Tertreau Arcle D'Oe No. 2, 3Li7390, Notre Dame D'Oe, France",3,3,0,2,0,3,100.0,100.0
"Faa Fresh Proteins, Accra",3,0,3,1,3,3,0.0,0.0
"Meadow Foods, Alhaji Last Stop, Mile",3,0,1,1,2,2,33.3,0.0
Delight Pharmacy,3,3,0,1,0,3,100.0,100.0
"Olus G.A Import & Export Serv., Denu, V/R",3,0,3,1,0,3,100.0,0.0
"Over Organizacion Veterinaria Regional Srl - Alfonsina Storni 680. San Vicente. Santa Fe , Argentina",3,1,0,1,0,3,100.0,33.3
"Sdtm Gh. Limited., Accra",3,0,3,3,0,3,100.0,0.0
"See Fresh Frozen Foods Limited, Tema, G/R",3,0,3,2,0,3,100.0,0.0
"Selasie Farms And Groceries, Accra",3,0,3,1,3,0,0.0,0.0
Senador Laboratories Private Limited Plot 2B 2C Biotech Park Phase Ii Lalgadi Malakpet Medchal Malkajgiri Hyderabad 500101 Telangana India,3,3,0,1,0,3,100.0,100.0
"Sanofi Winthrop Industrie. 180 Rue Jeans 94700, Maison-Alfort, France",3,3,0,1,0,3,100.0,100.0
"Sanpasture Ghana Limited., Accra",3,0,3,1,3,3,0.0,0.0
"Ladylogo Ent.,Accra",3,0,3,1,0,3,100.0,0.0
"Landover Farms Limited, Airport-Accra",3,0,3,1,3,3,0.0,0.0
Girlfarmshub,3,0,3,1,3,3,0.0,0.0
"Dernogo Ent., Accra",3,0,3,1,0,3,100.0,0.0
Ohene Djan Enterprise,3,3,0,1,3,3,0.0,100.0
"Ocm Industries Limited, Gomoa Aboansa, C/R",3,0,3,1,3,3,0.0,0.0
"Obstev Sto Limited., Accra",3,0,2,1,0,3,100.0,0.0
"Ocean Friendly Limited. Accra, G/R",3,0,3,3,0,3,100.0,0.0
Mega Lifescience Pty Limited,3,3,0,1,0,0,100.0,100.0
Exxcell Pharma Limited,3,3,0,1,0,3,100.0,100.0
"Bedibenah Foods & Beverages, Accra",3,0,3,1,3,3,0.0,0.0
"Sgr Food Import & Export Limited, Tema",3,0,1,2,0,3,100.0,0.0
Shea Soul Enterprise,3,0,0,0,0,0,100.0,0.0
"Senes Pharma Co. Limited. - Michel Camp Road, Comm 21/22, Juno, Tema, Ghana",3,3,0,1,0,3,100.0,100.0
"Septemberzgrill10, Accra",3,0,3,1,3,3,0.0,0.0
"Sbc Beverages Gh. Limited., Accra",3,0,3,1,3,3,0.0,0.0
"Kunetco Ent., Sunyani, B/A",3,0,3,1,0,3,100.0,0.0
"Kwahu Root And Fruit Processing Co. Limited., Nkawkaw - E/R",3,0,0,1,3,3,0.0,0.0
Glumex Pharmaceutical Mfg Private Limited,3,3,0,1,0,3,100.0,100.0
Gland Pharma Limited Survey,3,3,0,1,0,3,100.0,100.0
"O.K.D Organic Products Limited., Accra",3,0,3,1,3,3,0.0,0.0
"Nuriche, Accra",3,0,3,1,3,3,0.0,0.0
"Nusetor Foods Limited, Accra G/R",3,0,3,3,0,3,100.0,0.0
"Barrels And Beverages Ent., Accra",3,0,3,1,0,3,100.0,0.0
Glaxosmithkline Consumer Nigeria Plc Rc 8726 1 Industrial Avenue Llupeju Lagos Nigeria,3,3,0,1,0,1,100.0,100.0
"Glaxosmithkline Export Limited., Accra",3,3,0,2,0,3,100.0,100.0
Kwame Duodu Ofori Enterprise,3,0,2,2,0,3,100.0,0.0
Kwick Pharma Limited P O Box Bt,3,3,0,0,0,3,100.0,100.0
Baxter Pharmaceuticals India Private Limited,3,3,0,1,0,3,100.0,100.0
Bayer Schering Pharma Africa Gmbh 30321 Nairobi D0100 Kenya,3,3,0,2,0,3,100.0,100.0
"Sl Impex Limited. Co., Accra",3,0,3,1,0,3,100.0,0.0
"Ladybird Enterprise, Accra G/R",3,0,3,2,0,3,100.0,0.0
Spring Agro Industries Limited,3,0,3,3,1,3,66.7,0.0
"Spring-Forth Foods, Accra",3,0,3,0,0,0,100.0,0.0
Springate Investments,3,0,3,1,0,3,100.0,0.0
Knvm Medicare Private Limited Kh No 959 Udyog Kunj Ghaziabad,3,3,0,0,0,3,100.0,100.0
Medivet Co. Limited,3,2,1,2,0,3,100.0,66.7
"Nutrivine Hub, Accra, Ga/R",3,0,3,1,3,3,0.0,0.0
"Deva Holdings A.S Halkali Merkez Mahallyi, Basm Ekpres Caddeyi",3,3,0,1,0,3,100.0,100.0
"Specialty Beers Gh. Limited., Nsawam Adoagyiri. E/R",3,0,3,1,3,3,0.0,0.0
"Ayisi De Mundi Ent., Accra",3,0,2,1,3,3,0.0,0.0
"Sonite Gh. Limited., Accra",3,0,3,3,0,3,100.0,0.0
"Azelis Chemicals Ghana Limited, Accra",3,0,3,3,0,3,100.0,0.0
"Society For Family Health Internatioal Ghana, 4Th Floor Gulf House, Gulf Street Tetteh Quarshie Accra",3,3,0,1,0,3,100.0,100.0
B.C Benyn Pharmacy Limited,3,3,0,1,1,3,66.7,100.0
"B2 Barika Ent., Accra, Ga/R",3,0,2,2,2,3,33.3,0.0
"Bak Foods & Beverages Ent., Kwabeng, E/R",3,0,3,2,0,3,100.0,0.0
"Skm Pharma Pvt Limited Tf-10 Point Infantry Road Bangalore 560001, India",3,3,0,1,0,3,100.0,100.0
"Keylink Global Exim Private Limited - P.No. 150/1, 3Rd Floor, Shipra Path",3,3,0,1,0,3,100.0,100.0
Keystone Gbs Company Limited,3,0,2,3,0,3,100.0,0.0
Success Lane Company Limited,3,0,3,1,0,3,100.0,0.0
"Ashmate Ent., Accra",3,0,3,1,3,3,0.0,0.0
Ashmo Enterprise. Accra,3,0,3,1,0,3,100.0,0.0
Novo Nordiska/S 3Rd Floor Avenue 5 Rose Avenue Off Lenana Road Killmani,3,3,0,0,0,2,100.0,100.0
Nu Chico Trading Enterprise,3,0,1,2,0,3,100.0,0.0
"Expert Trade Ent., Accra",3,0,3,2,0,3,100.0,0.0
"Strides Pharma Science Limited - Strides House Opp Iimb Bilekahalli 560 076 Bannerghatta Road Bangalore Karnataka India , India",3,3,0,1,0,3,100.0,100.0
"Kinapharma Limited - B920/10 Mausoleum Lane, North Industrial Area, North Kaneshie, Accra",3,3,0,1,3,3,0.0,100.0
Strides Pharma Science Limited Strides House Opp Iimb Bilekahalli 560 076 Bannerghatta Road Bangalore Karnataka India,3,3,0,0,0,3,100.0,100.0
Atlantic Lifesciences Limited - Plot No,3,3,0,1,3,3,0.0,100.0
Starlife Science,3,3,0,1,0,3,100.0,100.0
Starlink Logistics Com. Limited. Accra G/A,3,1,2,2,1,3,66.7,33.3
"Golden Sail Logistics Limited., Accra",3,0,3,2,0,3,100.0,0.0
Sta Service Team Limited,3,0,0,0,0,0,100.0,0.0
"Greenline Juice And Smoothies Limited., Accra",3,0,3,0,0,0,100.0,0.0
Greenwich Therapeutics Limited - Csc Warehouse C No 38 Dadeban Road North Industrial Area Accra,3,3,0,1,0,3,100.0,100.0
"Mega Lifesciences Public Company Limited No. 120, Moo 11, Ample Tower, 9Th-10Th Floor, Bangna-Trad Road, Bangna Bangkok 10260 Thailand",3,3,0,1,0,3,100.0,100.0
"Novo Nordisk Kenya Limited. 7Th Floor, The Convex On Rwerside Lane",3,3,0,1,0,3,100.0,100.0
"Dinnerss Restaurant., Aflao, V/R",3,0,3,1,3,3,0.0,0.0
"Divine Organic Hub, Accra",3,0,3,2,1,3,66.7,0.0
"T.T Brothers Limited., Tema",3,0,3,1,0,3,100.0,0.0
"Granny Pastries Ent., Accra",3,0,3,1,3,3,0.0,0.0
"Gredee Ent., Kumasi, A/R",3,0,3,1,0,3,100.0,0.0
"Kb & Ayeyi Ent., Accra",3,0,3,1,3,3,0.0,0.0
Kej-Mends Craftycakes Services,3,0,2,1,3,3,0.0,0.0
Swiss Parenterals Limited,3,3,0,1,0,2,100.0,100.0
"Sunella Hygienic And Business Ent., Kasoa - Winneba Rd., C/R",3,0,3,1,3,3,0.0,0.0
Sunlife Produktions-Und Vertriebsgsesellschaft Mbh Schierbusch,3,3,0,0,0,3,100.0,100.0
"Sunset Food Processing., Accra",3,0,3,2,2,3,33.3,0.0
"Super Drop Co. Limited., Accra",3,0,3,1,0,3,100.0,0.0
Aptamer Pharma Pvt Limited,3,3,0,1,0,0,100.0,100.0
"Anoah'S Bakery, Nsukwao- Koforidua",3,0,3,1,3,3,0.0,0.0
"Tas Prime Limited., Accra",3,0,3,1,0,3,100.0,0.0
"Tav Veterinaria Sl Diagnonal 6 S Mart Barcelona, Spain",3,3,0,0,0,3,100.0,100.0
"Taytron Enterpprise, Kumasi, A/R",3,0,3,2,0,3,100.0,0.0
"Tc Waakye Joint Limited, Accra",3,0,3,1,3,3,0.0,0.0
"Nkab 37 Plus, Accra",3,0,0,2,0,3,100.0,0.0
"Mega Lifesciences Ghana Limited 8 Dzorwulu Crescent, Dzorwulu, Accra, Ghana",3,3,0,0,0,3,100.0,100.0
"Arasa Inv. Limited., Tema",3,0,3,1,0,3,100.0,0.0
Ara’S Natural Enterprise - Sabonhda Pagsara Road,3,3,0,1,0,3,100.0,100.0
Ara’S Natural Enterprise Sabonhda Pagsara Road Tamale,3,3,0,0,0,3,100.0,100.0
Argobra Ventures,3,0,0,2,0,3,100.0,0.0
Kenheal Healthcare Private Limited,3,3,0,1,0,3,100.0,100.0
"Green Lion Co. Limited., Accra",3,0,3,1,0,1,100.0,0.0
"Green Lion Co. Limited., Tema",3,0,3,2,0,3,100.0,0.0
"Green-9 Company Limited, East Legon, Ghana",3,0,3,2,0,3,100.0,0.0
"Gskya Global Limited., Accra, Ga/R",3,0,3,0,0,0,100.0,0.0
Guilin Pharmaceutical Co Limited No 43 Qilidian Road Guilin 541004 China,3,3,0,1,0,3,100.0,100.0
Esapharma S.R.L,3,3,0,1,0,3,100.0,100.0
"Mepoat Trading Agency Limited., Accra",3,0,3,2,0,3,100.0,0.0
"Merck Serono Limited - 5 New Square Bedfont Lakes Business Park, Feltham, United Kingdom",3,3,0,2,0,3,100.0,100.0
Merck Serono S.P.A Via Delle Magnolie,3,3,0,0,0,3,100.0,100.0
"Nkwa Indigenous Foods Limited., Asuoyaa-Koforidua. E/R",3,0,3,1,3,3,0.0,0.0
"Drushba Veterinary Suppliers Limited., Accra",3,3,0,0,0,3,100.0,100.0
North South Seafood Limited,3,0,3,3,0,3,100.0,0.0
"Theon Pharmaceuticals Limited. - Village: Saini Majra, Teh: Nalagarh, Dist.: Solan-174101",3,3,0,1,0,3,100.0,100.0
The Head Of Regulatory Affairs Vitabiotics Limited 1 Apsley Way London,3,3,0,0,0,3,100.0,100.0
"Tessyesi Ent., Accra",3,0,3,1,3,3,0.0,0.0
"Tianjin Zhongsheng Glory Technology Co Limited - No 16 Huiyuan Road Zhangjiawo Industry Zone Ziqing District Tianjin , China",3,3,0,1,0,3,100.0,100.0
Kasapreko,3,0,3,1,3,3,0.0,0.0
Teva Pharmaceutical Industries Limited,3,3,0,1,0,3,100.0,100.0
"Thakkar Investments, Accra",3,0,3,2,0,3,100.0,0.0
"Gyarko Farms And Foods Limited., Accra",3,0,3,1,3,3,0.0,0.0
Kafnam Company Limited,3,3,0,0,0,3,100.0,100.0
"Neu Ice Enterprise, Accra, G/R",3,0,3,3,0,3,100.0,0.0
Neuron Pharma Pvt Limited,3,3,0,1,0,3,100.0,100.0
"New Global Pharmaceutical Limited - Plot No.1, Light Industrial Area. Accra",3,3,0,1,2,3,33.3,100.0
"New Health Supplies Limited Unit 5 Archdale Business Centre Brember Road Harrow Ha28D7, United Kingdom",3,3,0,1,0,3,100.0,100.0
New Jovakus Ventures,3,0,3,1,0,3,100.0,0.0
Dzifake Ventures,3,0,3,3,0,3,100.0,0.0
Ampscoe Medical And Pharmaceuticals Limited,3,3,0,1,3,3,0.0,100.0
Amuzu Herbal Clinic,3,3,0,1,3,3,0.0,100.0
Anchor Brands Limited 19 Freeland Park Lytchett Matravers Poole Dorset Bh16 6Fh United Kingdom,3,3,0,0,0,3,100.0,100.0
Andyfaith Pharmacy,3,3,0,0,0,3,100.0,100.0
Thornton & Ross Limitedlinthwaite Huddersfieldhd7 5Qhunited Kingdom,3,3,0,1,0,2,100.0,100.0
"Ann Egyir Ventures., Accra",3,0,3,2,0,3,100.0,0.0
Kakela Perish Limited,3,0,3,2,0,3,100.0,0.0
"Group One Commodities Limited., Tema",3,0,3,2,0,3,100.0,0.0
Alivira Animal Health Limited 301/A Dosti Pinnacle Plot No E7 Road No 22 Waggle Industrial Area India,3,3,0,0,0,3,100.0,100.0
Et Frozen Foods Ventures,3,0,3,2,0,3,100.0,0.0
"Etc Agro Ghana Limited.,Accra G/A",3,0,3,1,0,3,100.0,0.0
"All Smoked Limited., Accra",3,0,3,1,3,3,0.0,0.0
"Allie'S Foods Limited., Accra",3,0,3,1,3,3,0.0,0.0
"Jtn Logistics Limited, C/R",3,0,3,2,2,3,33.3,0.0
"Hammyhammy Catering And Decor, Accra",3,0,3,1,3,0,0.0,0.0
"Amajuka Farms, Community One, Tema",3,0,3,1,3,3,0.0,0.0
"True Factory Limited, Nsawam Aduagyiri, E/R",3,0,3,1,3,3,0.0,0.0
"True Oak Ent., Kumasi, A/R",3,0,3,2,0,3,100.0,0.0
K-Mart Groceries And Baby Products,3,0,3,1,0,3,100.0,0.0
"Amasaid Ent., Wa, U/W",3,0,1,1,3,3,0.0,0.0
"Amegh Pharma Private Limited. 602, Jai Krishna Complex",3,3,0,1,0,2,100.0,100.0
Amen Scientific Herbal Clinic,3,3,0,1,3,3,0.0,100.0
Total Family Health Organisation,3,3,0,1,1,3,66.7,100.0
"Kama Industries Limited., Accra",3,3,0,1,1,3,66.7,100.0
Health Site Ghana Limited,3,3,0,1,0,3,100.0,100.0
"Healthy Concepts, Accra",3,0,3,1,3,3,0.0,0.0
"Jocovet Limited. Co., Accra",3,0,3,1,0,3,100.0,0.0
Unosource Pharma,3,3,0,1,0,3,100.0,100.0
"Akomar Ghana Limited., Accra",3,0,3,1,0,0,100.0,0.0
"Akusungil Ent., Bolgatanga, Ue/R",3,0,2,3,0,3,100.0,0.0
Umedica Laboratories Private Limited Plot No 221 Gidc Vapi 396 195 Dist Valsad Gujarat State India,3,3,0,0,0,3,100.0,100.0
Umedica Laboratories Pvt Limited,3,2,0,1,0,3,100.0,66.7
"Edceyonline., Accra",3,0,3,1,0,3,100.0,0.0
"Naple Betta Farms Limited Company, New Dormaa, Sunyani, Bono Region",3,0,3,1,3,3,0.0,0.0
Nappytalia Sowah Kwade Street 36 Trade Fair East Labadi,3,0,0,0,0,0,100.0,0.0
Johnson & Johnson Middle East Fz Llc 3Rd Floor Nester Square Airport City Accra,3,3,0,2,0,2,100.0,100.0
"Jolee Foods, P. O. Box Sk 755 Sakumono Estate, Comm 20 Lashibi",3,0,3,2,0,3,100.0,0.0
"Aladdin Bakery & Snack Bar, Accra",3,0,3,1,3,3,0.0,0.0
"Julienica Co. Limited., Accra",3,0,3,2,0,3,100.0,0.0
Alexiss Ny Enterprise,3,0,1,2,0,2,100.0,0.0
"Helluva Bite, Accra",3,0,3,1,3,3,0.0,0.0
Henrima Catering Service,3,0,3,1,3,3,0.0,0.0
"Jannika Food Processing, A/R",3,0,3,1,3,3,0.0,0.0
Equitas Solutions,3,3,0,1,0,3,100.0,100.0
"Miss-Cookie Limited., Accra",3,0,3,1,3,3,0.0,0.0
"Eat Smart Foods, Accra",3,0,3,1,3,3,0.0,0.0
"Nannes Nhyira Ventures, Teshie Nungua Estate, Accra",3,0,3,2,0,3,100.0,0.0
Ebci Naturals,3,0,3,1,3,3,0.0,0.0
"Agyeman Badu Co. Limited., Kumasi, A/R",3,0,0,2,0,3,100.0,0.0
Vega Biotics,3,3,0,1,0,3,100.0,100.0
Vegagen Uk Limited - The Litton Suite Sheepbridge Business Centre,3,3,0,1,0,3,100.0,100.0
Vegagen Uk Limited The Litton Suite Sheepbridge Business Centre Chesterfield S41 9Ed United Kingdom,3,3,0,0,0,3,100.0,100.0
"Up Juice., Accra",3,0,3,1,3,3,0.0,0.0
"Ag Rose Co. Limited, Woarakose-A/R",3,0,3,1,3,3,0.0,0.0
"Unique A4 Africa Limited., Tema G/R",3,0,3,3,0,3,100.0,0.0
Hebei New Century Pharmaceutical Co Limited No 189 Taihang Street Shijiazhuang City Hebei Province China,3,3,0,1,0,3,100.0,100.0
Japko Investment Limitedkasoa Krispol Citycx,3,0,0,0,0,0,100.0,0.0
Jayden Trading Ventures,3,0,3,2,0,3,100.0,0.0
"Hg Hendy Farms Limited., Accra",3,0,2,1,3,3,0.0,0.0
Hills Pharmaceuticals Limited. Accra,3,2,0,2,0,3,100.0,66.7
"Jachin Foods Industries Limited, Accra",3,0,3,3,0,3,100.0,0.0
Najwad Business Ent,3,0,3,1,3,3,0.0,0.0
"Eg Apps Limited., Accra",3,0,3,1,3,3,0.0,0.0
"Ejonda Ent., Accra",3,0,3,1,0,3,100.0,0.0
Vita Luxe,3,3,0,1,0,3,100.0,100.0
"Vieva Bee Ent., Accra G/A",3,0,3,1,3,3,0.0,0.0
"Agbalenyo-Free Ent., Mafi Kumase, V/R",3,0,3,1,3,3,0.0,0.0
"Ago Aheley Foods, Accra",3,0,3,0,0,0,100.0,0.0
"Agro Africa Limited. P. O. Box Lg Dtd 14. No.3 Boulevard St, West Legon. Behind Forestry Commission",3,0,3,1,0,3,100.0,0.0
"Verano Limited., Kanda Accra",3,0,3,1,0,3,100.0,0.0
Vetabelle Mega Kokomlemle Accra Accra,3,3,0,0,0,3,100.0,100.0
Vetshop Ventures Limited,3,2,0,1,0,3,100.0,66.7
"Vmd N.V. - Hoge Maux 900 2370 Arendonk , Belgium",3,3,0,1,0,3,100.0,100.0
"Hords Limited., Accra",3,0,3,1,3,3,0.0,0.0
"Hospira Australia Pty - 1-39 Lexia Place Mulgrave, Victoria 3170, Australia, Australia",3,3,0,1,0,3,100.0,100.0
"Mvc Pharmaceuticals - Shop No. 1 Ground Floor Parasmani Apt Daheli Bhilad Tal-Umergam Dist Valsad 396105 Gujarat, India",3,3,0,1,0,3,100.0,100.0
Mvc Pharmaceuticals Limited 145B Paresh Complex Kasher Bhiwandi 421302 Mahastra India,3,3,0,0,0,3,100.0,100.0
Msn Laboratories Private Limited Msn House Plot No C 24 Industrial Estate Sanath Nagar Hyderabad 500 018 India,3,3,0,1,0,3,100.0,100.0
"Hernas Ent., Kumasi, A/R",3,0,3,1,0,3,100.0,0.0
"Itw Health Uk Limited - 128 City Road London Ecv1V 2Nx , United Kingdom",3,3,0,1,0,3,100.0,100.0
"Izo S.R.L.A Socio Unico S.S. 234 Per Cremona Km 28, 2-27013, Chignolo Po",3,3,0,1,0,3,100.0,100.0
"Jaljaden Ent,A/R",3,0,3,1,3,3,0.0,0.0
"Aduro Ye Herbal Centre., Obuasi, A/R",3,0,2,2,2,2,33.3,0.0
Vitacura Pharmaceuticals Plot No.235 2Nd Floor 3Rd Crosss Street Lakshmi Nagar Extension Posur Chennai 600 116 India,3,3,0,0,0,3,100.0,100.0
Virchow Healthcare Private Limited,3,3,0,1,0,3,100.0,100.0
"Hipark Ghana Limited., Accra",3,0,3,0,0,0,100.0,0.0
Afford Trading And Distribution,3,0,3,2,0,3,100.0,0.0
"Vigor Bioscience Ghana Limited - Kokomlemle,Accra,Nuumo Yaorte St.Ga-070-7995",3,3,0,1,0,3,100.0,100.0
Coldstore Hub,3,0,3,3,0,3,100.0,0.0
Zifam Pinnacle Pty Limited 24 Long Street Smithfield Nsw 2164 Australia,3,3,0,0,0,3,100.0,100.0
Msn Laboratories Private Limited,3,3,0,1,0,3,100.0,100.0
Emcure Pharmaceuticals Limited T 184 Midc Bhosari Pune 411026 India,3,3,0,0,0,3,100.0,100.0
"Morinston Vent., Accra, Ga/R",3,0,3,1,0,3,100.0,0.0
A. Menarini Manufacturing Logistics And Services,3,3,0,0,0,3,100.0,100.0
"Yakings Ent., Kumasi, A/R",3,0,3,1,3,3,0.0,0.0
Yakubu Abdallah 90 Enterprise,3,0,0,0,0,0,100.0,0.0
"Yozt Limited, Accra",3,0,3,1,3,3,0.0,0.0
72Nd Pharmacy Limited - 72 Nmai Dzorn Road Ashale Botwe Accra,3,3,0,2,0,3,100.0,100.0
"Wise 2 Supplies & Trading Limited, Tema",3,0,3,1,0,3,100.0,0.0
"Win-Medicare Private Limited - 1311, Modi Tower",3,3,0,1,0,3,100.0,100.0
Intravenous Infusion Limited,3,3,0,1,2,3,33.3,100.0
Winner Pharmaceuticals,3,3,0,1,0,3,100.0,100.0
Abm-Al Qibla Limited,3,0,1,1,0,3,100.0,0.0
"Western Beverages Limited, Accra",3,0,3,2,0,3,100.0,0.0
"Prime Dominion Foods Limited., Accra",3,0,3,3,0,3,100.0,0.0
Cilag Ag Hochstrasse 201 8200 Schaffhusen Switzerland,3,3,0,1,0,0,100.0,100.0
"Perfect Personal Care Limited., Accra",3,0,3,2,1,3,66.7,0.0
Ferrer International S A Gran Via Carlos Iii,3,3,0,1,0,3,100.0,100.0
Masters Pharmaceuticals Limited P O Box Up 971 Knust Kumasi,3,3,0,0,0,3,100.0,100.0
"Mawnette, Accra",3,0,3,1,2,2,33.3,0.0
Porter Pharmaceutical Limited,3,3,0,0,0,3,100.0,100.0
"Post Genexix International Limited., Accra",3,0,3,1,3,3,0.0,0.0
"Foremost Integrated Enterprise Limited. Teshie, Accra",3,0,3,3,0,3,100.0,0.0
"Mabson Enterprise, Accra",3,0,0,1,3,3,0.0,0.0
"Florico Processing Ent., Accra",3,0,3,1,3,3,0.0,0.0
Flourishzone Trading Ent. Accra,3,0,3,1,0,3,100.0,0.0
"Cocoa Processing Co. Limited., Tema",3,0,3,1,3,3,0.0,0.0
Pink Lemon Organics,3,0,3,1,3,3,0.0,0.0
Mapan Medical Supplies,3,0,0,1,0,3,100.0,0.0
"Coldfusion Foods & Beverages., Accra",3,0,3,1,3,3,0.0,0.0
"""Indus Life Sciences Private Limited - No 24 1 Subramanian Street 600 018 Abhiramapuram Chennai Tamil Nadu India , India""",2,2,0,1,0,2,100.0,100.0
Zanza Specials International Limited - Unit,2,2,0,1,0,2,100.0,100.0
"Y.A 17 Enterprise. H/No. Nyt/038 Near Berekum Cemetry, Nyame Tease. Berekum Bono Region",2,0,2,1,2,2,0.0,0.0
A-Simtina Enterprise C/O Holy Cross Parish Church,2,0,2,1,2,2,0.0,0.0
A-Sarps Pharmacy & Cosmetics Limited 3 Kojo Soro Street Near Palace Mall Spintex East Airport Accra,2,2,0,0,0,2,100.0,100.0
Yiba Fresh Catering Services,2,0,2,1,2,2,0.0,0.0
Imaginario Company Limited,2,0,2,2,0,2,100.0,0.0
"Infant Prodigy Ventures., Kumasi, A/R",2,0,2,1,0,2,100.0,0.0
"Invess Agriculture Limited., Accra",2,0,2,2,0,2,100.0,0.0
Intravenous Infusions Plc,2,2,0,1,2,2,0.0,100.0
"Intervet International Bv Wim De Korverstrait 35 5831 An Boxneer, The Netherlands",2,2,0,1,0,2,100.0,100.0
International Health Care Limited,2,2,0,0,0,2,100.0,100.0
"Wow Mineral Ice, Accra",2,0,2,1,2,2,0.0,0.0
"Wosmig Limited Com., Accra",2,0,2,1,2,2,0.0,0.0
"Woodie'S Tissues And Trade Hub, Accra",2,0,2,1,2,2,0.0,0.0
"Abak Co. Limited., Accra",2,0,2,2,0,2,100.0,0.0
"Ab'S Beekeepers Honey. Plot 95/H Gnat Village Baakoniaba, Sunyani Bono Region",2,0,2,1,2,2,0.0,0.0
"Abok Spices, Cape Coast, C/R",2,0,2,1,0,1,100.0,0.0
"Eemaninc, Accra",2,0,0,1,2,2,0.0,0.0
Edzieba Pharmacy Limited - P. O. Box 36 Effiduase Asokore. Ashanti Region,2,2,0,1,2,2,0.0,100.0
Nadeska Venturesga-393-494426 Yaboi Apiakai Streetabeka Lapaz,2,0,0,0,0,0,100.0,0.0
"Nabanco Vent., Accra",2,0,2,1,2,2,0.0,0.0
"Minakwess Limited. Accra, G/R",2,0,2,2,0,2,100.0,0.0
"Monarch Organic Farm, Ho, V/R",2,0,2,1,2,2,0.0,0.0
"Moli Perkins Limited, Bepong - Kwahu , E/R. Block No. 5/10, School Complex",2,0,2,1,2,2,0.0,0.0
Mobius Healthcare Limited,2,2,0,1,0,2,100.0,100.0
"Emyaad Group Limited., Kasoa, C/R",2,0,2,1,2,2,0.0,0.0
"Empire Bd Limited., Accra G/R",2,0,2,2,0,2,100.0,0.0
"El Thai Frozen Products Limited, Accra, G/R",2,0,2,1,0,2,100.0,0.0
"Multivet Gh. Limited., Accra",2,2,0,1,0,2,100.0,100.0
N&A Pharmacy Limited - J 45 Patase Kumasi,2,2,0,1,0,2,100.0,100.0
"N & N Crystals Co., Limited., Accra",2,0,2,0,0,0,100.0,0.0
N & A Pharmacy,2,2,0,1,0,2,100.0,100.0
"Mt Top Trader, Accra",2,0,2,1,0,2,100.0,0.0
"Naadjin Inv. Limited., Accra",2,0,2,1,0,1,100.0,0.0
"Nansu Apex, Hohoe, V/R",2,0,2,1,2,2,0.0,0.0
"Nankani & Hagan Limited., Accra",2,0,2,2,0,2,100.0,0.0
Nana Amma Moore Enterprise,2,0,0,2,0,1,100.0,0.0
Nambico Ventures,2,2,0,1,2,0,0.0,100.0
Nakoasis Trading And Exports Limited,2,0,2,2,0,2,100.0,0.0
"Edmak Zaps., Accra",2,0,0,1,2,2,0.0,0.0
"Edlizer Enterprise. P. O. Box 1574, Dansomsn Accra. Kw/B/14 Kwabenya",2,0,2,1,2,2,0.0,0.0
"Eden Orchards Catering Serv., Nsawam, E/R",2,0,2,1,2,2,0.0,0.0
Eden Optimum,2,0,2,1,2,2,0.0,0.0
Micro Labs Limited,2,2,0,0,0,2,100.0,100.0
"Mirensah Royal Ent., Accra",2,0,2,1,2,2,0.0,0.0
"Minarh Ent., Accra",2,0,2,1,2,2,0.0,0.0
"Epic Water Ent,A/R",2,0,2,1,2,2,0.0,0.0
"Eno'S Organics., Accra",2,0,0,1,2,2,0.0,0.0
"Mydda Enterprise., Accra",2,0,2,1,2,2,0.0,0.0
"Nature'S Nourish, Accra",2,0,2,1,2,2,0.0,0.0
Naturalin Company,2,2,0,1,2,2,0.0,100.0
"Nektasso Limited Co., G/R",2,0,2,1,0,2,100.0,0.0
"Nda Natural, Accra",2,0,2,1,2,2,0.0,0.0
"Nazareth Logistics Limited., Tema",2,0,0,2,0,0,100.0,0.0
"Easy Snails, Accra",2,0,2,1,2,2,0.0,0.0
"Eadoma Ventures., Accra",2,0,2,2,1,2,50.0,0.0
"Mimshach Shin Limited. Co., Accra",2,0,2,1,0,2,100.0,0.0
"Millennium Ohs Industries., Accra",2,0,2,1,2,2,0.0,0.0
"Milk Maid Lactation Treats., Accra",2,0,2,1,2,2,0.0,0.0
Milan Laboratories Pvt,2,2,0,1,0,2,100.0,100.0
Mifosu Laboratories Limited,2,2,0,1,0,2,100.0,100.0
Ea Naturalsgl-031-0004Osu Ako Adjeiklanaa Street,2,0,0,0,0,0,100.0,0.0
"Edchristy Vent., Limited., Accra",2,0,2,1,0,2,100.0,0.0
"Ed Yeboah Company Limited. Adum -Kumasi, A/R",2,0,2,2,0,2,100.0,0.0
"Ebek Export Enterprise, Mamprobi, G/R",2,0,2,1,2,2,0.0,0.0
Evangelist Temple Bryant Mission,2,2,0,0,0,2,100.0,100.0
"Eurospin Restaurant & Trading Services, Teshie",2,0,2,1,2,2,0.0,0.0
"Euro Consumer Food, C/R",2,0,2,1,2,2,0.0,0.0
"E-Samsano Enterprise, Creep Alley, Kojokrom, Ws-144-6309, W/R",2,0,2,0,0,0,100.0,0.0
Newnesscare,2,2,0,1,0,2,100.0,100.0
New Agricultural Services,2,0,2,1,0,2,100.0,0.0
Neumi,2,1,0,0,0,1,100.0,50.0
"Network For Societal Transformation, Accra",2,0,2,1,2,2,0.0,0.0
"Mical Nyame Nsa Group Of Companies, Amomokrom Akuapim",2,0,2,1,2,2,0.0,0.0
"Mh Trading Limited., Tema",2,0,2,1,0,2,100.0,0.0
"Merreta Foods & Events, Accra",2,0,2,1,2,2,0.0,0.0
"Essaar Agro West Africa Limited., Tema",2,0,2,1,2,2,0.0,0.0
"Esaawah Foods., Accra",2,0,2,1,2,2,0.0,0.0
"Errands Auctions Ent., Accra, Ga/R",2,0,2,1,0,2,100.0,0.0
Naveketan Pharma Pvt Limited,2,1,0,1,0,2,100.0,50.0
"Nature'S Treasure Foods Limited., Accra",2,0,2,1,0,2,100.0,0.0
"Northern Delicacies, Accra",2,0,2,1,2,2,0.0,0.0
"Nod Frozen Supplies Limited, Kokomlemle, G/R",2,0,2,2,0,2,100.0,0.0
Nissi Pharma Limited Adepa House Kimberly Avenue No 224 Accra,2,2,0,0,0,2,100.0,100.0
Niik Herbal Centre,2,2,0,1,2,2,0.0,100.0
"Nics I.T And Business Solutions Limited,A/R",2,0,2,1,0,2,100.0,0.0
"Niche Confectionery Gh. Limited., Tema",2,0,2,1,2,2,0.0,0.0
"Niche Cocoa Industry Limited., Tema",2,0,2,1,2,2,0.0,0.0
"Newyork International Ghana Limited, Techiman, Bono East Region",2,0,2,1,2,2,0.0,0.0
"Dulce Delighful Treats, Accra",2,0,2,1,2,2,0.0,0.0
"Nneka Youth Foundation , Ve-Gbodome, V/R",2,0,1,1,2,2,0.0,0.0
Menarini International Operations Luxemborg Sa 1 Avenue De La Gare L1611 Luxembourg,2,2,0,0,0,2,100.0,100.0
Menarini International Operations Luxemborg,2,2,0,1,0,1,100.0,100.0
Mena- Ice Ventures,2,0,2,1,2,2,0.0,0.0
"Melview Ent., Accra",2,0,2,1,0,2,100.0,0.0
Meridian Enterprises Pvt Limited Plot 418 Gidc Kabilpore Navsai 396424 Gujarat India,2,2,0,1,0,1,100.0,100.0
"Merck Healthcare Kgaaa - Frankfurter Strabe 240 64293 Darmstadt, Germany",2,2,0,1,0,2,100.0,100.0
"Divine Fresh Yoghurt Ent., Accra",2,0,2,1,2,2,0.0,0.0
"Noble Smacs Ent., Accra",2,0,2,1,0,2,100.0,0.0
"Nob Luxury Resort And Spa, Accra",2,0,2,1,2,2,0.0,0.0
"Dopharma B.V. Zalmweg 24-4941 Vx, The Netherlands",2,2,0,1,0,2,100.0,100.0
Dopharma B V Zalmweg 24 4941 Vx Raamsdonksweer The Netherlands,2,2,0,0,0,2,100.0,100.0
"Don Cube Ent., Accra",2,0,2,1,2,2,0.0,0.0
"Novel King Vent., Accra",2,0,2,1,2,2,0.0,0.0
Mego Herbal Centre,2,2,0,1,2,1,0.0,100.0
"Mega Total Distribution Ventures,Accra",2,0,2,1,0,2,100.0,0.0
"Mega Lifesciences Pty Limited - Victoria 3810, Australia",2,2,0,1,0,2,100.0,100.0
"Evik Events And Rentals., Accra",2,0,2,1,2,2,0.0,0.0
"Mentiase Trade & Media., Accra",2,0,2,1,2,2,0.0,0.0
"Nk Pharma Limited Swaniker Lk, - Abelemkpe, Accra Ga-124-5660",2,2,0,1,0,2,100.0,100.0
Draxer Therapeutics 33 Palace Avenue Baatsona Accra,2,2,0,0,0,2,100.0,100.0
Dr. Reddy'S Laboratories,2,2,0,1,0,2,100.0,100.0
"Dosannette Ent, Accra",2,0,2,1,2,2,0.0,0.0
Digital Marketing Technologies,2,0,2,1,0,2,100.0,0.0
"Dievole Foods, Tarkwa Layout, Around Adom Lodge Hotel, Wt-0006-4127, W/R",2,0,2,1,2,2,0.0,0.0
"Dieters Foods., Accra",2,0,2,1,2,2,0.0,0.0
Didosh Enterprise,2,0,0,1,0,2,100.0,0.0
"Dibi Organics, C/R",2,0,2,1,2,2,0.0,0.0
Nyame 1 Samuel Enterprise,2,0,0,1,2,2,0.0,0.0
"Nutz Delight Limited. Plot No. 17 Block E Sector 3, Sunyani Bono Region",2,0,2,1,2,2,0.0,0.0
Nutrifoods Ghana Limited,2,0,2,1,2,2,0.0,0.0
Medstoc Limited,2,0,0,1,0,2,100.0,0.0
"Medopharm Private Limited - Medohouse 25, Puliyur 2Nd Main Road, Trustpuram, Kodambakkam, Chennai – 600 024, India",2,2,0,1,0,2,100.0,100.0
Medopharm Medo House 25 Puliyur 2Nd Main Nad Trust Puram Kodambakkan Chennai 600024 India,2,2,0,0,0,2,100.0,100.0
"Exeter Healthcare Limited Stile C.Sede Lane Guilford G03 Iax,Uk",2,2,0,1,0,2,100.0,100.0
"Nubian Foods Limited., Accra",2,0,2,1,0,2,100.0,0.0
Novo Nordisk Pharma Gulf Fz-Llc,2,2,0,0,0,0,100.0,100.0
"Dna Royal Foods Limited, Tema, G/R",2,0,2,2,0,2,100.0,0.0
Dkt International,2,1,0,1,0,2,100.0,50.0
"Oliver Bherry Ent., Accra",2,0,2,1,2,2,0.0,0.0
"Denanttu Ent., Accra",2,0,2,1,2,2,0.0,0.0
"Demih'S Naturals., A/R",2,0,2,1,2,2,0.0,0.0
Delma Pharma Limited Hno A 5044 1St Sakumo Loop Ga3641361Laterbiokorshie Behind Radio Gold,2,2,0,0,0,2,100.0,100.0
"Optimal Green Limited., Accra, Ga/R",2,0,2,1,2,2,0.0,0.0
Optegral Ghana Limited,2,2,0,1,0,2,100.0,100.0
Oppong Nyantakyi Ent,2,0,2,1,2,2,0.0,0.0
"Meannan Foods, Tema",2,0,2,1,2,2,0.0,0.0
"Mctima Powerplus, North East Region",2,0,2,1,2,2,0.0,0.0
"F. K Bakery, A/R",2,0,2,1,2,2,0.0,0.0
Eyetrams Cargo Services Limited,2,0,1,1,0,2,100.0,0.0
Medtest Ghana Limited,2,0,0,2,0,2,100.0,0.0
"Ocean Fare Co. Limited., Accra",2,0,2,2,0,2,100.0,0.0
Odeefo Mary Nyame Ndae Herbal,2,2,0,1,2,2,0.0,100.0
Ocelot Cosmetec Limited,2,0,0,0,0,0,100.0,0.0
"Oceanabs Ventures,A/R",2,0,2,1,2,2,0.0,0.0
Oson'S Chemist Limited P O Box 18473 Accra,2,2,0,0,0,2,100.0,100.0
"P.A.K. Global Limited, Accra, Ga/R",2,0,2,1,2,2,0.0,0.0
P.A.G Pharmaceuticals,2,2,0,0,0,2,100.0,100.0
"Oxy Industries Limited., Tema",2,0,1,1,2,2,0.0,0.0
Owfordvet Enterprise - P. O. Box 5937 Kumasi,2,2,0,1,0,2,100.0,100.0
"Dcs Vent., Accra",2,0,1,1,2,0,0.0,0.0
Days Skin Cosmetics,2,0,0,0,0,0,100.0,0.0
"Dayfarm Agro Ent. Adawso, E/R",2,0,2,1,2,2,0.0,0.0
"Fampof Ent., Kumasi, A/R",2,0,2,1,0,2,100.0,0.0
Famaco Enterprise,2,2,0,1,2,2,0.0,100.0
Fair & White Company Limited,2,0,0,1,0,2,100.0,0.0
Onyx Pharma,2,2,0,1,0,2,100.0,100.0
"Orkman Gh. Limited., Accra",2,0,1,2,0,2,100.0,0.0
Orange West Africa,2,0,2,1,0,2,100.0,0.0
Ostuka Pharmaceuticals India Private Limited Village Vasana- Chacharwadi Tal Sanandi District Ahmedabad 382213 India,2,2,0,1,0,2,100.0,100.0
"Olna Food And Beverage Co. Limited., Accra",2,0,2,1,2,1,0.0,0.0
"Davet Limited., Accra",2,0,1,2,0,2,100.0,0.0
"Daveglad Ent., Prestea, W/R",2,0,2,1,2,2,0.0,0.0
Dav-Tech Bio Sanitation Services,2,2,0,1,0,2,100.0,100.0
Darose Pharmaceutical Limited,2,2,0,1,0,0,100.0,100.0
"Palmsville Ghana Limited. Accra, G/R",2,0,2,2,0,2,100.0,0.0
"Farmershaus Limited, Hs No 1100 Kiseman",2,0,2,1,2,2,0.0,0.0
"Farhat 911 Ventures,A/R",2,0,2,0,0,0,100.0,0.0
"Fannash Co. Limited., Accra, Ga/R",2,0,2,2,1,2,50.0,0.0
"Mcad Impex Co. Limited., Accra",2,0,2,0,0,0,100.0,0.0
"Mazbit Company Limited., Accra",2,0,2,1,2,2,0.0,0.0
"Mayson Pharmaceuticals Limited - Achimota Mile-7 Roundabout, Accra",2,2,0,1,0,2,100.0,100.0
"Mayrocy - 7 Trading Ent., Accra",2,0,2,0,0,0,100.0,0.0
Mayoyo Links Cold Store Enterprise,2,0,2,2,0,2,100.0,0.0
Mayim Frozen Foods Limited,2,0,2,2,0,2,100.0,0.0
"Maydentplus Enterprise, Accra North, G/R",2,0,2,1,0,2,100.0,0.0
"Oson'S Chemist Limited, D759 14 Kimberley Avenue, Okaishie",2,1,1,1,0,2,100.0,50.0
"D.N.O Ent, Accra",2,0,2,1,2,2,0.0,0.0
"Patos Tailoring Centre, Accra",2,0,2,1,2,2,0.0,0.0
Patience Adjei Mensah,2,0,2,1,0,2,100.0,0.0
Pat-Ben Trading Enterprise A/R,2,0,2,2,0,2,100.0,0.0
"Daily Concern Ent., Accra",2,0,0,2,0,2,100.0,0.0
"Dageeb Bright Ent., Accra G/R",2,0,2,1,0,2,100.0,0.0
"Peace Queen Enterprise, Satellite Near Nsawam",2,0,2,1,2,2,0.0,0.0
Maxtar Biogenics 309-310 Pearls Corporate W Mall Manglam Place Sec 3 Rohini Delhi 110085 India,2,2,0,0,0,2,100.0,100.0
Maxheal Laboratories Private Limited,2,2,0,0,0,2,100.0,100.0
"Federated Food Processing Limited., Accra",2,0,2,2,1,2,50.0,0.0
"Fawaz Africa Commodities Limited., Accra",2,0,2,1,0,1,100.0,0.0
Fawakom Resources Limited. Tema G/R,2,0,2,1,0,2,100.0,0.0
"Fauzey'S Special Groundnut Xw-0640-9848, Bamahu Ubids Streets",2,0,2,1,2,2,0.0,0.0
Palmsville Gh. Limited,2,0,2,1,0,2,100.0,0.0
"Palm Ridge Foods Limited., Gomoa Ojobi, C/R",2,0,0,1,2,0,0.0,0.0
"Pacific Cold Store, Accra",2,0,1,2,1,2,50.0,0.0
"Conta Healthcare Private Limited - 203, Shrishti Plaza, Saki Vihar Road, Powai, Mumbai, Suburban, Maharashtra 400072, Select",2,2,0,1,0,2,100.0,100.0
Pills And Tabs Pharmacy Limited - Plot No,2,2,0,1,0,2,100.0,100.0
"Crop 2 Life, Accra",2,0,0,1,2,2,0.0,0.0
Pharmax India Private Limited,2,2,0,0,0,2,100.0,100.0
"Mavern Foods, C/R",2,0,2,1,2,2,0.0,0.0
Fertirus A-Z Pharma Limited,2,2,0,0,0,2,100.0,100.0
Fertility Essentials,2,2,0,1,1,2,50.0,100.0
Pfizer Specialities Limited 7Th Floor 21 Luggard Av Ikoyi Lagos Nigeria,2,2,0,2,0,1,100.0,100.0
Cymon Ventures,2,0,2,1,2,2,0.0,0.0
Cuod Example Pharmacy Limited,2,2,0,0,0,2,100.0,100.0
"Pc Bakery Accra., G/A",2,0,2,1,2,2,0.0,0.0
"Peng Holdings Limited. Accra, G/R",2,0,2,1,0,2,100.0,0.0
"Pejayley Supplies,A/R",2,0,0,1,2,2,0.0,0.0
"Peemendy Juice & Farms Limited., Accra",2,0,2,1,2,2,0.0,0.0
"Daasebre World Wine Limited., Accra",2,0,2,1,0,2,100.0,0.0
"D.S.H. Tadelink Limited, Accra",2,0,2,1,0,2,100.0,0.0
Fitzone Company Limited,2,2,0,1,0,0,100.0,100.0
Mariestopes,2,2,0,1,0,2,100.0,100.0
"Confirm Foods Limited., Accra",2,0,0,1,2,2,0.0,0.0
"Comsiba Ent., Kumasi, A/R",2,0,2,1,2,2,0.0,0.0
"Colossat Trident Ventures, Kukurantumi, E/R",2,0,2,2,0,2,100.0,0.0
Pj Promile Limited Company,2,0,0,2,0,2,100.0,0.0
"Piper Pretty Company Limited, Ashanti Region",2,0,2,1,0,2,100.0,0.0
"Pinnacle Coco Limited., Accra",2,0,2,1,2,2,0.0,0.0
Marie Stopes International Ghana,2,0,0,1,0,2,100.0,0.0
"Marabarka, Accra G/A",2,0,2,1,2,2,0.0,0.0
"Mapworld Foods, Kumasi, A/R",2,0,2,2,0,2,100.0,0.0
"Marine Medicare Pvt Limited - Vill Kulhariwala P O Mandhala Distt Solan Baddi Hp 174103 , India",2,2,0,1,0,2,100.0,100.0
Marvic Royal Enterprise,2,0,2,1,2,2,0.0,0.0
"Martello De-Gray Ventures, Kobi. E/R",2,0,2,2,0,2,100.0,0.0
"First Impression Elite Limited, Accra",2,0,2,1,2,2,0.0,0.0
"Cool - Up Ghana Limited., Accra",2,0,2,0,0,0,100.0,0.0
Ck Junia Fuuds,2,0,0,2,0,2,100.0,0.0
"Citruspress, Accra",2,0,2,1,2,2,0.0,0.0
Citrusci,2,0,0,0,0,0,100.0,0.0
Pokupharma Company Limited,2,2,0,1,2,2,0.0,100.0
"Poget Herbal Centre, A/R",2,1,1,1,2,2,0.0,50.0
"Pneuma Food Scientifics, Accra",2,0,2,1,2,2,0.0,0.0
"Plot Ent. Gh. Limited.,Takoradi, W/R",2,0,2,1,2,2,0.0,0.0
"Pleasure Food Ent., Accra G/A",2,0,1,2,0,2,100.0,0.0
"Pleasant Point Limited, Adum",2,0,0,2,0,2,100.0,0.0
"Cob-A Group Of Co. Limited., Accra",2,0,2,1,2,2,0.0,0.0
"Pr Touch., Accra",2,0,2,1,2,2,0.0,0.0
"Magmarcus Ent., Accra",2,0,2,1,0,2,100.0,0.0
Mama Samoa Bites,2,0,2,1,2,2,0.0,0.0
"Malinda Afiba Ent., Fumesua,A/R",2,0,2,1,2,2,0.0,0.0
"Fm Kitchenette, Accra",2,0,2,1,2,2,0.0,0.0
"Flour Mills Of Ghana Limited.,Tema",2,0,2,1,2,2,0.0,0.0
"China Resources Zizhu Pharmaceutical Co., Limited - No. 27, Chaoyang North Road, Chaoyang District, Beijing 100024, P. R., China",2,2,0,1,0,2,100.0,100.0
Cheng Hang International Limited,2,0,0,0,0,0,100.0,0.0
"Premium Foods Limited., Kumasi, A/R",2,0,2,1,2,2,0.0,0.0
"Prema Kabra Ventures, Alavanyo, V/R",2,0,2,1,2,2,0.0,0.0
Preet Remedies Limited # 194-195 Third Floor Industrial Area Phase –Ii Chandigarh-160002 India,2,2,0,0,0,2,100.0,100.0
"Precious -Tilly Enterprise, Accra",2,0,2,1,2,2,0.0,0.0
"Cinoket Systems, Accra",2,0,2,1,2,2,0.0,0.0
"Chrisbill Group Of Companies, Accra",2,0,1,2,0,2,100.0,0.0
"Prete Foods Limited., Accra",2,0,2,1,2,2,0.0,0.0
"Mabiba Trading Enterprise, 2-25 Emford Bakery Lane, Ofankor",2,2,0,1,1,2,50.0,100.0
Fnd Snacks & Eatery,2,0,2,1,2,2,0.0,0.0
Fmms Pharmacy,2,2,0,0,0,2,100.0,100.0
"Magvlyn Industries Limited., Accra",2,0,2,1,2,2,0.0,0.0
Ppgl,2,2,0,1,0,2,100.0,100.0
"Classic Janemc Ent., Weija",2,0,2,1,0,2,100.0,0.0
"Clab Local Bar., Accra",2,0,2,1,2,2,0.0,0.0
"Celeos Company Limited, Accra, Ga/R",2,0,2,0,0,0,100.0,0.0
Quest Healthcare Limited,2,0,0,1,0,2,100.0,0.0
"Purple Naturals, Tema",2,0,2,1,2,2,0.0,0.0
"Quantum Heights Vent., Accra",2,0,1,1,2,2,0.0,0.0
Qnet Limited. Units Gl 21F Mg Tower,2,2,0,0,0,2,100.0,100.0
"Ceva Sante Animale - No.3 Avenue Des Cypres 53950 Louverne, France",2,2,0,1,0,2,100.0,100.0
Q-Sub Ventures,2,0,2,1,0,2,100.0,0.0
"M4 Logistics Limited., Accra",2,0,2,1,0,2,100.0,0.0
Profa Frozens,2,0,2,1,2,2,0.0,0.0
"Probianca Co. Limited., Tema",2,0,0,1,0,2,100.0,0.0
"Prisma Pharma Fze - P. O. Box 17269, Jabel Ali Free Zone Dubai, United Arab Emirates",2,2,0,1,0,2,100.0,100.0
"Proxima Centuari Farms Limited., Kaneshie",2,0,0,1,2,2,0.0,0.0
"Chanrai Brands Limited, Tema, Ga/R",2,0,2,1,2,2,0.0,0.0
"Purplelee Co. Limited., Accra",2,0,1,1,2,2,0.0,0.0
Principle Healthcare International Limited Airedale Business Centre Millenium Road Skipton Bd23 2Tz,2,2,0,0,0,0,100.0,100.0
Chinese Veterinary,2,2,0,1,0,2,100.0,100.0
"Ralj Naturals, Accra",2,0,2,1,2,2,0.0,0.0
"Rafis Foods Limited, Tema",2,0,2,0,0,0,100.0,0.0
"Catalent Lifesciences Plot No. 104, Sarvodaya Complex",2,2,0,0,0,2,100.0,100.0
Careplus Pharmacy Limited,2,2,0,0,0,2,100.0,100.0
Carefusion,2,0,0,1,0,2,100.0,0.0
Rabsbarry Enterprise,2,0,0,1,0,2,100.0,0.0
"Frankoham Business Ventures., Kasoa, C/R",2,0,2,1,2,2,0.0,0.0
"Franko Smart General Trading Co., Accra G/R",2,0,2,2,0,2,100.0,0.0
"Frankendark Limited., Accra",2,0,2,1,0,0,100.0,0.0
Franco Indian Pharmaceutical Limited 20 Dr E Moses Road Mumbai 400011 India,2,2,0,1,0,2,100.0,100.0
"Fractio Limited Company, Accra",2,0,2,1,2,2,0.0,0.0
"Mabiba Trading Ent., Accra",2,1,0,2,0,2,100.0,50.0
"Raanan Fish Feed West Africa, Accra",2,0,2,1,2,2,0.0,0.0
"R.O Tabi Ent., Accra",2,0,2,1,2,2,0.0,0.0
R & R Luxury Limitedroman Ridge Shopping Arcade9 Sir Arku Korsah Roadroman Ridge,2,0,0,0,0,0,100.0,0.0
Qunloon Ghana Limited,2,2,0,1,0,0,100.0,100.0
Louis Roman Limited,2,2,0,1,0,2,100.0,100.0
"Reddekopp Ministries. Accra, G/R",2,0,2,2,0,2,100.0,0.0
"C. Hedenkamp Gmbh And Co. Kg,Schierburch",2,2,0,1,0,2,100.0,100.0
C For Cakes,2,0,2,1,2,1,0.0,0.0
"London United Exports Limited Luex House 38 Watfordway Nw43Al, United Kingdom",2,2,0,1,0,2,100.0,100.0
"Lynuel Royal Ventures, Bunso",2,0,2,1,2,2,0.0,0.0
Lynn Food Solutions,2,0,2,0,0,0,100.0,0.0
Lynch Medical Services Limited,2,0,0,1,0,2,100.0,0.0
"Lux Organic Leaf Co. Limited, Accra",2,0,2,1,2,2,0.0,0.0
"Ram Farms And Agro Chemicals, Kade, E/R",2,0,2,1,0,2,100.0,0.0
Reality Maker Limited,2,0,2,1,2,2,0.0,0.0
"Re-Cell Apollo Int Limited Macarthy-Hill Ecobank Building. Box Nb 806, Lapaz Accra, Ghana",2,2,0,0,0,2,100.0,100.0
"Care Plus Pharmacy Limited - Plot No. 7 North Patsi, Kumasi",2,2,0,1,0,2,100.0,100.0
"Caramix Supply Limited., Accra, G/R",2,0,2,2,0,2,100.0,0.0
"Campbell Foods Ghana Limited., Accra",2,0,1,1,2,2,0.0,0.0
Reflo Company Limited,2,0,0,1,0,2,100.0,0.0
"Bright Arista International Limited., Accra",2,0,2,1,0,2,100.0,0.0
"Brenntag Gh. Limited., Tema",2,0,2,1,0,2,100.0,0.0
Bread O'Clock Bakery,2,0,2,1,2,2,0.0,0.0
"Bush Maga Vent., Accra",2,0,2,1,0,2,100.0,0.0
Brown Genesis Ent,2,0,2,2,0,2,100.0,0.0
"Brookes Pharma Private Limited - 58-59 Sector No. 16 Korangi Industrial Area, Karach 74900 Pakistan, Pakistan",2,2,0,1,0,2,100.0,100.0
"Brody Ventures, Accra",2,0,2,1,0,1,100.0,0.0
Rena Exports Private Limited,2,2,0,2,0,2,100.0,100.0
Remedy Pharma,2,2,0,1,0,2,100.0,100.0
"Rema Genesis Ent., Accra",2,0,2,1,2,2,0.0,0.0
"Reload Brands Llc - 2095 E Green Orchard Lane, Holladay Ut 84124, United States",2,2,0,1,0,2,100.0,100.0
"Llen'S Condiments Ent. Accra, G/R",2,0,2,1,2,2,0.0,0.0
"Frimps-Adepa Nutrition, Accra",2,0,2,1,2,2,0.0,0.0
Freshcare Limited Company,2,0,0,1,0,0,100.0,0.0
"Lucentlife Sciences Limited Plot No.605 At Oko Street Pillar 2, Accra, Ghana",2,2,0,0,0,2,100.0,100.0
"Loving Hut Natural Foods, Accra, Ga/R",2,0,2,1,2,2,0.0,0.0
"Bogo Beverages Limited., Accra",2,0,2,2,0,2,100.0,0.0
Body Fuel Gh Company Limited,2,2,0,0,0,2,100.0,100.0
Ricomon Pharmacy,2,2,0,1,0,2,100.0,100.0
"Rich-J Ent., Accra G/A",2,0,2,1,2,2,0.0,0.0
Roche Products Ghana Limited,2,2,0,1,0,2,100.0,100.0
"River Oaks, Accra",2,0,2,1,2,2,0.0,0.0
"Brand Track., Accra",2,0,2,0,0,0,100.0,0.0
"Bounie Global Africa Group Limited No. 8 Anuetey Close Off La Bawaleshi Road, Accra",2,2,0,1,0,0,100.0,100.0
"Fruits Care., Accra",2,0,2,1,2,2,0.0,0.0
"Frozen Express. Kumasi, A/R",2,0,2,2,0,2,100.0,0.0
"From Home Food Processing And Packaging Ent., Accra",2,0,2,1,2,2,0.0,0.0
"Logs Logistics Services Gh Limited, Accra, G/A",2,0,2,1,0,2,100.0,0.0
"Logistics Jtn And Trading Limited, Community 9, Tema. G/R",2,0,2,2,0,2,100.0,0.0
"Retenk Adom Enterprise., Moseaso-E/R",2,0,2,1,2,2,0.0,0.0
Ressourcethica Propharmed Int'L,2,2,0,1,0,0,100.0,100.0
Resource Ethica Kenya Limited,2,2,0,2,0,2,100.0,100.0
"Rrh Innovation International Ghana Limited, Accra",2,0,2,2,0,2,100.0,0.0
"Royal Kezeel Ent., Accra",2,0,2,1,2,2,0.0,0.0
Biotest Pharma Gmbh,2,2,0,1,0,2,100.0,100.0
"Bloomway Industries Limited., Gomoa Aboansa, C/R",2,0,0,1,2,2,0.0,0.0
"Lew Gh. Limited., Accra",2,0,2,1,2,2,0.0,0.0
"Livealth Biopharma Private Limited - Cabin 1, Survey No 12, Hissa No. 8, Mauje Kalambusare , Taluka Uran, Dist Raigad",2,2,0,1,0,2,100.0,100.0
Link Pharma Fzco,2,2,0,1,0,2,100.0,100.0
"Link Pharma F260 Unit N0 101, Ifza Property F260, Dubai Silicon Oasis, Ddp, Building A2, Dubai",2,2,0,1,0,2,100.0,100.0
"G & S Hungry Breads Ghana Limited., Accra",2,0,2,1,2,2,0.0,0.0
"Future Advance Ent.,Tema G/R",2,0,2,1,0,2,100.0,0.0
"Fuji Oil Ghana Limited, Techiman, Bono East Region",2,0,2,1,2,2,0.0,0.0
"Royal City Co. Limited., Kumasi, A/R",2,0,2,1,0,2,100.0,0.0
"Royal Butter And More, Ashaiman, G/R",2,0,2,1,2,2,0.0,0.0
"Rosuxe., Accra",2,0,2,1,2,2,0.0,0.0
"Boading Sunlight Hed Medicament Co. Limited No 3881, Great Wall South Street Boading City, Hebei Province, China",2,2,0,0,0,2,100.0,100.0
"Rongreen Enterprise, Accra",2,0,2,1,0,0,100.0,0.0
Les Laboratoires Servier,2,2,0,0,0,2,100.0,100.0
Sagalifesciences Limited,2,2,0,1,0,0,100.0,100.0
"Biotest Ag, Landsteinerstrasse",2,2,0,1,0,2,100.0,100.0
"Bioko Treats, Accra",2,0,2,1,2,2,0.0,0.0
Biocodex-7 Avenue Gal Lieni-94250 Gentily France,2,2,0,0,0,2,100.0,100.0
"Sama Natural Mineral Water And Beverages Limited, A/R",2,0,2,1,2,2,0.0,0.0
"Lena'S Wardrobe & Juice Bar, Accra",2,0,2,1,2,2,0.0,0.0
"Gastro Food Ent., Accra G/A",2,0,2,2,0,2,100.0,0.0
"Gasame Filie Ent., Takoradi, W/R",2,0,2,1,2,2,0.0,0.0
"S Kant Healthcare Limited - 3-A Shiv Sagar Estate, North Wing Dr. Annie Besant Road, Worli Mumbai -400018., India",2,2,0,1,0,2,100.0,100.0
Sa Meat World Limited,2,0,0,1,0,2,100.0,0.0
"Blackie 1984 Ent,A/R",2,0,2,1,2,2,0.0,0.0
"Bkl American Groceries, Tema",2,0,2,2,0,2,100.0,0.0
Biotidermal Africa,2,2,0,1,2,2,0.0,100.0
Biotic Company Limited,2,2,0,1,0,2,100.0,100.0
"S.I Baidoo Co. Limited., Accra",2,0,2,1,0,2,100.0,0.0
"Bf Pabliu Co., Limited., Accra",2,0,2,1,0,2,100.0,0.0
"Beta Arena Ent, Accra",2,0,2,1,0,2,100.0,0.0
"Sandiso Royal Ent,.A/R",2,0,2,1,2,2,0.0,0.0
"Salomey Konadu Enterprise. P. O. Box Se 306 Suame - Kumasi. H/No. S 22, Asuoyeboah North",2,0,2,1,2,2,0.0,0.0
"Salom Pharceutical Limited., Kumasi , A/R",2,0,2,1,2,2,0.0,0.0
Salocam Pharmacy,2,2,0,1,2,2,0.0,100.0
Big Zee Ent. Accra,2,0,2,1,0,2,100.0,0.0
"Big Maron Pharmacy Limited - P. O Box Ks 11497, Kumasi",2,2,0,1,0,2,100.0,100.0
"Big Berg Premium Limited, Tema",2,0,2,0,0,0,100.0,0.0
"Bhb Secrets, Accra",2,0,2,1,0,2,100.0,0.0
Samospharma Limited - P. O. Box Sk 1213 Sakumono Tema,2,2,0,1,0,2,100.0,100.0
Geabalscaters,2,0,2,1,2,2,0.0,0.0
Ge Healthcare As Nycoveien,2,2,0,1,0,0,100.0,100.0
"Gbj Ventures, Accra",2,0,2,1,2,2,0.0,0.0
Lesanto Laboratories Plot No,2,2,0,1,0,2,100.0,100.0
"Les Laboratoires Servier - 50 Rue Carnot 92284 Suresnes Cedex , France",2,2,0,1,0,2,100.0,100.0
"Saranak Ent., Kibi, E/R",2,0,2,1,2,2,0.0,0.0
"Sarah-Krispy Snacks And Catering Services, A/R",2,0,2,1,2,2,0.0,0.0
"Benzab Co. Limited., Accra, Ga/R",2,0,2,1,0,2,100.0,0.0
Benjy Agro Ventures,2,0,1,1,2,2,0.0,0.0
"Gepach Internationalplot No. A10 & A11, Sez Phase Ii, Pithampur, Dist. Dhar M.P",2,2,0,0,0,2,100.0,100.0
"Geohar Ventures,A/R",2,0,2,1,0,0,100.0,0.0
"Gentsitt Ent., Accra, Ga/R",2,0,2,1,2,2,0.0,0.0
"Genesis Ngola Limited Company, Adinjingano East Legon, G/R",2,0,2,1,0,2,100.0,0.0
"Lavina Pharmaceuticals Private Limited. - Satraplaza, Office No. 402, 4Th Floor",2,2,0,1,0,2,100.0,100.0
Samsed Medicals And Healthcare Limited,2,2,0,0,0,2,100.0,100.0
Sapholda Ventures Limited,2,0,2,0,0,0,100.0,0.0
"Sangharsh Lifecare Private Limited - Ahmedabad , Gujarat, India",2,2,0,1,0,2,100.0,100.0
Sangharsh Lifecare Private Limited,2,2,0,0,0,2,100.0,100.0
"Beslim, Accra",2,1,1,1,0,2,100.0,50.0
Besins Healthcare Sa - Rue Washington,2,2,0,1,0,2,100.0,100.0
"Samehands Ent., Techiman, B.E/",2,0,2,1,2,2,0.0,0.0
Shin Poong Pharm Co. Limited,2,2,0,0,0,2,100.0,100.0
Sejoy Biomedical Company Limited,2,0,0,1,0,2,100.0,0.0
"Shanghai Pharmateq Co., Limited. - Room 810, Jiaxing Bldg",2,2,0,1,0,2,100.0,100.0
Shanghai Pharma Co Limited Rm 810 No 877 Donytang Road Shanghai 200122 China,2,2,0,1,0,2,100.0,100.0
Laboratories Liconsa,2,2,0,1,0,2,100.0,100.0
Last Stop Herbal Centre,2,2,0,1,2,2,0.0,100.0
"Lark Lab Limited, A/105/2 Okha Phase Ii Industrial Area New Delhi 110020 India",2,2,0,0,0,2,100.0,100.0
Laprovert 7 Rue Du Tartreau-Arche D'Oé No. 2-37390 Notre Dame D'Oé France,2,2,0,1,0,2,100.0,100.0
"Ghana Oil Palm Development Co. Limited, Kwae, E/R",2,0,2,1,2,2,0.0,0.0
"Bemaba Foods Ventures, A/R",2,0,2,1,2,2,0.0,0.0
Belco Pharma,2,2,0,1,0,2,100.0,100.0
Bejeliza Enterprise,2,0,2,1,2,2,0.0,0.0
"Beijing Chunlizhengda Medical Instrments Co., Limited",2,0,0,1,0,2,100.0,0.0
"Serika Ventures., Accra",2,0,0,1,2,2,0.0,0.0
"Senakod Company Limited, Ho, V/R",2,0,2,1,2,2,0.0,0.0
"Sayda Farms Limited., Accra",2,0,2,1,1,0,50.0,0.0
She 5 Limited,2,0,0,0,0,0,100.0,0.0
"Bayer East Africa Limited - Thika/Outering Road Junction, P. O. Box 30321",2,2,0,1,0,2,100.0,100.0
Bawa International Gh Limited,2,2,0,0,0,2,100.0,100.0
"Shapes Pro Ghana Limited, Accra",2,0,2,1,2,2,0.0,0.0
"Shrilz Ent., Accra",2,0,2,1,2,2,0.0,0.0
Shreechem Pharmaceuticals Pvt Limited Plot No R 914 915 T.T.C Induustrial Area Mumbai 400701 India,2,2,0,1,2,2,0.0,100.0
"Shreechem Pharmaceuticals Private Limited - Plot No R 914 915 Ttc Industrial Area Rabale Navi Mumbai 400 701, India",2,2,0,1,0,2,100.0,100.0
"Gladthes Cosmetics And More, Accra",2,0,2,1,2,0,0.0,0.0
"Gko Eastern Medicals And Pharmaceutical Limited - 72 Ashaley Botwe Nmai Road Opp. Cbg Bank, Gd 090-7956",2,2,0,1,0,2,100.0,100.0
"Ginniejada Limited., Bortianor Ocean View",2,0,2,1,2,2,0.0,0.0
Ladapharm Limited,2,2,0,1,0,2,100.0,100.0
Lachifarma S P A Ss 16 Zona Industriale Italy,2,2,0,0,0,2,100.0,100.0
"Laboratorio Aldo-Unión, S.L",2,2,0,1,0,2,100.0,100.0
"Becky Queen Catering Services, Accra",2,0,1,1,2,2,0.0,0.0
"Bb'S Treats, Accra",2,0,2,1,2,2,0.0,0.0
"Shipcode & Trading Co. Limited., Accra",2,0,2,1,0,2,100.0,0.0
"Bala-Ms Ent., A/R",2,0,2,1,2,2,0.0,0.0
"Sip Natural Brew, Accra",2,0,2,1,2,2,0.0,0.0
"So So Delight Multi-Beverages Ent. Kumasi, A/R",2,0,2,1,2,2,0.0,0.0
"So - Guess Inn'S 20S Vent., Accra",2,0,2,1,2,2,0.0,0.0
"Global Beverages Gh. Limited., Madina",2,0,2,1,2,2,0.0,0.0
"Glenmark Pharmaceuticals Limited - B/2, Mahalaxmi Chambers",2,2,0,1,0,2,100.0,100.0
"Glaxosmithkline Export Limited - 980 Great West Road, Brentford, Middlesex,, United Kingdom",2,2,0,1,0,2,100.0,100.0
Glaxosmith Kline Biologicals S.A,2,2,0,1,0,1,100.0,100.0
"La Belle Farms, Accra",2,0,2,1,2,2,0.0,0.0
"Kwobib Enterprise, Navrongo-Balobia, Ue/R",2,0,2,1,2,2,0.0,0.0
"Shocc B.V., Tema",2,0,2,1,0,2,100.0,0.0
"Simani Fishery Limited Company, Accra, G/R",2,0,2,2,0,2,100.0,0.0
"Base Pharmacy Co. Limited. P. O. Box 034 Osu , Accra, Ghana",2,2,0,0,0,2,100.0,100.0
"Base Pharmacy Co. Limited. - Accra, Ghana, Select",2,2,0,1,0,2,100.0,100.0
"Baron Distilleries Limited., Accra",2,0,2,0,0,0,100.0,0.0
Skywide Farms,2,0,2,1,1,1,50.0,0.0
B. Braun Melsungen,2,2,0,1,0,2,100.0,100.0
"B&O Pharma - Zac De La Masquere 500 Me De L'Itre 31750 Escalquens, France",2,2,0,1,0,2,100.0,100.0
Somab'S Enterprise,2,0,1,1,1,1,50.0,0.0
"Slush Mania, Accra",2,0,2,1,0,2,100.0,0.0
Babystuffin,2,0,2,2,0,2,100.0,0.0
"Softgel Healthcare Private Limited. - Survey No. 20/1, Vandalur- Kelambakkam Road, Pudupakkam Village, Kancheepuram District, Tamilnadu- 603 103, India",2,2,0,0,0,2,100.0,100.0
Kripa Pharma Limited,2,2,0,1,0,1,100.0,100.0
"Kreza Amazing Ent., Kasoa, C/R",2,0,0,1,2,2,0.0,0.0
Gnac Enterprise,2,0,0,1,2,2,0.0,0.0
"Gmr Industries Gh. Limited., Accra",2,0,2,1,2,2,0.0,0.0
"Glumex Pharmaceutical Mfg.Private Limited - Unit No 41, Saraswati, Tungareshwar Industrial Easte Sativali, Vasai East, Maharashtra -401208, India",2,2,0,1,0,2,100.0,100.0
"Kwa-Man Ent., Accra",2,0,2,1,0,2,100.0,0.0
"Sky Marine House Limited. Accra, G/R",2,0,2,2,0,2,100.0,0.0
"Skd-Monarch Limited., Accra",2,0,2,1,2,0,0.0,0.0
"Skaik Limited., Accra",2,0,1,1,2,2,0.0,0.0
"Banibatiti Food Ventures., Accra",2,0,2,1,2,2,0.0,0.0
"Stallion Laboratories Private Limited - 817 8Th Floor Devpath Off Cg Road Behind Lal Bunglow Nr Supermall Ahmedabad 380006 Gujarat ,India , India",2,2,0,1,0,2,100.0,100.0
Stakabs Pharmacy - Kotei,2,2,0,1,0,2,100.0,100.0
"Solojoy Pharmacy Limited - P.O. Sn 342 Santasi, Kumasi",2,2,0,1,0,2,100.0,100.0
"Solidrock Trading Fze Co. Limited., Accra",2,0,0,2,0,2,100.0,0.0
Ayushakti Ayuved Private Limited,2,2,0,1,0,2,100.0,100.0
Ayomed Ventures Limited,2,0,0,1,0,2,100.0,0.0
"Aynok Manna Foods, Accra",2,0,2,1,2,2,0.0,0.0
"Ayithcaro Enterprise, Accra",2,0,0,1,2,0,0.0,0.0
"Ayalene Ent., Bolgatanga, U/E",2,0,2,1,2,2,0.0,0.0
Spice Alley,2,0,2,2,0,2,100.0,0.0
"Kionas Purified Water, Accra G/R",2,0,2,1,2,2,0.0,0.0
"Kodel Food Express Limited, Tema, G/R",2,0,2,1,0,2,100.0,0.0
"Go Elim Limited., Accra",2,0,2,1,2,2,0.0,0.0
Softcare Fm Manufacturing Limited Company,2,0,0,1,2,1,0.0,0.0
B. Foster Bakery,2,0,2,1,2,2,0.0,0.0
B. Braun Melsungen Ag - Carl Braun Strasse,2,2,0,2,0,2,100.0,100.0
Atlantic Lifesciences Limited - Plot No 16/01 Larpleku Tema Aflao Road,2,2,0,1,0,2,100.0,100.0
At Ghana Limited,2,0,2,2,0,2,100.0,0.0
"Subea Farms, Tema",2,0,2,1,2,2,0.0,0.0
Stada Arzneimittel Ag,2,2,0,1,0,2,100.0,100.0
"Aura Pharmaceuticals Private Limited - 306 A Hari Om Plaza M G Road Borivali E Mumbai 400 066 Maharashtra India , India",2,2,0,1,0,2,100.0,100.0
"Auntie Suzzy'S Sunshine Ventures, Nkanfoa, Cape Coast North Municipality",2,0,2,0,0,0,100.0,0.0
"Augustina Abu Ent., Accra",2,0,2,1,0,2,100.0,0.0
Atnahs Pharma Uk Limited,2,2,0,0,0,2,100.0,100.0
"Stepfos Enterprise., Accra",2,0,2,1,2,2,0.0,0.0
"Stelladot Ent., Accra",2,0,2,1,0,2,100.0,0.0
"Gold Coast Spring Limited., Accra, Ga/R",2,0,2,1,2,2,0.0,0.0
"Sp Veterinaria, S.A Citra Reusa Vinyols, Km 4.1 Apartado 60 43330-Riudoms",2,2,0,0,0,2,100.0,100.0
"Sozo Foods Limited., Accra",2,0,2,1,0,0,100.0,0.0
"St & Ht Global Investment Limited., Tema",2,0,2,1,2,2,0.0,0.0
"Avnash Industries Gh. Limited., Tema",2,0,2,0,0,0,100.0,0.0
Stallion Laboratories Private Limited 817 8Th Floor Devpath Off Cg Road Behind Lal Bunglow Nr Supermall Ahmedabad 380006 Gujarat India,2,2,0,0,0,2,100.0,100.0
Surmount Laboratories Private Limited,2,2,0,1,0,2,100.0,100.0
As Pharmaceuticals Limited,2,2,0,1,2,2,0.0,100.0
"Sumanora Ent., Assin Prasu, W/R",2,0,2,1,0,2,100.0,0.0
Suglo Discovery Ventures,2,0,2,1,2,2,0.0,0.0
"Ashben International Limited., Weija",2,2,0,1,0,0,100.0,100.0
"Superior Distribution Ventures, Accra",2,0,2,1,0,2,100.0,0.0
"Good Beverages Limited,. Accra G/A",2,0,2,1,2,2,0.0,0.0
Good And Goodness Enterprise,2,0,2,1,2,2,0.0,0.0
King Super Fm Herbal Centre,2,2,0,1,2,2,0.0,100.0
"King George Metal Works, Takoradi, Northwest Ntankorful, Ws-490-3060, W/R",2,0,2,1,2,2,0.0,0.0
"Stillseventeen Limited., Accra",2,0,2,1,0,2,100.0,0.0
Asterisk Lifesciences,2,2,0,0,0,2,100.0,100.0
"Aspee Pharmaceuticals Limited - Plt 66 Blk F Asamang-Ejisu, Ashanti Region",2,2,0,1,1,2,50.0,100.0
Sterling Pharmaceuticals Limited,2,2,0,1,0,2,100.0,100.0
"Sunda Ghana Limited, Accra",2,0,2,1,2,2,0.0,0.0
"Sun Pharmaceutical Limited, Sun House 201 B/1 Western Express Highway Goregoron",2,2,0,1,0,2,100.0,100.0
"Arifullah Abba Ent., Accra",2,0,2,1,2,2,0.0,0.0
"Arieta Foods, Accra",2,0,2,1,2,2,0.0,0.0
"Aragonesa De Exportacion Int - 24, S.L C/Dr. Val Carreres Ortiz Zaragoza, Spain",2,2,0,1,0,2,100.0,100.0
Arab Pesticide & Veterinary Drugs Manufacturing Company,2,2,0,1,0,2,100.0,100.0
Aquimpexspa S.R.L Via Sanquirico 17-17/A Monza Italy,2,0,0,1,0,2,100.0,0.0
"Kelesa Ca2Gh Limited., Co. Apolonia, Accra",2,0,2,1,2,2,0.0,0.0
Kela N.V. St. Lenaavtsemeg 482320 Belgium,2,2,0,1,0,2,100.0,100.0
"Green Dairy Gh. Limited., Accra, Ga/R",2,0,2,1,2,2,0.0,0.0
Great Odum Company Limited,2,2,0,1,0,2,100.0,100.0
Swift Suppliers Limited,2,0,2,0,0,0,100.0,0.0
"Swift Makarios Merchant Limited., Accra",2,0,2,1,0,2,100.0,0.0
"T & L Innovations, Accra",2,0,2,2,0,2,100.0,0.0
Article S. R. O,2,2,0,1,0,2,100.0,100.0
"Sy Frozen Foods, Amasaman, G/R",2,0,2,1,0,2,100.0,0.0
Sunda Purecare Limited,2,2,0,0,0,2,100.0,100.0
Susan Chanel Beauty Skinline19Th Fourth Street East Legon,2,0,0,0,0,0,100.0,0.0
"Antado Company Limited., Accra",2,0,2,1,2,2,0.0,0.0
"Theratsu Enterprise. Accra, G/R",2,0,2,1,0,2,100.0,0.0
Themis Medicare Limited,2,2,0,1,0,2,100.0,100.0
Tabi Gyansah Limited,2,2,0,1,2,0,0.0,100.0
Tav Veterinaria S,2,2,0,1,0,0,100.0,100.0
"Aquafresh Limited., Accra",2,0,2,1,2,2,0.0,0.0
"Applied Communication&Controls - Khasra No. 122, Selaqui Industrial Area, Diatt Dehradun, Uttarakhand, India",2,2,0,1,0,2,100.0,100.0
Tfran Enterprise,2,0,2,2,0,2,100.0,0.0
Karma,2,0,2,1,2,2,0.0,0.0
Greenhill Global Limited,2,0,2,1,0,2,100.0,0.0
"Tandeys J., G/R",2,0,2,1,2,2,0.0,0.0
Talking Drum Chocolate,2,0,2,1,2,2,0.0,0.0
"Talimaj Limited. Tema, G/R",2,0,2,2,0,2,100.0,0.0
"Talemind Foods Limited, Accra",2,0,1,1,2,2,0.0,0.0
"Tactus Nutrasciences Llp - ​63/6, Shree Harikrupa Industrial Park, Hathijan Lalgebi Circle To Ramol Ring Road, Before Baroda Expressway Overbridge, B/H Vatva Phase - Iv, Hathijan, Ahmedabad – 382445, Gujarat,, India",2,2,0,1,0,2,100.0,100.0
"Tablets Medopharm Private Limited, No 3B Ra Building 72 Marshalls Road, Egmore Chennai 600008, Tamol Nadu, India",2,2,0,1,0,2,100.0,100.0
"Amor Foods, Accra",2,0,2,1,2,2,0.0,0.0
"Thonket Co. Limited., Kumasi, A/R",2,0,0,1,0,2,100.0,0.0
"Tillyvan Ent., Accra",2,0,2,1,2,2,0.0,0.0
Anamens Pharmaceutical Company Limited,2,2,0,1,0,2,100.0,100.0
"Amponsah-Efah Pharmaceuticals Limited,A/R",2,1,1,1,1,2,50.0,50.0
"Kaleed Company Limited, Hno. 175/F",2,0,2,1,1,1,50.0,0.0
Kalbe International Pte Limited,2,2,0,1,0,1,100.0,100.0
Green Gem Logistics Limited,2,0,2,1,0,2,100.0,0.0
"Guinness Ghana Breweries Plc, A/R",2,0,2,1,2,2,0.0,0.0
"Gs Sourses Ent., Accra",2,0,2,1,2,2,0.0,0.0
Kash Chemist Limited,2,2,0,0,0,2,100.0,100.0
The Pure Company,2,0,0,0,0,0,100.0,0.0
"Annor-Hene Enterprise, Sunyani, Bono Region",2,0,2,1,2,2,0.0,0.0
"The New Bens International Limited., Accra",2,0,2,1,0,2,100.0,0.0
"Ten Times Better Fruits., Accra",2,0,2,1,2,2,0.0,0.0
"The Fouts Business International Limited., A/R",2,0,2,1,0,2,100.0,0.0
"Tradium Limited., Accra",2,0,2,2,0,2,100.0,0.0
Tower Foods And Beverages Limited,2,0,2,1,2,2,0.0,0.0
"Americana Star Ent., Kumasi, A/R",2,0,2,1,0,2,100.0,0.0
"Amber Commodities, Accra",2,0,2,1,0,2,100.0,0.0
"K. B Paul Enterprise, Sunyani, B/R",2,0,2,1,2,2,0.0,0.0
Kagnobles Enterprise,2,0,0,0,0,0,100.0,0.0
"Kadjei Trading Ent., Accra",2,0,2,1,0,2,100.0,0.0
"Kabs Ezlo Commodity Limited., Accra",2,0,2,1,2,2,0.0,0.0
"Gye Gye Gum Bitters Limited, Techiman, Be/R",2,0,2,1,2,2,0.0,0.0
Gyata Fresh Indus. Limited. Accra G/A,2,0,2,1,2,2,0.0,0.0
"Gyamphi Foods., G/R",2,0,2,1,2,2,0.0,0.0
Kampha Logistics Limited,2,0,2,1,0,2,100.0,0.0
"Tolegna Ent., Accra",2,0,2,1,2,2,0.0,0.0
"Tofitrad Ent., Accra",2,0,2,1,0,2,100.0,0.0
"Toag Apex Limited., Eastern Region, E/R",2,0,2,1,0,2,100.0,0.0
"Tj Foods Limited., Accra",2,0,2,1,2,2,0.0,0.0
"All Drinks Depot, Ho, V/R",2,0,2,1,0,2,100.0,0.0
"Altxt Consult - Plt 125 Nil,Aar Baakor Street,Ogbojo,Accra",2,2,0,1,0,2,100.0,100.0
"Altimuss Global Trading Gh. Limited., Accra",2,0,1,2,0,2,100.0,0.0
Alter Foods,2,0,2,1,2,2,0.0,0.0
"Alpha-Glory Ent., Accra",2,0,0,1,2,2,0.0,0.0
"Triple C Gh. Limited., Accra",2,0,2,1,0,2,100.0,0.0
Trident Lifeline Pvt Limited,2,2,0,0,0,2,100.0,100.0
"Trident Lifeline Private Limited 2004 Ii Floor, North Extension Falsawadi, Ring Road Surat 395003 India",2,2,0,0,0,2,100.0,100.0
"K-Lao Ghana Limited.,Accra",2,0,2,1,0,2,100.0,0.0
"K-Daps Ent., Kumasi, A/R",2,0,2,2,0,2,100.0,0.0
"Jw Foods Limited, Accra",2,0,2,1,2,2,0.0,0.0
"Hahini Ent., Accra",2,0,2,1,2,2,0.0,0.0
"Hafsa'S Cribe Enterprise, Adenta-Foster Home",2,0,2,1,2,0,0.0,0.0
"H.A. Snack It Catering Services, Accra, Ga/R",2,0,2,1,2,2,0.0,0.0
H-Squared Ventures Limited,2,0,2,2,0,2,100.0,0.0
"K.O.B.S Farms Ghana Limited., Accra",2,0,2,1,2,2,0.0,0.0
"Tropical Queen Foods, Takoradi, W/R",2,0,2,0,0,0,100.0,0.0
"Turkspro Ent., Budumburam, C/R",2,0,2,1,2,2,0.0,0.0
"Tsonakle Company Limited, Accra",2,0,2,1,2,2,0.0,0.0
"Trust Essentials., Accra",2,0,2,1,0,2,100.0,0.0
Alimandy Company Limited,2,0,1,2,0,2,100.0,0.0
"Alfasigma Healthscience B,V. - Groenewoudsedljk 55 3528813 Utreci-It , Netherlands",2,2,0,1,0,2,100.0,100.0
"Ultimo Foods Limited., Accra",2,0,2,1,2,2,0.0,0.0
Joy Industries,2,2,0,1,2,0,0.0,100.0
"Joy Baby Foods And Accessories Limited., Accra",2,0,2,1,2,2,0.0,0.0
"Jubaili Agrotec Limited - P. O. Box Am Dtd01 Kumasi , Select",2,2,0,1,0,2,100.0,100.0
"Happy Fountain Limited., Kumasi, A/R",2,0,2,1,2,2,0.0,0.0
"Halle - P Industries Limited., Accra",2,0,2,1,2,2,0.0,0.0
Tridem Pharma Ghana Limited - 66/C Nii Bonnie Crescent Dzorwulu Accra,2,1,0,1,0,2,100.0,50.0
"Trend Beverages, Accra",2,0,2,1,2,2,0.0,0.0
Allgone,2,2,0,1,0,2,100.0,100.0
"Trotters Paradise Farms, Obosomase, E/R",2,0,2,1,2,2,0.0,0.0
"Healthilife Beverages Gh. Limited., Accra",2,0,2,1,2,2,0.0,0.0
"Ucomex Co. Limited., Accra",2,0,2,2,0,2,100.0,0.0
Ub Pharma Limited,2,2,0,0,0,2,100.0,100.0
U Comex Company Limited,2,0,2,1,0,2,100.0,0.0
Alby Chemists,2,2,0,2,0,1,100.0,100.0
Unichem Ghana Group,2,2,0,2,0,2,100.0,100.0
Unichem,2,2,0,1,0,2,100.0,100.0
"Jokwab Prestige Ventures, Afienya",2,0,2,2,0,2,100.0,0.0
Johnson & Johnson Ptv Limited,2,2,0,1,0,2,100.0,100.0
Johnson & Johnson,2,2,0,1,0,2,100.0,100.0
"Hatfel Gh. Limited., Tema",2,0,0,2,0,2,100.0,0.0
"Harrybest Communion Drinks., Accra",2,0,2,1,2,2,0.0,0.0
Harriman Food Distribution. Tema,2,0,2,1,0,2,100.0,0.0
"Happy Sunshine Company Limited. Kyekyewere, Ayensuano District, E/R",2,0,2,2,1,2,50.0,0.0
"Jsalk Beverages Ghana Limited, A/R",2,0,2,1,2,2,0.0,0.0
"Jp Jill Ent., Accra",2,0,2,2,0,2,100.0,0.0
"Ahotew 99 Ent., Accra",2,0,2,0,0,0,100.0,0.0
"Vajj Ent. ,Accra, G/A",2,0,2,1,0,2,100.0,0.0
"Urban Cuisine, Accra",2,0,2,1,2,2,0.0,0.0
Unic Foods Ent,2,0,2,1,2,2,0.0,0.0
"Uncle Bb Bakery, Accra",2,0,2,1,0,2,100.0,0.0
Ahooden Herbal Centre,2,2,0,1,2,0,0.0,100.0
"Akwaaba Feeds Limited., Kasoa, C/R",2,0,2,1,2,2,0.0,0.0
Akuoli Herbal Centre,2,2,0,1,2,0,0.0,100.0
Akshiva Pharma Shop No 8 Matoshree Park Society Joveli Rickshaw Stand Badlapur,2,2,0,0,0,2,100.0,100.0
"Jobraces Ent., Tema",2,0,1,1,0,0,100.0,0.0
"Jo-Lice Frozen Stores Limited Company, Tema, G/R",2,0,2,2,0,2,100.0,0.0
Jiangsu Yabang Aipusen Pharmaceutical Co. Limited,2,2,0,1,0,2,100.0,100.0
"Joeun Springs Enterprise, Accra, Ga/R",2,0,2,1,2,2,0.0,0.0
Jodan Pharmacy Limited,2,2,0,1,0,2,100.0,100.0
"Happy Life Food Ventures, C/R",2,0,2,1,2,2,0.0,0.0
"Healthy Frozen Foods Limited, Tema",2,0,2,2,0,2,100.0,0.0
"Agrim Food & Beverages Ghana Limited., Accra",2,0,2,2,1,2,50.0,0.0
"Upper West Regional Hospital Xw-0098-6743, Uw/R Wa",2,0,2,1,2,2,0.0,0.0
Agropal West Africa Limited,2,0,2,1,2,2,0.0,0.0
"Agromyx Co. Limited., Accra, G/R",2,0,2,1,2,2,0.0,0.0
"Agro Trade Limited., Accra",2,0,2,1,0,2,100.0,0.0
"Agro Empire Limited., Accra",2,0,2,1,2,2,0.0,0.0
"Jaynel Glit & Glow, Accra, Ga/R",2,0,2,1,2,2,0.0,0.0
Jayjorm Enterprise,2,0,2,2,0,2,100.0,0.0
Jessica’S Naturals,2,0,0,0,0,0,100.0,0.0
"Jeskev Ent., Accra",2,0,2,1,2,1,0.0,0.0
"Jeje'S Crispy Ventures, Takoradi - Pipeano, Ws-236-3922, W/R",2,0,2,1,2,2,0.0,0.0
"Hebei Yuanzheng Pharmaceuticals Co - No 16 Liuyuan Road, Shijiazhuang City, Hebei Province , China",2,2,0,1,0,2,100.0,100.0
Hebei Pangovet Pharma Co. Limited 13-2-201 Youyi North Rd Xinhua District China,2,2,0,1,0,2,100.0,100.0
Hebei Pangovet Pharma Co Limited,2,2,0,1,0,2,100.0,100.0
"Unique Southern Taste Catering Services., Accra G/A",2,0,2,1,2,2,0.0,0.0
"Ajs Co.Limited., Accra",2,0,2,1,0,2,100.0,0.0
Vicbans Limited,2,2,0,1,0,2,100.0,100.0
"Afro Global Manufacturing Limited., Accra",2,0,2,1,2,2,0.0,0.0
Afriya Grocery Market,2,0,2,1,0,0,100.0,0.0
"Vinolia Wealth, Accra",2,0,2,1,2,2,0.0,0.0
"Japko Investment Limited., Kasoa, C/R",2,0,0,1,2,0,0.0,0.0
Janssen Pharmaceutica N V,2,2,0,1,0,2,100.0,100.0
Heritage Pharma Kumasi,2,2,0,0,0,2,100.0,100.0
"Heritage 58 Limited., Accra",2,0,2,1,2,2,0.0,0.0
"Heofman Laboratoires 10 Rue Maréchal Joffre 06000 Nice , France",2,2,0,0,0,2,100.0,100.0
"Janlet Vent., Accra",2,0,2,1,2,2,0.0,0.0
"Jdb Distilleries, A/R",2,0,2,1,2,2,0.0,0.0
"Vetshop Ventures Limited - Box 2, Kw 404, Kwadaso, Kumasi Ghana, Select",2,2,0,1,0,2,100.0,100.0
Vestergaard Group S.A,2,0,0,1,0,1,100.0,0.0
"Verrich Aleph Limited Company, Accra, G/R",2,0,2,2,0,2,100.0,0.0
"Veroin Snacks., Accra G/A",2,0,0,1,2,2,0.0,0.0
"Venek Food, Riverside Estate- Monrovia, Koforidua",2,0,2,1,2,2,0.0,0.0
Jamjoom Pharmaceuticals Company - Plot No. Me1:3 Phase V Industrial City,2,2,0,1,0,2,100.0,100.0
"Vivi Pub Trading., Accra",2,0,2,1,2,2,0.0,0.0
Vivanza Biosciencies Limited,2,2,0,2,1,1,50.0,100.0
"Vitane Pharma Gmbh Ghana, Hno. Ae-10 Parakuo Estate",2,2,0,1,0,2,100.0,100.0
Vitane Pharma Gmbh - Pfaffenrieder Str,2,2,0,1,0,2,100.0,100.0
"Jachin Foods Industries Limited., Tema",2,0,2,1,0,2,100.0,0.0
Jasfenys Ent. Accra G/A,2,0,2,1,2,2,0.0,0.0
"Jas Nutrition Ent., Akweley - Kasoa, C/R",2,0,2,1,2,2,0.0,0.0
Vinolia Wealth,2,0,2,1,2,2,0.0,0.0
Vine Connect Ventures,2,0,2,0,0,0,100.0,0.0
"Afkort Int.Gh.Limited., Accra",2,0,2,0,0,0,100.0,0.0
Vitabiotics Limited 1 Apsley Way London,2,2,0,0,0,2,100.0,100.0
"Vita-Chem - P .O. Box. Co 2937, Tema",2,2,0,0,0,2,100.0,100.0
Vita Extract Organics Limited,2,0,2,1,2,2,0.0,0.0
Viesane Pharma Pvt. L Td,2,2,0,1,0,2,100.0,100.0
Vicbarns Limited,2,2,0,1,0,2,100.0,100.0
"Adnet Trading Company Limited., Accra",2,0,2,1,2,2,0.0,0.0
"Adesafo Ab Trading Ent., Techiman, B/R",2,0,2,1,0,2,100.0,0.0
Adepa Pharmaceuticals Limited,2,2,0,0,0,2,100.0,100.0
Wagyeme Herbal Centre,2,2,0,1,2,2,0.0,100.0
"Wadud Ventures, Accra G/ R",2,0,2,2,0,2,100.0,0.0
"Wadmet Ent., Accra",2,0,2,1,2,2,0.0,0.0
"W.S Tamaha Ent., Tamale, N/R",2,0,2,1,2,2,0.0,0.0
"Vymed Pharma Llp - 17/4,Gurudatt Society,Waghodia Road,Vadodara",2,2,0,1,0,2,100.0,100.0
Vymed Pharm,2,2,0,1,0,2,100.0,100.0
"Vobatex Express, Accra",2,0,2,1,2,2,0.0,0.0
"It Is Well Foods, Loc: Opp. La Beach Tower, Accra",2,0,2,1,2,2,0.0,0.0
"J.H.Fear God Enterprise, Accra",2,0,2,1,2,2,0.0,0.0
"J. M. Containers Rent & Co. Limited., Accra, G/R",2,0,2,1,0,2,100.0,0.0
J&I Empire Limited,2,0,1,2,0,2,100.0,0.0
"Home Care Prestige Ent., Tema",2,0,2,1,2,2,0.0,0.0
"Hnts I&E Limited. Co., Accra",2,0,1,1,0,1,100.0,0.0
"Abor Herbal Centre, P. O. Box 402, Agona Swedru, C/R",2,1,1,1,2,2,0.0,50.0
"Aculife Healthcare Pvt. Limited Village Sachana Taluka Viramgam, Ahmedabad Fujarat 382150, India",2,2,0,1,0,2,100.0,100.0
"Actikid Limited Unit 75 Pheonix Business Centre, Rosslym Crescent Harrow, Middlesex Hai 2Sp, United Kingdom",2,2,0,0,0,1,100.0,100.0
Acros Seafoods Limited,2,0,2,1,2,2,0.0,0.0
"Acomapa Healthy Foods Limited., Accra",2,0,1,1,2,2,0.0,0.0
"Wagyeme Herbal Centre, Accra",2,0,2,1,2,2,0.0,0.0
Wellness Forest Limited,2,2,0,1,0,2,100.0,100.0
Irit Globe Enterprise,2,0,0,1,2,2,0.0,0.0
"Irisoil Ventures, Opp. Kamina Barracks",2,0,2,1,2,2,0.0,0.0
"Hybrid Leading - Edge Co. Limited. Kumasi, A/R",2,0,2,1,0,2,100.0,0.0
"Hpw Fresh & Dry Limited., Adeiso, E/R",2,0,2,1,2,2,0.0,0.0
Add Pharma Gh Limited House No Bae 7 1 Baatsona,2,2,0,0,0,2,100.0,100.0
Add Pharma,2,2,0,1,0,2,100.0,100.0
"Adasi Co., Limited., Legon",2,0,2,1,2,2,0.0,0.0
Adanse Pa Royal Herbal Centre,2,2,0,1,2,2,0.0,100.0
"Water Research Institute., Accra",2,0,2,1,2,2,0.0,0.0
"Abil Chempharma Private Limited - B-1701, Lotus Corporate Park",2,2,0,1,0,2,100.0,100.0
"Abifa Classics, Accra G/R",2,0,2,1,0,2,100.0,0.0
"Well Brothers Limited., Teshie",2,0,2,1,0,2,100.0,0.0
Abbott Diagnostics Medicals Company,2,0,0,1,0,2,100.0,0.0
Abramart Enterprise,2,0,2,1,2,2,0.0,0.0
White Eagle Medical,2,0,0,1,0,2,100.0,0.0
"Igafe Limited, Tema Heavy Industrial Area. Gt-188-1461",2,0,2,1,1,1,50.0,0.0
Iffco,2,0,1,1,2,2,0.0,0.0
"Ice-Coco Ent., Accra",2,0,2,1,2,0,0.0,0.0
"Iatia Trading, Accra",2,0,2,1,0,2,100.0,0.0
"I. Vana Enterprise, Kumasi Krofrom, A/R",2,0,2,1,0,2,100.0,0.0
I-Bells Enterprise,2,0,2,1,2,2,0.0,0.0
"Isana Frozen Foods, South Industrial Area, Accra. G/R",2,0,2,2,0,2,100.0,0.0
Isaac Owusu Fordjour Enterprise A/R,2,0,0,1,0,2,100.0,0.0
"Walpar Nutritions Limited 2Nd Floorr L5:377, Pjlot:S, Opp Sabarmati Gas Station Santej Khatrraj Road, Khatraj",2,2,0,0,0,2,100.0,100.0
"Walmark, A.S. Owner Of The Walmark, A.S. Is Stada Arzneimittel Ag - Walmark, As: Oldfichovice 44, Trinec 739 61 Czech Republic, Czech Republic",2,2,0,1,0,2,100.0,100.0
"Zealon Links, Ho, V/R",2,0,2,1,2,2,0.0,0.0
"Zoe Palm & Foods, Accra, Ga/R",2,0,0,1,2,2,0.0,0.0
Zingiber Production,2,0,2,1,2,1,0.0,0.0
"Zina Princepa Ventures, Naaluro Estate Gw-0054-0477 Tamale",2,0,0,1,2,0,0.0,0.0
"Ihp Ent., Trade Fair Centre, Accra",2,0,2,1,0,2,100.0,0.0
Indus Life Sciences Private Limited Indus House 24/1 Subramaniam Street Abhiramapuran Chennai 60018 India,2,2,0,0,0,2,100.0,100.0
"Indobev Global Limited, Accra",2,0,2,1,0,2,100.0,0.0
Indchemie Health Specialities Pvt,2,2,0,1,0,1,100.0,100.0
"Yedent Agro Group Of Companies Limited, Sunyani, B/A",2,0,2,1,2,2,0.0,0.0
Yedent Agro Bulk Processing Limited Company,2,0,2,1,0,2,100.0,0.0
"Yaw Danso Nimoh Ent.,A/R",2,0,2,2,0,1,100.0,0.0
"Yarp Foods Limited Company, Wenchi, Bono Region",2,0,2,1,2,2,0.0,0.0
"A&A Don Solution Limited, Accra",2,0,2,2,0,2,100.0,0.0
"Young Don Ent, A/R",2,0,2,1,2,2,0.0,0.0
Xepa-Soul Pattinson,2,2,0,0,0,2,100.0,100.0
Xclusive Health,2,0,0,0,0,0,100.0,0.0
Elixir Global Manufacturing Food Limited First Commercial Road Town Planning Way Oluyole Industrial Estate Ibadan Oyo State Nigeria,2,2,0,0,0,2,100.0,100.0
"Elidek'S Foods, Accra, Ga/R",2,0,2,1,2,2,0.0,0.0
Elanco Animal Health,2,2,0,0,0,0,100.0,100.0
Moon Pharma Ghana Limited - Moon,2,2,0,1,0,2,100.0,100.0
Emcure Pharmaceuticals Limited Plot No P 1 & P 2 It Bt Park Phase Ii M I D C Hinjawadi Pune 411057 Maharashtra India,2,2,0,0,0,2,100.0,100.0
Embecta Corp,2,0,0,1,0,2,100.0,0.0
"Zim Laboratories Limited - B-21/22, Midc Area, Kalmeshwar, Nagpur – 441 501, Maharashtra State, India",2,2,0,1,0,2,100.0,100.0
"Zjnzy Commodities Ent., Kwabenya",2,0,2,2,0,2,100.0,0.0
"2 Big Ideas Ventures , Tarkoradi, W/R",2,0,2,1,0,2,100.0,0.0
"12 31 Global Ventures., Accra",2,0,2,1,0,2,100.0,0.0
"1010Foodie, Tema",2,0,2,1,2,2,0.0,0.0
"""Mylan Pharma Gmbh Turmstrasse 24 Tower 4 Ch 6312 Switzerland""",2,2,0,1,0,2,100.0,100.0
"""Kojach",2,2,0,2,0,2,100.0,100.0
Institut Biochemique,2,2,0,1,0,1,100.0,100.0
Zeta Pharma,2,2,0,0,0,2,100.0,100.0
"Zefu Food Limited., Accra",2,0,2,1,0,0,100.0,0.0
"Zuzu Pharmaceuticals Limited, Kpando, V/R",1,0,1,1,1,1,0.0,0.0
"Ziya'S Organix., Accra",1,0,1,1,1,1,0.0,0.0
"Zion Spring Natural Mineral Water Limited, Suhum - Eastern Region",1,0,1,1,1,1,0.0,0.0
Zion Splash Ent,1,0,1,1,1,1,0.0,0.0
"Zinoplex Investments Co. Limited., Accra",1,0,1,0,0,0,100.0,0.0
"Zino Royal Ent., Tema",1,0,0,1,0,1,100.0,0.0
Zifam Pinnacle Pty Limited 1 21 38 Elizabeth Street Wetherill Park Nsw 2164 Sydney- Australia,1,1,0,0,0,1,100.0,100.0
"Zief Limited, Xw-0277-7919, Wa, Uw/R",1,0,1,1,1,0,0.0,0.0
Zhenlong,1,1,0,1,0,1,100.0,100.0
"Zhengzhou Mct International Co., Limited",1,1,0,1,0,1,100.0,100.0
2023 Pinina Enterprise,1,0,0,1,0,1,100.0,0.0
"2 Pee Acqua., Accra G/A",1,0,1,1,1,1,0.0,0.0
"3-Point Foods, Gm-047-0430,Madina Libya Quarters",1,0,1,1,1,1,0.0,0.0
"360 Urban Kitchens Limited, Accra",1,0,1,1,1,1,0.0,0.0
3A Herbal Centre,1,1,0,1,1,1,0.0,100.0
3R’S Legacy Company Limited,1,0,0,0,0,0,100.0,0.0
"3Sl Foods, Accra",1,0,1,1,0,1,100.0,0.0
"4-Teen Natural Mineral Water, Akim-Akroso E/R",1,0,1,1,1,1,0.0,0.0
4Ward Development West Africa Limited,1,0,1,1,1,1,0.0,0.0
"4Ward Development West Africa Limited, Daboase, Close To Kakakrom Sch., Wz-0045-6190, W/R",1,0,1,1,1,1,0.0,0.0
"5Five Ice, Accra",1,0,1,1,1,1,0.0,0.0
"Zetrimira Ventures, Kasoa - Tuba",1,0,1,1,1,1,0.0,0.0
"Zaki Zakwan Enterprise, Accra",1,0,1,1,1,1,0.0,0.0
"Zamzam Bakery, Accra, Ga/R",1,0,1,1,1,1,0.0,0.0
Zanga Ventures,1,0,1,1,1,1,0.0,0.0
"Zee Special Shito, Accra",1,0,1,1,1,1,0.0,0.0
"Zela Pharmaceuticals Limited., Accra",1,0,1,1,1,1,0.0,0.0
"Zelicious Patisserie Limited., Accra",1,0,1,1,1,1,0.0,0.0
"Iganas, Techiman, B.E/R",1,0,1,1,1,1,0.0,0.0
"Intertropicus Limited, Accra",1,0,1,1,1,1,0.0,0.0
"Intertropicus Limited. Co., Accra",1,0,1,1,1,1,0.0,0.0
Intervet International S.A,1,1,0,1,0,1,100.0,100.0
"Investrade Int. Co. Limited., Accra, Ga/R",1,0,1,1,0,1,100.0,0.0
"Ihsl Product Limited., Accra",1,0,1,1,1,1,0.0,0.0
"Iib Ent., Accra",1,0,1,1,1,1,0.0,0.0
"Ike Majesty Ent., Tongor Tsanapke, V/R",1,0,1,1,1,1,0.0,0.0
"Ikyboat Vent., Kumasi, A/R",1,0,1,1,0,1,100.0,0.0
"Iman Classic, Sakyikrom- Adoagyiri",1,0,1,1,1,1,0.0,0.0
"Immaculate Ice Limited, St. Mary'S School Campus, Apowa, Wh-0239-1622, W/R",1,0,1,1,1,1,0.0,0.0
Impact Labs Private Limited,1,1,0,0,0,1,100.0,100.0
Hydrawork Ventures C/O P. O. Box 51,1,0,1,1,1,1,0.0,0.0
"Inceptrade Company Limited., Accra",1,0,1,1,0,1,100.0,0.0
"Index Link Limited., Accra",1,0,0,1,0,1,100.0,0.0
"Indian Bazaar Gh. Limited., Tema",1,0,1,1,0,1,100.0,0.0
"Hot Morgaans Limited., Accra",1,0,1,1,1,1,0.0,0.0
"House Of Liberation For Empowerment., Wa, U/W",1,0,0,0,0,0,100.0,0.0
Human Biological Institue Division Of India Immunologicals Limited Kozhipannai Pudumund Post Dr Basavaiah Nugar Udhuyanundalam,1,1,0,1,0,1,100.0,100.0
Humano Pharmaceuticals,1,1,0,0,0,1,100.0,100.0
"Hiltusbytes Ventures, A/R",1,0,1,1,1,1,0.0,0.0
"Irani Brothers & Others Limited., Tema",1,0,1,1,1,1,0.0,0.0
"Irfunu Enterprise, Lawra Uw/R",1,0,1,1,1,1,0.0,0.0
"Isaiah Sikaye Foods, Accra",1,0,1,1,1,1,0.0,0.0
"Isairee Ventures, Accra G/R",1,0,1,1,0,1,100.0,0.0
"Interbaron Global Beverages Limited., Accra",1,0,1,1,1,1,0.0,0.0
I.K Soma Limited Company,1,0,1,0,0,0,100.0,0.0
"I.K.O Royal Spring Drinking Water, Accra",1,0,1,1,1,1,0.0,0.0
"Ice Parf Limited, Korso- Koforidua",1,0,1,1,1,1,0.0,0.0
"Ice Stone Ventures,A/R",1,0,1,1,0,0,100.0,0.0
"Iced & Fresh Foods Comodities, Accra",1,0,1,0,0,0,100.0,0.0
"Iffco Ghana Trading Limited., Accra, G/R",1,0,0,1,0,0,100.0,0.0
"Ja Boat Natural Mineral Water, Worawora",1,0,1,1,1,1,0.0,0.0
"Ja-Riaq Ventures., Accra, Ga/R",1,0,1,1,1,1,0.0,0.0
"Ja24 Foods Limited, H/No B354/24, Kaafo Donn St. Flat Top, Lapaz",1,0,0,1,1,1,0.0,0.0
Jab Healthcare Pharmacy Limited P O Box Ks 6817 Kumasi Ak-067-9860 Kumasi,1,1,0,0,0,1,100.0,100.0
"Islamic Youth Centre Of Ghana For Research Studies And Preaching,A/R",1,0,1,1,1,1,0.0,0.0
Israel Nyame Beye Enterprise,1,1,0,1,1,1,0.0,100.0
"Issbys Ent., Accra G/A",1,0,1,1,1,1,0.0,0.0
"Itc Network And Farms., Tema",1,0,1,1,1,1,0.0,0.0
Itswell Enterprise,1,0,1,1,1,1,0.0,0.0
"Ivy'S Foods, Accra",1,0,1,0,0,0,100.0,0.0
Iz Logistics Limited,1,0,1,1,0,0,100.0,0.0
Izay K Enterprise. Sunyani. B/A,1,0,1,1,1,1,0.0,0.0
"J & G Bakery., Accra",1,0,1,1,1,1,0.0,0.0
"J & M Sky Blue Limited. Co., Accra",1,0,1,0,0,0,100.0,0.0
Hopehome Enterprise,1,0,1,1,1,1,0.0,0.0
Hornbill Ghana Limited,1,0,1,1,1,1,0.0,0.0
"Hitoto Ventures, Juapong, V/R",1,0,1,1,1,1,0.0,0.0
"Hive Dome Honey Limited, Accra",1,0,1,1,1,1,0.0,0.0
"Hk Organic Foods Co. Limited., Kpong, E/R",1,0,1,1,1,1,0.0,0.0
"Hmr Limited., Accra",1,0,1,1,1,1,0.0,0.0
"Hoga Rockseed Limited., Accra",1,0,1,1,0,1,100.0,0.0
"Hommy Delicacies, Accra, Ga/R",1,0,0,1,1,0,0.0,0.0
Honey Boutique And Farms,1,0,0,1,1,1,0.0,0.0
"Honeyland Miki Resources Ent., Paga, Ue/R",1,0,1,1,1,1,0.0,0.0
"J. M. D Lotus Quality Products Limited., Accra",1,0,1,1,0,1,100.0,0.0
"J. O. Mensah Ent., Techiman, B.E/R",1,0,1,1,1,1,0.0,0.0
"J.M. Addo & Sons Pharmacy Limited P. O. Box 1943 Accra, Ghana",1,1,0,0,0,1,100.0,100.0
"J.M. Addo & Sons Pharmacy Limited., Accra",1,1,0,0,0,1,100.0,100.0
J.M. Addo And Sons Limited,1,1,0,1,0,1,100.0,100.0
"J.O.C Beverages & Cosmetics, Accra",1,0,1,1,1,1,0.0,0.0
J.O.E.S Dreams Logistics Limited,1,0,1,1,1,0,0.0,0.0
"J.O.E.S Dreams Logistics Limited., Accra",1,0,1,1,0,0,100.0,0.0
"Hights Enterprise Limited, Bolgatanga, U/E",1,0,1,1,1,1,0.0,0.0
Hilaclerk Enterprise,1,1,0,0,0,1,100.0,100.0
Hill Lifecare Limited,1,1,0,0,0,1,100.0,100.0
Hills Pop Enterprise,1,0,1,0,0,0,100.0,0.0
"Helives Pathway Group Limited., Accra",1,0,0,1,1,1,0.0,0.0
"Jace Mineral Water, Nsawam, E/R",1,0,1,1,1,1,0.0,0.0
Jackwart Lodge,1,0,1,1,1,1,0.0,0.0
"Jaedonbrain Foods, Accra",1,0,1,1,1,1,0.0,0.0
"Jakati Ventures. Accra, G/R",1,0,1,1,0,1,100.0,0.0
"Jal Manufacturing And Trading Limited., Accra",1,0,1,1,0,1,100.0,0.0
"Jamang Nala Limited, Burma Camp, Accra",1,0,1,1,0,1,100.0,0.0
"Jamjoom Pharmaceuticals Factory Company - Plot No. Me1:3, Phase V, Industrial City",1,1,0,1,0,1,100.0,100.0
"Janbon Farms And Trading Enterprise, Xs-03610-2785 Pentu House Nabugbelle, Uw/R",1,0,1,1,1,1,0.0,0.0
"J&E Green Ways Farms Limited., Accra",1,0,1,1,1,1,0.0,0.0
His Glory Rusal Ventures,1,0,1,1,1,1,0.0,0.0
"Hitaderk Enterprise 13 Bogyame Street Adum, Kumasi",1,1,0,0,0,1,100.0,100.0
Herbal Fuel Beverages,1,0,1,1,0,1,100.0,0.0
Herbalife Of Ghana Limited Airport City Plot No,1,1,0,0,0,1,100.0,100.0
"Herbspharm, Accra",1,0,1,1,1,1,0.0,0.0
"Heaven Waves Industries Limited., Cg - 3320 - 3865, Agona Bewadze, C/R",1,0,1,1,1,0,0.0,0.0
Janssen Cilag Ag Gubelstrasse 346300 Zug Switzerland,1,1,0,1,0,1,100.0,100.0
Janssen-Cilag International Nv Turnhoutseweg 30 B-2340 Beerse Belgium,1,1,0,1,0,1,100.0,100.0
Jasenef Ent,1,0,1,1,1,1,0.0,0.0
Jatikay Initiatives Limited,1,0,1,1,0,1,100.0,0.0
"Jaya Impex/Prime Overseas - 16, Gokul Regency Ii Thakur Complex Kandivali",1,1,0,1,0,1,100.0,100.0
"Jayaf Limited., Accra",1,0,1,1,1,1,0.0,0.0
"Jabag Multi Haven Ent., Accra",1,0,0,1,0,1,100.0,0.0
Herona Company Limited - P. O. Box Kn 229 Kaneshie Accra,1,1,0,1,0,1,100.0,100.0
"Hesk Organics, Ho, V/R",1,0,1,1,1,1,0.0,0.0
Heyva Tropical Juice,1,0,1,1,1,0,0.0,0.0
Hi5 Empire,1,0,1,1,1,1,0.0,0.0
"Highland 234 Ent., Kibi, E/R",1,0,1,1,1,1,0.0,0.0
"Jglow Chills & Treats Limited, A/R",1,0,1,1,1,1,0.0,0.0
"Jiangsu Lianhuan Pharmaceutical Co., Limited - No.9, Jiankangyi Road, Biological Health Industry Park, Yangzhou, Jiangsu, China",1,1,0,1,0,1,100.0,100.0
"Jaydor Natural Mineral Water, Nkawkaw",1,0,1,1,1,0,0.0,0.0
"Jays-Kays Ventures, C/R",1,0,1,1,1,1,0.0,0.0
Jazna Group Limited,1,0,1,1,1,1,0.0,0.0
"Jb Dinatom Ent., Accra",1,0,1,1,1,1,0.0,0.0
"Jcc Prime Limited., Accra",1,0,1,1,1,1,0.0,0.0
"Jdb Enterprise, P. O. Box 15106, Accra North",1,0,0,1,0,1,100.0,0.0
Jdk Chingching Enterprise,1,0,1,1,1,1,0.0,0.0
"Jedmac Empire Ventures, Kadjebi-O/R",1,0,1,1,1,1,0.0,0.0
"Jednas Foods., Accra",1,0,1,1,1,1,0.0,0.0
"Jeemak Limited Company,A/R",1,0,1,1,1,1,0.0,0.0
"Helives Pathway Group Limited., Accra, Ga/R",1,0,1,0,0,0,100.0,0.0
Hello Ice Ent,1,0,1,1,1,1,0.0,0.0
Henbiss Business Services,1,1,0,1,1,1,0.0,100.0
Henrald Trading Enterprise Community,1,0,0,0,0,0,100.0,0.0
"Heavenly Light Ventures,A/R",1,0,0,1,1,1,0.0,0.0
Heavy Herbal Centre,1,1,0,1,1,0,0.0,100.0
Hebei New Century Pharma Co.Limited,1,1,0,1,0,1,100.0,100.0
Heightspharm Gh,1,0,0,0,0,1,100.0,0.0
"Heinzaac Enterprise, Yamfo, Ahafo Region",1,0,1,1,1,1,0.0,0.0
"Helen Foods, Tema",1,0,1,1,1,1,0.0,0.0
"Head Start Consult, Accra",1,0,1,1,1,1,0.0,0.0
Jefrac Pharmacy Limited,1,1,0,1,1,1,0.0,100.0
Jehova Jireh'S Amazing Grace Bakery,1,0,1,1,1,1,0.0,0.0
"Jehovah Makkeh Ent, Accra",1,0,1,1,1,1,0.0,0.0
"Jehovah Provide Natural Foods, Accra, Ga/R",1,0,1,1,1,1,0.0,0.0
"Jelemik Ent., Accra",1,0,1,1,0,1,100.0,0.0
"Jennifer'S For Real Enterprise, Nkawkaw- Nsuta",1,0,1,1,1,1,0.0,0.0
"Jerry-Johnson Company Limited. Bs-01126-7006, Berlin Top Sunyani Bono Region",1,0,0,1,1,1,0.0,0.0
"Jevical Enterprise, Spintex Baatsona Gt-378-3225",1,0,1,1,1,1,0.0,0.0
"Jezpa Mineral Water. Plot No. 22 Blk B, Jerusalem",1,0,1,1,1,1,0.0,0.0
"Jogia-Data Services, Accra, Ga/R",1,0,1,0,0,0,100.0,0.0
Jogo Foods,1,0,1,1,1,1,0.0,0.0
"John Eve Trading & Catering Services., Accra",1,0,1,1,1,1,0.0,0.0
"Jibuco Ghana Limited., Accra",1,0,1,1,1,1,0.0,0.0
"Jimani Trading & Investments. Accra , G/R",1,0,1,1,0,1,100.0,0.0
"Jireh-Aidoo Limited., Otta City, Kasoa, C/R",1,0,1,1,1,1,0.0,0.0
"Jjm Adom Group Limited, Accra",1,0,1,1,1,1,0.0,0.0
"Jkylas Haven, Accra",1,0,1,1,1,1,0.0,0.0
"Jmd Engineering Limited., Accra",1,0,1,1,0,1,100.0,0.0
"Jo-Haykof Enterprise, Nsadweso-Atieku, Wz-5058-4146, W/R",1,0,1,1,1,1,0.0,0.0
"Joankorf Trading Enterprise, Kasoa, C/R",1,0,1,1,1,1,0.0,0.0
"Joboa Gh. Co. Limited., Accra, G/R",1,0,1,1,1,1,0.0,0.0
"Joboakoh Ent. Limited., Accra",1,0,1,1,0,1,100.0,0.0
"Joboy Jallo Ent., Ejura, A/R",1,0,1,1,1,0,0.0,0.0
Joclarke Herbal Centre,1,1,0,1,1,1,0.0,100.0
"Jeffel Penahyirawaa Limited Company, Kintampo, Bono East Region",1,0,1,1,1,1,0.0,0.0
Healthisnax Hub,1,0,1,0,0,0,100.0,0.0
Healthtech Ghana Limited,1,0,0,1,0,1,100.0,0.0
"Healthy 101 Naturals., Accra",1,0,1,1,1,1,0.0,0.0
"Healthy Break, Hse No 4 Central Gonja District Buipe Savannah Region",1,0,1,1,1,1,0.0,0.0
"Healthy Lowor Enterprise, Odumase- Krobo",1,0,1,1,1,1,0.0,0.0
Healthy Soul Medical Centre,1,1,0,1,0,1,100.0,100.0
"Healthy Soul Medical Centre - , Select",1,1,0,1,0,1,100.0,100.0
Jodanam Enterprise,1,0,0,0,0,0,100.0,0.0
"Joe Boakye Unique Ent., A/R",1,0,1,1,1,1,0.0,0.0
"Joemiles Co. Limited., Accra, Ga/R",1,0,1,1,0,1,100.0,0.0
"Joempat Catering Services., Accra",1,0,1,0,0,0,100.0,0.0
"Joenel Food Supplies, Cape Coast, C/R",1,0,1,1,1,1,0.0,0.0
"Joent Foods., Accra",1,0,1,1,1,1,0.0,0.0
Joespa Paco Ent,1,0,1,0,0,0,100.0,0.0
"Joffasco ""J"" Enterprise",1,0,0,1,0,1,100.0,0.0
"Jofyna Enterprise, West Anaji Residential Area",1,0,1,1,1,1,0.0,0.0
"Hassan Ibrada Enterprise, Accra",1,0,1,1,1,1,0.0,0.0
"Havilla Concept Limited. Opposite Cactus Creek Hotel, Aburi Jamaicaso",1,0,1,1,1,1,0.0,0.0
"Havilland Ghana Limited., Accra",1,0,1,1,1,1,0.0,0.0
"Haypon Co. Limited., Berekum, B/R",1,0,1,1,1,1,0.0,0.0
"Hb Hamdrink Ent., Accra",1,0,1,1,1,1,0.0,0.0
"Hd Foods., Accra, Ga/R",1,0,1,1,1,1,0.0,0.0
"He Is The Light Venturs., Goaso, B/R",1,0,1,1,0,0,100.0,0.0
Hajia Umbrella Enterprise,1,1,0,1,1,0,0.0,100.0
Johsaac Enterprise,1,0,0,1,1,1,0.0,0.0
"Jolabs Water Enterprise, Nyamekrom- Koforidua",1,0,1,1,1,1,0.0,0.0
Jolee Bakery And Catering Services Comm.20 Lashibi-2 G/R,1,0,1,1,1,1,0.0,0.0
Jonap Enterprise,1,0,0,1,0,1,100.0,0.0
"Jonasah Dzinpa Ventures, C/R",1,0,1,1,1,1,0.0,0.0
"Joseban Plus Ventures,A/R",1,0,1,1,1,1,0.0,0.0
Healgen Scientific Limited Liability Company,1,0,0,1,0,1,100.0,0.0
Healthbest Pvt Limited…,1,1,0,0,0,1,100.0,100.0
"Julimore Star Ent., A/R",1,0,1,1,1,1,0.0,0.0
"Julitta'S Catering Service, Accra",1,0,1,1,1,1,0.0,0.0
"Junaid Samu Enterprise, Wenchi, Bono Region",1,0,1,1,1,1,0.0,0.0
"Joseph Newton 63 Ventures, C/R",1,0,1,1,1,1,0.0,0.0
"Josephine Forbah Him Ent,A/R",1,0,1,1,1,1,0.0,0.0
"Josh Balak Ent., Nsawam, E/R",1,0,1,1,1,1,0.0,0.0
"Josubuak Company Limited, 4 Maame Edwe St. Tadisco West, Takoradi, Ws",1,0,0,1,1,1,0.0,0.0
"Jota Water, Adutor-Sogakope, V/R",1,0,1,1,1,1,0.0,0.0
"Joyful Taste Natural Mineral Water, A/R",1,0,1,1,1,1,0.0,0.0
"Joygeo Guest House And Food Services, A/R",1,0,1,1,1,1,0.0,0.0
"Joyrite Ent., Accra",1,0,0,1,0,1,100.0,0.0
Joywind Company Limited,1,0,0,1,0,1,100.0,0.0
"Js Bakery Limited, Accra",1,0,1,1,1,1,0.0,0.0
"Johnnyviv Ent., Abor, V/R",1,0,1,1,1,1,0.0,0.0
"Happy Little Tums, Accra, Ga/R",1,0,1,1,1,1,0.0,0.0
Harvest Rozanne Enterprise,1,0,1,1,0,1,100.0,0.0
"Hallifax Trade And Commence Limited., Accra",1,0,1,1,0,1,100.0,0.0
"Hamadu Hamidu 24 Ventures. Hse No. Ayg 0069, Ayigbe, Wenchi Bono Region. Bw",1,0,1,1,1,1,0.0,0.0
"Handmaids Limited., Nuaso, E/R",1,0,1,0,0,0,100.0,0.0
"Hanglow Virgin Coconut Oil, Accra",1,0,0,1,1,1,0.0,0.0
Hank Natural Mineral Water,1,0,1,1,1,1,0.0,0.0
"Hannah Blessing Adjei Ent., Accra, Ga/R",1,0,1,1,1,1,0.0,0.0
Hannah Express Shipping & Freight Forwarding Enterprise,1,0,0,1,0,1,100.0,0.0
"Happy Life Food Ventures, Beposo",1,0,1,1,1,1,0.0,0.0
"H A Thank You, Accra",1,0,1,1,1,1,0.0,0.0
"Jubel Impex Ent., Accra",1,0,0,1,1,0,0.0,0.0
"Jubel Investment Limited., Accra",1,0,1,1,0,1,100.0,0.0
"Juice Bells, Accra",1,0,1,1,1,1,0.0,0.0
"Julagye Ent., Accra",1,0,1,1,0,1,100.0,0.0
"Julia Panem Enterprise, Dambai -Oti Region",1,0,1,1,1,0,0.0,0.0
"Juliet Gifted Hands Ent., Accra",1,0,1,1,1,1,0.0,0.0
"Julifort Limited Ga-567-2602, Nan Awula Quaye Road Dansoman",1,0,1,1,1,1,0.0,0.0
"Hafsat Iman Vent., Accra",1,0,0,1,1,1,0.0,0.0
"Haira Logistics Xw-0009-2884, Nayiri Wa",1,0,0,1,1,1,0.0,0.0
Gulf Chemical Company Limited,1,1,0,1,1,0,0.0,100.0
"Just Affordable Ventures, A/R",1,0,1,1,1,1,0.0,0.0
Just Dream And Reality Limited,1,0,1,1,1,1,0.0,0.0
Just Eves Investments,1,0,1,1,1,1,0.0,0.0
Just Give Hostel,1,0,1,1,1,1,0.0,0.0
"Just Ice Alpha Solutions Limited., Accra",1,0,1,1,1,1,0.0,0.0
Juvik Links Enterprise,1,0,1,1,1,1,0.0,0.0
"Jx Distribution, Accra",1,0,1,1,1,1,0.0,0.0
"Jym Tea Limited Co., Accra",1,0,1,1,0,1,100.0,0.0
K And Adwoa Enterprise,1,0,0,1,0,1,100.0,0.0
"K Somuah And Sons, Wiafco House, Okaishie, Accra",1,1,0,0,0,1,100.0,100.0
"K-B Authentic Vision Ventures, Accra",1,0,1,1,0,1,100.0,0.0
"K-D Ofori Industries Limited., Ejisu Manhyia, A/R",1,0,1,1,1,1,0.0,0.0
Haleon Uk Trading Limited The Heights Weybridge Surrey England Kt13 0Ny United Kingdom,1,1,0,0,0,1,100.0,100.0
"Kakari Glory Imports, Kejetia-Kumasi, A/R",1,0,1,1,0,1,100.0,0.0
"K-Vicsimon Vent, Accra",1,0,1,1,1,1,0.0,0.0
"K. Emma Homes And Investment Co Limited, H/No. Nz 003, Nkoranza",1,0,1,1,1,1,0.0,0.0
"K. Mensah Sawmill, Atronie Road, Sunyani, Bono Region",1,0,1,1,1,1,0.0,0.0
"K. Ofori 2 Ent., A/R",1,0,1,1,1,1,0.0,0.0
"K.C. Osei Ent., Accra",1,0,1,1,1,1,0.0,0.0
K.Dwomoh Herbal Centre,1,1,0,1,1,0,0.0,100.0
K.G.N Impex,1,0,1,1,0,1,100.0,0.0
"K.S Gyamfi Ent., A/R",1,0,1,1,1,1,0.0,0.0
"Kab Ice Natural Mineral Water, A/R",1,0,1,1,1,1,0.0,0.0
"Jusarp Star Ent., Koforidua, E/R",1,0,1,1,1,1,0.0,0.0
"H&B Suppliers Limited., Accra",1,0,1,1,0,1,100.0,0.0
H-Family Filtered Drinking Water,1,0,1,1,1,1,0.0,0.0
"H.A. Farms, P. O. Box 19, Mankessim, Cf-0628-7115,Mankessim, C/R",1,0,1,1,1,1,0.0,0.0
"H.P. Ent., Limited., Accra",1,0,1,1,1,1,0.0,0.0
Hadinaf Services,1,0,1,1,1,1,0.0,0.0
Gvs Pharma Limited,1,1,0,1,0,1,100.0,100.0
Gy Fishing Enterprise,1,0,1,1,0,1,100.0,0.0
"Gyant Herbal Clinic, Accra",1,0,1,1,1,1,0.0,0.0
"Gyarko Farms Limited., Accra",1,0,0,1,0,0,100.0,0.0
"Gybodez Enterprise, A/R",1,0,1,1,1,1,0.0,0.0
Gye Wo Adansee Herbal Centre,1,1,0,1,1,1,0.0,100.0
Gyidie Mmoroso Herbal Clinic,1,1,0,1,1,0,0.0,100.0
"Kabjab-Jm Ent,A/R",1,0,1,1,1,1,0.0,0.0
Kabx Enterprise,1,0,1,1,1,1,0.0,0.0
"Kades Production, Kasoa, C/R",1,0,1,1,1,1,0.0,0.0
"Kaelbintech Solutions, Nsawam, E/R",1,0,1,1,1,1,0.0,0.0
"Kaf Acheampong Ent., Effiduase-Koforidua",1,0,1,1,1,1,0.0,0.0
"Kafina Herbal Centre., Accra",1,0,1,1,1,1,0.0,0.0
Kafnam Co,1,1,0,1,1,1,0.0,100.0
Kaityn Natural Drinks,1,0,1,0,0,0,100.0,0.0
"Kaizen - Hkb Ghana Limited., Accra",1,0,1,1,1,0,0.0,0.0
"Guest Natural Mineral Water, A/R",1,0,0,1,1,1,0.0,0.0
Guilin Pharmaceticals,1,1,0,1,0,1,100.0,100.0
"Guinness Ghana Breweries Limited., Accra",1,0,1,0,0,0,100.0,0.0
"Kamade Ent., Accra",1,0,1,1,1,1,0.0,0.0
Kamal Life Science,1,1,0,0,0,1,100.0,100.0
Kamal Life Sciences - Building No3 A/503 Dhanlcexmi Apartment Santu Gawali Complex Kalyan,1,1,0,1,0,1,100.0,100.0
Kamaq Prime Vent. Accra,1,0,1,1,1,1,0.0,0.0
"Kamil Sat Ent.,P O Box 2386 Plot Number 36 Sakasaka Tamale",1,0,1,1,1,1,0.0,0.0
"Kan-E-Eboule Ent., Opeikuma Rd., Kasoa, C/R",1,0,1,1,1,1,0.0,0.0
"Kandah Unique Resource, Xo-4626-7378 Aswaj, Airstrip Residential Area Wa",1,0,1,1,1,1,0.0,0.0
"Kangen Enagic Water Limited,A/R",1,0,1,1,1,1,0.0,0.0
"Kannafa Ent., Accra",1,0,1,1,1,1,0.0,0.0
"Kabaka Construction & Investments Limited, Accra",1,0,1,1,0,1,100.0,0.0
"Gulf Chemical Company Limited. P. O. Box Tn 504, Accra. Spintex Road Nwgl Building. Community 18 Junction",1,1,0,1,1,0,0.0,100.0
Gulibu Company Limited Ns-126-8796,1,0,0,0,0,0,100.0,0.0
"Gva Rosac Group Limited., Kasoa, C/R",1,0,1,1,1,1,0.0,0.0
"Green Wave Limited. Company, A/R",1,0,1,1,1,1,0.0,0.0
Green-Co Herbal Enterprise,1,1,0,1,1,1,0.0,100.0
Greenwich Fisheries Limited,1,0,0,1,0,1,100.0,0.0
"Gritop Foods Processing Limited., Kasoa, C/R",1,0,1,1,1,0,0.0,0.0
"Kanyi Wan Ent., Accra",1,0,1,1,1,1,0.0,0.0
"Kanyiri-Kasha Limited. Box 201, Education Ridge-Tamale",1,0,1,1,1,1,0.0,0.0
"Karay Foods, Accra",1,0,0,1,1,1,0.0,0.0
"Karicath Ventures, Accra, Ga/R",1,0,1,0,0,0,100.0,0.0
"Kasma-Msc Ventures,A/R",1,0,0,1,1,1,0.0,0.0
"Katargeo Ent., Congo Villa, Kasoa, C/R",1,0,1,1,1,1,0.0,0.0
"Kataso Ent., Accra",1,0,1,1,1,1,0.0,0.0
Kay Anointing Ventures,1,1,0,1,1,1,0.0,100.0
"Kay'Z Groceries., Accra",1,0,1,0,0,0,100.0,0.0
"Ground Up Ghana Limited, Amanokrom - Akuapem North, E/R",1,0,1,1,1,1,0.0,0.0
Gtg Pharmaceuticals P O Box 5812 Accra North,1,1,0,0,0,1,100.0,100.0
"Gudmann Inter Limited., Accra",1,0,1,1,0,1,100.0,0.0
Gracefect Royal Ent. Accra,1,0,1,1,0,1,100.0,0.0
"Gracepack Filtered Drinking Water Ent,A/R",1,0,1,1,1,1,0.0,0.0
Graciella Special Product,1,0,1,1,1,1,0.0,0.0
"Grasam Star Ghana Limited, Wa Uw/R",1,0,1,1,1,1,0.0,0.0
"Gratia & Venia Solutions Limited., Accra",1,0,1,1,0,1,100.0,0.0
Great Life Wellness Services,1,0,1,1,1,1,0.0,0.0
Green - 9 Limited Company,1,0,1,1,0,1,100.0,0.0
"Kayvamef Ent., Accra",1,0,0,1,0,1,100.0,0.0
"Kb Tasty Bread Limited, Kwahu Nkwatia, E/R",1,0,1,1,1,1,0.0,0.0
"Kca Ventures, A/R",1,0,1,1,1,1,0.0,0.0
"Kd Beveraged Limited. Co., Accra",1,0,1,1,0,1,100.0,0.0
Kela Laboratoria N.V,1,1,0,1,0,1,100.0,100.0
"Keli Eagles Trading Ent, Accra",1,0,1,1,1,1,0.0,0.0
"Kennruth Limited., Apowa, W/R",1,0,1,1,1,1,0.0,0.0
"Green Gold Biotechnology Engineering Co. Limited., Accra",1,0,1,1,1,0,0.0,0.0
"Green Herbal Organic Shelves, Kaneshie, Accra",1,0,1,1,1,1,0.0,0.0
"Goodheart Baker Ent, Accra",1,0,1,1,1,1,0.0,0.0
"Goodlife Mineral Water And Beverages Ventures, A/R",1,0,1,1,1,1,0.0,0.0
"Gopaldas Visram & Co. Limited Plot No. A590/591 Midc Ttc Industrial Area Mahape Navi Mumbai, India",1,1,0,1,0,1,100.0,100.0
"Gopaldas Visram & Company Limited - Plot No. A327, T.T.C. Indl Area, M.I.D.C.Mahape, Navi Mumbai-400710, India",1,1,0,1,0,1,100.0,100.0
Goshen Herbal Centre,1,1,0,1,1,1,0.0,100.0
"Gotm-Nova Enterprise, Square Avenue, U/E",1,0,1,1,0,1,100.0,0.0
Kensho Life Sciences Private Limited,1,1,0,1,0,1,100.0,100.0
"Kentinka Kwame Appiah - 20 Mission St. Osu Ga-082-5749, Accra",1,1,0,0,0,1,100.0,100.0
"Kepark Commodities Int. Limited., Accra",1,0,1,1,0,1,100.0,0.0
"Kepro B.V - Kuipersweg 9 3449 Ja Woerden , Netherlands",1,1,0,1,0,1,100.0,100.0
Kesstevebel Ventures,1,0,1,1,1,1,0.0,0.0
"Keta Grove Limited., Accra",1,0,1,1,1,1,0.0,0.0
Keta Laboratoria N.V,1,1,0,1,0,1,100.0,100.0
"Kett Industries Limited., Accra",1,0,1,1,1,1,0.0,0.0
"Kaysons Supermarket Limited., Accra",1,0,1,1,0,1,100.0,0.0
"Grace Foods, Accra",1,0,1,1,1,1,0.0,0.0
"Goldisnacks Limited., Accra, Ga/R",1,0,1,1,1,1,0.0,0.0
"Gnoppo Gh. Limited., Accra",1,0,1,1,0,1,100.0,0.0
"Khita Salads And Squeezy, Accra",1,0,1,1,0,0,100.0,0.0
"Kilitch Drugs Limited - 37 39 Ujagar Industrial Estate W T Patil Marg Deonar Mumbai Maharashtra India , India",1,1,0,1,0,1,100.0,100.0
"Kilolo Ultimate Ent., Bolgatanga, B.E/R",1,0,1,1,1,1,0.0,0.0
"Kingbee Dunamis Limited., Accra",1,0,1,1,1,1,0.0,0.0
"Kingbi Vent., Accra",1,0,1,1,1,1,0.0,0.0
"Kingdom Books And Staionery Limited., Osu",1,0,1,1,0,1,100.0,0.0
Kings Burgh Ventures,1,0,1,1,1,1,0.0,0.0
"Kings Crown Industries Limited., Accra",1,0,1,1,1,1,0.0,0.0
"Kings Touch Africa Group Limited., Winneba, C/R",1,0,1,1,1,1,0.0,0.0
Kenoch Herbal Services,1,1,0,1,1,1,0.0,100.0
"Good Max Mineral Water, Drobo, Bono Region",1,0,1,1,1,1,0.0,0.0
"Good News Water, Nsawam Dobro",1,0,1,0,0,0,100.0,0.0
"Good Water Ent., Accra",1,0,1,1,1,1,0.0,0.0
Goode Shito,1,0,1,1,1,1,0.0,0.0
Konica Minolta Inc,1,0,0,1,0,1,100.0,0.0
Konkomerifa Herbal Centre,1,1,0,1,1,0,0.0,100.0
"Kinloe-Winneba, Accra",1,0,1,1,1,1,0.0,0.0
"Klassone Investments., Accra",1,0,1,1,0,1,100.0,0.0
"Klub Super Ventures, Sunyani, B/R",1,0,1,1,1,1,0.0,0.0
"Kmc Cleaning Services, Accra, G/A",1,0,1,1,1,1,0.0,0.0
Kmce For Trading,1,0,1,1,0,1,100.0,0.0
"Knvm Medicare Private Limited - Kh No 959 Udyog Kunj Opp Reliance Ghaziabad Up 201 001, India",1,1,0,1,0,1,100.0,100.0
"Koa Impact Ghana Limited., Akim Achiase, E/R",1,0,1,1,1,1,0.0,0.0
"Kharis Alpha Life Limited Company, Ho, V/R",1,0,1,1,1,1,0.0,0.0
"Gold Coast Roasters Limited., Accra",1,0,1,1,1,1,0.0,0.0
Golden Africa Consumer Products Ghana Limited,1,0,1,0,0,0,100.0,0.0
"Golden Breed Ventures., Kaneshie",1,0,1,1,1,1,0.0,0.0
Golden Frimps Enterprise,1,0,1,1,1,1,0.0,0.0
"Golden Royal Commodities And Logistics Limited., Accra",1,0,1,1,0,1,100.0,0.0
"Golden Vials Ent., Berekum, B/R",1,0,1,1,1,1,0.0,0.0
"Gnpa Limited., Accra",1,0,1,0,0,0,100.0,0.0
Go- Givers Enterprise,1,0,0,1,1,1,0.0,0.0
Gobby Bawua Enterprise,1,0,0,1,0,1,100.0,0.0
"God Is All You Need Co. Limited., Accra",1,0,1,1,1,1,0.0,0.0
"God Is Precious Mart, Accra",1,0,0,1,1,1,0.0,0.0
"God Is Wonderful Mineral Water Limited, A/R",1,0,1,1,1,1,0.0,0.0
"Godiya Foods Ghana Limited., Accra",1,0,1,1,0,1,100.0,0.0
"Godswill Cereals,A/R",1,0,1,1,1,1,0.0,0.0
"Gokals Limited., Accra",1,1,0,0,0,1,100.0,100.0
"Globell Ocans Ent., Accra",1,1,0,0,0,1,100.0,100.0
"Kofi Vinyo & Company Limited., Sunyani, B/R",1,0,0,1,1,1,0.0,0.0
Kolnox,1,0,1,1,1,1,0.0,0.0
"Komenda Sugar Development Company Limited, C/R",1,0,1,1,1,1,0.0,0.0
"Kona Plus Vent., Accra",1,0,1,1,1,1,0.0,0.0
"Konadapps Royal Ent., A/R",1,0,1,1,1,1,0.0,0.0
Konan Local Bar,1,0,1,1,1,1,0.0,0.0
"Glorious Baby Mall, Kasoa, C/R",1,0,1,1,1,1,0.0,0.0
"Glotex Limited. Co., Accra",1,0,1,0,0,0,100.0,0.0
Glow Pharma Pvt Limited,1,1,0,1,0,1,100.0,100.0
"Gloyeb Ent., A/R",1,0,1,1,1,1,0.0,0.0
"Gm Citadel Ent., Accra",1,0,1,1,0,1,100.0,0.0
Kotakyi Company Limited,1,0,1,1,0,1,100.0,0.0
"Koteng Koat Vent., Accra",1,0,1,1,1,1,0.0,0.0
Kpasec Parent Teacher Association,1,0,1,1,1,1,0.0,0.0
Kpembe Nmtc Mineral Water,1,0,1,1,1,1,0.0,0.0
"Kresy Ent., Accra",1,0,1,0,0,0,100.0,0.0
"Kriseddy Ent., Accra",1,0,1,1,0,1,100.0,0.0
"Kromo O.A Limited Company, Badu, Opp. The Taxi Station",1,0,1,1,1,1,0.0,0.0
"Ks Annan Ent., Mankessim, C/R",1,0,1,1,1,1,0.0,0.0
"Kuba Intra Afriq Ent., Accra",1,0,1,1,0,1,100.0,0.0
"Koasa Mineral Water Ent., A/R",1,0,1,1,1,1,0.0,0.0
Gnox Prime Limited,1,0,0,0,0,0,100.0,0.0
"Gihoc Distilleries Co. Limited., Accra",1,0,1,1,1,1,0.0,0.0
"Kukks Delight Kitchen., Accra",1,0,1,0,0,0,100.0,0.0
"Kuls Pac Mineral Water, Nsawam, E/R",1,0,1,0,0,1,100.0,0.0
"Kumi Global Ventures, Dormaa Ahenkro, B/A",1,0,1,1,0,1,100.0,0.0
Kumi Opakon Enterprise,1,1,0,1,1,1,0.0,100.0
"Kuzuni Ent., Sunyani, B/R",1,0,0,1,0,0,100.0,0.0
"Kvms International Limited, Tema, G/A",1,0,1,1,0,1,100.0,0.0
"Kwabjoy Enterprise, C/R",1,0,1,1,1,0,0.0,0.0
"Kwabs Commodities Limited, Tema",1,0,1,1,0,1,100.0,0.0
Kwadwo-Kyere Ent,1,0,1,1,1,1,0.0,0.0
"Kwadwoa Business Ventures, Medie",1,0,1,1,1,1,0.0,0.0
Kwagyem Herbal Centre,1,1,0,1,1,1,0.0,100.0
Korea United Pharmaceuticals,1,1,0,1,0,1,100.0,100.0
"Glocardo Ventures., Accra",1,0,1,1,1,1,0.0,0.0
Glopag Afric,1,0,1,1,1,1,0.0,0.0
"Gloriaka Maquis Hotel, C/R",1,0,1,1,1,1,0.0,0.0
Gko Eastern Medicals And Pharmaceutical Limited,1,1,0,1,0,1,100.0,100.0
"Glada Filtered Water, Takoradi, W/R",1,0,1,1,1,1,0.0,0.0
"Get Ice, Kasoa - Amanfrom",1,0,1,1,1,1,0.0,0.0
"Kwami Atidamah Ent, Ho, V/R",1,0,1,0,0,0,100.0,0.0
"Kwesah Ventures, C/R",1,0,1,1,1,1,0.0,0.0
Kydes Pharmaceuticals Llc University Of Maryland Baltimore County Research & Technology Park,1,1,0,0,0,1,100.0,100.0
"L&A Naseda Co. Limited., Accra",1,0,1,1,1,0,0.0,0.0
L'Amar Natural Product Pvt,1,1,0,1,0,1,100.0,100.0
"La Cocina Mexicana Limited., Accra",1,0,1,1,1,1,0.0,0.0
"La Renon Healthcare Private Limited - 207 208 Iscon Elegance Circle P Prahlad Nagar Cross Roads S G Highway Ahmedabad 380015 Gujarat, India",1,1,0,1,0,1,100.0,100.0
"Glanita 24 Ent., Accra",1,0,1,1,0,1,100.0,0.0
"Glaxosmithkline Export Limited. - 980 Great West Road, Brentford, Middlesex, Tw8 9Gs, , United Kingdom",1,1,0,1,0,1,100.0,100.0
"Global Fish Company Limited, Accra",1,0,1,1,0,1,100.0,0.0
"Global Gsv Gh Limited, Accra",1,0,1,1,0,1,100.0,0.0
Global Health,1,1,0,0,0,1,100.0,100.0
"Globalvine Commodities Limited., Tema",1,0,1,1,0,1,100.0,0.0
Laud K Pharmacy - P. O. Box 747 Knust Kumasi,1,1,0,1,0,1,100.0,100.0
"La-Mactina, Accra",1,0,1,1,1,1,0.0,0.0
"Laarry Water House, Teiman -Abokobi",1,0,1,1,1,1,0.0,0.0
"Laboratories-Basi-Industria Farmaceutca Sa Parque Industrial Manuel Lourenço Ferreira, Lote",1,1,0,0,0,1,100.0,100.0
Lael Plus Limited,1,0,1,1,1,1,0.0,0.0
"Lalima Enterprise,Gu-564-6765 Soalepe-Damongo",1,0,1,1,1,1,0.0,0.0
"Lam Halal Foods & Beverages, Accra",1,0,1,1,1,1,0.0,0.0
Lamelle Pharmaceuticals,1,1,0,0,0,1,100.0,100.0
Kwaku Boakye Enterprise,1,0,1,1,0,1,100.0,0.0
"Gilead Support Services, Accra",1,0,1,1,0,1,100.0,0.0
"Giloz Restaurant, Accra",1,0,1,1,1,1,0.0,0.0
"Gilpez Investment Co. Limited., Kasoa, C/R",1,0,1,1,1,0,0.0,0.0
Gina'S Spring Drinking Water,1,0,1,1,1,1,0.0,0.0
Give Thanks Network Limited,1,0,1,1,1,1,0.0,0.0
"Givers Water House, Dodowa",1,0,1,1,1,0,0.0,0.0
"Giz-Kaye Ventures, Accra",1,0,1,1,1,1,0.0,0.0
"Ghana Nuts Co. Limited., Hansua Techiman, B/R",1,0,1,1,1,1,0.0,0.0
Ghandour Cosmetics,1,1,0,1,1,1,0.0,100.0
Gi Pokems Foods,1,0,1,1,1,1,0.0,0.0
"Gideof Limited., Ho, V/R",1,0,1,1,1,1,0.0,0.0
Gifadze Ventures,1,0,1,1,1,1,0.0,0.0
Giford Ea Enterprise,1,0,0,1,1,1,0.0,0.0
"Giftal Shito, Dome-Accra",1,0,1,1,1,1,0.0,0.0
"Gifted Minds Foods And Trading Ent., H/No.C22, Appau-Tinkong, E/R",1,0,1,0,0,0,100.0,0.0
"Giftemma Group Limited., Accra",1,0,1,0,0,0,100.0,0.0
"Giftings And Skills Ventures., Accra",1,0,0,1,1,0,0.0,0.0
Geisteiz Mineral Water,1,0,1,1,1,1,0.0,0.0
Lansah Chemist Limited,1,1,0,1,0,1,100.0,100.0
"Lantianyi Co. Limited., Tema",1,0,1,1,1,1,0.0,0.0
"Laprovet Hungary Veterinary Pharmaceuticals Limited 1107, Budapest, Horog U. 32-34 Hungary",1,1,0,1,0,1,100.0,100.0
Lark Laboratories,1,1,0,1,0,1,100.0,100.0
"Lartisha Ent., Accra",1,0,1,1,1,1,0.0,0.0
Geeun Ent,1,0,1,1,1,1,0.0,0.0
G.R Industries Limited,1,1,0,1,1,1,0.0,100.0
"Lawson Herbal Centre., Kumasi, A/R",1,0,1,1,1,1,0.0,0.0
"Le - Int Ent., Accra",1,0,1,1,0,1,100.0,0.0
"Le Poisson Bar & Grill, Accra",1,0,1,1,1,1,0.0,0.0
Le-Nayg Chemist,1,1,0,1,1,1,0.0,100.0
"Leador J Ent., Accra",1,0,1,1,1,1,0.0,0.0
"Ledrop Gh. Limited., Accra",1,0,1,0,0,0,100.0,0.0
"Leemesh Grace Ventures, Accra",1,0,1,1,1,1,0.0,0.0
"Legacy Foods Limited., Accra",1,0,1,0,0,0,100.0,0.0
"Genesis 20 Guesthouse, Navrongo, N/R",1,0,1,1,1,1,0.0,0.0
"Genesis Alkaline Water, Accra",1,0,1,0,0,0,100.0,0.0
Genetek Lifesciences Pvt,1,1,0,0,0,1,100.0,100.0
"George Tettey Prestige Ent, A/R",1,0,1,1,1,1,0.0,0.0
"Gepach International - Head Office B 13 Chand Society Juhu Church Road Mumbai 400 049 India , India",1,1,0,1,0,0,100.0,100.0
Ghamethe Enterprise,1,0,1,1,1,1,0.0,0.0
"Life Taste Mineral Water, Kasoa, C/R",1,0,1,1,1,1,0.0,0.0
"Lifekick Business Enterprise, Tarkwa-Bogoso Junction, Wt-0180-3331, W/R",1,0,1,1,1,1,0.0,0.0
"Liitee Impex Ventures, Accra",1,0,1,0,0,0,100.0,0.0
"Legacy Life Choice Int., Limited., Accra",1,0,1,1,0,1,100.0,0.0
Legend Pharmaceuticals Limited,1,0,0,1,0,1,100.0,0.0
"Lemanas Ventures. Tamale, N/R",1,0,1,1,0,1,100.0,0.0
Les Laboratories Service,1,1,0,1,0,0,100.0,100.0
"Level Up Consult And Customs Clearing Consult Limited, Accra",1,0,1,1,0,1,100.0,0.0
Launa Pharmaceuticals Pvt,1,1,0,0,0,1,100.0,100.0
Gbati Yussif Ent. Dagbon Road,1,0,1,1,1,1,0.0,0.0
"Gbm General Trading Limited., Takoradi, W/R",1,0,1,1,0,1,100.0,0.0
"Gdk International Lbg, Dawhenya-Tema, G/R",1,0,1,1,0,1,100.0,0.0
Geapadd Enterprise,1,0,1,1,1,1,0.0,0.0
"Gedicom Mineral Water. Bd-0530-9805 Behind Beckgeo Village Dormass Road, Dormaa Ahenkro, Bono Region",1,0,1,1,1,1,0.0,0.0
"Geedan Ventures, Nkawkaw, E/R",1,0,1,0,0,0,100.0,0.0
"Geesh Vent., Accra",1,0,1,1,1,1,0.0,0.0
"G2 Ice, Accra",1,0,1,1,1,1,0.0,0.0
Gab Foods Limited. Co. Accra,1,0,1,1,0,1,100.0,0.0
"Gain Cool, Budumburam, C/R",1,0,1,1,1,1,0.0,0.0
"Galaxy Import And Export Logistics Limited., Accra",1,0,1,1,0,1,100.0,0.0
Ganel Royal Enterprise,1,0,0,1,1,1,0.0,0.0
Gardenciti Water Supply,1,0,1,0,0,0,100.0,0.0
Gastro Foods Enterprise,1,0,0,1,0,1,100.0,0.0
Gatelift Company Limited,1,0,1,1,1,0,0.0,0.0
"Gati Food Products And Trading, Accra",1,0,1,1,1,1,0.0,0.0
Gatita Global Trade Limited,1,0,1,1,0,1,100.0,0.0
"Ft Strategic Investment Limited., Kasoa - Nyanyano, C/R",1,0,1,1,1,0,0.0,0.0
Liaoning Chang Da Biotechnology Co Limited No 1 Xinfang Street Human New District Shenyang 110179 China,1,1,0,1,0,1,100.0,100.0
Liberation Mandate Limited,1,0,0,1,0,1,100.0,0.0
"Liberty Industries Ventures, Accra",1,0,1,1,1,1,0.0,0.0
Libravo Enterprise,1,0,0,1,0,1,100.0,0.0
"Life Essentials Supplements - 1317 North East 83Rd Drive Vancouver Washington 98665, United States",1,1,0,1,0,1,100.0,100.0
"Fullstalk Limited, Tema",1,0,0,1,1,1,0.0,0.0
"Fumiz Ventures, Accra, Ga/R",1,0,1,1,1,1,0.0,0.0
Fungidx Laboratories,1,0,0,1,0,1,100.0,0.0
G - 3 Mineral Water,1,0,1,1,1,1,0.0,0.0
"G - C Animal Pharmacy & Pet Shop, Nungua",1,0,1,1,0,0,100.0,0.0
"G. T Foods Limited., Accra",1,0,1,1,0,1,100.0,0.0
"G.E Healthcare As,Nycoveien",1,0,0,1,0,0,100.0,0.0
"Friomer Limited, Tema, G/R",1,0,1,1,0,1,100.0,0.0
Linking Beauty,1,1,0,0,0,1,100.0,100.0
"Linofatin, Akwatia, E/R",1,0,1,1,1,1,0.0,0.0
Lion Ice Purified Water. Nyankpala,1,0,1,1,1,1,0.0,0.0
"Lipsmacking Ent., Accra, Ga/R",1,0,0,1,1,1,0.0,0.0
"Liskin Enterprise, C/R",1,0,1,1,1,1,0.0,0.0
"Lissys Beetroot Ent., Peduase, E/R",1,0,1,1,1,1,0.0,0.0
Lisvan Integrity Enterprise,1,0,1,1,1,1,0.0,0.0
"Little Cash Limited., Accra",1,0,1,1,0,1,100.0,0.0
Frimeberl-Asaah Ent P O Box Ks 352 Adum Kumasi,1,1,0,0,0,1,100.0,100.0
"Frimfrance Star Limited. Company, A/R",1,0,1,1,1,1,0.0,0.0
Frimpsman Enterprise,1,1,0,1,0,1,100.0,100.0
Frashel International Limited,1,0,1,1,0,1,100.0,0.0
"Livwel Aqua., Accr",1,0,1,0,0,0,100.0,0.0
Liznii Star Enterprise,1,0,1,1,1,1,0.0,0.0
Ll Frozen Imports,1,0,1,1,0,1,100.0,0.0
"Lmj Enterprise, Accra G/R",1,0,1,1,0,1,100.0,0.0
Loboratoires Innctech International,1,1,0,0,0,1,100.0,100.0
"Loffler Limited. Accra, G/R",1,0,1,1,0,1,100.0,0.0
Linectar Ent,1,0,1,1,1,1,0.0,0.0
"Frostline West Africa Limited., Accra",1,0,1,1,0,1,100.0,0.0
"Frozen Matters Ent., Tema",1,0,1,1,0,1,100.0,0.0
"Frozen Pot Foods, Tema",1,0,1,1,0,1,100.0,0.0
"Fruitavita, Accra, Ga/R",1,0,1,0,0,0,100.0,0.0
"Fresh Fruit Beverage Enterprise, Xw-0073-7040 Wa, Uw/R",1,0,0,1,1,1,0.0,0.0
Fpf Commodities Limited,1,0,1,1,1,1,0.0,0.0
Lorvis Enterprise,1,0,1,0,0,0,100.0,0.0
"Lospanochos Limited, A/R",1,0,1,1,0,1,100.0,0.0
Lotus Noir,1,0,1,1,0,1,100.0,0.0
"Louis Micro Station Ent., Ngleshie Amanfro, Kasoa, C/R",1,0,1,1,1,1,0.0,0.0
"Louso Supplies Ent., Accra",1,0,1,1,0,1,100.0,0.0
"Love African Export Limited., Accra",1,0,1,1,1,1,0.0,0.0
"Lovers Mineral Water. Plot 49, Aduseikrom",1,0,1,1,1,1,0.0,0.0
Loving Life Chinese Clinic Company Limited,1,0,0,1,0,1,100.0,0.0
"Lube - X Vent., Accra",1,0,1,1,0,1,100.0,0.0
"Fresh Organic Food Systems Limited., Nsawam, E/R",1,0,1,1,1,1,0.0,0.0
"Fresh Source Enterprise, Dormaa Ahenkro, Bono Region",1,0,1,1,1,1,0.0,0.0
"Fresh Vakof Ventures, Sunyani, Brong Ahafo Region",1,0,1,1,1,1,0.0,0.0
Freshlys Family Farms Limited. Accra,1,0,1,1,1,1,0.0,0.0
"Fressy'S Local, Accra",1,0,0,1,1,1,0.0,0.0
"Frhemson Foods, Accra",1,0,1,1,1,1,0.0,0.0
"Frapedu Limited., Accra",1,0,1,1,0,1,100.0,0.0
Lucky Mother Enterprise,1,0,0,0,0,0,100.0,0.0
Lucky Step Company Limited,1,0,1,1,1,1,0.0,0.0
Lupin Limited Kalpataru Inspire 3Rd Floor Off Western Express Highway Santacruz East Mumbai Maharashtra 400 055 India,1,1,0,0,0,1,100.0,100.0
"Lvv., Accra",1,0,1,1,0,1,100.0,0.0
"Lynmay Farm To Fork., Accra",1,0,1,1,1,1,0.0,0.0
"Freddie Beverages Limited Company., Accra",1,0,1,1,1,1,0.0,0.0
Fredericko Asan Ent,1,0,1,1,1,1,0.0,0.0
Fredofs Enterprise Post Box 236 Asamankese E/R Ew-0048-2303,1,1,0,0,0,1,100.0,100.0
Freedom Heritage Enterprise,1,0,1,1,1,1,0.0,0.0
Freezer Fresh,1,0,1,1,0,1,100.0,0.0
"Fremartek Ent., Accra",1,0,0,1,1,1,0.0,0.0
"Frenzia Ventures, Samahu, Tarkwa, Western Region",1,0,1,1,1,1,0.0,0.0
Fresenius Kabi South Africa,1,1,0,0,0,1,100.0,100.0
"Fresh City Mart Enterprise, Community 8, Tema. G/R",1,0,1,1,0,1,100.0,0.0
"Fresh Dekks Ent, Ho, V/R",1,0,1,1,1,1,0.0,0.0
"Fostinus Ventures, Hatsukorpe Near Saint Paul'S, V/R",1,0,1,1,1,1,0.0,0.0
"Fosu Kingdom Ent., Ofaakor - Kasoa, C/R",1,0,1,1,1,1,0.0,0.0
"Fount Pure Enterprise, Potsin, C/R",1,0,1,1,1,1,0.0,0.0
"Fountainlife Foods Limited., Accra",1,0,1,1,1,1,0.0,0.0
"Fmb Farms & Trading Limited, Kumasi A/R",1,0,1,1,0,1,100.0,0.0
"M A Star Group Limited., Accra",1,0,1,1,1,1,0.0,0.0
"M'Cube, Accra",1,0,1,1,0,0,100.0,0.0
"M. Y. K. B Ventures., Accra",1,0,1,0,0,0,100.0,0.0
"M.G.M Estate Limited., Asuaba, Nsawam- Adeiso Road",1,0,1,1,1,1,0.0,0.0
M.I.A Investment,1,0,1,1,1,1,0.0,0.0
"M.Y. Caesar Co., Limited., Accra",1,0,1,1,1,0,0.0,0.0
Ma Ewuradze Cold Store,1,0,1,1,0,1,100.0,0.0
"Maadwoa Chips Bite Enterprise, Bolgatanga Upper East Region, Uw",1,0,1,1,1,1,0.0,0.0
"Francis Appiah 66 Ent,A/R",1,0,1,1,1,1,0.0,0.0
"Francis Kumah Trading Ent., A/R",1,0,1,1,1,1,0.0,0.0
"Frankatson Limited - Adom Fie, Orgle Road",1,1,0,0,0,1,100.0,100.0
"Fofou Enterprise, Xt-0024-2161. Gwollu-Upper West Region",1,0,1,1,1,1,0.0,0.0
"Fones Mineral Water, Pokrom Nsaba, E/R",1,0,1,1,1,1,0.0,0.0
"Food Coach Limited, Accra, Ga/R",1,0,1,0,0,0,100.0,0.0
"Food With Adel, Accra",1,0,1,1,1,1,0.0,0.0
"Foodbee, Accra",1,0,1,0,0,0,100.0,0.0
"Foodtech Limited., Accra",1,0,0,1,1,1,0.0,0.0
"Foremost Intergrated Ent. Limited., Accra",1,0,0,1,0,1,100.0,0.0
Forever Baby Enterprise,1,0,0,1,0,1,100.0,0.0
Forever Living Products,1,1,0,0,0,1,100.0,100.0
"Madabout, Accra",1,0,1,1,1,1,0.0,0.0
"Madiba Dreams Investment , Accra",1,0,1,1,1,1,0.0,0.0
"Madona Foundation. Plot 201, Malshegu",1,0,0,1,1,1,0.0,0.0
"Lytaky Ent., Accra",1,0,1,1,1,1,0.0,0.0
"Forever Living Productsforever Direct Eu U751 Xt Dud, Gabel Netherland",1,1,0,1,0,0,100.0,100.0
"Formular 1 Foods Limited, Kumasi, A/R",1,0,1,1,1,1,0.0,0.0
"Fortumensah Ent., Accra",1,0,1,1,0,1,100.0,0.0
"Mammie Manna Ventures, C/R",1,0,1,1,1,1,0.0,0.0
"Mancwa Commodities Limited., Accra",1,0,1,1,0,1,100.0,0.0
"Mandeya Foods, Accra",1,0,1,1,1,1,0.0,0.0
"Mafaasab Trading, Accra",1,0,1,1,0,1,100.0,0.0
Mag Herbal Centre,1,1,0,1,1,1,0.0,100.0
Mag-Nadanne Ventures,1,0,1,1,1,1,0.0,0.0
"Maganoba Farms, Nk-2116-9492 Nyankpala",1,0,0,1,1,0,0.0,0.0
"Magicco Co. Limited., Tema",1,0,1,1,0,1,100.0,0.0
"Magnificent Foods Et Al, Accra, Ga/R",1,0,1,0,0,0,100.0,0.0
"Mago Motors Limited., Accra",1,0,1,1,1,1,0.0,0.0
Magvlyn Industries Limited,1,0,1,1,1,1,0.0,0.0
"Main Joint Ent., Accra",1,0,1,0,0,0,100.0,0.0
"Makel Restaurant, Ho, V/R",1,0,1,1,1,1,0.0,0.0
Mabiba Trading Enterpeises - Emford Bakery Lane,1,1,0,1,0,1,100.0,100.0
"Fnp Foods Gh Limited., Accra",1,0,1,1,0,1,100.0,0.0
Focus Treated Water,1,0,1,1,1,1,0.0,0.0
"Fitwell Ent., Accra, Ga/R",1,0,1,1,1,1,0.0,0.0
Five Loaves Enterprise,1,0,1,1,1,1,0.0,0.0
Flavour N You Ventures,1,0,0,1,1,0,0.0,0.0
"Flexy Foods Limited., Accra",1,0,1,1,1,1,0.0,0.0
"Flick Investment Ventures., Accra",1,0,1,1,1,1,0.0,0.0
"Flobet Royal Ventures,A/R",1,0,1,1,1,1,0.0,0.0
Floturk Mineral Water C/R,1,0,1,1,1,1,0.0,0.0
"Fiak Ventures Complex Limited, Accra, G/R",1,0,1,1,0,1,100.0,0.0
"Makwa Ventures, Bawjiase Mankessim, C/R",1,0,1,1,1,1,0.0,0.0
"Maleka Farms Limited., Akuse, E/R",1,0,1,1,1,1,0.0,0.0
Maliba Enterprise,1,0,1,1,1,1,0.0,0.0
"Malicat Meat Products And Delicatessens Limited., Tema",1,0,1,1,1,1,0.0,0.0
Malinda Afiba Enterprise,1,0,1,1,0,1,100.0,0.0
"Mama Little Fingers, Accra",1,0,1,1,1,0,0.0,0.0
"Mama Love Ent., Accra",1,0,1,1,0,1,100.0,0.0
"Mamakass Ent., Accra",1,0,1,0,0,0,100.0,0.0
Mark’S Dental Clinic,1,0,0,1,0,1,100.0,0.0
"Maro Frozen Enterprise, Kasoa. G/R",1,0,1,1,0,1,100.0,0.0
"Maroc Bay Vent., Tema",1,0,0,1,0,1,100.0,0.0
Marpro Village Enterprise,1,0,1,1,1,1,0.0,0.0
"Mandis Limited., Accra",1,0,1,1,1,1,0.0,0.0
Manfran Ent,1,0,1,1,1,1,0.0,0.0
Mangrove Guest House And Event Center,1,0,1,1,1,1,0.0,0.0
Mansfield Farms Limited. Accra G/R,1,0,1,1,0,1,100.0,0.0
Manso Man Ventures,1,0,0,1,0,1,100.0,0.0
"Mansoman Bitters Limited,A/R",1,0,1,1,1,1,0.0,0.0
Manya Herbal Centre,1,1,0,1,1,0,0.0,100.0
Mar Farms,1,1,0,0,0,1,100.0,100.0
Mariam Salif Catering Services,1,0,0,1,1,1,0.0,0.0
"Maktrix Enterprise, Accra",1,0,1,1,1,0,0.0,0.0
Firstsolve Global Limited,1,1,0,0,0,0,100.0,100.0
"Fisherman Fish Ventures, A/R",1,0,1,1,1,1,0.0,0.0
Mary Ampong Memorial Ent,1,0,1,0,0,0,100.0,0.0
Mary Konadu Ent. Accra G/A,1,0,0,1,0,1,100.0,0.0
"Mary Konadu Ent., Kumasi",1,0,1,1,0,1,100.0,0.0
Mary Oye Maami Balm Entreprise,1,1,0,1,1,1,0.0,100.0
"Mary'S Catering, Accra",1,0,1,1,1,1,0.0,0.0
"Masco Foods Limited., Accra",1,0,1,1,0,1,100.0,0.0
"Masco-Siame, Begoro, E/R",1,0,1,1,1,1,0.0,0.0
"Marina Group Of Companies, Accra",1,0,0,1,0,0,100.0,0.0
"Marine Medicare Pvt Limited - Village Kulhariwala, Post Office Mandhala, Tehsil Baddi, District Solan- 174103, Himachal Pradesh, India",1,1,0,1,0,1,100.0,100.0
Marine Medicare Pvt Limited Vill Kulhariwala Po Mandhala Distt Solan Baddi Hp 174103 India,1,1,0,0,0,1,100.0,100.0
"Marise Cuisine, Accra, Ga/R",1,0,1,0,0,0,100.0,0.0
"Mark 2 Co. Limited., Sapeiman",1,0,1,1,1,1,0.0,0.0
"Mark Conry Alhasan Vent., Accra",1,0,1,0,0,0,100.0,0.0
"Market Haven Limited, Accra",1,0,1,1,1,1,0.0,0.0
"Markstra Enterprise, Ho, V/R",1,0,0,1,1,1,0.0,0.0
Markwell Merchant,1,0,0,1,0,1,100.0,0.0
"Fibre Delicious Health Bakery And Services, Accra, Ga/R",1,0,1,1,1,1,0.0,0.0
"Fidelity Express Shipping, Accra, G/R",1,0,1,1,0,1,100.0,0.0
"Fiducia Ent., Accra",1,0,1,1,1,1,0.0,0.0
"Fifthshel Ventures, Kukurantumi, E/R",1,0,1,1,0,1,100.0,0.0
"Fiji Ice, Accra",1,0,1,0,0,0,100.0,0.0
Filotimo Industries Limited,1,0,1,1,1,1,0.0,0.0
Finest Industries Limited,1,0,1,1,1,1,0.0,0.0
"Finger Snacks, Anaji Behind Nhyira Hotel",1,0,0,1,1,1,0.0,0.0
Fire Of God Herbal Centre,1,1,0,1,1,1,0.0,100.0
Firestone Herbal Centre,1,1,0,1,1,1,0.0,100.0
"First Citylife Enterprise, Tema, G/R",1,0,1,1,0,1,100.0,0.0
First Class Fresh Sobolobo,1,0,1,1,1,1,0.0,0.0
Mars Ventures Limited,1,0,1,1,1,1,0.0,0.0
Martin Luther Educational Complex,1,0,1,1,1,1,0.0,0.0
"Martin Yankey Enterprise, C/R",1,0,1,1,1,1,0.0,0.0
"Martinkings Import & Export, Accra",1,0,1,1,1,1,0.0,0.0
"Felix Festus Yamoah, Kpone, G/R",1,0,0,1,0,1,100.0,0.0
"Felkings One Annex, Kumasi, A/R",1,0,1,1,1,1,0.0,0.0
"Fenix Star Limited Company, A/R",1,0,1,1,0,1,100.0,0.0
"Feoga Vent. Limited., Accra",1,0,0,1,0,1,100.0,0.0
"Ferring Gmbh Wittland 11, D-24109 Kiel, Germany",1,1,0,1,0,1,100.0,100.0
"Ferring Lnternational Center Sa Chemin De La Vergognausaz 50 1162 St Prex, Switzerland",1,1,0,0,0,1,100.0,100.0
"Ferring Pharmaceuticals S.A Jordan - Abdali Area, Rafik Al Hariri Avenue. The Boulevard , Central Square3 ,Entrance 3, Fourth Floor, Jordan",1,0,0,1,0,1,100.0,0.0
"Fast Moon Limited., Accta",1,0,1,1,0,1,100.0,0.0
"Mashal Dairy Limited., Accra",1,0,1,1,1,1,0.0,0.0
"Masnater Vent., Accra",1,0,1,1,0,1,100.0,0.0
"Master Candy Gh Limited., Accra",1,0,1,1,1,1,0.0,0.0
"Matrix Innovation Limited., Accra",1,0,1,1,0,1,100.0,0.0
"Mavigold Vent., Accra",1,0,1,1,1,1,0.0,0.0
"Maviva-Plus Ent., Teshie Nungua Accra",1,0,1,1,1,1,0.0,0.0
"Mawgina Limited., Co. Accra",1,0,1,1,1,1,0.0,0.0
"Mawuli Kekeli Ent., Accra",1,0,1,1,0,1,100.0,0.0
"Fauzzy Foods.....Dansoman, Accra, Ga/R",1,0,1,1,1,1,0.0,0.0
"Favour Adom Bakery & Catering Services, Accra",1,0,1,1,1,1,0.0,0.0
"Favoured Dankwah Ent., Accra",1,0,1,1,1,1,0.0,0.0
Fay International Limited P. O. Box Gpo,1,0,0,1,1,1,0.0,0.0
"Fb Trinity Ventures, Keena",1,0,1,1,1,1,0.0,0.0
"Feanza Industries Limited., Essiama, W/R",1,0,1,1,1,1,0.0,0.0
"Fedek Ventures Limited., Accra",1,0,1,0,0,0,100.0,0.0
"Max Industries Limited., Accra",1,0,1,1,1,1,0.0,0.0
Max International Inc,1,1,0,0,0,1,100.0,100.0
"Max Premium Ent., A/R",1,0,1,1,1,1,0.0,0.0
"Maxigate Trading Company Gh. Limited., Accra",1,0,1,1,0,1,100.0,0.0
"Maxpac Ent., Wa, Uw/R",1,0,1,1,1,1,0.0,0.0
"Maxtar Bio-Genics - 309 310 Pearls Corporate W Mall Manglam Place Sec-3 Rohini Delhi 110085, India",1,1,0,1,0,1,100.0,100.0
"Maxwell Boadi Ent., A/R",1,0,1,1,1,1,0.0,0.0
Mascot Essentials Limited. Accra,1,0,1,0,0,0,100.0,0.0
"Feli'S Shito, H/No. Mb 14/8, Fiapre, By-0187-5951, Bono Region",1,0,1,1,1,1,0.0,0.0
"Family Ice Mineral Water Limited, Takoradi, Anaji, H/No. Nek 16., Ws-447-5025, W/R",1,0,1,1,1,1,0.0,0.0
"Mc - D Farms, Accra",1,0,1,1,1,0,0.0,0.0
"Mc-Ok Co., Limited., Accra",1,0,1,1,0,1,100.0,0.0
"Mccoy Pharma Options Pvt Limited, S12 Midc Tarapur Industrial Area Boisar Maharastra 401506 India",1,1,0,0,0,1,100.0,100.0
"Mcdenz Ent., Accra",1,0,1,1,0,1,100.0,0.0
Mchan Bakery,1,0,1,1,1,1,0.0,0.0
"Mcneil & Argus Pharmaceuticals Limited - 100 Rampur Sarsehri Road Ambala Cantt 133001 Haryana India, India",1,1,0,1,0,1,100.0,100.0
"Mawums Limited., Accra",1,0,1,1,0,1,100.0,0.0
Faric Healthy Living Ventures,1,0,0,0,0,0,100.0,0.0
"Farmer'S Partner Ent., Accra",1,0,1,1,0,1,100.0,0.0
Farmmaster International Limited. Accra,1,0,1,1,0,1,100.0,0.0
"Farmway & Business Ventures., Accra",1,0,1,1,0,1,100.0,0.0
Fasco A.F. Enterprise,1,0,1,1,1,1,0.0,0.0
"Fast Favor Ghana Limited., Accra",1,0,1,1,1,1,0.0,0.0
"Fast-Connect Ent., Kanshegu",1,0,1,1,1,1,0.0,0.0
"Fauspee Best Ent., Accra",1,0,1,1,1,1,0.0,0.0
Fabra Trading Enterprise,1,0,1,1,0,1,100.0,0.0
Faes Farma S.A. Maximo Aguinne 14 48940 Yeiva Vizraya,1,0,0,1,0,1,100.0,0.0
Faes Farma Sa Autonomía Etorbidea 10 Leioa,1,1,0,0,0,1,100.0,100.0
Excellent Business Complex,1,0,1,1,1,1,0.0,0.0
"Md Nisan Ent., Accra",1,0,1,1,0,1,100.0,0.0
"Meadow Foods, Accra, Ga/R",1,0,1,1,1,1,0.0,0.0
"Meat And Spice Shop, Accra",1,0,1,1,1,1,0.0,0.0
"Mecommodities Limited., Accra G/R",1,0,1,1,0,1,100.0,0.0
"Medeboa Ventures Limited., Accra",1,0,1,1,1,1,0.0,0.0
Medical Expert Africa,1,0,0,1,0,1,100.0,0.0
"Mayasi Food And Trading Ent, A/R",1,0,1,1,1,1,0.0,0.0
"Faith & Thedd Co. Limited., Accra",1,0,1,1,1,1,0.0,0.0
"Faithinu Ent. Tema,G/R",1,0,1,1,0,1,100.0,0.0
"Faithwings Ventures Co. Limited. Tema, G/R",1,0,1,1,0,1,100.0,0.0
"Fakobs Kitchen., Acca, Ga/R",1,0,1,1,1,1,0.0,0.0
"Falo Foods Innovations Limited., Accra",1,0,1,1,1,1,0.0,0.0
Exciller Wellness Private Limited Signature I Makarba Road Sg Highway Ahmedabad 380051 Gujarat,1,1,0,1,0,0,100.0,100.0
Exphar Sa Zoning Industriel De Nivelles Sud Zone Ii Avenue Thomas Edison 105 1402 Thines Belgium,1,1,0,0,0,1,100.0,100.0
Extem Pharma Limited,1,1,0,1,1,1,0.0,100.0
"Extra Grace Ent., Obom Rd., Kasoa, C/R",1,0,1,1,1,1,0.0,0.0
"Evans D Enterprise, Abesim, Sunyani, Bono Region",1,0,1,1,1,1,0.0,0.0
Medicines Development For Global Hrealth,1,1,0,0,0,1,100.0,100.0
Medopharm House 25 Puliyur 2Nd Main Road Medopharm No 34-B Industrial Area Malur 563160 Trustpuran Kodambakkam Chennai 600024 India,1,1,0,0,0,1,100.0,100.0
"Medopharm Medo House"" No. 25 Puliyur 2Nd Main Road Trustpuram Kodambakkam Chennai 600024 India",1,1,0,0,0,1,100.0,100.0
Medsolution Ghana Limited,1,1,0,1,0,1,100.0,100.0
"Mef Iodized Crystal Salt, Accra",1,0,1,1,0,1,100.0,0.0
"Mcsway Vent., Accra",1,0,1,1,1,1,0.0,0.0
"F. Foster Enterprise, A/R",1,0,1,1,1,1,0.0,0.0
F. Hoffmann La Roche Limited,1,1,0,0,0,1,100.0,100.0
"F. Hoffmann La Roche Limited. 4070 Basel, Switzerland",1,1,0,1,0,1,100.0,100.0
"F.A Hyebere Sesafo Enterprise, Sunyani, B/R",1,0,0,1,1,1,0.0,0.0
"F.K. Enor Enterprise, Bibiani, Opp. New Police Divisional Head Quarters, Wb-0158-5186W/N",1,0,1,1,1,0,0.0,0.0
Evivi Agro Foods,1,0,1,1,1,1,0.0,0.0
"Evok Organisation Limited. Co., Breman Asikuma, C/R",1,0,1,1,1,1,0.0,0.0
"Ew Vent., Limited. Com., Accra",1,0,1,1,1,1,0.0,0.0
"Ewnesscare Inc - 1 - 300 Supertest Road, Toronto, On M3J 2M2, Canada",1,1,0,0,0,1,100.0,100.0
Exalted Valley Evangelical Ministries International,1,0,1,1,1,1,0.0,0.0
"Exceed Travel And Tours, Accra",1,0,1,1,0,1,100.0,0.0
"Excel Palm Ent., Accra G/A",1,0,1,1,1,1,0.0,0.0
"Ethniques Ent., Accra",1,0,1,1,1,1,0.0,0.0
"Mega Lifesciences Public Company Limited - 384 M004 Soi 6 Bangpoo Industrial Estate Pathana 3 Road Phreaksa Mueang Samutprakam 10280, Thailand",1,1,0,1,0,1,100.0,100.0
"Megacorn Ent., Weija",1,0,1,1,1,1,0.0,0.0
"Megumel Ent., Accra",1,0,1,1,1,1,0.0,0.0
Mei Nasara Multi Ventures,1,1,0,1,0,1,100.0,100.0
"Meisaha Ent., Accra",1,0,1,1,0,1,100.0,0.0
Mek Dark Special,1,0,1,1,1,1,0.0,0.0
"Meleah International Limited., Accra",1,0,1,1,1,1,0.0,0.0
"Melimay Foods, Accra",1,0,1,1,1,1,0.0,0.0
Mercury Healthcare Pvt Limited,1,1,0,1,0,1,100.0,100.0
"Mercy Living Water Limited, Accra",1,0,1,1,1,1,0.0,0.0
"Mercy Nhyimena Farms, Winneba, C/R",1,0,1,1,1,1,0.0,0.0
"Mercygate Industries Limited, Accra, Ga/R",1,0,1,0,0,0,100.0,0.0
"Mergen Fosu Ent. Adum, A/R",1,0,1,1,0,1,100.0,0.0
"Mema Prestige Ent,Kumasi,A/R",1,0,1,1,0,1,100.0,0.0
Menadel Herbal Clinic,1,1,0,1,1,1,0.0,100.0
"Menaqua Filtered Water Ent., A/R",1,0,1,1,1,1,0.0,0.0
Menzbek Africa Company Limited,1,1,0,1,1,1,0.0,100.0
Menzbek Co. Limited,1,1,0,0,0,1,100.0,100.0
"Evasda Foods, Tarkoradi, W/R",1,0,1,1,1,1,0.0,0.0
"Ever Progress Co., Limited., Accra",1,0,1,1,0,1,100.0,0.0
"Every Mama'S Dream, Accra",1,0,0,1,1,1,0.0,0.0
"Everyday Baker Limited., Accra, Ga/R",1,0,1,1,1,1,0.0,0.0
"Everyday Salt., Accra",1,0,1,1,1,0,0.0,0.0
"Everything Gourmet Limited., Accra",1,0,1,1,0,1,100.0,0.0
Ethos Products And Services P O Box Ce11160 Tema,1,1,0,0,0,1,100.0,100.0
Ethypharm 194 Bureaux De La Colline 92213 Saint Cloud France,1,1,0,0,0,1,100.0,100.0
Ettuh B Ever'S Limited Company,1,0,0,1,0,1,100.0,0.0
"Etua 1982 Ent., Accra",1,0,1,1,0,1,100.0,0.0
Eubiologics Co Limited 8F Seongdo B/D 207 Dosan-Daero Gangnam-Gu Seoul Republic Of Korea,1,1,0,1,0,0,100.0,100.0
"Eudoxie Ventures, Sekondi Police Head Quarters",1,0,1,0,0,0,100.0,0.0
"Euglink Co. Limited., Accra",1,0,0,1,0,1,100.0,0.0
"Euninuk Ventures., Ho, V/R",1,0,1,1,1,1,0.0,0.0
Euromix Dolcys Ventures,1,0,0,0,0,0,100.0,0.0
Eva-T Enterprise,1,0,0,1,1,0,0.0,0.0
"Evabest 5 Ent., Kasoa, C/R",1,0,1,1,1,1,0.0,0.0
Evalone Love Enterprise,1,1,0,1,1,0,0.0,100.0
"Mercedes-Cph, Awutu Breku, C/R",1,0,1,1,1,1,0.0,0.0
Merch Sharp & Dohme,1,1,0,0,0,1,100.0,100.0
"Merck Healthcare Kgaa - Frankfurter Straße 250 64293 Darmstadt, Germany",1,1,0,1,0,1,100.0,100.0
Mercury Health Care Private Limited,1,1,0,1,0,1,100.0,100.0
"Esnam Natural Mineral Water, C/R",1,0,1,1,1,1,0.0,0.0
"Espi Ice Mineral Water & Drinks, Ojobi - Senya Rd., C/R",1,0,1,1,1,1,0.0,0.0
"Essel-Lex Ent., Awutu Breku, C/R",1,0,1,1,0,1,100.0,0.0
"Essu - Grace Enterprise, Pumside New Habitat, Assin Fosu",1,0,1,1,1,1,0.0,0.0
Etap Pharmaceuticals Limited,1,1,0,0,0,0,100.0,100.0
Eternal Herbal Centre,1,1,0,1,1,1,0.0,100.0
Erigab Star Ent,1,0,1,1,1,1,0.0,0.0
Merit Organics,1,1,0,0,0,1,100.0,100.0
"Merrita Dw Co. Limited., Accra",1,0,1,1,0,1,100.0,0.0
"Mersakyi Ent., Agona Swedru, C/R",1,0,1,1,1,1,0.0,0.0
"Metal Crown Gh. Limited., Accra",1,0,1,1,0,1,100.0,0.0
"Metro Water Ventures, Accra",1,0,1,1,1,0,0.0,0.0
"Mey Treats., Accra, Ga/R",1,0,1,1,1,1,0.0,0.0
Mi Global Limited Company,1,0,1,1,1,0,0.0,0.0
"Mi-Horizon Ghana Limited., Accra, Ga/R",1,0,1,1,1,1,0.0,0.0
"Mical Nyame Nsa Ventures, Mampong Akuapem, E/R",1,0,1,1,1,1,0.0,0.0
"Michael Smith Ent., Hse. No. 19, Tullit Street, Apolo, Takoradi, W/R",1,0,1,1,1,1,0.0,0.0
Mickweh Enterprise,1,0,1,1,1,1,0.0,0.0
"Micky Fresh, Wa, Uw/R",1,0,1,1,1,0,0.0,0.0
Micro Labs Limited No 31 Race Course Road Bengaluru 560001 Karnataka India Micro Labs Limited No 31 Race Course Road Bengaluru 560001 Karnataka India,1,1,0,0,0,1,100.0,100.0
Midrain Royale,1,1,0,1,0,1,100.0,100.0
Mifasu Pharmacy,1,1,0,0,0,0,100.0,100.0
Mifosu Pharmacy Limited,1,1,0,1,0,1,100.0,100.0
"Milan Laboratories Private Limited. - 303 304 Odyssey It Park Road No 9 Opposite Midc Office Wagle Estate Thane 400604 India , Select",1,1,0,1,0,1,100.0,100.0
"Millennium Frozen Foods Limited. Accra, G/R",1,0,1,1,0,1,100.0,0.0
Ernest Acheampong Enterprise,1,0,0,1,0,0,100.0,0.0
Ernest Chemists Limited - Ernest Chemists Limited,1,1,0,1,1,1,0.0,100.0
Erneststuff Enterprise,1,0,1,1,1,1,0.0,0.0
"Ernita Beverages, Accra",1,0,1,1,1,1,0.0,0.0
Enicar Pharmaceuticals Pvt. Limited,1,1,0,0,0,0,100.0,100.0
"Esdan Ventures., Accra",1,0,1,1,1,1,0.0,0.0
"Esilicious Tom Brown, Accra",1,0,0,1,1,1,0.0,0.0
Enjoy Life Mineral Water,1,0,1,1,1,1,0.0,0.0
Enough D.B Enterprise,1,0,0,1,0,1,100.0,0.0
"Ento Farms Limited., Accra",1,0,1,1,1,1,0.0,0.0
Ephphatha Glory Ventures,1,1,0,1,1,1,0.0,100.0
"Ephphatha Services, A/R",1,0,1,1,1,1,0.0,0.0
Erana Ent,1,0,1,1,1,1,0.0,0.0
Emivic Ventures,1,0,1,1,1,1,0.0,0.0
Minat Foods And Trading Enterprise,1,0,0,1,1,1,0.0,0.0
Minsol Limited,1,0,0,1,0,0,100.0,0.0
"Mirf Logistics Limited. Tema, G/R",1,0,1,1,0,1,100.0,0.0
Mission Vivacare Limited,1,1,0,1,0,1,100.0,100.0
Misu Water Ent. Accra,1,0,1,1,1,1,0.0,0.0
"Mita-Dadel Limited., Accra",1,0,1,1,0,1,100.0,0.0
"Mituud Ventures, Sunyani, Bono Region",1,0,1,1,1,1,0.0,0.0
"Miyam Bakery Services, A/R",1,0,1,1,1,1,0.0,0.0
"Mj Star Ent., Accra",1,0,1,1,0,1,100.0,0.0
Emkhat Veterinary Centre Limited P. O. Box Lt 269 Laterbiokoshie,1,1,0,0,0,1,100.0,100.0
"Emma B. Ent ,A/R",1,0,1,1,1,1,0.0,0.0
"Emmabee 92 Ent,A/R",1,0,1,1,1,1,0.0,0.0
"Emmabi Ent., On The Agric And Diabene Road, Close To Diabene Shs, Ws-087-9400, W/R",1,0,1,0,0,0,100.0,0.0
"Emmaland Ventures, Tema, G/R",1,0,1,1,0,1,100.0,0.0
"Emmanuel Asamoah 0720 Ent., A/R",1,0,1,1,1,1,0.0,0.0
"Emmanuel Kwame Baah Ent., Accra",1,0,1,1,0,1,100.0,0.0
"Emmanuel Kwame Boakye Ent., A/R",1,0,1,1,1,1,0.0,0.0
"Emml-Petal Ventures, Accra, G/R",1,0,1,1,0,1,100.0,0.0
"En Mensah Aquifers Limited. Co., Kasoa, C/R",1,0,1,1,1,1,0.0,0.0
"Endurance Healthcare Limited - C1B 305 2 3 4 5 Gidc Kerala Bayla Ahmedabad Gujarat, India",1,1,0,1,0,1,100.0,100.0
"Elizabeth Gyasi Ent,A/R",1,0,1,1,1,1,0.0,0.0
Mmc Pharmaceuticals Limited No 113 Visalakshi Street Devi Karumaryamman Nagar Valasaravakam Chennai-600087,1,1,0,0,0,1,100.0,100.0
Mogya Bi Akasa Herbal,1,1,0,1,1,1,0.0,100.0
Monak Exim Pvt,1,1,0,0,0,1,100.0,100.0
"Monilex Ent., Borae.No.2, O/R",1,0,1,1,1,1,0.0,0.0
"Elslian Ent., Ho, V/R",1,0,1,1,1,1,0.0,0.0
"Emebb Foods And Beverages., Accra",1,0,1,1,1,1,0.0,0.0
Emery Sante Limited - 34 Lartebiokorshie Road,1,1,0,0,0,1,100.0,100.0
"Emi-Berth Ventures., G/R",1,0,1,1,1,1,0.0,0.0
"Elaiela Ventures, Xw-0614-4844 Sombo, Uw/R",1,0,1,1,1,1,0.0,0.0
Montage Laboratories Pvt,1,1,0,0,0,1,100.0,100.0
"Monza Servizi Limited., Accra",1,0,1,1,0,1,100.0,0.0
"Moo Gari, Nsuta Apirede Near Boti Falls",1,0,1,1,0,1,100.0,0.0
"Mordecai Farms, Kokoomu- Akuapem North",1,0,1,1,1,1,0.0,0.0
Morefit Apiaries Ent,1,0,0,1,1,1,0.0,0.0
Moreish Organic Honey,1,0,0,1,1,1,0.0,0.0
Mosaga 18 Enterprise,1,0,0,1,0,1,100.0,0.0
"Mosel Royal Enterprise, Nkawkaw, E/R",1,0,1,0,0,0,100.0,0.0
"Moshi Moshi J-Pan, Accra, G/R. Gd-068-237, H/No T03/25 Ashaley",1,0,1,1,1,0,0.0,0.0
"Mmabatho Sun Limited.,Twima Nkwanta, B/R",1,0,1,1,1,1,0.0,0.0
Emkhat Veterinary Centre Limited,1,1,0,0,0,1,100.0,100.0
"Mufasat 1 Limited Company, Accra",1,0,1,1,1,1,0.0,0.0
Multi Commodity International Ltdjl.Lingkar Mega Kunijgan Barat Kane4-3 Kuningan Timur Bellagioboutique Mall Lg-17Jakarta Seltan 12950Indonesia,1,1,0,0,0,1,100.0,100.0
Multi-Plan Limited,1,0,1,1,0,1,100.0,0.0
"Multibus Connect Limited., Accra",1,0,1,1,1,1,0.0,0.0
Multivet,1,1,0,1,0,1,100.0,100.0
Mountain Snow And Trading Limited,1,0,1,1,1,0,0.0,0.0
"Mountainview Farms Limited, Okrakwadwo",1,0,1,1,1,1,0.0,0.0
"Mpaaba Gin Bitters., Accra",1,0,1,1,1,1,0.0,0.0
"Mq Adom Arakwa Ent., Accra",1,0,1,1,1,1,0.0,0.0
"Mr. Theodore Agyepong Nkrumah, Visionspring Ghana Limited",1,0,0,1,0,1,100.0,0.0
Ms Shalina Healthcare,1,1,0,0,0,1,100.0,100.0
Msn Laboratories Europe Limited Devonshire Business Centre Works Roadletchworth Garden City Herts Sg6 1 Gj United Kingdom,1,0,0,0,0,1,100.0,0.0
"Mont Beverages Limited, Accra, Ga/R",1,0,1,1,1,1,0.0,0.0
"Elizasens Co. Limited., Kumasi",1,0,1,1,0,0,100.0,0.0
"Ellakin Cool Ent., Nsawam, E/R",1,0,1,1,1,1,0.0,0.0
Elmahala El Kobra Company,1,0,0,1,0,1,100.0,0.0
"Elan Spice And Trading Ventures, Accra",1,0,1,1,1,1,0.0,0.0
"Elat Stars Ent., Kumasi, A/R",1,0,1,1,1,1,0.0,0.0
"Elben Dee Ventures, C/R",1,0,1,1,1,1,0.0,0.0
"Elcemi Vent., Accra",1,0,1,1,1,1,0.0,0.0
Elel Express Limited,1,0,1,1,0,1,100.0,0.0
"Elesem Ventures, Juapong, V/R",1,0,1,1,1,1,0.0,0.0
Eli Jehova Jireh Pharmaceuticals,1,1,0,0,0,1,100.0,100.0
"Elinabeth Ent., Accra",1,0,0,1,1,1,0.0,0.0
Elisan Enterprise,1,0,1,1,1,1,0.0,0.0
"Elite - Galaxy International Limited., Accra",1,0,1,1,0,1,100.0,0.0
"Elite Healthy Foods, Accra",1,0,1,0,0,0,100.0,0.0
"Elitespicy Shito, Accra",1,0,1,1,1,1,0.0,0.0
Ek Thauma Business Enterprise,1,1,0,0,0,0,100.0,100.0
"Mt. Zion Obotan Enterprise, Tarkwa - Tamso, Mb 23 Vertical St., Wt-0154-5080, W/R",1,0,1,1,1,1,0.0,0.0
Mtl Mackay Ent,1,0,1,1,1,1,0.0,0.0
"Mudarab Ventures, Kasoa, C/R",1,0,1,1,1,1,0.0,0.0
Eky Water Enterprise,1,0,1,1,1,1,0.0,0.0
"El Amor Ventures, Accra",1,0,1,1,1,1,0.0,0.0
"El-Bib Enterprise, Tarkwa, Bankyim, Wt-0335-3883, W/R",1,0,1,1,1,1,0.0,0.0
"El-Franj Ent., Accra",1,0,1,1,1,1,0.0,0.0
"El-Shaddai Finger Licking, Dzodze, V/R",1,0,1,1,1,1,0.0,0.0
"El-Vision Excel, Sakumono-Tema",1,0,1,1,1,1,0.0,0.0
"Edmat Mineral Water Ent., A/R",1,0,1,1,1,1,0.0,0.0
Multiwealthy Enterprise.Ga/R,1,0,1,1,1,1,0.0,0.0
Munkailah Aluku Enterprise,1,0,1,1,1,1,0.0,0.0
Musa Herbal Centre,1,1,0,1,1,1,0.0,100.0
"Mvc Pharmaceuticals - 54-B, Drug House, Procter Road, Mumbai – 400 007,, India",1,1,0,1,0,1,100.0,100.0
"My Ice Company Limited, Nkawkaw, E/R",1,0,1,1,1,1,0.0,0.0
"My Kitchen Recipe., Accra",1,0,1,1,1,1,0.0,0.0
"My Life Drinking Water Limited., Awutu Breku, C/R",1,0,1,1,1,1,0.0,0.0
"My Maa Foods Enterprise, Beach Road, Q1 Anita Mensah St. Ws-347-7336, W/R",1,0,1,1,1,1,0.0,0.0
"My-Paidah 67 Ent,A/R",1,0,1,1,1,1,0.0,0.0
Egyptian Green Farm Limited. Co. Accra,1,0,0,1,0,1,100.0,0.0
"Eiedarks Ventures.Tema, G/R",1,0,1,1,0,1,100.0,0.0
"Ek Dynamics, Accra",1,0,1,1,1,1,0.0,0.0
Edeca Enterprise,1,1,0,1,1,1,0.0,100.0
Myjess & Comdu Gh Limited,1,0,0,1,0,1,100.0,0.0
"Mylan Laboratories Limited - Plot No 564 A 22 Road No 92 Jubilee Hills Hyderabad 500096 Telangana India , India",1,1,0,1,0,1,100.0,100.0
"Myz Cherry Yoghurt, Accra, Ga/R",1,0,1,1,1,1,0.0,0.0
Mzlyna Eatery,1,0,1,1,1,1,0.0,0.0
"N'Mai Rooster, Weija, Accra",1,0,1,1,1,1,0.0,0.0
N'Trench Enterprise....Accra,1,0,1,1,1,1,0.0,0.0
"Eka Food Processing Company Limited, Abesim, Sunyani, Bono Region",1,0,1,1,1,1,0.0,0.0
Ekara Ventures,1,0,1,1,1,1,0.0,0.0
"Eko Pets & Trading Center, Accra",1,0,1,1,0,1,100.0,0.0
"Ekofad Foods And Events And Management, Accra",1,0,1,1,1,0,0.0,0.0
"Ekoraba Ventures., Accra",1,0,1,1,1,1,0.0,0.0
Ekuks Granola....Accra,1,0,1,1,1,1,0.0,0.0
"N2A High Lands Limited Company, A/R",1,0,1,1,1,1,0.0,0.0
"Naa'S Dainties, Accra",1,0,1,1,1,1,0.0,0.0
Naacool Propack Ventures,1,0,1,1,1,1,0.0,0.0
"Naacool Propack Ventures, Mepe, V/R",1,0,1,1,1,1,0.0,0.0
"Naakays E.A Ent., Accra G/A",1,0,0,1,1,1,0.0,0.0
Nacathy Foods,1,0,1,1,1,1,0.0,0.0
Naddo'S Bakery,1,0,1,1,1,1,0.0,0.0
"Nadstel Trading And Business Ent., Kumasi, A/R",1,0,1,1,1,1,0.0,0.0
"Nag Savor & Celebrate, Accra",1,0,0,1,1,1,0.0,0.0
"Mybodytree Ghana Limited, Xy-0950-5884, Baleo Feli, Wa West District",1,0,1,0,0,0,100.0,0.0
Eduwodzi Unique Ventures,1,1,0,1,1,0,0.0,100.0
Edward Akotua Shoes Ent. Nankese,1,0,1,1,1,1,0.0,0.0
Edynca Pharma Limited,1,1,0,0,0,1,100.0,100.0
"Efiefi Research & Development Fund, C/R",1,0,1,1,1,1,0.0,0.0
Efua K. Dwamena Ventures 3Rd Mosque Road Akokofoto Dansoman,1,0,0,0,0,0,100.0,0.0
"Eggstra Farms Limited., Accra",1,0,1,1,1,1,0.0,0.0
"Edfre Ent., Cape Coast, C/R",1,0,1,1,1,1,0.0,0.0
"Edice Ventures, Accra",1,0,1,1,1,1,0.0,0.0
"Edikanfo Civil Engineering & Supply Services Limited, A/R",1,0,1,1,1,1,0.0,0.0
"Edikel Natural Mineral Water, Techiman, Bono East Region",1,0,1,1,1,1,0.0,0.0
Edimody Enterprise,1,0,1,1,1,1,0.0,0.0
"Edinoble Royal Ent., A/R",1,0,1,1,1,1,0.0,0.0
Edjerma Enterprise Monrovia,1,0,1,1,1,1,0.0,0.0
"Edmass Foods Limited., Abutia, V/R",1,0,1,1,1,1,0.0,0.0
"Nakpes Ent., Yong Dakpem Yili Road",1,0,1,1,1,1,0.0,0.0
"Nalibref Ent., Sefwi Wiawso Datano, Ga-585-6948, W/R",1,0,0,1,1,1,0.0,0.0
"Namoako Company Limited, C/R",1,0,1,1,1,0,0.0,0.0
"Nana Abaka Enterprise, Breku, C/R",1,0,1,1,1,1,0.0,0.0
Nana Ama Moore,1,0,0,1,0,1,100.0,0.0
Nana Highest Limited Company,1,0,0,1,0,0,100.0,0.0
"Nanik Briano Trading Ent, Accra",1,0,1,1,0,1,100.0,0.0
Nanu Awurade Kasa Ventures,1,0,1,1,1,1,0.0,0.0
"Economic Distribution Co. Gh. Limited., Accra",1,0,1,1,0,1,100.0,0.0
"Ecovision Agency Limited., Accra",1,0,1,1,0,0,100.0,0.0
"Ed Happy Home Cereal Foods Ventures, Nsawam, E/R",1,0,1,1,1,1,0.0,0.0
"Edclan Gh. Limited., Accra",1,0,1,1,1,1,0.0,0.0
"Nard-Gbah Trading Ent., Accra",1,0,1,1,1,1,0.0,0.0
"Narhstar Natural Mineral Water Limited., Krobo Odumasi.,E/R",1,0,1,1,1,1,0.0,0.0
"Nasackys Ventures, Boye Fita -Suhum, E/R",1,0,1,1,1,1,0.0,0.0
"Nasel Foods, Accra",1,0,1,1,1,1,0.0,0.0
"Nat De 2 Enterprise, Techiman, Bono East Region",1,0,1,1,1,1,0.0,0.0
Nat-T Ventures C/O Sawaaba Sda Church,1,1,0,1,1,1,0.0,100.0
"Natadu Catering Services, A/R",1,0,1,1,1,1,0.0,0.0
National Bioproducts Institute,1,1,0,1,0,1,100.0,100.0
"Nativebrew Hub, Accra",1,0,1,1,1,0,0.0,0.0
"Natkat Hills Service., Tarkwa, W/R",1,0,1,1,1,1,0.0,0.0
"Nak Bakery., Accra",1,0,1,1,1,1,0.0,0.0
Eden Blue Specal Ent,1,0,1,1,1,1,0.0,0.0
Ndaanadolima Enterprise,1,0,1,1,1,1,0.0,0.0
Neimeth Int'L Pharm,1,1,0,1,0,1,100.0,100.0
Neizer Prime Limited,1,0,0,1,0,1,100.0,0.0
"Nel-Azu Ventures, Pobiman Alang Accra Nsawam Road",1,0,1,1,1,1,0.0,0.0
"Nelia'S Foods, Lawra, Upper West Region",1,0,1,1,1,1,0.0,0.0
"Neoblast Agro, Accra",1,0,1,1,0,1,100.0,0.0
"Natural Ckm Enterprise, Suhyen- Koforidua",1,0,1,1,1,1,0.0,0.0
"Nature Line Ent., Aboabo- Koforidua",1,0,1,1,1,1,0.0,0.0
"Nature Line Ent., Kasoa, C/R",1,0,1,1,1,1,0.0,0.0
"Nature'S Belly Ent, Accra",1,0,1,1,1,1,0.0,0.0
"Nature'S Prime Foods, Accra",1,0,0,1,1,1,0.0,0.0
Naval Training Command,1,0,1,1,1,1,0.0,0.0
"Navkar Lifesciences Limited Plot No 76 Industrial Area Lodhimajra Baddi, Dist Solan",1,1,0,0,0,1,100.0,100.0
Navketan Pharma Pvt,1,1,0,1,0,1,100.0,100.0
"Nanuel Farm & Coal, Tema Community 4",1,0,1,1,1,1,0.0,0.0
"Eco Quench Beverages, Kwamekrom , Canan",1,0,1,1,1,1,0.0,0.0
"Eagle Eye Top Shipping Company Limited., Tema",1,0,0,1,0,1,100.0,0.0
"Eagle Insight Ent., Accra",1,0,1,1,1,1,0.0,0.0
"Eagle Speed Ventures, Accral",1,0,0,1,1,1,0.0,0.0
"Eaglion 777 Trading Enterprise, A/R",1,0,1,1,1,1,0.0,0.0
"Earthly Bounty Limited., Accra",1,0,1,1,1,1,0.0,0.0
Earthmonk Pharmaceuticals Pvt. Limited,1,1,0,0,0,1,100.0,100.0
"East Pekin Trading Limited, Tema",1,0,1,1,0,1,100.0,0.0
"Eastern Eden Beverages Ghana Limited, Accra, Ga/R",1,0,1,0,0,0,100.0,0.0
"Easy Processing And Packaging Limited., Gomoa Jukwa, C/R",1,0,1,0,0,0,100.0,0.0
"Easy Right Way Enterprise, C/R",1,0,1,1,1,1,0.0,0.0
"Easy Right Way Enterprise, Hohoe",1,0,1,1,1,1,0.0,0.0
"Easycom Trading Company Limited., Accra",1,0,0,1,0,1,100.0,0.0
"Dzidzor Bee Farms Group Limited., Accra",1,0,1,1,1,1,0.0,0.0
"Nayas 1 Movie Production, Accra",1,0,1,1,1,0,0.0,0.0
Nb Organon Kloosterstraat,1,1,0,1,0,1,100.0,100.0
Nbs Pharmaceuticals Division Of Northland Bioscience,1,1,0,1,0,1,100.0,100.0
Neolife International Limited South Industrial Area,1,1,0,0,0,1,100.0,100.0
"Nesh Nutritious Foods, New Kwansakrom, Swedru, C/R",1,0,1,1,1,1,0.0,0.0
"Newman Jp Limited Company, Osu",1,0,1,1,0,1,100.0,0.0
"Dzie Foods Ent., Accra",1,0,1,1,1,1,0.0,0.0
"Dzinerics Ventures, Accra",1,0,1,1,1,1,0.0,0.0
"Dzinmaya Limited. Co., Accra",1,0,1,0,0,0,100.0,0.0
"Dziwonu Enterprise, Accra",1,0,1,1,0,1,100.0,0.0
E & A Poultry,1,0,0,1,1,0,0.0,0.0
"E & M Purissima Co. Limited., Accra",1,0,1,0,0,0,100.0,0.0
"E. A. Sahel Vent., Accra",1,0,1,1,1,1,0.0,0.0
"E. Amanoo Ent., A/R",1,0,1,1,1,1,0.0,0.0
"E.A.Green Hands Enterprise, Accra",1,0,1,1,1,1,0.0,0.0
"E.K Appiah Ventures, Tosen, V/R",1,0,1,1,1,1,0.0,0.0
"E.O.Kansarfo Ventures, Kumasi, A/R",1,0,1,1,0,1,100.0,0.0
E.Zion Enterprise,1,0,0,1,0,1,100.0,0.0
"Drew Valley Drinking Water, Accra",1,0,1,1,1,1,0.0,0.0
"Ducibus,Nsawam , Adjacent Astek Fruit Processing Limited",1,0,1,1,1,1,0.0,0.0
"Duffys Health & Beauty, Accra",1,0,1,1,1,1,0.0,0.0
"Dugransun Limited., Kyekyewere, Ayensuano District",1,0,1,1,1,1,0.0,0.0
Dunbros Pharmaceuticals Limited Inna Apartments Parvati Payatha Pune- 411009 India,1,1,0,0,0,1,100.0,100.0
"Dunu Delight Ent., Accra",1,0,1,1,1,1,0.0,0.0
Duodo Herbal Centre,1,1,0,1,1,1,0.0,100.0
"Dutch Farm International B V - Nieuw Walden 112-1394 Pe Nederhorst Den Berg, Netherlands",1,1,0,1,0,1,100.0,100.0
Dynamic Freight Services Limited,1,0,1,1,0,1,100.0,0.0
"Dzi _Mns Ent., Accra",1,0,1,1,1,1,0.0,0.0
"Dora'S Era, Accra",1,0,1,1,1,1,0.0,0.0
"Ngola Masai Enterprise, Accra, G/R",1,0,1,1,0,1,100.0,0.0
"Nhyira Soulmate Ent., Accra",1,0,1,1,1,1,0.0,0.0
"Niche Confectionery Limited., Tema",1,0,1,1,1,1,0.0,0.0
"Niestar Innovations & Commerce, Accra",1,0,1,1,1,0,0.0,0.0
"Nimosab Gh. Limited., Tema",1,0,1,1,0,1,100.0,0.0
"Nirakilishi Restaurant, Accra",1,0,1,1,1,1,0.0,0.0
Dovam Enterprise,1,0,0,0,0,0,100.0,0.0
"Drefodan Vent., Kumasi, A/R",1,0,1,1,0,1,100.0,0.0
"Do More Good Mineral Water, A/R",1,0,1,1,1,1,0.0,0.0
"Njorley Foods., Acca",1,0,1,1,1,1,0.0,0.0
Nk Pharma Limited,1,1,0,0,0,1,100.0,100.0
Nkabom Herbal Solutions,1,1,0,1,1,1,0.0,100.0
"Nkb Kweku Boakye Ent., Agona Amenfi, W/R",1,0,1,0,0,0,100.0,0.0
"Nkj Sobotea, Gbetsile, Tema",1,0,1,1,1,1,0.0,0.0
Nkunim Special Shito,1,0,0,1,1,1,0.0,0.0
Nkusim Ventures,1,0,1,1,0,1,100.0,0.0
"Nkyewe3 King, Opp. Glory Junction, Fiapre, Bono Region",1,0,1,1,1,1,0.0,0.0
"Nmajima Ibs Ventures, A/R",1,0,1,1,1,1,0.0,0.0
Newnesscare Inc,1,1,0,0,0,1,100.0,100.0
"Dropwhite Ent, Abotoase, O/R",1,0,1,0,0,0,100.0,0.0
"Dsquaye Drinks, Tema",1,0,1,1,1,1,0.0,0.0
"Duchess Merchant Capital Limited, Accra",1,0,1,1,0,1,100.0,0.0
Dopharma Veterinaire Farmaca B.V. - Zalmweg 24 4941 Vx Raamsdonksveer The Netherlands Postal Address,1,1,0,1,0,1,100.0,100.0
"Dine With Kabuki., Acca, Ga/R",1,0,1,1,1,1,0.0,0.0
"Noashen Phones And Accessories, Kumasi. A/R",1,0,1,1,0,1,100.0,0.0
"Nobiya Nongrae Limited Company, Bolgatanga, Ue/R",1,0,1,1,1,1,0.0,0.0
"Noble Ice, Koforidua, E/R",1,0,1,1,1,1,0.0,0.0
"Noble Sam-Cee Enterprise, Aboso Housing, Wp-5929-3244, W/R",1,0,1,1,1,1,0.0,0.0
"Noble Treat Vent., Accra",1,0,0,1,1,1,0.0,0.0
"Nordgrains Limited Company, C/R",1,0,1,1,1,1,0.0,0.0
Norma Chemicals Limited - Wallace House,1,1,0,1,0,1,100.0,100.0
Northern Food And Agricultural Complex. Tl 431-Tamale,1,0,0,1,1,1,0.0,0.0
Northland Bioscience,1,1,0,1,0,1,100.0,100.0
"Dorcas Boateng 23 Enterprise, Koforidua",1,0,1,1,1,1,0.0,0.0
"Dores Volta 2005 Cold Store, Shop No. Ls/C3, Apremdo New Market",1,0,1,1,0,1,100.0,0.0
"Dornew Ice Mineral Water, A/R",1,0,1,1,1,1,0.0,0.0
"Dorten Hotel And Restaurant, Nkoranza, Bono East Region",1,0,1,1,1,1,0.0,0.0
"Double Dee Bakery Limited, Accra, G/R",1,0,1,1,1,1,0.0,0.0
"Nuoma Ventures, Accra",1,0,1,1,1,1,0.0,0.0
Northland Industrial Group Limited,1,0,1,1,0,0,100.0,0.0
Novartis Ghana Limited - Anysia Building 17 Ringway Os 89 Osu Accra,1,1,0,1,0,1,100.0,100.0
"Novartis Ghana Limited - Regus, 6Th & 7Th Floor, Atlantic Tower, Airport City, Liberation Road,Accra",1,1,0,1,0,1,100.0,100.0
Novartis Overseas Investment Ag Lichstrasse 35 4056 Basel Switzerland,1,1,0,0,0,1,100.0,100.0
Novelle Water & Plastics Limited,1,0,1,1,1,1,0.0,0.0
"Novo Nordisk A/S, Novo",1,1,0,1,0,1,100.0,100.0
No Turning Point,1,0,1,1,0,1,100.0,0.0
"Doggie Dog World Ent., Accra",1,0,1,1,0,1,100.0,0.0
Domfari Enterprise,1,0,1,1,1,1,0.0,0.0
Domfersand Ventures,1,0,1,0,0,0,100.0,0.0
"Dominio De Las Especias., Accra",1,0,1,1,1,1,0.0,0.0
"Don-Hel Ent, Appiadu, Kumasi, A/R",1,0,1,1,1,1,0.0,0.0
"Donatus Pharmacy Limited - P. O. Box 764 Techiman. Bono East Region, Select",1,1,0,1,1,1,0.0,100.0
Donna J. Ent,1,0,1,1,1,1,0.0,0.0
"Donwarazin Ent., Nt-0112-8561, Asawaba, Tamale-Nr",1,0,1,1,1,1,0.0,0.0
"Diphath Crystal Water Ent., A/R",1,0,1,1,1,1,0.0,0.0
"Disinfecto Chemical Industries Limited - , Select",1,1,0,1,0,1,100.0,100.0
"Distell Ghana Limited., Tema",1,0,1,1,0,1,100.0,0.0
Divine Grace Goods And Services,1,0,1,1,1,1,0.0,0.0
"Divine Grace Stores, C/R",1,0,1,1,1,1,0.0,0.0
Dkbs Foods,1,0,0,1,1,1,0.0,0.0
"Dn Never Again. Accra, G/R",1,0,1,1,0,1,100.0,0.0
"Dn-Sinapi Ventures, C/R",1,0,1,1,1,1,0.0,0.0
Dnanudge Limited,1,0,0,1,0,1,100.0,0.0
"Novomed Pharma House No. 1, Dede Adim Street, Galilee Junction, Ablekuma",1,1,0,1,0,1,100.0,100.0
Novopharm Formulations,1,1,0,1,0,1,100.0,100.0
Nsofa Company Limited,1,0,1,1,1,1,0.0,0.0
"Ntobeah 50 Express Trading Limited. By-0239-2255, Fiapre Sunyani",1,0,1,1,1,1,0.0,0.0
"Nuakh Foods& Products Limited., Accra",1,0,1,1,1,1,0.0,0.0
"Numbers Pharmaceuticals Limited, Tsibu, V/R",1,0,1,1,1,1,0.0,0.0
Nungua Warehouse Ghana Limited,1,1,0,0,0,1,100.0,100.0
"O.E & O Ent. Limited., Abossey Okai",1,0,1,1,0,1,100.0,0.0
"Oa&J Pharmaceuticals Limited - Plt No. Ind/A/71/G/11, Tema Heavy Industrial Area, Accra",1,1,0,1,1,1,0.0,100.0
"Nutrition Quarters, Accra",1,0,1,1,1,1,0.0,0.0
Nwine Sumbu Ventures,1,1,0,1,1,0,0.0,100.0
"Nyai Trading Ent., Accra",1,0,1,0,0,0,100.0,0.0
"Nyamedeacom Enterprise, H/No. C388/3, Odanta Street, Asylum-Down. Ga-073-2847",1,0,1,1,1,1,0.0,0.0
"Novo Nordisk Kenya Limited. 7Th Floor, The Convex Onrwerside Lane",1,1,0,1,0,1,100.0,100.0
"Diamint Ventures, Accra",1,0,1,1,1,1,0.0,0.0
"Diamond Peral Continentals., Kwabenya",1,0,1,1,1,1,0.0,0.0
"Dibio Univers Limited, Accra",1,0,1,1,1,1,0.0,0.0
"Dickens Hly Limited., Accra",1,0,1,1,1,1,0.0,0.0
Dickson Star One Ent,1,0,1,1,1,1,0.0,0.0
"Dicta'S Dries Enterprise., Accra",1,0,1,1,1,1,0.0,0.0
Different Colour Home Lode Limited,1,0,1,1,1,1,0.0,0.0
Dimma Enterprise,1,0,1,1,1,1,0.0,0.0
Destiny And Desires Limited. P. O. Box Gp 14340,1,0,1,1,0,1,100.0,0.0
Destiny Command Logistics Limited. Accra G/R,1,0,1,1,0,1,100.0,0.0
"Destiny Organic Farms Limited., Tema",1,0,1,1,1,1,0.0,0.0
"Destiny Stores, Anloga, V/R",1,0,1,1,1,1,0.0,0.0
Desuru Enterprise,1,0,1,1,1,1,0.0,0.0
"Deva'S Agro, Begoro",1,0,1,1,1,1,0.0,0.0
"Dew Pac Hydration And Mineral Drinks, Donkorkrom, E/R",1,0,1,1,1,1,0.0,0.0
Dex Iberica Dominkara S.A. Antopista Ramon Caceres Moca Dominican Republic,1,1,0,0,0,1,100.0,100.0
Deysark Company Limited,1,0,1,0,0,0,100.0,0.0
"Dh Impex Limited., Tema",1,0,1,1,0,1,100.0,0.0
"Denice Probiotic Yoghurt, Akropong, E/R",1,0,1,0,0,0,100.0,0.0
"Nyansapow Multi-Purpose Mill Limited., Amanokrom-Akuapem, Hd 38, Kampala St",1,0,1,1,1,1,0.0,0.0
"Nymuh Limited., Bolgatanga, Ue/R",1,0,1,1,0,1,100.0,0.0
"Nyr Minral Water, Odumase, Sunyani, B/R",1,0,1,1,1,1,0.0,0.0
Nyuvuri Nyiam Enterprise,1,0,1,1,1,1,0.0,0.0
"O'Ville Trading, Accra",1,0,1,1,1,1,0.0,0.0
"O.A.Mineral Water,Assennua-Mamponteng,A/R",1,0,1,1,1,1,0.0,0.0
Odo Pee Enterprise,1,1,0,1,1,1,0.0,100.0
"Odougcy Ent,Kumasi,A/R",1,0,1,0,0,0,100.0,0.0
"Oduropa Ent. Limited., Accra, G/R",1,0,1,1,0,1,100.0,0.0
Oanb Herbal Point,1,1,0,1,1,0,0.0,100.0
"Obaaba Natural Spices,A/R",1,0,1,1,1,1,0.0,0.0
"Obaapa Amanor Ent., A/R",1,0,1,1,1,1,0.0,0.0
"Obaatanpa Drinking Water, Kobedi Chiraa, Bono Region",1,0,1,1,1,1,0.0,0.0
Obama House Ent,1,0,1,1,1,1,0.0,0.0
"Obedesark Ventures, Sunyani, B/R",1,0,1,1,1,1,0.0,0.0
Obeng 777 Limited,1,0,1,1,1,1,0.0,0.0
"Obey Mineral Water, Teacher Mante. E/R",1,0,1,0,0,0,100.0,0.0
"Obstev Sto Limited, Nii Kofi Okai Street",1,0,1,1,0,1,100.0,0.0
"Obtener Ghana Limited., Accra",1,0,1,1,0,1,100.0,0.0
"Ocean Foods Packaging Limited., Accra",1,0,1,1,1,1,0.0,0.0
Oceana Ventures,1,0,1,1,1,1,0.0,0.0
Nyameyie Waters,1,0,1,1,1,1,0.0,0.0
"Ohemaa Nsuo Ent., Accra",1,0,1,1,1,0,0.0,0.0
Ohhema Products,1,0,0,1,0,1,100.0,0.0
Oindre,1,0,1,1,1,1,0.0,0.0
"Okailey'S Healthy Products, Accra",1,0,1,1,1,1,0.0,0.0
"Okunini Distilleries, Kyekyewere, E/R",1,0,1,1,1,1,0.0,0.0
"Olaherbals, Accra",1,0,1,1,1,1,0.0,0.0
"Olasty Purified Drinking Water Limited, A/R",1,0,1,1,1,1,0.0,0.0
"Oceandew Purified Water., G/R",1,0,1,1,1,1,0.0,0.0
Oceanic Cold Store And Trading Enterprise Limited,1,0,1,0,0,0,100.0,0.0
"Oceans Offshore Marine Service, Tema",1,0,1,1,0,1,100.0,0.0
"Ocp Ghana Limited., Accra",1,0,1,1,0,1,100.0,0.0
"Od Birds Ent. Teacher Mantey, E/R",1,0,1,0,0,0,100.0,0.0
Odansoaaba Enterprise,1,0,0,1,0,1,100.0,0.0
"Odehye K. Duah Ent., A/R",1,0,1,1,1,1,0.0,0.0
Odehyie Antwi Beauty Production,1,0,0,0,0,0,100.0,0.0
"Odi Ventures., Accra",1,0,1,1,1,1,0.0,0.0
"Denker Industrial Limited, Maame Krobo, E/R",1,0,1,1,0,1,100.0,0.0
"Dennistar Water & Beverages Ent., Akim Akroso, Zion Jhs Junction",1,0,1,1,1,1,0.0,0.0
"Denourish Foods., Accra",1,0,1,0,0,0,100.0,0.0
Deo Ice,1,0,1,1,1,1,0.0,0.0
"Desa Farmwheels, Accra",1,0,1,1,1,1,0.0,0.0
"Descar Company Limited, Anyaa- Nic",1,0,1,1,1,1,0.0,0.0
Desert Lion International,1,0,1,1,1,1,0.0,0.0
"Desert Spring Food & Beverage Ent., Asutuare",1,0,1,1,1,1,0.0,0.0
"Desire Distribution Ent, Akatsi, V/R",1,0,1,1,1,1,0.0,0.0
"Destiny And Desire Limited., Accra",1,0,1,1,0,1,100.0,0.0
"Dehlyss Agro Vent., Tema",1,0,1,1,1,1,0.0,0.0
"Off-Side Import & Export, H/No Hf 48/1 Near Kuku Hills First Street",1,0,1,1,0,1,100.0,0.0
Ofie Agro Limited,1,0,1,1,1,1,0.0,0.0
Ogya Wom Herbal Centre,1,1,0,1,1,1,0.0,100.0
"Ogyampa Ventures, A/R",1,0,1,1,1,1,0.0,0.0
"Oh Demko Ventures, Kade Near Sakora Park",1,0,1,1,1,1,0.0,0.0
Delimush Limited Company,1,0,1,1,1,1,0.0,0.0
Delm Trading And Logistics. Tema G/R,1,0,1,1,0,1,100.0,0.0
Delta Paper Mill,1,0,0,1,0,1,100.0,0.0
"Demarco Frozen Foods, Accra, G/R",1,0,1,1,0,1,100.0,0.0
"Denanttu Ent., Pineapple- Kukurantumi, E/R",1,0,1,1,1,0,0.0,0.0
"De Ralp Ets Dieye Limited. Co., Tema",1,0,1,1,0,1,100.0,0.0
"Omandze Enterprise, Accra",1,0,1,0,0,0,100.0,0.0
"Omega Freight & Logistics Consult Limitedtema, G/R",1,0,1,1,0,1,100.0,0.0
"Omega Meyer Gh Limited - 19, North Ind Area",1,1,0,1,0,1,100.0,100.0
"Omens Aseda Ent., Kumasi, A/R",1,0,1,1,1,0,0.0,0.0
Omer Investments Limited,1,1,0,1,1,1,0.0,100.0
Omer Investments Limited - Ks 9597 Kumasi,1,1,0,1,1,1,0.0,100.0
One Buuri Organization,1,0,1,1,1,1,0.0,0.0
One Lane Enterprise,1,0,1,1,0,1,100.0,0.0
"Ofem O2 Enterprise, Amonokrom, E/R",1,0,1,1,1,1,0.0,0.0
"Denk Pharma Gmbh &Co Kg - Prinzregentenstr 79 81675 Munchen , Germany",1,1,0,1,0,1,100.0,100.0
"Osei Akwasi Boakye Company Limited., Accra",1,0,1,1,0,1,100.0,0.0
"Only Jesus Can Save Drinking Water Ent,A/R",1,0,1,0,0,0,100.0,0.0
"Onnells Limited, Accra",1,0,1,1,0,1,100.0,0.0
Onola Farms,1,0,0,1,1,1,0.0,0.0
"Onuapa Nhyira Enterprise, Adum, A/R",1,0,1,1,0,1,100.0,0.0
"Opambea Oganey Ventures, P. O. Box 1324, Cape Coast, C/R",1,0,1,1,1,1,0.0,0.0
Opella Healthcare,1,1,0,1,0,1,100.0,100.0
Opsonin Pharma Limited,1,1,0,1,0,1,100.0,100.0
Optimal Ry Ventures,1,0,1,1,1,1,0.0,0.0
"Optimalt Purvey, Techiman, B/R",1,0,0,1,0,1,100.0,0.0
"Optimum Foods, Accra",1,0,1,1,0,1,100.0,0.0
Oleo Deus,1,0,1,0,0,0,100.0,0.0
Dei- Verbum. Location: Ns-045-9932,1,0,1,1,1,1,0.0,0.0
"Dekash Multimedia, Ho, V/R",1,0,1,1,1,1,0.0,0.0
"Dekyipon Ventures, Akosombo - E/R",1,0,1,1,1,1,0.0,0.0
"Del'Eau Purified Water,Accra",1,0,1,1,1,1,0.0,0.0
"Dealersbin Frozen Foods, Accra, G/R",1,0,1,1,0,1,100.0,0.0
"Debbie Nyarks Enterprise, Accra, Ga/R",1,0,1,1,1,1,0.0,0.0
"Debora Yeboaa 52 Ent., Accra",1,0,1,1,1,1,0.0,0.0
"Debs Juice, Accra, Ga/R",1,0,1,1,1,1,0.0,0.0
Dedon Limited Company. Bx,1,0,1,1,1,1,0.0,0.0
"Deeco Trade, Accra",1,0,1,1,1,1,0.0,0.0
"Deekay Clientele Ent., Accra",1,0,1,0,0,0,100.0,0.0
"Degrey Farms Ent., Accra",1,0,1,1,1,1,0.0,0.0
"Dawa Foods Limited., Accra",1,0,1,1,1,1,0.0,0.0
"Orema Foods Catering Services, Accra",1,0,1,0,0,0,100.0,0.0
Organon Pharma,1,1,0,0,0,1,100.0,100.0
"Orley Laboratories Private Limited. - 1817, Phase-Iii, G.I.D.C. Estate, Vatva, Ahmedabad – 382445, India",1,1,0,1,0,1,100.0,100.0
"Orsam Energies Limited, Western Region",1,0,1,1,0,1,100.0,0.0
"Osbournes Limited., Accra",1,0,0,1,1,0,0.0,0.0
Oscar Medicare Pvt,1,0,0,1,0,1,100.0,0.0
"Oscarman Ent., A/R",1,0,1,1,1,1,0.0,0.0
"P. A Sarpong Enterprise, Box Tl 1346, Tamale",1,0,0,1,1,0,0.0,0.0
P.K. Anos Enterprise,1,0,1,1,1,1,0.0,0.0
Osei Akwasi Boakye Ent. Obuasi A/R,1,0,1,1,0,1,100.0,0.0
"Osialeni, Ent, Aneta, V/R",1,0,1,0,0,0,100.0,0.0
"Osiog Investment Limited., Accra",1,0,1,1,0,1,100.0,0.0
Osmium,1,0,0,1,0,1,100.0,0.0
Oss Drinking Water. Plot No. 57 Block,1,0,1,1,1,1,0.0,0.0
"Otisfortis Herbal Centre,A/R",1,0,1,1,1,1,0.0,0.0
"Our Lady Of Grace Senior High School, A/R",1,0,1,1,1,1,0.0,0.0
Outbound,1,0,1,1,0,1,100.0,0.0
"Overlands Company Limited, Tema",1,0,1,1,0,1,100.0,0.0
"Opuni-Ike Legend Limited Company, Akim-Oda Community 6",1,0,1,1,1,1,0.0,0.0
"De Vada Co. Limited., Tema",1,0,1,1,0,1,100.0,0.0
"De-Ans Food Processing , Nsawam, E/R",1,0,1,1,1,1,0.0,0.0
"De-Nice Hotel Limited., Kasoa - Obom Rd., C/R",1,0,1,1,1,0,0.0,0.0
De-Yram Ventures,1,0,1,1,1,1,0.0,0.0
"Dawards Bonds Limited, Tema, G/R",1,0,1,1,0,1,100.0,0.0
"Day Open Enterprise, Accra G/A",1,0,1,1,0,1,100.0,0.0
"Db Anims Vent., Accra",1,0,1,1,1,1,0.0,0.0
"Db Ice. Tumu, Uw/R",1,0,1,1,1,0,0.0,0.0
"Dc Mirac, Accra, Ga/R",1,0,1,1,1,1,0.0,0.0
"De Brothezz Enterprise, P. O Box 28 Nd-00021-1641 Walewale",1,0,1,0,0,0,100.0,0.0
"De Gjando Company Limited., Accra",1,0,1,1,1,1,0.0,0.0
"De Happy Plate Restaurant., G/R",1,0,1,1,1,1,0.0,0.0
Danso Beverages Limited,1,0,1,0,0,0,100.0,0.0
"Overwill Ent., Accra",1,0,1,1,0,1,100.0,0.0
"Owass Business Ent., Tarkwa, W/R",1,1,0,0,0,1,100.0,100.0
Owfordvet Enterprise,1,1,0,0,0,1,100.0,100.0
Owusko Herbal Centre,1,1,0,1,1,0,0.0,100.0
Owusu Achiaw Herbal Center,1,1,0,1,1,1,0.0,100.0
"P&A African Food International Limited., Accra",1,0,0,1,1,1,0.0,0.0
"P&G Health Germany Gmbh - Sulzbacher, Strasse 40 65824 Schwalbach Am Taunus, Germany",1,0,0,1,0,1,100.0,0.0
"Darrus-Salam Enterprise, Garu",1,0,1,1,1,1,0.0,0.0
"Dave Production, Doboro, E/R",1,0,1,1,1,1,0.0,0.0
"David Owusu Yeboah 04 Enterprise, C/R",1,0,1,1,1,1,0.0,0.0
"Dan'S - Ma Co. Limited., Accra",1,0,1,1,0,1,100.0,0.0
"Paaminus Ent., Accra",1,0,1,1,1,1,0.0,0.0
"Paapa Ben Co. Limited., Gomoa Tuansa, C/R",1,0,1,1,1,1,0.0,0.0
"Pabene Bitters, A/R",1,0,1,1,1,1,0.0,0.0
Pacewealth Ventures,1,0,1,1,0,1,100.0,0.0
"Pacific Prestige Ent,A/R",1,0,1,1,1,0,0.0,0.0
"Packtyme Ventures, Accra",1,0,1,1,0,1,100.0,0.0
"Paco Synergy, New Akrade",1,0,1,1,1,1,0.0,0.0
"Padikie Foods., Accra, G/A",1,0,1,1,1,1,0.0,0.0
"Pafad Ent., Accra",1,0,1,1,0,1,100.0,0.0
"Page 51 Enterprise, Krofrom Nhyieso, A/R",1,0,1,1,0,1,100.0,0.0
Pagsung Shea Butter Processors Association,1,0,0,1,1,1,0.0,0.0
"Pakmart Limited., Tema, Ga/R",1,0,1,1,0,1,100.0,0.0
"Dango Empire Ghana Limited,A/R",1,0,1,1,1,0,0.0,0.0
Daniel Kwasi 247 Enterprise,1,0,1,1,1,1,0.0,0.0
"Daniel Yeboah Oil And Food Ventures, Kumasi, A/R",1,0,0,1,0,1,100.0,0.0
Dankpolo Rahaman Business,1,0,0,1,1,1,0.0,0.0
"Danmilla Co. Limited., Kumasi, A/R",1,0,1,1,1,1,0.0,0.0
Danmilla Foods,1,0,1,1,1,1,0.0,0.0
"Dabs Glory Ventures, Accra, Ga/R",1,0,1,1,1,1,0.0,0.0
Palb Pharmaceuticals Limited B9 18 7 Okumuafo Loop Kaneshie Accra,1,1,0,0,0,1,100.0,100.0
"Palma Group Ghana Limited. Com., Accra G/A",1,0,0,1,0,1,100.0,0.0
Palms Water Production Enterprise,1,0,1,1,1,1,0.0,0.0
Paloma Herbal Centre,1,0,0,1,1,1,0.0,0.0
"P.S Update Ventures, A/R",1,0,1,1,1,1,0.0,0.0
"Dansvik Ent., Accra",1,0,0,1,1,1,0.0,0.0
Dark Blue Pharmaceuticals,1,1,0,1,0,1,100.0,100.0
Darkoa 360,1,1,0,1,0,1,100.0,100.0
Darose Pharmaceuticals Limited,1,1,0,0,0,0,100.0,100.0
Patriange Ventures,1,0,1,1,1,1,0.0,0.0
"Paufos Grace Enterprise. Plot No. 60 Block G. Yamfo, Ahafo Region",1,0,1,1,1,1,0.0,0.0
"Pan African Water Solution Limited., Accra",1,0,1,1,1,1,0.0,0.0
Panacea Pharmaceutical Limited H/No. Plot 10 Block Iv Asokwa Kumasi,1,1,0,0,0,1,100.0,100.0
Panacea Pharmaceuticals,1,1,0,1,0,1,100.0,100.0
"Panda Commodities And Trading, Accra",1,0,1,1,0,1,100.0,0.0
"Pandan Vision Enterprise, Xk-0531-7554 Piina, Uw/R",1,0,1,1,1,1,0.0,0.0
"Pankus Organic Fertilizer, Akim Oda Bunglow-Abease",1,0,1,1,1,1,0.0,0.0
"Paore Pio Vent. Tema, G/R",1,0,1,1,0,1,100.0,0.0
"Paradine Co., Limited., Accra",1,0,1,1,1,1,0.0,0.0
"Paradise Exclusive Resort, Akyem Nsutam",1,0,1,1,1,1,0.0,0.0
"Paradise Kingdom Ent., Accra",1,0,1,1,1,1,0.0,0.0
"Parin Africa Limited, Ge-252-5836. Ga East Greater-Accra",1,0,1,1,1,1,0.0,0.0
Pakomall Enterprise,1,0,1,1,0,1,100.0,0.0
"Danans-Carmella Ent., A/R",1,0,1,1,1,1,0.0,0.0
"Danaso Ent., Mpraeso, E/R",1,0,1,1,1,1,0.0,0.0
"Daddy Kins Ventures. Xw-0075-1122 Konta, Uw/R Wa",1,0,1,1,1,0,0.0,0.0
"Daftec Co., Anum Amanfro, E/R",1,0,1,1,1,1,0.0,0.0
"Dahava Amoateng Ent., Accra, Ga/R",1,0,1,0,0,0,100.0,0.0
Dahiada Herbal Centre,1,1,0,1,1,0,0.0,100.0
"Dak Natural Mineral Water, Koforidua Technical University. Junction 1 Street",1,0,1,1,1,1,0.0,0.0
"Dakscilla Ghana Limited, A/R",1,0,1,1,1,1,0.0,0.0
"Damsulhas Enterprise, Hno. 6, Resettlement Area Kalariga-Tamale",1,0,1,1,1,1,0.0,0.0
"Dan Antoine Enterprise, Pentecost Junction Kpone Tema",1,0,1,1,0,1,100.0,0.0
"Dan Bosco Company Limited, Agona Nkwanta - Aboade Highway",1,0,1,0,0,0,100.0,0.0
Parmarts Pharmacy Sic Building Former Bonsu Brothers Okashie,1,1,0,0,0,1,100.0,100.0
"Parthagril Ghana Limited., Accra",1,0,1,1,0,1,100.0,0.0
Partnart 55 Ventures,1,0,1,1,0,1,100.0,0.0
"Party Buddy, Accra",1,0,1,1,1,1,0.0,0.0
Patience Cobbinah Herbal Center,1,0,1,1,1,1,0.0,0.0
"Patkepacy Enterprise, Teshie Nungua Estate, G/R",1,0,1,1,1,1,0.0,0.0
Patpasky Enterprise,1,0,0,1,1,1,0.0,0.0
"Peregrine Express Delivery Service, Accra",1,0,1,1,1,1,0.0,0.0
Peremend Clealand Ent. Accra,1,0,1,1,0,1,100.0,0.0
Paul Brooks Homoeo Labs,1,1,0,1,0,1,100.0,100.0
"Paul De Saint Water & Trading Enterprise, Techiman, Brong Ahafo Region",1,0,1,1,1,1,0.0,0.0
"Paulex Foods, Accra",1,0,1,0,0,0,100.0,0.0
"Pavan 2013 Ent., A/R",1,0,1,1,1,1,0.0,0.0
"Pazito Limited. Co., Accra",1,0,1,1,1,1,0.0,0.0
"Pbk Revu Investment Gh. Limited., Accra",1,0,1,1,1,0,0.0,0.0
Peadico Company Ash Zone 2 Plot No 40,1,1,0,0,0,0,100.0,100.0
"Peanut Concept Ent., Koforidua",1,0,1,1,1,1,0.0,0.0
Pearlane Pharmacy Limited,1,1,0,0,0,1,100.0,100.0
"Pebble Natural Mineral Water, Accra",1,0,1,1,1,0,0.0,0.0
"Pee Kaf Limited. Co., Accra",1,0,0,1,0,1,100.0,0.0
"Pee Wees Business Venture Limited., Hse No. Xe 0311, Magazine, Kintampo, Ba/R",1,0,1,1,1,1,0.0,0.0
"Dacpo Chris Enterprise, Accra, G/A",1,0,1,1,1,1,0.0,0.0
"Daddy Ash Limited., Accra",1,0,0,0,0,0,100.0,0.0
D.A.S.T. Biotech Pharm Limited - 10 Larisis Street,1,1,0,1,0,1,100.0,100.0
"D.D Haven Bliss Ent., Dabala, V/R",1,0,1,1,1,1,0.0,0.0
D.K. Wuu Enterprise,1,0,1,1,1,1,0.0,0.0
"Da Jacoo Ventures, Ho, V/R",1,0,1,1,1,1,0.0,0.0
"Da Moriah Services, Accra, Ga/R",1,0,0,1,1,1,0.0,0.0
"Daa Fisheries Training Center Limited., Accra",1,0,1,1,1,1,0.0,0.0
"Daas Foods Limited, Accra",1,0,1,0,0,0,100.0,0.0
"Daavi Empress, Accra, Ga/R",1,0,1,1,1,0,0.0,0.0
Crystal-Rok Limited Company,1,0,1,1,1,1,0.0,0.0
Pegboa Enterprise,1,0,1,1,1,1,0.0,0.0
"Pekasons Pharmacy Limited Kasoa Akweley-Adom Estate Road, Nn91,Neptune St Cx-078-2358, Ghana",1,1,0,0,0,1,100.0,100.0
"Peki College Of Education, Peki Avetile",1,0,1,1,1,1,0.0,0.0
Penak Pharmacy Limited,1,1,0,1,0,1,100.0,100.0
"Penilove Snacks, Accra",1,0,1,1,1,1,0.0,0.0
Penti Ice Ent,1,0,1,1,1,1,0.0,0.0
"Pepps Cakes And Events., Accra",1,0,1,1,1,1,0.0,0.0
Pharma More Pharmaceutical Industries 75 Mosadak St Al Dokki Giza Egypt,1,1,0,0,0,1,100.0,100.0
Pharmajet Inc,1,0,0,1,0,1,100.0,0.0
Pharmanova Cote D'Ivoire,1,1,0,1,0,1,100.0,100.0
"Perfect End Logistics, Accra",1,0,1,1,0,0,100.0,0.0
"Perfect Mineral Water, Begoro",1,0,1,1,1,1,0.0,0.0
Perfect Natural Mineral Water,1,0,1,1,1,1,0.0,0.0
Perfect Pak Mineral Water,1,0,1,1,1,1,0.0,0.0
"Perhema Ent., Accra",1,0,1,1,1,1,0.0,0.0
"Perimeter Co. Limited., Antwiwaa Villa Near Akyem State College, Akem Aboabo, Akim Oda, E/R",1,0,1,1,1,1,0.0,0.0
"Petpro Limited., Co., Accra",1,0,1,0,0,0,100.0,0.0
Pfizer Specialities Limited 19 Aviation Road Airport Residential Accra 4057 Accra,1,1,0,1,0,0,100.0,100.0
"Peehan Foods, Osabene- Koforidua Near The Islamic School",1,0,1,1,1,1,0.0,0.0
"D'Orishas Foods, Tema, G/R",1,0,1,1,1,1,0.0,0.0
"D-Mercified Catering & Events Limited., Accra",1,0,1,1,1,1,0.0,0.0
D. H. Impex Limited. Tema,1,0,1,1,0,1,100.0,0.0
D.A.S.T Biotech Pharm Limited,1,1,0,0,0,1,100.0,100.0
Cs Trading Enterprise. Accra G/R,1,0,1,1,0,1,100.0,0.0
"Csir-Food Research Institute., Accra",1,0,1,1,1,1,0.0,0.0
"Cucumonga Co. Limited, Accra G/R",1,0,1,1,0,1,100.0,0.0
"Culinary Culture, Accra",1,0,1,1,1,1,0.0,0.0
Cupid Limited,1,0,0,1,0,1,100.0,0.0
"Cutebird Limited, Accra",1,0,1,1,0,1,100.0,0.0
"Cutebite And Trading Ent., Accra",1,0,1,1,1,1,0.0,0.0
Cy Success Trading Ent. Sunyani Bono Region,1,0,1,1,0,1,100.0,0.0
"Cynthia During Ent.,A/R",1,0,1,1,1,0,0.0,0.0
"Cyrous Premier International Limited., Accra",1,0,1,1,0,1,100.0,0.0
"D'Eclat., Accra",1,0,1,1,1,1,0.0,0.0
"Creoprimus, Tema, G/R",1,0,1,1,0,1,100.0,0.0
Pfizer Specialities Limited C/O Iqvia 7 Barnes Road Farrar Avenue Adabraka Accra,1,1,0,1,0,1,100.0,100.0
"Pharm - In Limited., Accra",1,0,1,1,1,1,0.0,0.0
Pharm In Limited - East Legon Accra,1,1,0,1,1,1,0.0,100.0
"Pharma Bavaria Internacional Pbi, Portugal Unipessoal Lda Rua Do Monte Leite 498 1 Dto 2765 496 Estoril Lisbon Portugal",1,1,0,1,0,1,100.0,100.0
Covex S.A,1,1,0,1,0,1,100.0,100.0
"Cowshed Cafe Ent., Accra",1,0,1,1,1,1,0.0,0.0
"Cocoa Touton Processing Co. Limited., Accra",1,0,1,1,1,1,0.0,0.0
Pharmarite,1,1,0,1,0,1,100.0,100.0
Pharmasymbiosis Limitedh/No. 13 Kofi Asante Ofori-Atta Roadairport,1,1,0,1,0,1,100.0,100.0
"Phidey Rich Blu Star Enterprise, Abor Volta Region",1,0,1,1,1,0,0.0,0.0
"Phidmak Ent., Accra",1,0,1,1,0,1,100.0,0.0
Crescent Ventures,1,0,0,1,1,1,0.0,0.0
Crop Economy Enterprise 1 Adjorkor Din St Adjiringanor East Legon Accra,1,1,0,0,0,1,100.0,100.0
Cross Pharm,1,1,0,0,0,1,100.0,100.0
"Crosscandy Vent., Accra",1,0,1,0,0,0,100.0,0.0
Crown Aa & B Limited. Nsawam- Adeiso,1,0,1,0,0,0,100.0,0.0
"Crunch Crave, Accra, Ga/R",1,0,1,1,1,1,0.0,0.0
"Crystal Jorek Ent., Accra",1,0,0,1,1,1,0.0,0.0
"Crystal Shipping Limited., Accra",1,0,0,1,0,1,100.0,0.0
"Connieericson Ent., Accra",1,0,1,1,1,1,0.0,0.0
"Conak Elshaddai Foods & Investments, Accra",1,0,1,1,1,1,0.0,0.0
"Conbal Logistics, Tema, G/R",1,0,1,1,0,1,100.0,0.0
"Conglobe Africa Logistics Limited., Accra G/A",1,0,0,1,0,1,100.0,0.0
"Clean 7 Company Limited, Ga Odumase",1,0,1,1,1,1,0.0,0.0
"Philde Foods, Accra",1,0,1,0,0,0,100.0,0.0
Phillips Ghana Limited,1,0,0,1,0,1,100.0,0.0
Philnock Ent,1,0,1,1,1,1,0.0,0.0
"Phinen Foods, Ga/R",1,0,1,1,1,1,0.0,0.0
Pills And Tabs Pharmacy,1,1,0,0,0,1,100.0,100.0
"Piloloplus Ventures, A/R",1,0,1,1,1,1,0.0,0.0
"Pinaman Foods And Beverages, Kasoa, C/R",1,0,1,1,1,1,0.0,0.0
Pinamang Enterprise,1,0,0,0,0,0,100.0,0.0
Contract Manufactury And Packaging Services Pty,1,1,0,0,0,1,100.0,100.0
"Cool It Ghana Limited, Korkordzor",1,0,1,1,1,1,0.0,0.0
Corpus Wellness Centre Limited,1,1,0,1,1,1,0.0,100.0
Cosmos Shilo Ent. Accra,1,0,1,1,1,1,0.0,0.0
Pink And Blue Prime Limited,1,0,0,1,0,1,100.0,0.0
"Pinkgelina Ent., Accra",1,0,0,1,0,1,100.0,0.0
"Pioneer Cereals Limited., Accra",1,0,1,1,1,1,0.0,0.0
"Pioneer Food Cannery Limited., Tema",1,0,1,1,0,1,100.0,0.0
"Pitiku Farms Limited., Tenogra Afram Plains, E/R",1,0,0,1,1,1,0.0,0.0
"Pkk Farms. Accra, G/R",1,0,1,1,0,1,100.0,0.0
Planex Trading Enterprise,1,0,0,1,0,1,100.0,0.0
Planned Parenthood Association Of,1,0,0,1,0,0,100.0,0.0
Plantation Resources Limited,1,0,1,1,1,1,0.0,0.0
"Plantation Resources Limited, A/R",1,0,1,1,1,1,0.0,0.0
"Philbro Group Limited., Accra",1,0,1,1,0,1,100.0,0.0
Coda Ice Natural Ventures,1,0,1,1,1,1,0.0,0.0
Codix Healthcare Limited,1,0,0,1,0,1,100.0,0.0
"Cold One Enterprises. Accra, G/R",1,0,1,1,0,1,100.0,0.0
"Coldconuts Exports,Kumasi,A/R",1,0,1,1,1,1,0.0,0.0
"Comfort@20 Zone Services., Accra",1,0,1,1,1,1,0.0,0.0
"Clear Ice Mineral Water, Nsawam, E/R",1,0,1,1,1,1,0.0,0.0
"Cleave Limited. Co., Accra",1,0,1,1,1,1,0.0,0.0
"Clemag Ent., Accra",1,0,1,1,1,1,0.0,0.0
"Clemjee Ent., Accra, Ga/R",1,0,1,1,1,0,0.0,0.0
"Clemvic Ventres, Xw",1,0,1,1,1,1,0.0,0.0
"Clesun 02 Ent., A/R",1,0,1,1,1,1,0.0,0.0
"Cn Nazareth Vent., Accra",1,0,0,1,0,1,100.0,0.0
"Cn1- Mukaasi City, Accra, G/R",1,0,1,1,1,1,0.0,0.0
Cob-A Group Of Companies Limited,1,0,1,1,1,1,0.0,0.0
"Plus Five Ventures, Koforidua, E/R",1,0,1,1,1,1,0.0,0.0
Pm 2023 Limited. Co,1,0,1,1,1,1,0.0,0.0
Pms Lucious Company Limited,1,0,1,0,0,0,100.0,0.0
"Pnf Industries Limited, Accra",1,0,1,1,1,1,0.0,0.0
Point Chemist Limited,1,1,0,0,0,1,100.0,100.0
"Point Well Natural Mineral Water. Location: En-314-2867, Koforidua-Oyoko",1,0,1,1,1,1,0.0,0.0
Pointed Ice Mineral Water Ent A/R,1,0,1,1,1,1,0.0,0.0
"Cisca Foods Ent., Accra",1,0,1,1,1,1,0.0,0.0
"Citadel Water Ghana Limited, Bekwai, A/R",1,0,1,1,1,1,0.0,0.0
"Citi Crest Ghana Limited., Accra",1,0,1,1,1,1,0.0,0.0
"Citizens Frozen Foods Limited., Tema G/R",1,0,1,1,0,1,100.0,0.0
Citon Drugs And Pharmaceuticals Private Limited C1101 1102 Lotus Corporate Park Graham Fifth Steel Compound Jay Coach Junction Western Express Highway Goregaon East Mumbai 400063 India,1,1,0,1,0,0,100.0,100.0
"Citriville, Accra",1,0,1,1,1,1,0.0,0.0
"Chocho Mineral Water & Beverages Limited., Suhum Mile 44, P51 Chocho Drive",1,0,1,1,1,1,0.0,0.0
Pokupharma Company Limited P O Box 3009 Kumasi Ghana Plt 12 Tottoe Steet Fumesua Kumasi,1,1,0,1,0,1,100.0,100.0
Poly Medicure Limited,1,0,0,1,0,1,100.0,0.0
Porche Enterprise,1,0,0,0,0,0,100.0,0.0
Posh Thompson Enterprise,1,0,0,1,0,1,100.0,0.0
"Pots And Ladels, Accra",1,0,1,1,1,1,0.0,0.0
"Praise Export Services Limited., Accra",1,0,1,1,1,1,0.0,0.0
"Platinum Gift Enterprise, Accra, Ga/R",1,0,1,1,1,1,0.0,0.0
Clear Aqua Drinking Water Ent,1,0,1,1,1,1,0.0,0.0
"Clear Foods Limited., Tema",1,0,1,1,0,0,100.0,0.0
Chrish The King Enterprise,1,0,1,1,1,1,0.0,0.0
Christ Compassion Ventures,1,0,0,1,1,1,0.0,0.0
"Christ In You 2021 Ventures, Takoradi Pipeano Traffic Light, Pentecost Church Mission House, Ws-337-2016, W/R",1,0,1,1,1,1,0.0,0.0
"Cipla Limited Goa Unit Ii - Cipla Limited. Unit Ii. L-139 To L-146 Verna Industrial Estate , Verna Salcette Goa 403 722, India",1,1,0,1,0,1,100.0,100.0
Cipla Limited Kurkumbh Plot D-7 Midc Industrial Area Kurkumbh Village Taluka-Daund Pune India,1,1,0,1,0,1,100.0,100.0
"Chasia Foods, Kasoa, C/R",1,0,1,1,1,1,0.0,0.0
"Preciosa Limited., Accra",1,0,1,1,0,1,100.0,0.0
"Precious Life Centre Limited, A/R",1,0,1,1,0,1,100.0,0.0
"Precious Os Foods Ventures., Accra",1,0,1,1,1,1,0.0,0.0
Prejemmoc Ventures,1,0,1,1,1,1,0.0,0.0
Premier,1,1,0,1,0,1,100.0,100.0
Premier Healthcare,1,1,0,1,0,1,100.0,100.0
"Premier Legacy Limited., Accra",1,0,0,1,0,1,100.0,0.0
"Premium Nutritional Ent., Kumasi, A/R",1,0,1,1,0,1,100.0,0.0
Pokupharma Company Limited - P. O. Box 3009 Kumasi,1,1,0,1,1,1,0.0,100.0
"Ciron Drugs And Pharmaceuticals Private Limited. - C-1101/1102, Lotus Corporate Park, Graham Firth Steel Compound, Jay Coach Junction, Western Express Highway, Goregaon",1,1,0,1,0,1,100.0,100.0
"Presbyterian Development Social Services-North, P O Box 42, Garu Upper East Region. Uo",1,0,1,1,1,1,0.0,0.0
"Presley Consult And Supplies. Tema, G/R",1,0,1,1,0,1,100.0,0.0
"Prestige Sugare, Accra",1,0,1,1,0,1,100.0,0.0
"Prestige Ynna Company Limited,Accra",1,0,1,1,1,1,0.0,0.0
"Prestone Ventures, A/R",1,0,1,1,1,1,0.0,0.0
Pribet Gh Company Limited,1,0,1,1,0,1,100.0,0.0
"Pricewill Distribution Co. Limited., Accra",1,0,1,1,0,1,100.0,0.0
"Pricyn Bakery, Accra",1,0,1,1,1,1,0.0,0.0
"Prifrimps Foods, C/R",1,0,1,1,1,1,0.0,0.0
"Primal Point Limited, A/R",1,0,1,1,1,1,0.0,0.0
Prime Care Industries,1,0,1,1,1,1,0.0,0.0
"Praiseville Essentials., Accra",1,0,1,1,0,1,100.0,0.0
"Chocomac Gh. Limited., Tema",1,0,1,0,0,0,100.0,0.0
"Chopbox Express., Accra",1,0,1,1,1,1,0.0,0.0
"Chrisagye Global Company Limited,A/R",1,0,1,1,1,1,0.0,0.0
"Chrisalvsco Ent., Accra",1,0,0,1,0,1,100.0,0.0
"Cherrc Venture., Accra",1,0,1,1,1,1,0.0,0.0
"Cherry Ice, Peki Tsame",1,0,1,1,1,1,0.0,0.0
"Chilled Shake, Accra, Ga/R",1,0,1,0,0,0,100.0,0.0
"China Fujian Fishing Gh Limited., Accra",1,0,1,1,1,0,0.0,0.0
"Chineke Ent., Mankessim, C/R",1,1,0,0,0,1,100.0,100.0
"Prime Needs International,Central Region",1,0,0,1,0,1,100.0,0.0
"Primepak Canning Limited,Unit H 7, Gicel Estate,Weija",1,0,1,0,0,0,100.0,0.0
"Primesimash, Accra, Ga/R",1,0,1,1,1,1,0.0,0.0
Prince First Ent. Suhum Amanhyia,1,0,1,1,1,1,0.0,0.0
"Prince First Ent., Accra",1,0,1,1,1,1,0.0,0.0
Princity Naturals Enterprise,1,0,1,1,1,0,0.0,0.0
Printex Pharmacy Limited,1,1,0,1,0,0,100.0,100.0
"Priority Foods, Accra, Ga/R",1,0,1,0,0,0,100.0,0.0
"Pris Farms, Accra",1,0,1,1,1,1,0.0,0.0
"Pris-Davi Ventures, Accra",1,0,1,1,0,1,100.0,0.0
"Priscadel Ventures, Plt. No. 1, Coker Ave, West Ridge, Anaji, Takoradi, W/R",1,0,1,1,1,1,0.0,0.0
Provest Exports,1,0,1,1,1,1,0.0,0.0
"Providence Consumer Care, Accra",1,0,1,1,0,1,100.0,0.0
"Prudential Accord Agro Limited., Accra",1,0,1,1,0,1,100.0,0.0
"Ps Trade Gmbh Gh Limited., Accra",1,0,0,1,0,1,100.0,0.0
"Psalm 34:8 Taste & See Food, Accra, Ga/R",1,0,1,0,0,0,100.0,0.0
Psalm 91 Herbal Centre,1,1,0,1,1,1,0.0,100.0
Pt Bintang Toedjoe Jalan,1,1,0,0,0,1,100.0,100.0
"Ptf Solutions Ventures ,Ho, V/R",1,0,1,1,1,1,0.0,0.0
"Prisenyo Ent., Accra, Ga/R",1,0,1,1,1,1,0.0,0.0
"Priskano Foods, Winneba, C/R",1,0,1,1,1,1,0.0,0.0
"Pro Belyz Limited., Accra, Ga/R",1,0,1,1,1,1,0.0,0.0
Probaker Ghana Limited. Ga,1,0,1,1,0,1,100.0,0.0
"Prolory Enterprise, Sunyani, Bono Region",1,0,1,1,1,1,0.0,0.0
"Promiseland Healing Center, Along The Asankraguah Road Opposite Top Class Hotel, Bawdie, W/R",1,0,1,0,0,0,100.0,0.0
"Prime Initiative Management, Accra",1,0,1,1,1,1,0.0,0.0
"Chateau Fort Cf., Accra",1,0,1,0,0,0,100.0,0.0
"Champion Adisa Company Limited,A/R",1,0,1,1,1,1,0.0,0.0
Chanah Baby Shop,1,0,0,0,0,1,100.0,0.0
"Chapter Save And Pick, Accra, G/R",1,0,1,1,0,1,100.0,0.0
"Charissa21 Ent., Accra",1,0,1,1,1,1,0.0,0.0
Charity Cool Natural Mineral Water,1,0,1,1,1,1,0.0,0.0
Charliebenz Ventures,1,0,0,1,1,1,0.0,0.0
"Charplus Praising Ent., A/R",1,0,1,1,1,1,0.0,0.0
Charps Chemist Limited,1,1,0,0,0,1,100.0,100.0
"Charsinco Enterprise, Accra",1,0,1,1,0,1,100.0,0.0
Charvicsly Mavid,1,0,0,1,0,1,100.0,0.0
Centuries Cocoa Products,1,0,1,1,1,1,0.0,0.0
"Pronounced Partners Pty Limited., Accra",1,0,1,1,0,1,100.0,0.0
Propac Enterprise,1,0,1,1,1,1,0.0,0.0
Prosecrets Enhancement,1,0,0,0,0,0,100.0,0.0
Prosperity Health Ventures Limited,1,0,0,1,0,1,100.0,0.0
Proverbs 16:8 Ent,1,0,1,1,1,1,0.0,0.0
"Queenlee Foods International Limited, Tema",1,0,1,1,0,1,100.0,0.0
"Queens Villa Guest House Limited., Accra",1,0,1,1,0,1,100.0,0.0
Queisser Pharma Gmbh & Co. Kg Schleswiger Strasse,1,1,0,0,0,1,100.0,100.0
"Pure Bounty Food Ent., Tema",1,0,1,1,1,1,0.0,0.0
Pure Gen Ghana,1,1,0,0,0,1,100.0,100.0
Pure Man,1,0,1,1,1,1,0.0,0.0
"Pure Zion Natural Mineral Water Limited., Tema, Ga/R",1,0,1,1,1,1,0.0,0.0
"Pureco Africa Limited, C/R",1,0,1,1,1,1,0.0,0.0
"Pureplatter Foods Limited., Accra",1,0,1,1,1,1,0.0,0.0
"Puretic Ent., A/R",1,0,1,1,1,1,0.0,0.0
"Purewave Enterprise, Dumasua-Ampenkro, Bono Region",1,0,1,1,1,1,0.0,0.0
"Py-Touch., Accra",1,0,1,1,1,1,0.0,0.0
Pz Cussons Ghana Plc,1,1,0,1,0,1,100.0,100.0
"Q-Jen Foods, Accra",1,0,1,1,1,1,0.0,0.0
"Promois International Lt - Gf 15/792 Nehru Nagar Shuklaganj,Unnao Uttar Pradesh 209861, India",1,1,0,1,0,1,100.0,100.0
"Champala Mineral Water,A/R",1,0,1,1,1,1,0.0,0.0
Century Nit Ice,1,0,1,1,1,1,0.0,0.0
"Cerveau Limited., Tema",1,0,1,1,0,1,100.0,0.0
"Ceva Animal Health, Llc 8906 Rosehill Road Lenexa Kansas 66215",1,1,0,1,0,1,100.0,100.0
Cfi,1,0,1,1,1,1,0.0,0.0
"Ch Global Limited., Adonkwanta, V/R",1,0,1,1,1,1,0.0,0.0
"Ch-Rydergroup Ghana Limited, Accra, Ga/R",1,0,1,1,0,1,100.0,0.0
Champ Impex Limited,1,0,1,1,0,1,100.0,0.0
Qanna Living Water. Bs-0029-5929 Sunyani Bono Region,1,0,1,1,1,1,0.0,0.0
"Qualaah Agro Tech Limited, Accra",1,0,1,1,1,1,0.0,0.0
"Qualimax Ent., A/R",1,0,1,1,1,1,0.0,0.0
"Quality Food Distributors Gh. Limited. Tema, G/R",1,0,1,1,0,1,100.0,0.0
Quamey Limited,1,0,0,1,0,1,100.0,0.0
Quari,1,1,0,0,0,1,100.0,100.0
Quasipharma,1,1,0,1,0,1,100.0,100.0
"Quaybros Limited., Accra",1,0,0,1,0,1,100.0,0.0
"Quayki Limited, Accra",1,0,1,0,0,0,100.0,0.0
"Cb2 Limited Company, North Kaneshie, Accra",1,0,1,1,0,1,100.0,0.0
"Cba Foods, Accra",1,0,1,1,1,1,0.0,0.0
Ceazer Ice Water Production Centre,1,0,1,1,1,1,0.0,0.0
"Cecifam Ent., Accra",1,0,1,1,1,1,0.0,0.0
Cedar Point Chemist Limited - No. 6 Malm Street Abelempke Accra,1,1,0,1,0,1,100.0,100.0
Cedem Ag Bergstrasse 1078032 Zurich Switzerland,1,1,0,0,0,1,100.0,100.0
"Cedi Fresh Farms Limited., Accra",1,0,1,1,1,1,0.0,0.0
"Cee Max Royal Ent., A/R",1,0,1,1,1,1,0.0,0.0
"Cefak Services, Sunyani, B/R",1,0,0,1,1,1,0.0,0.0
"Quiari Llc - 1321 Kingsway Road 33510 Brandon Fl , United States",1,1,0,1,0,1,100.0,100.0
"Qwesdjoa Ent., Kumasi, A/R",1,0,1,0,0,0,100.0,0.0
R H R Medicare P Limited,1,1,0,1,0,1,100.0,100.0
"R&B Farms Limited., Ga/R",1,0,1,1,1,1,0.0,0.0
"R. A Pura Resources, Accra",1,0,1,1,1,1,0.0,0.0
"Raaguure Ent., Kankaaziire , Uw/R",1,0,1,1,1,1,0.0,0.0
Centurion Pvt Limited 601 Atlantis Heights Sarabhai Compound Wadi. Kaadi Vadodara Gujarat-390007 India,1,1,0,1,0,1,100.0,100.0
Carissadia Enterprise,1,0,1,1,0,1,100.0,0.0
"Caroab - Dac Ent., Drobo, B/R",1,0,1,1,1,1,0.0,0.0
"Casadeoro Ventures, Accra",1,0,0,1,0,1,100.0,0.0
"Casaloma Ventures, Taifa",1,0,1,0,0,0,100.0,0.0
"Cash-U Company Limited, Accra",1,0,1,1,1,1,0.0,0.0
"Cadita Belle Ent., Accra",1,0,1,1,1,1,0.0,0.0
"Radiant Creative Studio, Accra",1,0,1,1,0,1,100.0,0.0
"Radisco View Enterprise, Wa Uw/R",1,0,1,1,1,0,0.0,0.0
"Rafano Frozen Foods Company Limited, Tema, G/R",1,0,1,1,0,1,100.0,0.0
"Raff-Alpha Mineral Water Ent., A/R",1,0,1,1,1,1,0.0,0.0
Rahis Products,1,0,1,1,1,1,0.0,0.0
"Rahsel Ent., Wa, U/W",1,0,1,1,1,1,0.0,0.0
Raihan Company Limited,1,0,1,1,1,1,0.0,0.0
"Rajoa Foods Ent., Accra",1,0,1,1,1,1,0.0,0.0
"Rakiatu Salifu Agric Business, Tuabodom, Techiman, Be/R",1,0,0,1,1,1,0.0,0.0
Cave And Gardens Ghana Limited,1,0,1,1,1,1,0.0,0.0
"Real Impact Energy Limited, West Legon, G/R",1,0,1,1,0,1,100.0,0.0
"Rally Royal Ent., Accra, Ga/R",1,0,1,0,0,0,100.0,0.0
"Ramdan Ent., Accra",1,0,1,1,1,1,0.0,0.0
"Ramm Trust Limited., Accra, G/R",1,0,1,1,0,1,100.0,0.0
"Ran Tranz World Limited., Accra",1,0,1,1,0,1,100.0,0.0
Rana Beverage,1,0,1,1,1,1,0.0,0.0
"Ransford Fosu Ent., Kumasi, A/R",1,0,1,1,0,1,100.0,0.0
"Rapha Delight, Techiman, Be/R",1,0,1,1,1,1,0.0,0.0
"Rapha Mineral Water. Bd-0096-3176, Kofiasua, Dormaa Ahenkro Bono Region",1,0,1,1,1,1,0.0,0.0
"Raphkob Tasty Foods Limited, Accra",1,0,1,1,0,1,100.0,0.0
"Rash Baby Enterprise, Accra, Ga/R",1,0,0,1,1,0,0.0,0.0
"Rash Plus King Ventures, C/R",1,0,1,1,1,1,0.0,0.0
"Ray'S Alordisa Ent., Accra",1,0,1,0,0,0,100.0,0.0
"Caregrow Ent., Accra",1,0,1,1,1,1,0.0,0.0
"Carel Industries Limited., Accra",1,0,1,1,0,1,100.0,0.0
"Cargill Gh. Limited., Accra",1,0,1,1,1,1,0.0,0.0
"Calbless Mineral Water. Plot No. 54 Blk H, Sector 9, Obiri Yeboah Newtown, Odumasi Bono Region. Digital Address: By",1,0,1,1,1,1,0.0,0.0
"Caleb Ga Ventures, A/R",1,0,1,1,1,1,0.0,0.0
"Calitos Limited Company, A/R",1,0,1,1,1,1,0.0,0.0
"Campari Stock Broker, Kumasi, A/R",1,0,1,0,0,0,100.0,0.0
"Camso Limited, Accra",1,0,1,1,0,1,100.0,0.0
"Caposark Enterprise, Akyem Bomso, E/R",1,0,1,1,1,1,0.0,0.0
Captain Bugate Enterprise,1,0,1,1,1,1,0.0,0.0
"Captain Cook Ent., Accra",1,0,1,1,0,1,100.0,0.0
"C & G Fisheries Co, Limited. Tema, G/R",1,0,1,1,0,1,100.0,0.0
"Rayrich Naturals, Accra",1,0,1,0,0,0,100.0,0.0
Razak Kabore Enterprise,1,0,1,1,1,1,0.0,0.0
Rd Medikal Tibbi Urunler San.Ve Tic,1,0,0,1,0,1,100.0,0.0
"Rds Beverages Limited., Accra",1,0,1,1,1,1,0.0,0.0
Re Cell Internaional Limited,1,1,0,0,0,1,100.0,100.0
Re-Boot Global Ventures Limited,1,1,0,1,0,1,100.0,100.0
"Re-Yaa Ent.,Wa,Uw/R",1,0,1,0,0,0,100.0,0.0
"C. A. Legacy Imports And Exports, Tema G/R",1,0,1,1,0,1,100.0,0.0
C. Chunjee Ventures Limited,1,0,0,1,0,1,100.0,0.0
C.Hedenkamp Gmbh,1,1,0,1,0,1,100.0,100.0
"Cabmab Business Ventures, Birem, E/R",1,0,1,0,0,0,100.0,0.0
"Bro Clem Ent., Accra",1,0,1,1,1,1,0.0,0.0
Redaaco Uk Limited. 04 Baker Street London England Wiu 7Gb United Kingdom,1,1,0,1,0,1,100.0,100.0
"Redelia 360 Ventures., Accra",1,0,1,1,1,1,0.0,0.0
"Redwin Limited, Accra",1,0,1,1,0,0,100.0,0.0
"Reg-Hert Ventures, Berekum, B/A",1,0,1,1,0,1,100.0,0.0
"Regern Impex Vent., Amasaman",1,0,1,1,1,1,0.0,0.0
"Regkufos Enterprise, C/R",1,0,1,1,1,0,0.0,0.0
"Rehobothgoshen Ventures., Accra",1,0,1,1,1,1,0.0,0.0
"Reign Foods Gh. Limited., Accra",1,0,0,1,0,1,100.0,0.0
"Raydon Pharmaceutical Pvt Limited, Office No 101 Miftal House 2095, Vijayanagar Colony Sadashiv Peth Nilayam Theatre Chowk Maharashtra Rue 411030, India",1,1,0,1,0,0,100.0,100.0
Cadlia Pharmaceuticals,1,1,0,0,0,1,100.0,100.0
"Cake City Limited., Accra",1,0,1,1,1,1,0.0,0.0
Revup Wa Limited,1,0,1,1,0,1,100.0,0.0
Reyhan Cereals And Food Enterprise. Plot 26/M Penkwase-Sunyani Bono Region,1,0,1,1,1,1,0.0,0.0
"Religious Of The Virgin Mary Congregation Lbg, Goaso, Ahafo Region",1,0,1,1,1,1,0.0,0.0
Remedica Limited,1,1,0,1,0,1,100.0,100.0
"Remma Ice Mineral Water Limited., Nankese",1,0,1,1,1,1,0.0,0.0
"Remmeck Enterprise, Tema, G/R",1,0,1,1,0,1,100.0,0.0
"Bronze Ice Mineral Water Limited., Accra",1,0,1,0,0,0,100.0,0.0
"Brownmens Ent., Kumasi, A/R",1,0,0,1,0,1,100.0,0.0
Bsm Commodities Limited. Accra,1,0,0,1,0,1,100.0,0.0
Btp Pharmaceuticals Co. Limited,1,1,0,1,0,1,100.0,100.0
"Budget Pharmacy, Gorden Guggisberg Av Korle-Bu Accra",1,1,0,0,0,1,100.0,100.0
"Burger Fresh Yoghurt Ent, Kumasia/R",1,0,1,1,1,1,0.0,0.0
Butterly Bliss Ent. Accra,1,0,1,1,1,1,0.0,0.0
"Buy Africa Build Africa Limited., Accra",1,0,0,1,0,1,100.0,0.0
"Brands 4 Less Limited. Co., Accra",1,0,1,1,0,1,100.0,0.0
"C-Touch Kitchen Limited., Madina",1,0,1,1,1,1,0.0,0.0
Brave Import And Export Limited,1,0,1,1,0,1,100.0,0.0
Brawn Laboratories Limited,1,1,0,1,0,0,100.0,100.0
"Break Treats, Accra",1,0,1,0,0,0,100.0,0.0
"Bredi Herbal Company Limited. Bo-2846-0434, Bredi Nkoranza South. Bono East",1,0,1,0,0,0,100.0,0.0
"Breeze Atlantic Limited., Techiman, B/R",1,0,1,1,0,1,100.0,0.0
Bright Industries Limited,1,0,1,1,1,1,0.0,0.0
Bright-Kmpny1 Ent. A/R,1,0,1,0,0,0,100.0,0.0
"Borbor Foods, Kumasi, A/R",1,0,0,1,0,1,100.0,0.0
"Renie'S Flavours, Accra, Ga/R",1,0,1,1,1,1,0.0,0.0
"Renown Pharmaceuticals Pvt Limited Survey No 143/ Asb Village Ranuv Taluk Dist, Vadodara 391445 Gujarat India",1,1,0,0,0,1,100.0,100.0
Renown Pharmaceuticals Pvt. Limited Survey No.143/A&B Ranu Taluka Padra Vadodara 391 445 India,1,1,0,0,0,1,100.0,100.0
"Rescue Shipping Investment Agency, Tema G/R",1,0,1,1,0,1,100.0,0.0
"Resolve Olc, Accra",1,0,1,1,1,0,0.0,0.0
Resource Ethica,1,1,0,1,0,0,100.0,100.0
"Ressourcethical/Propharmed International 25 Bp 617 Abidjan 25-Cote D'Ivoire, Rue C 24-Insaac Cocody Cité Des",1,1,0,1,0,1,100.0,100.0
"Revitalize Enterprise, Nuaso, E/R. H/No. K 2461, Nuaso New Town",1,0,1,1,1,1,0.0,0.0
"Robderans Enterprise, C/R",1,0,1,1,1,1,0.0,0.0
"Roby Gold Ent., Swedru, C/R",1,0,1,1,1,1,0.0,0.0
Rockens Phytotherapeutic Centre Limited,1,1,0,1,1,1,0.0,100.0
"Reymel-Ab Services Limited, C/R",1,0,1,1,1,1,0.0,0.0
"Rfk Success Ventures., Accra",1,0,1,1,1,1,0.0,0.0
Rgr-Ofa Limited Company,1,0,1,0,0,0,100.0,0.0
"Rhemaco Co. Limited., Kumasi, A/R",1,0,1,1,0,1,100.0,0.0
"Rhutmix Limited. Co., Accra",1,0,1,1,1,1,0.0,0.0
"Rich Ram Enterprise, Bechem, A/R",1,0,1,1,1,1,0.0,0.0
Richard Nana Adjei Ent,1,0,1,0,0,0,100.0,0.0
"Richard Yowaa Enterprise, Xt-3499-5369, Pulima Sissala West, Uw/R",1,0,1,1,1,1,0.0,0.0
Richben Pharmacy Limited,1,0,0,1,0,1,100.0,0.0
Richcord Company Limited,1,1,0,0,0,1,100.0,100.0
Richgyam Ent,1,0,1,1,1,1,0.0,0.0
"Richqueen Ent., Accra",1,0,1,1,0,1,100.0,0.0
Richwan Prestige Ent,1,0,1,1,0,1,100.0,0.0
"Boss T Farms & Trading.,Accra",1,0,1,1,1,1,0.0,0.0
"Boutique Rice, Ayirebi",1,0,1,1,1,1,0.0,0.0
"Boyedoe 94 Ent., A/R",1,0,1,1,1,1,0.0,0.0
"Bpz Global Limited., Accra, Ga/R",1,0,1,1,0,1,100.0,0.0
"Bra Mineral Water Ent., A/R",1,0,1,1,1,1,0.0,0.0
"Braceville Ent., Accra, Ga/R",1,0,1,1,1,1,0.0,0.0
"Braders Group Limited., Aiyinasi, W/R",1,0,1,1,1,1,0.0,0.0
"Brainlizz Limited. Co., Accra",1,0,1,1,1,1,0.0,0.0
"Braku Foods, Accra",1,0,1,0,0,0,100.0,0.0
"Risant Royal Ventures, A/R",1,0,1,1,1,1,0.0,0.0
"Rising Pole Star Trading, Accra",1,0,1,1,0,1,100.0,0.0
Rita Food And Drink Co.Limited,1,1,0,0,0,1,100.0,100.0
"Ritcole Vent., Accra",1,0,1,1,0,1,100.0,0.0
Rivor Royal Ent.A/R,1,0,1,1,1,1,0.0,0.0
"Rizq-Acqua Natural Mineral Water., Accra",1,0,1,1,1,1,0.0,0.0
Roasi Ventures Limited,1,0,1,1,0,1,100.0,0.0
"Boateng Abusua Product Trading Limited, Accra",1,0,1,1,1,1,0.0,0.0
Boatstar Foods Limited,1,0,1,1,0,1,100.0,0.0
Bobbi,1,0,0,1,0,0,100.0,0.0
"Body Goals Hub, Accra",1,0,1,1,1,1,0.0,0.0
Boehringer Ingelheim Animal,1,0,0,1,0,1,100.0,0.0
Boehringer Ingelheim Animal Health,1,1,0,1,0,0,100.0,100.0
"Bond - Bonzie Ent., Accra",1,0,0,1,1,1,0.0,0.0
"Bongo Miami, Nkurankan Koforidua, E/R",1,0,1,1,1,1,0.0,0.0
"Rockykitchen, Accra",1,0,1,1,1,1,0.0,0.0
Rodkings Ventures,1,0,0,1,0,1,100.0,0.0
"Rokimelin Enterprise, Mankessim,C/R",1,0,1,1,1,1,0.0,0.0
"Roneg Special, Accra",1,0,1,1,1,0,0.0,0.0
"Rose Natural Spring Water Limited., Akenkansu. E/R",1,0,1,0,0,0,100.0,0.0
Rosea Herbal Centre,1,1,0,1,1,0,0.0,100.0
"Ridwan And Sons Co. Limited, Kasoa Millenium City, C/R",1,0,1,1,0,1,100.0,0.0
Bosi Medical,1,0,0,1,0,1,100.0,0.0
"Royal Eco Foods, Accra, Ga/R",1,0,1,1,1,1,0.0,0.0
"Royal Fortune Company Limited, Community 11, Paa Grant Street",1,0,1,1,1,1,0.0,0.0
"Royal Fountain Premium Co. Limited., Accra",1,0,1,1,1,1,0.0,0.0
"Royal Gidren Ventures, Accra",1,0,0,1,1,1,0.0,0.0
"Royal Grill, Accra",1,0,0,1,1,0,0.0,0.0
Royal Group Onb E/2 Machar Sons Estate Talpu Road Karaclu 74000 Pakistan,1,1,0,0,0,1,100.0,100.0
"Royal Halis Ventures, A/R",1,0,1,1,1,1,0.0,0.0
"Royal Isasco Enterprise. Xw-0819-4489, Kpongu Wa",1,0,1,0,0,0,100.0,0.0
"Rosekwa Paradise Ventures, C/R",1,0,1,1,1,1,0.0,0.0
"Roxie'S Specials., Accra",1,0,1,1,1,1,0.0,0.0
Roxn Exm Pvt,1,1,0,0,0,1,100.0,100.0
"Royal - G Ent. Limited., Accra",1,0,1,1,1,1,0.0,0.0
Royal Ancient Herbal Center,1,1,0,1,1,1,0.0,100.0
Royal Charisma Pharmacy,1,1,0,1,1,1,0.0,100.0
"Royal Choco, Nkurakan, E/R",1,0,1,1,1,1,0.0,0.0
Rocky Ice Water,1,0,1,1,1,1,0.0,0.0
"Blue-Whale Limited., Tema",1,0,1,1,1,1,0.0,0.0
"Bluehans Limited., Swedru, C/R",1,0,0,1,0,1,100.0,0.0
"Bluenaaks Company Limited, Accra",1,0,1,1,0,1,100.0,0.0
"Bm Stars Ice Ent., Accra",1,0,1,0,0,0,100.0,0.0
Bmi Agency Ghana Limited,1,0,1,1,0,0,100.0,0.0
Bnv Logistics,1,0,1,1,0,1,100.0,0.0
"Boadukpat Ventures. H/No. Wfb/B/037 Sawmill, Wamfie Bono Region",1,0,1,1,1,1,0.0,0.0
"Boahenville Limited, Akwadum",1,0,1,1,1,1,0.0,0.0
"Boahenville Limited., Accra",1,0,1,1,1,1,0.0,0.0
"Boahenville Limited., Kasoa - Bawjiase Rd., C/R",1,0,1,1,1,1,0.0,0.0
"Boanerges Oz Co, Limited., Accra G/R",1,0,1,1,0,1,100.0,0.0
"Blessed Tinella Vent., Accra",1,0,1,0,0,0,100.0,0.0
"Royal Datela Limited., Accra",1,0,1,1,1,1,0.0,0.0
"Royal Debash Farms, Accra, Ga/R",1,0,1,1,1,1,0.0,0.0
Royal Duch Pharmaceuticals,1,1,0,0,0,1,100.0,100.0
Royal Earlibird Ent. Accra,1,0,1,0,0,0,100.0,0.0
"Blisshowers Enterprise, Takoradi W/R",1,0,1,1,0,1,100.0,0.0
Blisters Limited - P. O. Box 89 Tema,1,1,0,0,0,1,100.0,100.0
"Bloomsip, Accra",1,0,1,1,1,1,0.0,0.0
"Blue Fish Co. Limited., Accra",1,0,1,1,0,1,100.0,0.0
"Blue Horison Fisheries Limited., Accra",1,0,1,1,1,1,0.0,0.0
"Blue Horizon Fisheries Limited, Accra",1,0,1,1,1,1,0.0,0.0
"Royal Joemab Enterprise, C/R",1,0,1,1,1,1,0.0,0.0
Royal Markbrooks Ventures,1,0,1,1,1,0,0.0,0.0
"Royal Mj Ventures, Cantonments, G/R",1,0,1,1,1,1,0.0,0.0
"Royal Mmk Ventures, Kweikrom, C/R",1,0,0,1,1,1,0.0,0.0
"Royzo Limited., Accra",1,0,1,1,1,1,0.0,0.0
"Rsf Pharmaceutical Co., Limited., Accra",1,0,1,1,0,1,100.0,0.0
"Rubellite Co. Limited., Kasoa – Ofaakor, C/R",1,0,1,1,1,1,0.0,0.0
"Rubi Atitsusi Ent., A/R",1,0,1,1,1,1,0.0,0.0
"Rubnest Shipping Agency, Accra G/R",1,0,1,1,0,1,100.0,0.0
Blue Thunder Enterprise,1,0,1,1,1,1,0.0,0.0
"Saffron Herbals & Spices Limited., Accra",1,0,1,1,1,1,0.0,0.0
"Ruche Ebene Enterprise, H/N Fp370 Fiifi Pratt-Nyannyano",1,0,1,0,0,0,100.0,0.0
Ruchi Enterprises Ramjunj 159 Narayan Peth Kelker Road Pune 411030 Maharashtra India,1,1,0,0,0,1,100.0,100.0
"Rufam Limited, Techiman, Bono East Region",1,0,1,1,1,1,0.0,0.0
"Ruffy'S Foods. Xw-0099-3217, Wa Strip",1,0,1,0,0,0,100.0,0.0
"Rugyim Investments Co. Limited. Accra, G/R",1,0,1,1,0,1,100.0,0.0
Rujecan Bangas,1,0,1,1,1,1,0.0,0.0
"Rujmali Ent. Limited., Kumasi, A/R",1,0,1,1,0,1,100.0,0.0
Ruth Power Herbal Center,1,1,0,1,1,0,0.0,100.0
"Ryeco Ghana Limited, Tema, G/R",1,0,1,1,0,1,100.0,0.0
S-H Seafoods Limited,1,0,0,1,0,1,100.0,0.0
"S-H Seafoods Limited, Accra",1,0,1,1,0,1,100.0,0.0
"S. Agyei Agro Chemicals And Trading Ent., A/R",1,0,1,1,1,1,0.0,0.0
S.A Shalom Ventures,1,0,1,1,1,1,0.0,0.0
"S.A. Affum Ent., Accra",1,0,1,1,0,1,100.0,0.0
Royal Joemab Ent,1,0,1,1,1,1,0.0,0.0
"Black Star Organics, Accra",1,0,1,1,1,1,0.0,0.0
Blankson Herbal Centre,1,1,0,1,1,1,0.0,100.0
"Blessed Anisi Ent., Accra",1,0,1,0,0,0,100.0,0.0
Blessed Casco Ent,1,0,1,1,1,1,0.0,0.0
"Blessed Dinnel Ent., Kasoa, C/R",1,0,1,1,1,1,0.0,0.0
Bigbite Trading & Investment Limited. Akosombo,1,0,1,1,1,1,0.0,0.0
"Sa-Oye Adom Enterprise, C/R",1,0,1,1,1,1,0.0,0.0
Sa-Topline Enterprise. Block,1,0,1,1,1,1,0.0,0.0
Saa Onaa Tasty Delicacies,1,0,1,1,1,1,0.0,0.0
Sabad Ventures,1,0,1,1,1,1,0.0,0.0
"Sabaoth Home Foods, Accra",1,0,1,1,1,1,0.0,0.0
Sabruka Ventures Limited,1,0,1,1,1,1,0.0,0.0
"Saeed Heights Enterprise, Xw-0019-0251 Tendamba, Wa Uw/R",1,0,1,1,0,1,100.0,0.0
"Safat Trading & Transport Limited., Tema",1,0,1,0,0,0,100.0,0.0
Saferside Pharmacy,1,0,0,1,0,1,100.0,0.0
"Saffron Dynamics, A/R",1,0,1,1,1,1,0.0,0.0
"Bingo Ringo Foodz, C/R",1,0,1,1,1,1,0.0,0.0
Bio Usawa Biotechnology Limited 80 Street Nyarugenge District Kigali Rwanda,1,1,0,1,0,1,100.0,100.0
Biocon Biologics Uk,1,1,0,1,0,1,100.0,100.0
Biofarm S. A 99 Logofatul Tautu Street 3Rd District,1,1,0,1,0,1,100.0,100.0
"Biosam Kf Enterprise, Sunyani, B/R",1,0,1,1,0,1,100.0,0.0
Biotechnology And Nuclear Agriculture Research Institute,1,0,1,1,1,1,0.0,0.0
Bharat Biotech International Limited,1,1,0,1,0,1,100.0,100.0
"Safiaj Foods, Accra, Ga/R",1,0,1,1,1,1,0.0,0.0
Saga Lifesciences Limitedsurvey No. 198/2 & 198/3Chachrawadi Vasna Tal Sanand Distribution Ahmedabad 382 210 India,1,1,0,0,0,1,100.0,100.0
"Saikipra Limited, Accra, G/R",1,0,1,1,0,1,100.0,0.0
"Sakyiwaa Foods, Accra",1,0,0,1,1,1,0.0,0.0
"Salalon Foods, Accra",1,0,1,1,1,1,0.0,0.0
"Salasah-Musah Ent., Accra",1,0,1,1,0,1,100.0,0.0
"Salibeachi Limited Co., Accra",1,0,1,1,1,1,0.0,0.0
Bioveta As Komenskho 212 68323 Ivanovice Na Hane Czech Republic,1,1,0,0,0,1,100.0,100.0
"Bitsteps Supplies, Gicel Estate - Weija",1,0,1,1,1,1,0.0,0.0
"Bi-Global Investments Limited., Tema",1,0,1,1,0,1,100.0,0.0
"Biaka Pharmacy Limited., Accra G/A",1,0,0,1,1,1,0.0,0.0
Biakoye Pharmacy Limited,1,1,0,0,0,1,100.0,100.0
"Bicodex 7 Avenue Galbeni 94250 Gentilly, France",1,1,0,1,0,1,100.0,100.0
"Best Solution-Solar Energy Africa Limited., Accra",1,0,1,1,1,1,0.0,0.0
Salsabilastar Enterprise,1,0,1,1,1,1,0.0,0.0
"Sam-Kofflyn Ent, Klikor, V/R",1,0,1,1,1,0,0.0,0.0
Sam-Rich Honey Enterprise,1,0,1,1,1,1,0.0,0.0
"Samak True Organics Ent., Accra, Ga/R",1,0,1,1,1,0,0.0,0.0
"Samalex Solutions, Accra",1,0,1,1,1,1,0.0,0.0
"Samba Foods Limited., Tema",1,0,1,1,1,1,0.0,0.0
Samboa Drinking Water,1,0,1,1,1,1,0.0,0.0
Saff’S Ventures P. O. Box 163 Accra,1,1,0,0,0,1,100.0,100.0
Billben Plus Enterprise,1,0,1,1,0,1,100.0,0.0
"Billions Judge Gh Limited, Accra, Ga/R",1,0,1,1,1,1,0.0,0.0
"Billysalt Investments, Akwapim Mamfe",1,0,1,1,1,1,0.0,0.0
Bevford Ent. Accra G/A,1,0,0,1,0,1,100.0,0.0
Bezalel Care Products P. O. Box Gp,1,0,0,1,0,0,100.0,0.0
Bf Suma Ghana Limited,1,1,0,1,0,1,100.0,100.0
Beoehringer Ingelheim Pharma Gmbh & Co,1,1,0,1,0,1,100.0,100.0
"Samfe Flourish Ventures, Kadjebi",1,0,1,1,1,1,0.0,0.0
Samfresh Spring Water,1,0,1,1,1,1,0.0,0.0
"Samk. Byon Ent., Accra",1,0,1,1,1,1,0.0,0.0
"Sammay Royal Ent,A/R",1,0,1,1,1,1,0.0,0.0
Samodak,1,1,0,1,0,1,100.0,100.0
"Samos Pharma Abc Baatsona Spintex , Accra",1,1,0,0,0,1,100.0,100.0
"Samospharma Limited - Suite No.2 First Floor, Abwest Business Center Building, Baatsona-Spintex Road, Accra, Ghana",1,1,0,1,0,1,100.0,100.0
"Samospharma Limited - Wbha 926 Nii Quaye Street, Baatsona-Spintex Road, Accra",1,1,0,1,0,1,100.0,100.0
Sampel Honey,1,0,0,1,1,1,0.0,0.0
"Salma Farms, Abotakyi Akuapem, E/R",1,0,1,0,0,0,100.0,0.0
"Bharat Serums & Vaccines Limited 17Th Floor, Hoechst House, Nariman Point, Mumbai-400021, India",1,1,0,1,0,1,100.0,100.0
"Bhavani Limited., Accra",1,0,1,1,0,1,100.0,0.0
Sanoproducts Ghana Limited,1,0,1,1,0,1,100.0,0.0
Samuel Ob Enterprise,1,0,0,1,0,1,100.0,0.0
"Samvee Fams Ent., Accra",1,0,1,1,1,1,0.0,0.0
"Samwad Ent., Suhum, E/R",1,0,1,1,1,1,0.0,0.0
"Samwinn Agro-Foods And Processing Ent., Ns-78-4106, Chlorine Street, Tamale-N/R",1,0,1,0,0,0,100.0,0.0
"San & N Company Limited, Kumasi, A/R",1,0,1,1,0,1,100.0,0.0
"Sanaa Mineral Water, Sunyani, B/R",1,0,1,1,1,1,0.0,0.0
"Sandra Gyamfi Services, Accra",1,0,1,1,1,1,0.0,0.0
Sandyseth Natural Water,1,0,1,1,1,1,0.0,0.0
"Samdee Food Supplies, Cape Coast, C/R",1,0,1,1,1,1,0.0,0.0
Bestie Tomcee Enterprise. H/No. 31 Habitat Stree,1,0,1,1,1,1,0.0,0.0
"Bestlife-Foods & Drinks, Ho, V/R",1,0,1,1,1,1,0.0,0.0
"Beta Healthcare Int. Limited Plot No. Lr 209/65 S4, Mogadishu Road Industrial",1,1,0,0,0,1,100.0,100.0
Betta Buy Limited,1,0,1,1,0,1,100.0,0.0
"Better Peroleum Limited., Ns",1,0,1,1,1,1,0.0,0.0
"Bev-Real Vent., Accra",1,0,1,1,1,1,0.0,0.0
"Beporsu Imports, Sunyani, B/R",1,0,1,1,0,1,100.0,0.0
"Bernice Amedjor Enterprise, Asamankese Roman Down",1,0,0,1,1,1,0.0,0.0
"Bernzyabundant Enterprise, Accra",1,0,1,1,1,1,0.0,0.0
Besco-Leedo Enterprise,1,0,1,1,0,1,100.0,0.0
Besins Healthcare,1,1,0,0,0,1,100.0,100.0
Beslim P O Box Kn 3016 Kaneshie,1,1,0,0,0,1,100.0,100.0
"Bespridebes Enterprise, Accra",1,0,0,1,1,1,0.0,0.0
"Best Masani Green Tea,A/R",1,0,1,1,1,0,0.0,0.0
"Best Mineral Water, A/R",1,0,1,1,1,1,0.0,0.0
Ben Dillion Enterprise,1,0,1,1,0,1,100.0,0.0
"Sanita Consumer Products Limited, Accra",1,0,1,1,0,1,100.0,0.0
"Sankofa Unisex Boutique, Tumu. Uw/R",1,0,1,1,1,0,0.0,0.0
"Sanofi Aventis Nigeria Limited Japaul House Plot 8 Nurudeen Olowopopo Avenue Ikeja Centre Business District, Agidingbi Ikeja Lagos",1,1,0,1,0,1,100.0,100.0
Sanofi Pasteur Limited Toronto-Canada 1755 Steeles Avenue West Toronto-Ontario Canada,1,1,0,1,0,0,100.0,100.0
Sanofi Pasteur Sa Parc Industriel D'Lincarville,1,1,0,1,0,1,100.0,100.0
"Sanofi-Aventis Deutschland Gmbh Bruningstrabe 50, Inoluilsiepark Hochst 65926 Frankfurt Am Main Germany",1,1,0,1,0,1,100.0,100.0
"Seaview Food And Beverages Enterprise, Accra, G/R",1,0,1,1,0,1,100.0,0.0
"Sebasam Company Limited, A/R",1,0,1,1,1,1,0.0,0.0
Seegene Inc,1,0,0,1,0,1,100.0,0.0
"Sarpnaah Haven Limited., Accra",1,0,1,1,1,0,0.0,0.0
Sarpomaah Sea Foods,1,0,0,1,1,0,0.0,0.0
"Sas Trading Ent., Tema",1,0,1,0,0,0,100.0,0.0
Sasha-Ice,1,0,1,1,1,1,0.0,0.0
"Sauve Foods Limited., Accra",1,0,0,1,0,0,100.0,0.0
"Savage Liquor Ghana Limited, Madina Accra. G/A",1,0,1,1,0,1,100.0,0.0
Savannah And Sahel Commodities Limited,1,0,1,1,1,1,0.0,0.0
"Saveup Foods Limited., Accra",1,0,0,1,1,1,0.0,0.0
"Saviour Water Ent., Bolgatanga, Ue/R",1,0,1,1,1,1,0.0,0.0
"Savoury Hub Food And Beverages Consult., Accra",1,0,1,1,1,1,0.0,0.0
Savoy Lab Limited 51-53 Street Abinadun Oxfordshire Oxi4.3Jf,1,1,0,0,0,1,100.0,100.0
"Sawazz Enterprise. Suyani, Ba/R",1,0,1,1,0,1,100.0,0.0
Sang Rocks Enterprise.Mohammedlatif72@Gmail.Com,1,0,1,1,1,1,0.0,0.0
"Benbros Natural Mineral Water, C/R",1,0,1,1,1,1,0.0,0.0
"Benex Kronicle, New Adunkrono, Kade",1,0,1,1,1,1,0.0,0.0
"Bengodal Ent., Accra",1,0,1,1,1,1,0.0,0.0
"Benjamin Osei Music Ministries Lbg, Accra",1,0,1,1,1,1,0.0,0.0
"Benjamin Trade.Com Limited., Accra, G/R",1,0,1,1,0,1,100.0,0.0
Benmers Samben Enterprise,1,0,1,1,1,1,0.0,0.0
"Benny'S Variety, Accra, Ga/R",1,0,1,1,1,0,0.0,0.0
"Benrosetech Ent., Accra",1,0,1,1,1,1,0.0,0.0
Bently Farms,1,0,1,1,1,1,0.0,0.0
Beiersdorf Ghana Limited5Th Floor Grand Oyeeman Buildingsouth Liberation Linkairport Commercial,1,0,0,0,0,0,100.0,0.0
"Scaag Ent. Block 64B, Nt-0698-6239, Nyerizee, N/R",1,0,1,1,1,1,0.0,0.0
Scanpela Rice Factory,1,0,1,1,1,1,0.0,0.0
"Sce Mineral Water, A/R",1,0,1,1,1,1,0.0,0.0
Sdg Industries Limited,1,1,0,1,0,1,100.0,100.0
"Sea Temple Foods, Tema",1,0,1,0,0,0,100.0,0.0
Search House & Trading Ent. Accra,1,0,1,1,1,1,0.0,0.0
"Seilinda Ent., A/R",1,0,1,1,1,1,0.0,0.0
"Selasie Beverages Solutions, Accra",1,0,1,1,1,1,0.0,0.0
"Select Water Limited Company, Susuaso, Ahafo Region",1,0,1,1,1,1,0.0,0.0
"Sema Royal Farms Limited., Accra",1,0,1,1,1,1,0.0,0.0
Sena Aqua Ventures Limited,1,0,1,1,1,0,0.0,0.0
"Serum Institute Of India Private Limited. 212/2 Hadaspar, Pune-411028, India",1,1,0,1,0,0,100.0,100.0
"Beive Aqua Natural Mineral Water, Obom Rd., Kasoa, C/R",1,0,1,1,1,1,0.0,0.0
"Belkaycella Services., Accra",1,0,1,1,1,1,0.0,0.0
"Bellabest Food Products,A/R",1,0,0,1,1,0,0.0,0.0
"Bells Choice, Accra",1,0,1,1,1,1,0.0,0.0
"Belnagad Limited. Co., Accra",1,0,0,1,0,1,100.0,0.0
Belouva Aqua,1,0,1,1,1,1,0.0,0.0
"Belzalel Enterprise, Tema, G/R",1,0,1,1,0,1,100.0,0.0
Bemcom Youth Enterprises Limited,1,0,1,1,1,1,0.0,0.0
"Ben Barry Establishments, Accra",1,0,1,1,0,1,100.0,0.0
Ben'S Food Harvest Limited,1,0,1,1,0,1,100.0,0.0
"Bedmink Limited. Co., Accra",1,0,1,0,0,0,100.0,0.0
"Bedoak Global Limited., Kumasi, A/R",1,0,1,1,1,1,0.0,0.0
"Bee Havilla Limited, Mame Dede Twerebo, E/R",1,0,1,1,1,1,0.0,0.0
Bees For Development,1,0,1,1,1,1,0.0,0.0
Beeswift Limited,1,0,0,1,0,1,100.0,0.0
"Befrims Foods, Accra",1,0,1,0,0,0,100.0,0.0
Serwaa Scent From Nature Venturesen-071-2388Koforiduaeastern Region,1,0,0,0,0,0,100.0,0.0
Sethreb Co. Limited,1,0,1,0,0,0,100.0,0.0
"Seven Harvet Limited., Accra",1,0,1,1,0,1,100.0,0.0
Seven Seas,1,1,0,0,0,1,100.0,100.0
"Sevgoc Ent., Accra",1,0,1,1,1,1,0.0,0.0
"Sgl Africa Limited., Accra",1,0,1,1,0,1,100.0,0.0
"Shaa Yabo Business Sevices,Koforidua- Along The Water Works Road Off The Kassadjan Road",1,0,1,1,1,1,0.0,0.0
"Shad Limited., Accra",1,0,1,1,0,1,100.0,0.0
"Shadams Co. Limited, Accra",1,0,0,1,1,1,0.0,0.0
"Shagails, Accra, Ga/R",1,0,1,0,0,0,100.0,0.0
"Beauty Adzei Ent., A/R",1,0,1,1,1,1,0.0,0.0
"Beawuk Venture.,Accra",1,0,0,1,1,0,0.0,0.0
Bechem United,1,0,1,1,1,1,0.0,0.0
"Bavea Mineral Water Limited., Accra",1,0,1,0,0,0,100.0,0.0
"Shall Abide Ent., Ejisu, A/R",1,0,1,0,0,0,100.0,0.0
"Shalom Generation Ventures, Wlitey-Akatsi, V/R",1,0,1,1,1,1,0.0,0.0
"Sham Bonayo Ent., Ns. 364-9533 Tamale",1,0,1,0,0,0,100.0,0.0
Shandong Weigao Orthopaedic Device Co. Limited,1,0,0,1,0,1,100.0,0.0
Shandong Xinghua Pharmaceuticals Co. Limited,1,1,0,0,0,1,100.0,100.0
Shanghai Desano Bio Pharmaceuticals Co Limited,1,1,0,1,0,1,100.0,100.0
Shanghai Desano Bio Pharmaceuticals Co Limited 1479 Zhanghang Road Shanghai Pilot Free Trade Zone Shanghai 201202 China,1,1,0,0,0,1,100.0,100.0
Shanghai Desano Bio Pharmaceuticals Co Limited 1479 Zhanghang Road Shanghai Pilot Freee Trade Zone Shanghai 201202 China,1,1,0,0,0,1,100.0,100.0
Shanshai Foru Pharmaceuticals Development Co,1,1,0,0,0,1,100.0,100.0
"Serum Institute Of India Private Limited. 212/2 Hadaspar, Pune-411028, Maharajtra State, India",1,1,0,1,0,1,100.0,100.0
Bedita Pharmaceuticals P O Box Ct 3780 Accra,1,1,0,0,0,1,100.0,100.0
"Bedita Pharmacy Blohum Street, Dzorwulu Near Sid Theatre",1,1,0,0,0,1,100.0,100.0
Baoding Jizhong Pharmaceutical Co Limited No 1 Zhixin Street Gaoyang Industrial Park Baoding City Hebei Province China,1,1,0,0,0,1,100.0,100.0
"Sharp Herbs, A/R",1,0,1,1,1,1,0.0,0.0
"Sharp Ice Natural Mineral Water, A/R",1,0,1,1,1,1,0.0,0.0
"Shea Delight Co. Limited., Kumasi, A/R",1,0,1,1,1,1,0.0,0.0
Sheame Ventures,1,0,1,1,1,1,0.0,0.0
"Sheballi Bia Rich Water Business Ent., Ny Blk B63 Nyohani Tamale",1,0,1,1,1,1,0.0,0.0
"Sheee Beauty Makeovers., Accra",1,0,1,0,0,0,100.0,0.0
"Shekinah Holdings Limited, Accra",1,0,1,1,1,1,0.0,0.0
"Shifaa Agribusiness & Allied Services, Accra",1,0,1,1,1,0,0.0,0.0
"Shik Vintage Foods, Accra",1,0,0,1,1,0,0.0,0.0
"Shining Green Farm & Foods., Accra",1,0,1,1,1,1,0.0,0.0
"Bb Brothers Limited., Accra",1,0,1,1,0,1,100.0,0.0
"Bcnkmy Ent., Accra",1,0,1,1,1,1,0.0,0.0
Bd-Harn'S Purified Drinking Water,1,0,1,1,1,1,0.0,0.0
Be Free Herbal Klinic,1,0,0,1,1,1,0.0,0.0
Beautiful Creations Company Limited,1,0,0,1,0,1,100.0,0.0
"Shira Purified Water, Xs-00013-4512 Tumu, Uw/R",1,0,1,1,1,1,0.0,0.0
Shito Classy & Trading Ventures,1,0,1,1,1,1,0.0,0.0
"Shitonova., Accra",1,0,1,1,1,1,0.0,0.0
"Shitowomu Urban Taste, Accra, Ga/R",1,0,1,1,1,1,0.0,0.0
Shivalik Pharma Gh. Limited,1,1,0,0,0,0,100.0,100.0
Shivalik Pharma Ghana Limited,1,1,0,1,0,0,100.0,100.0
Shivalik Pharma Limited,1,1,0,1,0,0,100.0,100.0
Shroalik Pharma Limited,1,1,0,0,0,0,100.0,100.0
"Shuotong Packaging Gh. Limited., Accra G/R",1,0,1,1,0,1,100.0,0.0
"Bawa International Ghana Limited - Post Box Gp 2692, Cantonments, Accra",1,1,0,1,0,1,100.0,100.0
"Baxter Healthcare Corporation - Baxter Parkway, Deerfield, Il 60015, United States",1,1,0,1,0,1,100.0,100.0
Baxter Holding B.V - Kobaltweg,1,1,0,1,0,1,100.0,100.0
Bayer,1,1,0,0,0,0,100.0,100.0
"Bayer Weimar Gmbh And Co. Kg - Doebereiner Str. 20 99427 Weimar, Germany",1,1,0,0,0,1,100.0,100.0
Bayer West Central Africa S.A,1,1,0,1,0,1,100.0,100.0
Bayer West-Central Africa S.A. Representative Office,1,1,0,0,0,1,100.0,100.0
Baseline Pharmaceuticals Limited - Opposite The Aayalolo Bus Terminal Near Cocoa House Tudu Accra,1,1,0,1,0,1,100.0,100.0
"Bash Prestige Ent., A/R",1,0,1,1,1,1,0.0,0.0
"Bassey Ice Mineral Water, Akyem Sankubenase, E/R",1,0,1,1,1,1,0.0,0.0
Bauta Logistics Limited,1,0,0,1,0,1,100.0,0.0
"Badawa Ent., Accra",1,0,1,1,0,1,100.0,0.0
"Sika Wo Wuram Nurseries And Agrochemical, Sunyani, B/R",1,0,1,1,1,1,0.0,0.0
"Silasdee Ent., Accra",1,0,1,1,0,1,100.0,0.0
Siljust Ventures,1,0,1,1,1,1,0.0,0.0
"Silvercrop Gh. Limited., Accra",1,0,1,1,0,1,100.0,0.0
Silverspoon Medical Enterprise,1,0,0,1,0,0,100.0,0.0
Simby Ventures,1,0,1,1,1,1,0.0,0.0
"Simplichef Foods, Accra, G/R",1,0,1,1,1,1,0.0,0.0
"Simply Green,Accra",1,0,1,1,1,1,0.0,0.0
"Simply Lounelle, Accra",1,0,1,1,1,1,0.0,0.0
"Sing Praises Drinking Water, Larbikrom, E/R",1,0,1,1,1,1,0.0,0.0
"Sip Ind., Limited., Accra",1,0,1,1,1,1,0.0,0.0
"Bake' Inn, Effiakuma No. 1, Wk-239-1357, W/R",1,0,1,1,1,1,0.0,0.0
"Bakers Choice Limited., Achimota",1,0,1,1,1,1,0.0,0.0
"Bamyap Ent. Limited., Kumasi, A/R",1,0,0,1,0,1,100.0,0.0
"Banana Republic Company Limited, Achimota",1,0,1,1,0,1,100.0,0.0
"Baner East Africa Limited,Thiraoutering Road Junction",1,1,0,1,0,1,100.0,100.0
Bange Beauty Zone,1,0,0,1,1,1,0.0,0.0
"Banna Royal Ent., A/R",1,0,1,1,1,1,0.0,0.0
"Banyan Trade And Investments Limited., Accra",1,0,1,1,0,1,100.0,0.0
"Sister Sardines And Mackerel Ventures,A/R",1,0,1,0,0,0,100.0,0.0
Situhi Filtered Water,1,0,1,1,1,1,0.0,0.0
"Ska Marlx Ent., Ho, V/R",1,0,1,1,1,1,0.0,0.0
"Sky Universal Trading Limited., Accra",1,0,1,1,0,1,100.0,0.0
"Skyrefresh Co. Limited., Accra",1,0,1,0,0,0,100.0,0.0
"Siblends Trading Enterprise, Spintex Road, G/R",1,0,1,1,0,1,100.0,0.0
"Baoding Sunlight Herb Medicament Co Limited - No 3881 Great Wall South Street. Baoding City, Hebei Province , China",1,1,0,1,0,1,100.0,100.0
Base Pharmacy,1,1,0,1,0,1,100.0,100.0
"Baabaa Agro Processing Limited., Accra",1,0,1,1,1,1,0.0,0.0
Baades Schulz Laboratories,1,1,0,1,0,0,100.0,100.0
Baah Herbal Centre,1,1,0,1,1,0,0.0,100.0
Baah Kwadwo Andrews Ent,1,0,1,1,1,1,0.0,0.0
Sly-Ben Ent,1,0,1,1,1,1,0.0,0.0
"Slydee1977 Business Vent., Accra",1,0,1,1,1,1,0.0,0.0
"Smart Base Logistics, Accra",1,0,1,1,0,1,100.0,0.0
"Snailry, Accra",1,0,1,0,0,0,100.0,0.0
Sniwt Regna Ghana Limited,1,0,1,1,0,1,100.0,0.0
"So Nkwa Hwe Limited., Accra",1,0,1,1,0,1,100.0,0.0
"Soabapa Green Projects, Gyakiti, E/R",1,0,1,1,1,0,0.0,0.0
Soap House Enterprise,1,1,0,1,1,1,0.0,100.0
Bahati Food Ventures,1,0,1,1,1,1,0.0,0.0
Bahaza Ya Herbal Center Limited,1,1,0,1,1,1,0.0,100.0
"Baidkay Inv., Accra",1,0,1,1,1,1,0.0,0.0
"Bak Food & Beverages Ent., Kwabeng, E/R",1,0,1,1,1,1,0.0,0.0
"B. B. Eagle Ent., Gomoa Mpota, C/R",1,0,1,1,1,1,0.0,0.0
B. Braun Medical Ghana Limited,1,1,0,1,0,1,100.0,100.0
"B. Dramani Ent., Wa, Uw/R",1,0,1,1,1,1,0.0,0.0
Ay Scientific Herbal Centre,1,1,0,1,1,1,0.0,100.0
"Socomed Pharma Private Limited. - Plot No A-1 Middc Phase-Ii Opp Sanghavi Garden, Manpada Road, Dombivali East - 421203, Tal: Dombivali City, Dist: Thane-Lone 24, India",1,1,0,1,0,1,100.0,100.0
"Socomed Pharma Private Limited. No. 3 Maruti Paradise, Sector-15, Cbd Belapur, Navi Mumbai, India",1,1,0,0,0,1,100.0,100.0
"Sogem Natural Mineral Water Ent, A/R",1,0,1,1,1,1,0.0,0.0
Sogenix Pharma Llp No 3 Maruti Paradise Plot No 93 95 Sector 15 Cbd Belapur Navi Mumbai 400 614 India,1,1,0,0,0,1,100.0,100.0
Sojeg City Ice Mineral Water & Beverages,1,0,1,1,1,1,0.0,0.0
Solana Cosmetics And Beauty Care Inc,1,0,0,1,0,1,100.0,0.0
"Slingshot Limited,Accra",1,0,1,1,0,1,100.0,0.0
B.B Enterprise,1,0,1,1,1,1,0.0,0.0
B.J Boatsons Trading Ventures,1,0,0,1,0,1,100.0,0.0
"B.M. Maltic Ent., Akosombo, E/R",1,0,1,1,1,1,0.0,0.0
"B.M.S General Trading Enterprise Xs-00013-4624, Tumu Uw/R",1,0,1,1,1,1,0.0,0.0
B.R. Barosha Ventures,1,0,1,1,1,1,0.0,0.0
"Ayowa 447 Ent., A/R",1,0,1,1,1,1,0.0,0.0
"Aywal-Ssin Ventures, Xw-0000-5854 Dobile 77, Wa",1,0,1,1,1,1,0.0,0.0
"Azasel Passion Ventures., Accra",1,0,1,1,1,1,0.0,0.0
"Solevo Ghana Limited, Accra",1,0,1,1,0,1,100.0,0.0
"Sommers Natural Flavors, Accra, Ga/R",1,0,1,1,1,1,0.0,0.0
Somochem,1,0,1,1,0,0,100.0,0.0
"Sonal Global Limited., Tema",1,0,1,1,0,1,100.0,0.0
Sooche Enterprise. Box 4 E/R,1,0,1,1,1,1,0.0,0.0
"Sore Nante Limited, Xw-O",1,0,1,1,1,1,0.0,0.0
Soso Jam And Trading Enterprise,1,0,1,1,1,1,0.0,0.0
Sourced Overseas Importers,1,0,0,1,0,1,100.0,0.0
South Villa,1,0,1,1,1,1,0.0,0.0
"Societhe Tea And Food Services, Accra",1,0,1,1,1,1,0.0,0.0
Azutech Solid Enterprise. By,1,0,1,1,1,1,0.0,0.0
B & O Pharma - Rm. A-522,1,1,0,1,0,1,100.0,100.0
B C Bencyn Pharmacy Limited Box 176 Navrogno,1,1,0,1,1,1,0.0,100.0
"St. Louisa Local Rice And Farms., Accra",1,0,1,1,1,1,0.0,0.0
"Southern Ice Mineral Water And Beverages, Liati -Torkor Junction",1,0,1,1,1,1,0.0,0.0
Soyefa,1,1,0,1,1,1,0.0,100.0
"Sparkling Ice Ent., Accra",1,0,1,1,1,1,0.0,0.0
"Sparkxx Foods And Beverages Co. Limited., Accra",1,0,1,0,0,0,100.0,0.0
Spb Agro-Processing Limited,1,0,1,1,1,1,0.0,0.0
"Special - Kash Ent., Accra",1,0,1,1,1,1,0.0,0.0
"Special Ice Co. Limited., Accra",1,0,1,1,1,1,0.0,0.0
Special Smile Mineral Water,1,0,1,1,1,1,0.0,0.0
"Specialty Beers Ghana Limited., Accra",1,0,1,1,1,1,0.0,0.0
"Spectra Spices., Accra",1,0,1,1,1,1,0.0,0.0
Spintex Pharmacy Limited,1,1,0,1,0,1,100.0,100.0
"Solana Foods Ent., Accra",1,0,1,1,0,1,100.0,0.0
"Aya Anowa Foods., Accra",1,0,1,1,1,1,0.0,0.0
"Ayikrist Ventures, Okorase Junction10- Koforidua",1,0,0,1,1,1,0.0,0.0
"Ayoko Global Standard Limited., Accra",1,0,1,1,1,1,0.0,0.0
Avetina Lifesciences Limited,1,1,0,1,0,1,100.0,100.0
"Avnash Industries Gh. Limited., Tamale, N/R",1,0,0,0,0,0,100.0,0.0
Awale Mineral Drinking Water,1,0,1,1,1,1,0.0,0.0
"Awerco Foods And Beverages Limited., Accr G/A",1,0,1,1,1,1,0.0,0.0
"Awudu Prime Link Limited., Accra",1,0,1,1,1,1,0.0,0.0
"Awurade Na Aye Bakery Limited, Brahabebome Rabb Junction Obuasi",1,0,1,1,0,1,100.0,0.0
Atlantic Lifesciences Limited Plot No. 16/10 Larpleku Tema-Aflao Road Accra,1,1,0,1,1,0,0.0,100.0
"Splash2020 Enterprise, C/R",1,0,1,1,1,1,0.0,0.0
"Spoude Limited. Co., Koforidua, E/R",1,0,1,1,1,1,0.0,0.0
Spring Field Water,1,0,1,0,0,0,100.0,0.0
"Spring Fresh-Ripples, Accra",1,0,1,1,1,1,0.0,0.0
"Spring Ice Filtered Water, Takoradi, W/R",1,0,1,1,1,1,0.0,0.0
"Spring Point Limited., Accra",1,0,1,1,0,1,100.0,0.0
"Spring Star Mineral Water, C/R",1,0,1,1,1,1,0.0,0.0
"Springo Water Resources, Adenta",1,0,1,1,1,1,0.0,0.0
Sri Tang Gloves,1,0,0,1,0,1,100.0,0.0
Aura Pharmaceuticals Pvt Limited 306 A Hari Om Plaza Mg Road Borivals,1,1,0,1,0,0,100.0,100.0
"Stada Arzneimittel Ag - Stadastrabe 2-18 61118 Bad Vilbel, Germany",1,1,0,1,0,1,100.0,100.0
Stak-Fam Co. Limited,1,0,0,1,0,1,100.0,0.0
"Stallion Industries & Investment Limited., Accra",1,1,0,1,0,1,100.0,100.0
Stallion Laboratories Private Limited - C-1B,1,1,0,1,0,1,100.0,100.0
"Standard Water And Beverages Limited, Brekumanso - Owuram, E/R",1,0,1,0,0,0,100.0,0.0
"Standard Water And Beverages., Accra",1,0,1,1,1,1,0.0,0.0
Star Laboratories,1,1,0,0,0,1,100.0,100.0
Staraid Care Limited,1,1,0,1,0,1,100.0,100.0
Spl Stereda Pharmaceuticals Limited - Block Factory Opposite Petrosol Filling Station Weija Accra,1,1,0,1,0,1,100.0,100.0
Aurum Pharmaceuticals Limited,1,1,0,1,0,1,100.0,100.0
"Authentic Visionary Organic Farms... Gm-119-6692, Oyarifa-Pantang.....Ga/R",1,0,1,1,1,1,0.0,0.0
Av Pac Mineral Water Ent,1,0,1,1,1,0,0.0,0.0
Ava Waters,1,0,1,1,1,1,0.0,0.0
"Avani Medics Gh.Limited., Accra",1,0,1,1,1,1,0.0,0.0
Avecon Healthcare Pvt Limited,1,0,0,1,0,1,100.0,0.0
"Ataase Farm Food Ent, Accra",1,0,1,1,1,1,0.0,0.0
"Atinka Possible Chips, Accra",1,0,1,1,1,1,0.0,0.0
"Atlantic Health Co.Limited., Accra, G/A",1,0,1,1,1,1,0.0,0.0
"Asmahstar Co. Limited., Kumasi, A/R",1,0,1,1,1,0,0.0,0.0
"Starfoods Global Invest., Limited., Accra",1,0,1,1,0,1,100.0,0.0
"Stargazer Seas Limited., Tema G/R",1,0,1,1,0,1,100.0,0.0
"Starr Life Sciences - House No 84 18 Junction Lashibi Spintex Road, Select",1,1,0,1,0,1,100.0,100.0
Steethess Adjoa Enterpriseacquarium Opposite Metro Masscc-006-2215Cape Coastcentral Region,1,0,0,0,0,0,100.0,0.0
"Stelladot Ent., Accra G/A",1,0,1,1,0,1,100.0,0.0
"Stellamaris Ent., Akatsi, V/R",1,0,1,1,1,1,0.0,0.0
Step 4 Ventures,1,0,0,1,0,1,100.0,0.0
"Atoz Distributors Limited., Accra",1,0,0,1,0,1,100.0,0.0
"Audhay Ventures., Accra",1,0,1,1,1,1,0.0,0.0
Aujess Company,1,1,0,1,1,1,0.0,100.0
"Auntie Mercy'S Special Shito. Plot 7A/A Near Emmalord Complex, Dumasua Bono Region",1,0,1,0,0,0,100.0,0.0
Aura Nutraceuticals Limited,1,1,0,1,0,1,100.0,100.0
"Assured Builders House, Accra",1,0,1,1,1,1,0.0,0.0
"Astrazeneca Uk Limited - Silk Road Business Park Charter Way Macclesfield Cheshire Sk 10 2Na United Kingdom , United Kingdom",1,1,0,1,0,1,100.0,100.0
"Stevat Ghana Company Limited, Tema. G/R",1,0,1,1,0,1,100.0,0.0
"Stevid-A Ventures, Ejisu, A/R",1,0,1,0,0,0,100.0,0.0
Stipps Company Limited,1,0,0,1,0,1,100.0,0.0
Stoke Trade Limited. Accra G/R,1,0,1,1,0,1,100.0,0.0
Storage Food Enterprise,1,0,0,1,0,1,100.0,0.0
"Stream Ice Natural Minieral Water, Accra",1,0,1,1,1,1,0.0,0.0
"Strides Pharma Science Limited - Strides House, Bilekahalli, Bannerghatta Road, Bangalore-560 076, India",1,1,0,1,0,1,100.0,100.0
"Su-Zet Limited. Accra, G/R",1,0,1,1,0,1,100.0,0.0
Sub - Zero Enterprise. Nkoranza Bono East Bo,1,0,1,1,1,1,0.0,0.0
"Staraid Care Limited, 5 Dome Pillar Road, Accra",1,1,0,0,0,1,100.0,100.0
"Astrazeneca Uk Limited, 1 Francis Crick Avenue, Cambridge Biomedical Campus, Cambridge Cb2 Oaa, United Kingdom",1,1,0,1,0,1,100.0,100.0
Asunmah Enterprise,1,0,0,1,1,1,0.0,0.0
Asuo Afram Chemists Limited,1,1,0,1,0,1,100.0,100.0
"At&L Afro Limited. Co., Accra",1,0,1,1,0,1,100.0,0.0
Ashton Trading Enterprise,1,0,0,1,0,1,100.0,0.0
"Asiedu Amega Herbal Bitters, Accra",1,0,1,1,1,1,0.0,0.0
Ask Foods Enterprise,1,0,1,1,1,1,0.0,0.0
"As Greena Farm Gh. Limited. Co., Accra",1,0,1,1,0,1,100.0,0.0
"Sufahid Ent., Accra",1,0,1,1,0,1,100.0,0.0
Suga Lifesciences,1,0,0,0,0,0,100.0,0.0
"Suhum Home Boy Ent., Suhum, E/R",1,0,1,1,1,1,0.0,0.0
Sukavani Herbal,1,0,1,1,1,1,0.0,0.0
Sumayi Herbal Centre,1,1,0,1,1,1,0.0,100.0
"Sun Natural Mineral Water, Accra",1,0,1,1,1,1,0.0,0.0
Aspee Pharmaceuticals,1,1,0,0,0,1,100.0,100.0
Aspire Mineral Water,1,0,1,1,1,0,0.0,0.0
"Assafuah Natural Water Limited, A/R",1,0,1,1,1,1,0.0,0.0
"Assemblies Of God Church Ghana, Apeguso, E/R",1,0,1,1,1,0,0.0,0.0
"Assemblies Of God, Ghana",1,0,1,1,1,1,0.0,0.0
Asston Pharmaceuticals Pvt Limited,1,1,0,0,0,1,100.0,100.0
"Suyaash Pharmaceuticals - 216/5-6, Village : Khundh, Vansda Road, Taluka : Chikhli, Dist : Navsari",1,1,0,1,0,1,100.0,100.0
"Suzy Bright Ent, Ho, V/R",1,0,1,1,1,1,0.0,0.0
"Sv Bread, Nkawkaw Near Nkawkaw White House",1,0,1,1,1,1,0.0,0.0
"Swan Grains., Accra, Gs",1,0,1,1,1,1,0.0,0.0
"Sundaes Cocktails Ven., Accra",1,0,1,1,1,1,0.0,0.0
"Sungtamah Trading Enterprise, Xw-0531-8064 South Sombo Res.Area, Wa Uw/R",1,0,1,1,1,1,0.0,0.0
"Sunnyvale Company Limited., Accra",1,0,1,1,0,1,100.0,0.0
Sunset Ventures,1,0,1,1,1,1,0.0,0.0
Sunshine Chops,1,0,1,1,1,1,0.0,0.0
"Suomo'S Food Products, Accra",1,0,1,1,1,1,0.0,0.0
"Super Excelle Agency. Tema, G/R",1,0,1,1,0,1,100.0,0.0
"Super Fresh Refreshing Water, Accra",1,0,1,1,1,1,0.0,0.0
Ascot Pharmacy Limited - Accra,1,1,0,1,0,1,100.0,100.0
Aseda Ne Adom Enterprise,1,0,1,1,0,1,100.0,0.0
"Asempa Natural Mineral Water, Adeiso, E/R",1,0,1,1,1,1,0.0,0.0
Asempa Pharmacy,1,1,0,0,0,1,100.0,100.0
"Asabs 1 Ventures, A/R",1,0,1,1,1,1,0.0,0.0
"Asafoatse Herbal Centre, Akote, E/R",1,0,1,1,1,1,0.0,0.0
Asamag Enterprise,1,0,1,1,0,1,100.0,0.0
"Asami Seidu Ent, Hamile, Uw/R",1,0,1,0,0,0,100.0,0.0
"Asanta Frozen Foods, Accra",1,0,1,1,1,1,0.0,0.0
"Asarcis Natural Mineral Water, Budumburam Asemase, Kasoa, C/R",1,0,1,1,1,1,0.0,0.0
"Asare'S Springs Manufacturing And Trading Ent., A/R",1,0,1,1,1,1,0.0,0.0
"Asboat - O Company. Limited., C/R",1,0,1,1,1,1,0.0,0.0
Ascend Lifesciences Limited,1,1,0,1,0,1,100.0,100.0
"Supreme Ent. Plot No. Cy Ex Block B 407, Gurugu, Ns-127-3839, Tamale-Nr",1,0,1,1,1,1,0.0,0.0
"Supreme Pod Industry Limited, A/R",1,0,1,1,1,1,0.0,0.0
"Sure Spring Ent., Nsawam, E/R",1,0,1,1,1,1,0.0,0.0
"Sureiss Purified Drinking Water, C/R",1,0,1,1,1,1,0.0,0.0
Surgecare Pharma Limited,1,1,0,1,0,1,100.0,100.0
"Survival Ice, Adeiso-Nsuo Abotah, E/R",1,0,1,1,1,1,0.0,0.0
"Suya Snack Limited., Accra",1,0,1,1,1,1,0.0,0.0
Tabaaraq Enterpriseh No 1 Gbolo Kpalsitamalenorthern Regionns,1,0,0,0,0,0,100.0,0.0
"Sweet Belle Natural Mineral Water, N556 Grandview Height St., New Abirem, E/R",1,0,1,1,1,0,0.0,0.0
Sweet Fountain Natural Mineral Water & Beverage,1,0,1,1,1,0,0.0,0.0
Sweet Golden Enterprise,1,0,1,1,0,1,100.0,0.0
"Sweet Greens Com Limited, Hse. No. K209 Kalpohin Tamale",1,0,0,1,1,0,0.0,0.0
"Sweet Lady Beverages Limited., Kumasi, A/R",1,0,1,1,0,1,100.0,0.0
Sweet Mother Local Rice Ent,1,0,1,1,1,1,0.0,0.0
"Sweet Nutrition Limited, Accra, Ga/R",1,0,1,1,1,1,0.0,0.0
"Sweet Nutrition Limited, New Dawhenya",1,0,1,1,1,1,0.0,0.0
Sweet Twins Ent,1,0,0,1,1,1,0.0,0.0
Sweety Herbal Limited. Co. Accra,1,0,1,1,1,1,0.0,0.0
"Swiftstar Trans Ent., Accra G/A",1,0,1,1,0,1,100.0,0.0
Swiss Coffee Lounge & Bakery,1,0,1,1,1,1,0.0,0.0
"Supreme Eagles Ent., G/R",1,0,1,1,1,1,0.0,0.0
"Asaaba Naturals, Accra, Ga/R",1,0,1,0,0,0,100.0,0.0
"Asab Prime Ventures, Afienya, G/R",1,0,1,1,1,1,0.0,0.0
"Ark Autoparts Distribution, Accra",1,0,1,1,0,1,100.0,0.0
"Ark Life Sciences Private Limited, Tema",1,0,1,1,1,1,0.0,0.0
Arkion International,1,1,0,0,0,0,100.0,100.0
"Army Life Limited,A/R",1,0,1,0,0,0,100.0,0.0
"Aroma Queen Ent., Accra",1,0,1,1,0,1,100.0,0.0
"Artfibco Limited, Xw-0148-4124, Mangu. Wa, Uw/R",1,0,0,1,1,1,0.0,0.0
"Artic Fresh Coldstore, Accra, G/R",1,0,1,1,0,1,100.0,0.0
"Artillery Training School, Akoefe, V/R",1,0,1,1,1,1,0.0,0.0
"Aquahydro Limited., Koforidua, E/R",1,0,1,0,0,0,100.0,0.0
"Sylike Company Limited., Kumasi, A/R",1,0,1,1,1,1,0.0,0.0
"Sylsan Ent., Accra",1,0,1,1,1,0,0.0,0.0
Synokem Pharmaceuticals Limited 14/486 Sunder Vihar Paschim Vihar New Delhi 110087 India,1,1,0,1,0,1,100.0,100.0
Systochem Laboratories Limited,1,1,0,0,0,1,100.0,100.0
"T & H Limited., Kumasi, A/R",1,0,1,1,0,1,100.0,0.0
T&H Limited. Kumasi A/R,1,0,1,1,0,1,100.0,0.0
"T.T International Co. Limited., Accra",1,0,1,0,0,0,100.0,0.0
"Aquavibe Limited., Accra",1,0,1,1,1,1,0.0,0.0
Aquazee Enterprise,1,0,1,1,1,1,0.0,0.0
"Araouan Ventures, Accra",1,0,1,0,0,0,100.0,0.0
"Arhsaseth Vent., Accra",1,0,1,1,1,1,0.0,0.0
"Arise Special Drinking Water Ent., Accra",1,0,1,0,0,0,100.0,0.0
"Apex Ed Ghana Limited., Accra",1,0,1,1,1,1,0.0,0.0
"Tabs Foods, Accra",1,0,1,1,1,1,0.0,0.0
"Tagoe Sister Foods, Accra",1,0,1,1,1,1,0.0,0.0
"Tahiru Mohammed Farms & General Services, Wenchi, B/R",1,0,1,1,1,1,0.0,0.0
"Tahiss Enterprise, Xw-0331-1811 Napogbakole Res. Area Wa",1,0,1,1,0,1,100.0,0.0
Tak Met Enterprise,1,0,1,1,1,1,0.0,0.0
"Take Chop Foods, #2 Sakyi Mensah Block, Aburi- Kitase",1,0,1,1,1,1,0.0,0.0
"Tamanaa Company Limited, Nd",1,0,1,1,1,1,0.0,0.0
"Tamundu Ventures, Kasoa, C/R",1,0,1,1,1,1,0.0,0.0
"Aristopharma Limited - Address: 7, Purana Paltan Line, Dhaka–1000, Bangladesh",1,1,0,1,0,1,100.0,100.0
Aristopharma Limited 7 Purana Paltan Line Dhaka 1000 Bangladesh Aristopharma Limited 7 Purana Paltan Line Dhaka 1000 Bangladesh,1,1,0,0,0,1,100.0,100.0
"Appleman Enterprise. Accra, G/R",1,0,1,1,0,1,100.0,0.0
"Apricity Ent., Accra",1,0,0,1,0,1,100.0,0.0
"Aqua Fountain, Congo Villa, Kasoa",1,0,1,1,1,1,0.0,0.0
"Aqua King Mineral Water, Battor-Aveyime, V/R",1,0,1,1,1,1,0.0,0.0
Aqua Sip Ent,1,0,1,1,1,1,0.0,0.0
"Aqua-Rita Limited., Co., Accra",1,0,1,1,1,1,0.0,0.0
"Aquabolg Ent., Bolgatanga, U.E/R",1,0,1,1,1,1,0.0,0.0
"Aquahydro Limited, Nkawkaw",1,0,1,1,1,1,0.0,0.0
Tarps And Shades,1,0,1,0,0,0,100.0,0.0
"Tassylove Enterprise, Accra",1,0,0,1,1,1,0.0,0.0
"Tasty Blendz., Accra",1,0,1,1,1,1,0.0,0.0
"Tasty Chilli Foods, A/R",1,0,1,1,1,1,0.0,0.0
"Tasty Sip., Accra",1,0,1,1,1,1,0.0,0.0
"Tastyt Beverages & Trade., Accra",1,0,1,1,1,1,0.0,0.0
Tav Vertinaria S L Diagonal 6 S. Mart Barcelona Spain,1,1,0,0,0,1,100.0,100.0
Tawen Treasures,1,0,1,1,1,1,0.0,0.0
"The Maddock Ventures., Accra",1,0,1,1,0,1,100.0,0.0
The Madra P'Cals,1,1,0,0,0,1,100.0,100.0
"Teddekay Prestige Ent., A/R",1,0,1,1,1,1,0.0,0.0
"Teelapia By Buka Limited., Accra",1,0,1,1,1,1,0.0,0.0
"Tek Special Mineral Water, Apaaso, Kintampo, Bono East Region",1,0,1,1,1,1,0.0,0.0
"Tekgekab Vent., Accra",1,0,1,1,1,1,0.0,0.0
"Temperate Ent., A/R",1,0,1,1,0,1,100.0,0.0
Ten Thirty Farms Limited. Accra,1,0,1,1,1,1,0.0,0.0
"Tengabway Limited Company, Asamankese",1,0,1,1,1,1,0.0,0.0
"Teoframa S.R.L., Via Fratelli Cervi",1,1,0,0,0,1,100.0,100.0
"Teriaki & Albezem Trading Co. Limited., Accra",1,0,1,1,0,1,100.0,0.0
"Tankwa Bia Ventures, Accra, Ga/R",1,0,1,1,1,1,0.0,0.0
"Apex Touch Impressions., Accra",1,0,1,1,1,1,0.0,0.0
"Apozo One Healthy Life Foods, Accra",1,0,1,1,1,1,0.0,0.0
"Appeb Ent., Accra",1,0,1,1,0,1,100.0,0.0
"Appiakoma Trading Ent. Limited., Accra",1,0,1,1,0,1,100.0,0.0
"Antie Gina Ventures,A/R",1,0,1,1,1,1,0.0,0.0
"Anto Herbal Centre, Hohoe, V/R",1,0,1,1,1,1,0.0,0.0
"Ap House Premier Ventures, A/R",1,0,1,1,1,1,0.0,0.0
"Apaa Natural Mineral Water, Akote Tranyo, E/R",1,0,1,1,1,1,0.0,0.0
"Apaw Adom Farms, Obotumpan- Koforidua",1,0,1,1,1,1,0.0,0.0
"Apefran Ent., Dome",1,0,1,1,1,1,0.0,0.0
Apemeku Herbal Centre,1,0,0,1,1,1,0.0,0.0
"Apex Acme, Apowa, Takoradi, W/R",1,0,1,0,0,0,100.0,0.0
"Apex Bex Limited., Tarkwa W/R",1,0,1,1,0,1,100.0,0.0
Anidaso Nsae Herbal Centre,1,1,0,1,1,1,0.0,100.0
The Arab Pesticide And Vertinary Drugs Mfg. Co,1,1,0,1,0,1,100.0,100.0
"The Boujee Bar, Osabene- Koforidua E/R",1,0,1,1,1,1,0.0,0.0
"The Celebrated Company Limited, A/R",1,0,1,1,1,1,0.0,0.0
"The Coca Cola Bottling Co. Gh. Limited., Accra",1,0,1,1,1,1,0.0,0.0
The Fretete Limited. Co. Accra,1,0,1,1,1,1,0.0,0.0
The King Ike Owusu Ent,1,0,1,1,1,1,0.0,0.0
"Annointed Gihon Limited., Accra",1,0,1,1,1,1,0.0,0.0
"Annointing Ice Filtered Drinking Water, Accra",1,0,1,1,1,1,0.0,0.0
"The P.U.R.E Company Limited.,Benkrom,B/A",1,0,1,1,1,1,0.0,0.0
"The Potter""S Love Ent",1,0,1,0,0,0,100.0,0.0
"The Rice Queen Limited. Co., Accra",1,0,1,1,0,1,100.0,0.0
"The Tea House, Dawhenya",1,0,1,1,1,1,0.0,0.0
"Theo Ventures, Bator, V/R",1,0,1,1,1,1,0.0,0.0
"There'S Always A Way Enterprise, Aflao Avoeme",1,0,1,1,1,1,0.0,0.0
"Theresa Ganfaa Enterprise, Eg-294-4993, Haatso",1,0,1,1,1,1,0.0,0.0
Thesay Pharma,1,1,0,0,0,1,100.0,100.0
Thessy Special Cereals & Grains,1,0,0,1,1,1,0.0,0.0
"Anointed Hands Syl Kitchen Services, Asamang Tamfoe - E/R",1,0,0,1,1,1,0.0,0.0
Anonadaga Enterprise,1,0,1,1,1,1,0.0,0.0
Ansong Herbal Centre,1,1,0,1,1,1,0.0,100.0
"Antar Cosmetics , Ejisu",1,0,1,1,0,1,100.0,0.0
Anthony Ankrah Bosompim Company Limited,1,0,1,1,1,1,0.0,0.0
"Tinango Royal Ent,A/R",1,0,1,1,1,1,0.0,0.0
Tinarq Herbal,1,1,0,1,1,1,0.0,100.0
"Tinat Family Ventures., Accra",1,0,1,1,1,1,0.0,0.0
"Thom-Mat Ventures, Bugri - Tempane, Ue/R",1,0,1,1,1,1,0.0,0.0
Thomas Thompson Ventures P. O. Box Ta,1,0,0,1,0,0,100.0,0.0
Three Brothers Herbal Centre,1,1,0,1,1,0,0.0,100.0
"Three30, Accra",1,0,1,1,1,1,0.0,0.0
"Thy Rock Star Enterprise, Ajumako Bisease, C/R",1,0,1,1,1,1,0.0,0.0
"Anigye Popocorn, Koforidua- Adweso",1,0,1,1,1,1,0.0,0.0
Anim Ventures,1,0,1,1,1,1,0.0,0.0
"Animal Welfare League Limited By Guarantee, Accra",1,0,1,1,1,1,0.0,0.0
"Aniva 2000 Limited., Co., Accra",1,0,1,1,1,1,0.0,0.0
"Anlima Crispy Plantain Chips, Accra",1,0,1,1,1,1,0.0,0.0
"Ann Egyir Vent., Accra",1,0,1,1,0,1,100.0,0.0
Annan Capital Partners Limited. Accra,1,0,0,1,0,1,100.0,0.0
"Annoh And Sons Agro-Chem., Accra",1,0,1,1,0,1,100.0,0.0
Amponsah-Effah Pharmaceuticals Limited - P. O. Box 6462 Kumasi,1,1,0,1,1,1,0.0,100.0
Amptess Pharmacy Limited Asore Nkwanta Abrepo Ohwim Kumasi,1,1,0,0,0,1,100.0,100.0
"Anaslaw Ent., A/R",1,0,1,1,1,1,0.0,0.0
"Anaya Mineral Water. Bj 2415-4833, Asiri Bono Region",1,0,1,1,1,1,0.0,0.0
Andres Pintaluba S.A. Pol. Ind. Agro Reus C/Prudenci Betrana,1,1,0,1,0,1,100.0,100.0
"Andres Pintaluba,S.A - Pol. Ind. Agro-Reus | Prudenci Bertrana, 5 | 43206 Reus",1,1,0,1,0,1,100.0,100.0
Ang Lifesciences India,1,1,0,0,0,1,100.0,100.0
"Anico Foods Limited., Accra",1,0,1,1,1,1,0.0,0.0
Anidaso Anwonwade Nku Ventures,1,1,0,1,1,0,0.0,100.0
"Ametaglady Ad Ent., Accra",1,0,1,1,1,1,0.0,0.0
"Til Healthcare Private Limited - 72, Marshalls Road, Egmore, Chennai-600008, India",1,1,0,1,0,1,100.0,100.0
"Tilly'S Farm Limited., Accra",1,0,1,1,1,1,0.0,0.0
"Tim Supply Ent., Accra",1,0,1,1,1,1,0.0,0.0
"Time Steps Co. Limited. Accra, G/R",1,0,1,1,0,1,100.0,0.0
"Timjanrange Ghana Limited., Accra",1,0,1,1,0,1,100.0,0.0
Tina Boafo Ye Na Wholesale Enterprise,1,0,0,1,0,1,100.0,0.0
Aminc Enterprise,1,0,1,0,0,0,100.0,0.0
"Amoakoa Intergrated Farms Limited., Accra",1,0,1,1,1,1,0.0,0.0
"Amoanik Merchandise Limited. Co., Accra",1,0,1,1,0,1,100.0,0.0
"Amodei Tescos Bitters Ent., Mampong, E/R",1,0,1,0,0,0,100.0,0.0
Amoli Ibrahim Enterprise,1,0,1,1,1,1,0.0,0.0
"Amoma Hives, Accra",1,0,1,1,1,1,0.0,0.0
"Amosanku Ventures, Ho, V/R",1,0,1,1,1,1,0.0,0.0
"Ampaodch Ent., Accra",1,0,1,1,0,1,100.0,0.0
Amanta Healthcare Limited 5Th Floor Heritage Nr Gujarat Vidhy Apith Ahmedabad 380014 Gujarat India,1,1,0,1,0,1,100.0,100.0
"Tinty Foods, Kumasi, A/R",1,0,0,1,1,1,0.0,0.0
Tobinco Pharmaceuticals Limited P O Box Gp 13808 Accra,1,1,0,0,0,1,100.0,100.0
"Toblizz Mineral Water Limited,A/R",1,0,1,1,1,0,0.0,0.0
"Toku-Dum Ventures, Assin Fosu-Odumase, C/R",1,0,1,1,1,0,0.0,0.0
"Tomsco Ent., A/R",1,0,1,1,1,1,0.0,0.0
"Toni-B, Obuasi, A/R",1,0,1,1,1,1,0.0,0.0
Tikah Foods And More,1,0,1,1,1,1,0.0,0.0
"Amazing Florescent Vent., Accra",1,0,1,1,1,1,0.0,0.0
"Amazing Grace Shito., Accra",1,0,1,1,1,1,0.0,0.0
"Amdipharm Limited - Temple Chamber, 3 Burlington Road Dublin 4, Ireland",1,1,0,1,0,1,100.0,100.0
Ameat Enterprise,1,0,1,1,1,1,0.0,0.0
Amegh Pharma Pvt,1,1,0,1,0,0,100.0,100.0
"Amel Classic Ventures, Sunyani, Bono Region",1,0,1,1,1,1,0.0,0.0
"Amen Neevac Ent., Accra",1,0,1,1,1,1,0.0,0.0
"Alpha Industries Limited., Tema, G/A",1,0,1,1,1,1,0.0,0.0
"Total Commodities Africa Limited., Accra",1,0,1,1,0,1,100.0,0.0
"Towdah Merus Cocoa Limited. Co., Accra",1,0,1,1,1,1,0.0,0.0
"Tower Of Praise Group Limited,A/R",1,0,1,1,1,1,0.0,0.0
"Tracel Foods ,Accra",1,0,0,1,1,1,0.0,0.0
"Trademasters Consult And Logistics Limited. Accra, G/R",1,0,1,1,0,1,100.0,0.0
"Tradewinds Chemist Limited - Plot.98 Blk. 1, Ayigya-Kumasi",1,1,0,1,1,1,0.0,100.0
"Tradex Umoja Limited., Cantonments",1,0,1,1,0,1,100.0,0.0
"Tinsmark Agro Limited., Accra",1,0,1,1,0,1,100.0,0.0
"Almond Tree Co. Limited., Accra G/R",1,0,1,1,0,1,100.0,0.0
Alpha Duo Pharma Limited,1,1,0,1,0,1,100.0,100.0
Alcon Couvreur Nv Rijksweg 14 2870 Puurs-Belgium,1,1,0,1,0,1,100.0,100.0
Treasure Care Clearing & Logistics Service Limited,1,0,0,1,0,1,100.0,0.0
"Tree Honey Farms Limited, Somanya, E/R",1,0,1,1,1,1,0.0,0.0
"Trendmaker Y2K Ent., Accra",1,0,1,1,0,1,100.0,0.0
Trentium Lifesciences Private Limited,1,1,0,0,0,1,100.0,100.0
"Trignaire Ent., Accra",1,0,1,1,1,1,0.0,0.0
Triple Ice Mineral Water C/O,1,0,1,1,1,1,0.0,0.0
"Triple Jo-Jo Ventures, Apremdo Estate, Ws-639-3788, W/R",1,0,1,1,1,1,0.0,0.0
Tooneken,1,0,1,1,1,1,0.0,0.0
"Altare Commodities, Tema, Ga/R",1,0,1,1,1,1,0.0,0.0
"Altramex Limited., Accra",1,0,1,1,0,1,100.0,0.0
Alwayscool,1,0,1,1,1,1,0.0,0.0
Am-Sultana Enterprise,1,0,1,1,1,1,0.0,0.0
"Amab Ent., Accra G/A",1,0,1,1,0,1,100.0,0.0
"Tulip Water, Hohoe, V/R",1,0,1,1,1,0,0.0,0.0
"Twabidi Limited Company, A/R",1,0,1,1,1,1,0.0,0.0
"Trixie'S Health Foods, Accra",1,0,1,1,1,1,0.0,0.0
"Tropi Dream Up Ventures, Community 3, Tema. G/R",1,0,1,1,0,1,100.0,0.0
"Tropical Foods Tech Limited., Accra, G.R",1,0,1,1,1,1,0.0,0.0
"Tropical Snacks, Accra",1,0,1,1,1,1,0.0,0.0
"Tropical Zone Industry Limited., Accra",1,0,1,1,1,1,0.0,0.0
"Tropo Farms Limited, Farm House-Mpakadan",1,0,1,1,1,1,0.0,0.0
"Troy Hills Limited., Accra",1,0,0,1,0,1,100.0,0.0
Tru Bread,1,0,1,1,1,1,0.0,0.0
"Tru'S Bakery Limited, Accra",1,0,1,1,1,1,0.0,0.0
"True Oak Ent., A/R",1,0,1,1,0,1,100.0,0.0
All Is Not Over Herbal Centre,1,1,0,1,1,1,0.0,100.0
"All White Mineral Water, Sunyani, B/R",1,0,1,1,1,1,0.0,0.0
"Allca Bio-Technology Co. Limited., Kasoa, C/R",1,0,1,1,1,1,0.0,0.0
Allow Natural Ventures,1,0,1,1,0,1,100.0,0.0
"Alexcect Ent., A/R",1,0,1,1,1,1,0.0,0.0
Alfei Company Limited,1,0,0,1,0,1,100.0,0.0
"Algreen Supreme Processing Limited., Accra",1,0,1,1,1,1,0.0,0.0
Ali Anfaani Cool Water,1,0,1,1,1,1,0.0,0.0
"Ali Murtaza Ent., Accra",1,0,1,1,0,1,100.0,0.0
"Alicia Spring Water Limited., Akrade, E/R",1,0,1,1,1,1,0.0,0.0
"Alishea Organics, Accra",1,0,1,1,1,1,0.0,0.0
"Aliu Abdulai Ent., A/R",1,0,1,1,1,1,0.0,0.0
"Akwaaba Sof Co. Limited., Accra, G/A",1,0,1,1,1,1,0.0,0.0
Trusted Brothers Limited,1,0,1,1,1,0,0.0,0.0
"Trutech Services Limited, A/R",1,0,1,1,1,1,0.0,0.0
Truthful Faith Herbal And Research Centre,1,0,0,1,1,1,0.0,0.0
"Try Becks Palm Oil, Tema",1,0,1,1,1,1,0.0,0.0
"Tsui Bleoo Ent., Accra",1,0,1,1,1,1,0.0,0.0
"Tt International Limited., G/R",1,0,1,1,1,1,0.0,0.0
Tuadoma Forever Company Limited,1,1,0,1,1,1,0.0,100.0
Al-Dawu Ent,1,0,1,1,1,1,0.0,0.0
Al-Mutaadida For Cosmetics Manufacturing Co,1,1,0,0,0,1,100.0,100.0
Alaturca Medikal Diş Ticaret A.S Gazi Mustafa Kemal Mahallesi Fatih Cad,1,0,0,1,0,1,100.0,0.0
"Albert Water Services, Nsawam Adoagyiri, E/R",1,0,1,0,0,0,100.0,0.0
Akankele Enterprise,1,0,1,1,1,1,0.0,0.0
"Twelve 19 Services, Accra, Ga/R",1,0,1,0,0,0,100.0,0.0
"Twum Antwi Ent., Techiman, B/R",1,0,1,1,1,1,0.0,0.0
"Twumarf Enterprise, Accra North, G/R",1,0,1,1,0,1,100.0,0.0
Tydamat,1,0,1,1,1,1,0.0,0.0
"Tylj Company Limited, Accra",1,0,1,1,1,1,0.0,0.0
U2 Co. Limited,1,0,1,1,0,1,100.0,0.0
Ultimate Shipping And Supply Services,1,0,0,1,0,1,100.0,0.0
"Ultra Beverages Limited., Accra",1,0,1,1,1,1,0.0,0.0
Trumpf Buur Enterprise,1,0,1,1,0,1,100.0,0.0
Alcon Nv Station Straat 55 B 2800 Mechelen,1,1,0,0,0,0,100.0,100.0
Alcon Pharmaceuticals Limited,1,1,0,1,0,1,100.0,100.0
"Akoms.Ceremiks Ventures, H/No. Pj/16",1,0,1,1,1,1,0.0,0.0
Akrorich Amponsah Enterprise,1,0,1,0,0,0,100.0,0.0
"Akurugu Joseph Ventures Mw-0081-6447 Sandan Fongu Behind Goil, Walewale",1,0,1,1,1,1,0.0,0.0
"Akwaaba Fine Foods Limited, Accra",1,0,1,1,1,1,0.0,0.0
"Unican Trading Ent., Accra, Ga/R",1,0,1,1,1,1,0.0,0.0
Unichem Ghana Limited - P. O Box 15146 Accra North,1,1,0,1,1,1,0.0,100.0
Unicom Chemist Limited - 214 Winneba Road Next To Takoradi Flour Mill Depot Chaaba Accra,1,1,0,1,0,0,100.0,100.0
Unicom Chemist Limited - Hse No 214 Winneba Odorkor Road Near Mallam Junction,1,1,0,1,0,1,100.0,100.0
"Unicom Chemist Limited - Hse No. 214, Chabaa Winneba Road, Accra",1,1,0,0,0,1,100.0,100.0
Akwan Herbal Centre,1,1,0,1,1,1,0.0,100.0
"Akwasi Agyapong 58 Ent, Kumasi, A/R",1,0,1,1,0,1,100.0,0.0
Akwasi Agyapong 58 Enterprise,1,0,0,1,0,1,100.0,0.0
Akyere Bruwaa Toiletries,1,0,0,1,0,1,100.0,0.0
Al - Don King Motors And Trading,1,0,1,1,1,1,0.0,0.0
Al Mushakir Herbal,1,1,0,1,0,0,100.0,100.0
"Al Rahma Foods And Beverages, Kumasi, A/R",1,0,1,1,0,1,100.0,0.0
Aj-Pemxian Enterprise,1,0,1,1,1,1,0.0,0.0
"Aja Decor., Koforidua, E/R",1,0,1,1,1,1,0.0,0.0
"Ak Hanifaz Trading, Accra",1,0,1,1,0,1,100.0,0.0
"Agro Culture Promotion & Branding Services, Accra",1,0,1,1,0,1,100.0,0.0
"Unifa Brothers Gh. Limited., Accra",1,0,1,1,1,1,0.0,0.0
"Unimanuel Ventures, Takoradi, W/R",1,0,1,1,1,1,0.0,0.0
"Unique Afro Mart. Mama Ventures., Accra",1,0,1,1,1,1,0.0,0.0
"Unique Natural Yoghurt., Accra",1,0,1,1,1,1,0.0,0.0
"Unique Solution Farms., Nsawam, E/R",1,0,1,1,1,1,0.0,0.0
"Unique Unit Company Limited., Okoto Street- Asamankese",1,0,1,1,1,1,0.0,0.0
Unisearch Limited Gl- 042-2087 House No 12 F278/5 Near Formar Kuwait Embassy Labone La Dade Kotopon,1,1,0,0,0,1,100.0,100.0
"United Hearts Foundation, Bawjiase, C/R",1,0,1,1,1,1,0.0,0.0
United Icon Groups,1,0,1,1,1,1,0.0,0.0
"Unity Agro Centre Enterprise, Bono Region",1,0,1,1,0,1,100.0,0.0
"Akenkey Ent., Nkawkaw, E/R",1,0,1,1,1,1,0.0,0.0
"Akomaah Glory Co. Limited., Accra",1,0,1,1,0,1,100.0,0.0
"Vellavive Group Limited Company., Accra",1,0,1,1,1,1,0.0,0.0
"Up-Flo Quench Mineral Water, Accra",1,0,1,1,1,1,0.0,0.0
Up-Town Grace Guest House,1,0,1,1,1,1,0.0,0.0
Us Pharma Pvt. Limited India,1,1,0,0,0,1,100.0,100.0
"V Lina'S Organic Honey., Accra",1,0,1,1,1,1,0.0,0.0
"V Source Co. Limited., Accra",1,0,1,1,0,1,100.0,0.0
"V.M.D Nv - , Belgium",1,1,0,0,0,1,100.0,100.0
"Va Unity Transport And Farms Limited., Dormaa-Ahenkro, B/A",1,0,1,1,0,1,100.0,0.0
"Valley Fresh Co. Limited., Accra",1,0,1,1,1,1,0.0,0.0
"Ahwenepa Ventures, Akutuase, A/R",1,0,1,1,1,1,0.0,0.0
Air Force Base Takoradi,1,0,1,1,1,1,0.0,0.0
Aisha Tigernut,1,0,1,1,1,1,0.0,0.0
"Aj Franjo Ent., Koforidua, E/R",1,0,1,0,0,0,100.0,0.0
"Aj Mineral Water, A/R",1,0,1,1,1,1,0.0,0.0
Aj Vaccines A/S,1,1,0,1,0,1,100.0,100.0
Aj Vee'S Ent,1,0,1,1,1,0,0.0,0.0
"Agro Kings Limited, Accra",1,0,1,1,1,1,0.0,0.0
Agromine Industries Limited,1,0,0,1,1,0,0.0,0.0
Agrovets Limited,1,1,0,0,0,1,100.0,100.0
"Aguafer Mineral Water Ent., A/R",1,0,1,1,1,1,0.0,0.0
"Agya Takyi Bronya Enterprise, Miremano-Japekrom, Drobo, Bono Region",1,0,1,1,1,1,0.0,0.0
"Agyenkwa Gari, Accra",1,0,1,1,1,1,0.0,0.0
"Agyiluu Ent., Accra",1,0,1,1,1,1,0.0,0.0
Ahmnat811 Ent. Accra G/A,1,0,1,1,1,1,0.0,0.0
Ahodwo Farms Limited,1,0,0,1,1,1,0.0,0.0
Ag Kristal Home. Plot No. 70 Block C. Adwame East Berekum Bono Region,1,0,0,1,1,1,0.0,0.0
"Vanmovany Limited., Accra",1,0,1,1,1,1,0.0,0.0
"Vansky Limited., Accra",1,0,1,1,0,1,100.0,0.0
"Varsha Labs Llp - No 19/D Kiadb Industrial Area 1St Phase Kumbalagodu Kengeri Hobli Bengaluru South Bengaluru 560074, India",1,1,0,1,0,1,100.0,100.0
Vebta Ventures,1,0,1,1,1,1,0.0,0.0
"Veedab Royal Ventures., Cape Coast, C/R",1,0,1,1,1,1,0.0,0.0
"Vega Biotec Pvt Limited 23, Sahajanand Industrial Estate Akota Mujmahuda Vadodara Gujarat 390020 India",1,1,0,0,0,1,100.0,100.0
"Agbeleme Ent., Abor, V/R",1,0,1,1,1,1,0.0,0.0
"Agenda Inspirations Ventures., Accra",1,0,1,1,1,1,0.0,0.0
"Agendikof Limited Company, Koforidua, E/R",1,0,1,1,1,1,0.0,0.0
"Agio Pharmaceuticals Limited - H. O. A-38, Nandjyot Industrial Estate, Andheri Kurla Road, Safed Pool, Andheri East, Mumbai City, Maharashtra, Mumbai City, India",1,1,0,1,0,1,100.0,100.0
"Agissland Limited Company, Akiss Street- Akim Oda",1,0,1,1,1,1,0.0,0.0
"Aglow Farms Limited., Gomoa-Potsin, C/R",1,0,1,1,1,1,0.0,0.0
"Agpee Company Limited, Tema, G/R",1,0,1,1,0,1,100.0,0.0
"Agri Innovation Consult Limited., Accra",1,0,1,1,0,1,100.0,0.0
"Agri Insight Trading Limited., Accra",1,0,1,0,0,0,100.0,0.0
"Africagro Co., Limited., Accra",1,0,1,1,0,1,100.0,0.0
"Venture Nexus Limited., Accra",1,0,1,1,1,1,0.0,0.0
"Venture Pulse Enterprise, Accra, Ga/R",1,0,1,1,1,1,0.0,0.0
Vermall Pharma Pvt,1,1,0,0,0,1,100.0,100.0
"Vgserengeti Ghana Limited. Accra, G/R",1,0,1,1,0,1,100.0,0.0
Viatris Pharmaceuticals Pty Limited 2B Reverend Ogunbiyi Street Ikeja Gra Lagos Nigeria,1,1,0,0,0,1,100.0,100.0
Valley Grade Ventures,1,0,1,1,1,1,0.0,0.0
"Afrifa Farms, A/R",1,0,1,1,1,1,0.0,0.0
"Afrigem Global Inv. Limited., Accra",1,0,1,1,0,1,100.0,0.0
"Afrilanco Co., Limited., Accra",1,0,1,1,0,1,100.0,0.0
"Afro 7 Gh. Limited., Tema",1,0,1,1,0,1,100.0,0.0
Afro Mafia Liquor & Co Limited,1,0,1,0,0,0,100.0,0.0
Afrolynk-Acme Limited Company,1,0,1,1,1,1,0.0,0.0
"Afrotropic Cocoa Processing Co. Limited., Accra",1,0,1,1,0,1,100.0,0.0
"Afab Developments Company Limited, Accra, G/R",1,0,1,1,0,1,100.0,0.0
Victor Ocran Herbal Centre,1,1,0,1,1,0,0.0,100.0
"Victoria Distilleries Limited., Accra",1,0,1,1,1,1,0.0,0.0
"Victory Ice Mineral Water, New Abirem, E/R",1,0,1,1,1,1,0.0,0.0
"Victory Products Ent., Takoradi, W/R",1,0,1,1,1,1,0.0,0.0
"Vicyp C.C Ventures, Peki Avetile, Volta Region",1,0,1,1,1,1,0.0,0.0
"Vidaso Special Drinking Water,Ent. A/R",1,0,1,0,0,0,100.0,0.0
"Vielung Enterprise, Xj-0013-9542, Community Nursing School, Jirapa, Uw/R",1,0,1,1,1,1,0.0,0.0
"Agabot Enterprise, Wassa Afransie, Wx-2577-3353, W/R",1,0,1,0,0,0,100.0,0.0
"Africa Asia Co. Limited., Accra",1,0,1,1,0,1,100.0,0.0
"Africa Everest Limited. Co. Accra, G/R",1,0,1,1,0,1,100.0,0.0
"Africa Snap Solutions Limited, Accra",1,0,1,1,0,1,100.0,0.0
"Adom Rensa Da, Sefwi Dwinase, Cocoa Dua Lane, Wg-0013-2859, W/N",1,0,1,1,1,1,0.0,0.0
"Vijeff Ent., Cape Coast, C/R",1,0,1,1,1,1,0.0,0.0
"Viktry Towers Limited., Accra",1,0,1,1,1,1,0.0,0.0
"Village Aroma, Accra",1,0,1,1,1,1,0.0,0.0
"Village Foods, Accra",1,0,1,1,1,1,0.0,0.0
"Vimaco Fisheries Vent., Tema",1,0,0,1,0,1,100.0,0.0
Vimos-Mum Enterprise,1,0,0,1,0,0,100.0,0.0
"Vincent Lavoe Ent., Labolabo, E/R",1,0,1,1,1,1,0.0,0.0
"Vincere Group Limited, Accra",1,0,1,0,0,0,100.0,0.0
"Vind Limited., Accra",1,0,1,1,0,1,100.0,0.0
"Vine Natural Beverages, A/R",1,0,1,1,1,1,0.0,0.0
"African Farms Bureau Limited, Accra",1,0,1,1,0,1,100.0,0.0
"Africonut., Accra",1,0,1,1,1,1,0.0,0.0
Viyak City Limited Company,1,0,1,1,1,1,0.0,0.0
Vins Bioproducts Limited,1,1,0,0,0,1,100.0,100.0
"Virbae Leve Ave. 2065M Lid 06516 Carros Cedex, France",1,0,0,1,0,1,100.0,0.0
Virgin Grains Ent. Accra,1,0,1,1,0,1,100.0,0.0
Viridi Green Support,1,0,0,1,1,1,0.0,0.0
"Visap Seafoods Ghana Limited., Tama",1,0,1,1,1,1,0.0,0.0
"Vision 005 Enterprise, Tema, G/R",1,0,1,1,0,1,100.0,0.0
Vita Organics. P. O. Box Ds 2129 Dansoman. New Weija Broadcasting Junction,1,1,0,0,0,1,100.0,100.0
"Vita Super Cool Limited., Accra",1,0,1,1,1,1,0.0,0.0
Afafranto Beauty & Stylechief Martin Streetnear Freedom Streetopposite Hfc Estate C25,1,0,0,0,0,0,100.0,0.0
"Afazak Ent., A/R",1,0,1,1,1,1,0.0,0.0
Afb Golden Enterprise,1,0,0,0,0,0,100.0,0.0
Afg Limited,1,0,1,1,0,1,100.0,0.0
"Afia E. G. Ent., Oyarifa Special Ice Yt Estate, Gm",1,0,0,1,1,1,0.0,0.0
Afrach Company Limited,1,0,0,1,0,1,100.0,0.0
"Afribev Brands Limited., Suhum, E/R",1,0,1,0,0,0,100.0,0.0
Adomsare Ventures,1,0,1,1,1,1,0.0,0.0
"Adonai Investment Limited Company, C/R",1,0,1,1,1,1,0.0,0.0
Advacare Pharmaceuticals Limited,1,1,0,1,0,0,100.0,100.0
Advacare Pharmaceuticals Limited. Ab West Business Center,1,1,0,0,0,1,100.0,100.0
Advent International Limited,1,0,0,1,0,1,100.0,0.0
"Advent Life Mineral Water Limited., A/R",1,0,1,1,1,1,0.0,0.0
Aedifico Enterprise,1,0,1,0,0,0,100.0,0.0
Aero-Chem Neutron 803/B Synergy Tower Corporate Road Besides Vodafone House Off Sg Road Prahlad Nagar Ahmedabad Gujarat 380051 India,1,1,0,0,0,1,100.0,100.0
"Aetos Foods Enterprise, Accra North",1,0,1,1,0,1,100.0,0.0
"Adenab-Jay Co. Limited., Accra",1,0,1,1,0,0,100.0,0.0
"Vitalife Natural Drink., Accra",1,0,1,1,1,1,0.0,0.0
Vitane Pharma Gmbh,1,1,0,1,0,1,100.0,100.0
Vitane Pharmaceuticals,1,1,0,0,0,1,100.0,100.0
"Viv Catering Services, Accra",1,0,1,1,1,1,0.0,0.0
"Viva-Life Limited., Accra",1,0,1,1,0,1,100.0,0.0
Vivir Pharma,1,1,0,1,0,1,100.0,100.0
Adeinsuo Ice Ent. Kpanikrom - Adeiso,1,0,1,1,1,1,0.0,0.0
"Adelmarie Vent., Accra",1,0,1,1,0,1,100.0,0.0
"Achievers Catering Centre, Akropong-Akuapem, E/R",1,0,1,0,0,0,100.0,0.0
Voyagen Uk Limited,1,1,0,1,0,1,100.0,100.0
"Vp Vizelle Ent., Accra",1,0,1,1,0,1,100.0,0.0
Waby Kay Vent. Accra,1,0,1,0,0,0,100.0,0.0
Adepa Ventures And Production,1,1,0,1,1,1,0.0,100.0
Adisplash Natural Mineral Water Limited,1,0,1,1,1,1,0.0,0.0
"Adjentutu Industries Limited., Akwamu Senchi, E/R",1,0,1,0,0,0,100.0,0.0
"Adlux Ent., Accra",1,0,1,1,1,1,0.0,0.0
Adom Bi Ntsi Herbal Centre,1,1,0,1,1,0,0.0,100.0
"Adom Dande Natural Herbal Clinic, H/No. Tma 0211, Old Anyinabrem, Techiman, Bx-0667-6928, Bono East Region",1,0,1,1,1,1,0.0,0.0
"Adom Gibreel Ent., Asankragua, W/R",1,0,1,1,1,1,0.0,0.0
Adom Nyame Nsuo,1,0,1,1,1,0,0.0,0.0
"Adam Dental And Medical Services - No. F42/6, Labone Crescent, Accra, Ghana",1,1,0,1,0,1,100.0,100.0
Adomah-Ba Ventures,1,0,0,1,0,1,100.0,0.0
Action Pharmacy Limited,1,1,0,1,0,1,100.0,100.0
"Active Life Dietary Health Services Limited, Accra",1,0,1,1,1,1,0.0,0.0
Wajeeh Halim Ice Enterprise. Hse No. Block A 519 Sagnarigu Kukuo,1,0,1,1,1,1,0.0,0.0
"Wakaf Purified Water, Akwadum, E/R",1,0,1,1,1,1,0.0,0.0
"Wake & Bake Limited., Accra",1,0,1,1,1,1,0.0,0.0
"Wala Africa Limited., Accra",1,0,0,1,1,1,0.0,0.0
"Wala Water And Beverage Ent., Accra",1,0,1,1,1,0,0.0,0.0
"Walk Softwares, Sunyani, B/R",1,0,1,1,1,1,0.0,0.0
Wandalands Multiverse. Accra G/A,1,0,1,1,1,1,0.0,0.0
"Vks Ghana Limited., Accra",1,0,1,1,0,1,100.0,0.0
Adam Dental And Medical World Company Limited,1,1,0,1,0,1,100.0,100.0
"Adams Star Ventures, Amanfrom-Adenta",1,0,1,0,0,0,100.0,0.0
"Adansi Sweet Co. Limited., Kumasi, A/R",1,0,1,1,1,1,0.0,0.0
"Adashie Gh. Limited., Accra",1,0,1,1,0,1,100.0,0.0
Addpharma,1,1,0,1,0,1,100.0,100.0
"Adeanchi Limited Co., Accra",1,0,1,1,0,1,100.0,0.0
"Accraian Ventures, Chinto - Nsawam, E/R",1,0,1,1,1,1,0.0,0.0
Accubiotech Company Limited,1,0,0,1,0,1,100.0,0.0
"Aces Food Diaries, Accra. G/R",1,0,1,0,0,0,100.0,0.0
Weigao Medical Ghana Limited Company,1,0,0,1,0,1,100.0,0.0
"Wek'S-Ton Trading., Accra",1,0,1,1,1,1,0.0,0.0
"Wellbeing Natural Products Gh. Limited., Nsawam, E/R",1,0,1,1,1,1,0.0,0.0
Wellgiant Pharmacy Limited P. O. Box An 5527 Accra-North,1,1,0,0,0,1,100.0,100.0
Wellkerr Medical Lab Surgical Supplies,1,0,0,1,0,1,100.0,0.0
"Wellness Shot Bar Limited., Accra",1,0,1,1,1,1,0.0,0.0
Wematu Ventures,1,0,1,1,1,1,0.0,0.0
"Wesley Nsu Pa, Akyem Oda",1,0,1,1,1,1,0.0,0.0
"Achis Beverages, A/R",1,0,1,1,1,1,0.0,0.0
Acino Pharma,1,1,0,1,0,1,100.0,100.0
Ackartious Ent,1,0,1,1,1,1,0.0,0.0
"Ackom Agropro Limited, Dansoman, G/R",1,0,1,1,0,1,100.0,0.0
"Acquah Divina Mineral Water., Accra",1,0,1,1,1,1,0.0,0.0
Abisshop 75 Ent.A/R,1,0,0,1,0,1,100.0,0.0
"Abok Industries, Race Course",1,0,1,0,0,0,100.0,0.0
"A2 Innovations Limited., Accra",1,0,1,1,1,1,0.0,0.0
"West Africa Food & Dairy Limited Company, Accra",1,0,1,1,1,1,0.0,0.0
"West Africa Food & Dairy Limited., Co., Accra",1,0,1,1,1,1,0.0,0.0
"West African Feeds Limited, Asuoyaa-E/R",1,0,1,1,1,1,0.0,0.0
"Westcent Food And Beverages Ventures Limited, C/R",1,0,1,1,1,1,0.0,0.0
"White Eagle Mineral Water, Asamankese, Pataase Kd Road",1,0,1,1,1,1,0.0,0.0
"White Fleece Limited., Accra",1,0,1,1,0,1,100.0,0.0
Whytestar Foods. Kumasi A/R,1,0,1,1,0,1,100.0,0.0
"Above Human Imagination, Accra",1,0,1,1,0,1,100.0,0.0
"Abugina Company Limited, A/R",1,0,1,1,0,1,100.0,0.0
"Abundant Natural Mineral Water,A/R",1,0,1,0,0,0,100.0,0.0
"Aburi Springs & Beverages Ventures, Attakrom Amanfro",1,0,1,1,1,1,0.0,0.0
Abyiam Natural Filtered Mineral Water,1,0,1,1,1,1,0.0,0.0
"Access Purified Water Ent., Sunyani, B/R",1,0,1,1,1,1,0.0,0.0
"World Food Programme, Accra",1,0,1,1,0,1,100.0,0.0
"World Market Hall Limited., Accra",1,0,0,1,0,0,100.0,0.0
"Wow Bread Factory, Accra",1,0,1,1,1,1,0.0,0.0
Wun-Maltima Enterprise,1,0,1,1,1,0,0.0,0.0
"Wicath Fresh Resources, Tema, Ga/R",1,0,1,1,1,1,0.0,0.0
"Wifam Premium Limited., Accra",1,0,1,1,1,1,0.0,0.0
Wilcom Foods Gh Limited,1,0,1,1,0,1,100.0,0.0
"Wilet Agro Industries Limited., Accra",1,0,1,1,1,1,0.0,0.0
"Williemays Industries Limited., Accra",1,0,1,1,1,1,0.0,0.0
Wilsam Expo Design & Hardware Enterprise,1,0,1,1,1,1,0.0,0.0
"Win Pini Ent., Bawku, Ue/R",1,0,1,1,1,1,0.0,0.0
Winfelt Trading Ent. Accra G/A,1,0,1,1,0,1,100.0,0.0
Winner Pharmaceuticals Limited Block B No. 17 New Boulevard Road Madina Accra,1,1,0,0,0,1,100.0,100.0
"Abeca Foods, Ofaakor, Kasoa, C/R",1,0,0,1,1,1,0.0,0.0
Abezego Enterprise Accra,1,0,1,1,0,1,100.0,0.0
"Abi'S Modest Enterprise, Agavenya-Koforidua",1,0,1,1,1,1,0.0,0.0
Aargapco-Fams Limited. C/R,1,0,1,1,1,1,0.0,0.0
"Ab Bridging Vent., Kumasi, A/R",1,0,1,1,0,1,100.0,0.0
"Ab Ice Mineral Water Limited,A/R",1,0,1,1,1,1,0.0,0.0
"Ab-Lord Enterprise, Xd-4576-2419 Bussie, Uw/R",1,0,1,1,1,1,0.0,0.0
Ababee Water Production,1,0,1,1,1,1,0.0,0.0
Abandenden Beverages,1,0,1,1,1,1,0.0,0.0
"Abanga Farms And Food Systems Limited, Tema",1,0,1,1,0,1,100.0,0.0
Abban Herbal Center,1,1,0,1,1,0,0.0,100.0
"Abbok Glob Trading Limited., Accra",1,0,1,0,0,0,100.0,0.0
"A-Jami Ventures, Accra",1,0,1,1,1,1,0.0,0.0
"Winwinfam Ent., Accra, Ga/R",1,0,1,1,1,1,0.0,0.0
"Wiskuv Enterprise, Banda",1,0,1,1,1,1,0.0,0.0
"Wo Maame Foods., Kumasi, A/R",1,0,1,1,1,1,0.0,0.0
"Wofassprinco Litd., Tema G/R",1,0,1,1,0,1,100.0,0.0
Wonowana Trading Enterprise Limited,1,1,0,1,1,1,0.0,100.0
"Workhouse Projects Limited, P. O. Box M",1,0,1,1,1,1,0.0,0.0
Yahweh Commodities Limited,1,0,0,1,0,0,100.0,0.0
Yahweh Insight Trading Enterprise,1,0,0,1,1,1,0.0,0.0
Yamalo Herbal Centre,1,1,0,1,1,1,0.0,100.0
Wunimi Biagni Enterprise,1,0,0,1,1,1,0.0,0.0
Wunizooya K. Ent,1,0,1,0,0,0,100.0,0.0
Wunpini Business World,1,0,1,1,1,1,0.0,0.0
Wyeth Pharmaceuticals,1,1,0,1,0,1,100.0,100.0
"Xancozi Ent., Accra",1,0,1,1,0,1,100.0,0.0
"Xanlex Enterprise, Akim Oda, E/R",1,0,1,1,1,1,0.0,0.0
"Xhumor Limited., Accra",1,0,1,1,0,1,100.0,0.0
Xiamen Innovax Biotech Company Limited,1,1,0,1,0,1,100.0,100.0
"Xin An Import & Export Limited Company, Ashaiman Tema",1,0,1,1,0,1,100.0,0.0
"Xornam'S Food, Accra",1,0,1,1,1,1,0.0,0.0
"Xtra Ice Filtered Drinking Water, Ashiaman",1,0,1,1,1,1,0.0,0.0
"Winslot Ventures, Millenium City, Kasoa",1,0,1,1,1,1,0.0,0.0
Aa Sadik Herbal Centre,1,1,0,0,0,0,100.0,100.0
A.B. Quality Products,1,1,0,1,1,0,0.0,100.0
A.C.T.S Life Ghana Limited,1,0,1,1,1,1,0.0,0.0
"A.J. Ahulu Ventures, Accra, Ga/R",1,0,1,1,1,1,0.0,0.0
A.K Appiah Herbal Center,1,1,0,1,1,1,0.0,100.0
A.M.E Pharmacy Limited,1,1,0,1,0,1,100.0,100.0
"A.R Zare Company Limited,Gyankoba,A/R",1,0,1,0,0,0,100.0,0.0
"A1 Purified Water, Accra",1,0,1,1,1,1,0.0,0.0
"A1 Spices, Accra, G/R",1,0,1,1,0,0,100.0,0.0
"A2 Agro Allied Ventures, Kumasi, A/R",1,0,1,1,0,1,100.0,0.0
A2 Ent,1,0,1,1,0,1,100.0,0.0
"Y Munis Ent., Ashiaman",1,0,1,1,0,1,100.0,0.0
Y S P Industries M Sdn Bhd Lot 3 5 & 7 Jalan P 7 Section 13 Kawasan Perindustrian Bandar Baru Bangi 43000 Kajang Selangor Malaysia,1,1,0,0,0,1,100.0,100.0
"Y&J Pharmaceuticals Co. Limited., Accra",1,0,1,1,1,1,0.0,0.0
"Yaabels Ventures., Accra",1,0,1,1,1,1,0.0,0.0
"Yabaso Oil Vent., Accra",1,0,0,1,0,0,100.0,0.0
Yahaya Bros Enterprise,1,0,1,1,1,1,0.0,0.0
"7Vanna Impex Ent., Tema",1,0,1,1,0,1,100.0,0.0
A 2 Enterprise,1,0,1,1,0,1,100.0,0.0
"A F Plumbing Services., G/R",1,0,1,1,1,1,0.0,0.0
"A K S Trade Port, Ghana Limited",1,0,1,1,0,1,100.0,0.0
A United International Limited,1,0,1,1,0,0,100.0,0.0
21St Clinic,1,1,0,1,1,1,0.0,100.0
"Yaro Mh Enterprise, Gurugu",1,0,1,1,1,0,0.0,0.0
"Yaw Tofe Ent., Accra",1,0,1,1,0,1,100.0,0.0
Yeahphei Ghana Limited,1,0,1,1,0,1,100.0,0.0
"Yebolla Ventures., Takoradi, W/R",1,0,1,1,1,1,0.0,0.0
Yellow And Orange Pharmacy Limited. - Kumasi,1,1,0,1,0,1,100.0,100.0
"Yesli Ice., Takoradi, W/R",1,0,1,1,1,1,0.0,0.0
"Yevon Group Limited., Accra",1,0,1,1,1,1,0.0,0.0
"Xylahmas Ventures., Accra G/A",1,0,0,1,1,1,0.0,0.0
"A. Menarini Industrie Farmaceutiche Riunite Srl - Via Sette Santi 3 50131 Florence , Italy",1,1,0,1,0,1,100.0,100.0
A.A @ 2015 Ventures,1,0,0,1,0,1,100.0,0.0
Zen Pharma Private Limited,1,1,0,1,0,1,100.0,100.0
"Yinteeb Ventures, Mampong Akuapem",1,0,1,1,1,1,0.0,0.0
Yirenkyi Wonder Herbal Industries Limited,1,0,1,1,1,1,0.0,0.0
"Yodda Foods Limited., Accra",1,0,1,1,0,1,100.0,0.0
"Yofoyo Limited, Accra",1,0,1,1,1,0,0.0,0.0
"Yokheved Ent., Accra",1,0,1,1,1,1,0.0,0.0
"Yoot Bariman Ent., Akim Apinamang",1,0,1,1,1,1,0.0,0.0
"Your Lucky Wisdom Limited. Techiman, B/R",1,0,1,1,0,1,100.0,0.0
"Ys Prestige Investment Limited., Kumasi A/R",1,0,0,0,0,0,100.0,0.0
"Yum Zaa Purified Water, Sahakpaligu Chief'S Palace-Sv",1,0,1,1,1,0,0.0,0.0
Yushakil Laha Enterprise,1,0,1,1,1,1,0.0,0.0
"Yarabi Ventures., Accra",1,0,1,1,0,1,100.0,0.0
7'Vens Oasis Foods And Beverages,1,0,1,1,1,1,0.0,0.0
"7-Nico Stars Ent., W/R",1,0,1,0,0,0,100.0,0.0
"7/1/2028 0:00 Shalina Healthcare Ghana Limited - C315-2 Farrar Ave,Adabraka,Accra",1,1,0,1,1,1,0.0,100.0
"7E Co. Limited., Accra",1,0,1,1,1,1,0.0,0.0
1St Ben-Gel Enterprise,1,0,1,1,1,1,0.0,0.0
"Znz Limited. Co., Tema",1,0,1,1,0,0,100.0,0.0
"Zoe Lifestyle Ent., Accra, Ga/R",1,0,0,1,1,1,0.0,0.0
Zongo Transit Transport & F Investment Limited,1,0,1,1,0,1,100.0,0.0
"Zotoo Micheal Ent., Gomashie, V/R",1,0,1,1,1,1,0.0,0.0
Zoya Mineral Water,1,0,1,1,1,1,0.0,0.0
Zu-Fadiak Gu-564-6765 Soalepe-Damongo,1,0,1,0,0,0,100.0,0.0
"Zucchini Organic Foods, Accra",1,0,1,1,1,1,0.0,0.0
Zuche Pharmaceuticals Private Limited,1,1,0,1,0,1,100.0,100.0
Zulu Herbal And Supplement Centre,1,0,1,1,1,1,0.0,0.0
Zutron Pharmaceuticals Limited,1,1,0,1,0,1,100.0,100.0
Zutron Pharmaceuticals Limited 100 Boundary Road Ogbojo East Legon,1,1,0,0,0,1,100.0,100.0
"""Impulse Pharma Private Limited J-201 J-202/1 Midc Tarapur Boisar Dist-Palghar 401 506 Maharashtra State India""",1,1,0,0,0,1,100.0,100.0
22-Seventeen Accra G/A,1,0,1,1,1,1,0.0,0.0
"2A Green City Enterprise, Anfoega",1,0,1,1,1,1,0.0,0.0
2H Ventures,1,1,0,1,1,1,0.0,100.0
"Indus Life Sciences Private Limited. - Corp. Office At ""Indus House"". 24/1, Subramaniam Street, Abhiramapuran, Chennai-60018, India",1,1,0,1,0,1,100.0,100.0
Indus Lifesciences Private Limited No 24 1 Subramaniam Street Abhiramapuram 600018 Chennai India,1,1,0,0,0,1,100.0,100.0
"Influx Groundnut Xw-0003-5271, Dondoli-Wa Uw/R",1,0,1,1,1,1,0.0,0.0
"Inota Foods Ent, Ho, V/R",1,0,1,1,1,1,0.0,0.0
Inova Pharmaceuticals,1,1,0,1,0,1,100.0,100.0
Inspire Supply Limited,1,0,0,1,0,1,100.0,0.0
"Instant Ventures, Choggu Yapalsi Hno. B 266, Tamale N/R",1,0,1,1,1,1,0.0,0.0
Intas Pharmaceuticals Limited,1,1,0,1,0,1,100.0,100.0
"Intas Pharmaceuticals Limited Corporate House Near Sola Bridge S G Highway, Thaltej Ahmedabad-380054 India",1,1,0,0,0,1,100.0,100.0
Inter-Commercial Impex Limited,1,0,0,1,0,1,100.0,0.0
"Inter-Trade And Communication Network Consult And Farms, Accra",1,0,1,1,0,1,100.0,0.0
Imperial Medical Solutions Fze - Warehouse,1,1,0,1,0,1,100.0,100.0
"""La Renon Healthcare Private Limited 207 208 Iscon Elegance Circle P Prahlad Nagar Crossroads S G Highway Ahmedabad 380015 Gujarat India""",1,1,0,0,0,0,100.0,100.0
11 Mechanized Battalion,1,0,1,1,1,1,0.0,0.0
"121 Services Limited., Accra",1,0,1,1,0,1,100.0,0.0
"13Th January Ent., Nsawam, E/R",1,0,1,1,1,1,0.0,0.0
