client_clean,count
ernest chemist limited,372
ronak exim private limited,313
unicom chemist limited,195
pharmanova limited,150
entrance pharmaceuticals & research centre,128
bliss gvs pharma limited,126
rafimex company limited,121
eskay therapeutics limited,111
gb pharma limited,109
renie chemist limited,106
melcom gh. limited,92
twellium industrial company limited,88
centillion pharma limited,79
costco zion investment ghana limited,78
saagar impex (gh) limited,76
kinapharma limited,75
oa&j pharmaceuticals limited,75
sneda shopping center,74
transmed gh. limited,68
africa zone trading limited,67
mac sources limited,63
pokupharma limited,61
habmay pharmacy limited,60
denk pharma gmbh & co kg prinzregentenstraße 79,57
vegagen uk limited,56
softhealth ghana limited,50
salom pharmacy limited,50
cave & gardens gh. limited,50
lemonera ghana limited,49
letap phramceuticals limited,48
mylan laboratories limited,48
gold coast matcom (gcm) limited,45
add pharma ghana limited,45
syycol company limited,45
"msn laboratories private limted, msn",45
mosam mart limited,45
aura pharmaceuticals limited,43
oreca ghana limited,42
fareast mercantile limited,41
"exeter pharmaceuticals, queensgate",40
nestle gh. limited,39
novartis ghana limited,39
trade winds chemist limited,38
captain cook enterprise,38
nutrifoods gh. limited,37
vitabiotics limited,36
"relish company limited,akai",35
new global pharmaceutical limited,34
novartis pharma ag - lichtstrasse 35,34
procus ghana limited,34
k6 trading limited,34
jubaili agrotec limited,34
maridav gh. limited,34
london united exports,33
tobinco pharmaceuticals limited,33
marina distribution company limited,33
dannex ayrton starwin plc,33
"lavina pharmaceuticals private limited, satra plaza, office",33
m&g pharmaceuticals,32
letap pharmaceuticals limited,32
shoprite gh. (pty) limited,32
pharmatrust limited; scc new weija girel behind scc police station,32
trust link ventures limited,32
rokmer pharma limited,31
glacio ghana limited,31
imexco gh. limited,31
m&g pharmaceuticals limited,31
cave and gardens gh. limited,31
addii biotech private limited,31
novartis pharma services ag,30
nps trading limited,30
"pharmatrust limited - scc new weija gicel, behind police station",30
phyto-riker (gihoc) pharmaceuticals,30
gokals limited,29
knvm medicare private limited; kh,28
shalina healthcare dmcc30th floor almas towersjumeirah lakes towersdubaiuae,28
ascot pharmacy limited,28
the himalaya drug company,28
at ghana limited,27
al-jabarout limited,27
thakkar overseas limited,27
krka d.d šmarješka cesta 6,26
kwasi addae abebrese enterprise,26
samospharma limited,26
olive tree pantry,26
phyto riker (gihoc) pharamaceuticals limited,26
herbalife ghana limited,25
forewin gh. limited,25
don emilio limited,25
"london united export limited, luex",25
aura lifecare private limited,25
troge medical gmbh,25
udvell therapeutics private limited,24
denk pharma gmbh & co kg - prinzregenten str 79,24
widama pharmacy company limited,24
interbrands gh. limited,24
pfizer specialities limited,24
mokat chemist limited,24
lymens medical supplies limited,24
three hills gh. limited,24
jamjoom pharmaceuticals company,23
knad services limited,23
m & g pharmaceuticals limited,23
kofikrom pharmaceuticals limited ssnit flats a1/4 dtd sakumono estate comm,23
freds bill limited,23
forewin ghana limited,23
knvm medicare private limited,23
plb global foods & beverages limited,23
socomed pharma private limited,23
dolphin frozen foods limited,22
relish company limited,22
"thornton and ross limited - linthwaite laboratories manchester road huddersfield hd7 5qh united kingdom , united kingdom",22
greenwood supply,22
unichem industries limited,22
raju gh. limited,22
"m & g pharmaceuticals limited - d446/1, bannerman road, james town",22
adom mbroso coldstores limited,22
indus lifesciences private limited; indus,22
all pharma limited,22
"tokuma limited. company, mankessim",21
costless ventures,21
"hetero labs limited; hetero corporate 7-2-a2, industrial estates sanath nagar, hyderabad 500018, india",21
ashvet ghana company limited,21
nutra healthcare limited,21
gr industries limited,21
maybek services limited,21
menad ventures,21
pharmatrust limited,20
exeter health limited,20
"cipla limited, cipla",20
"""bayer west central africa s a ghana representative office 9th floor emporium (regus) movenpick ambassador hotel independence avenue ridge ka pmb",20
guinness ghana breweries plc,20
tradepass commodities limited,20
atlantic lifesciences limited,20
"ciron drugs and pharmaceuticals private limited, 35-37, 43-45, cfc-13, palghar, maharastra, india",20
izako limited,20
suave foods limited,19
whitelane limited,19
socomed pharma limited,19
"astrazeneca uk limited charter way, macclesfield sk10 2na, united kingdom",19
multibrands gh. limited,19
"frankatson limited., kaneshie",19
precious coldstore limited,19
say cheers limited,19
axa parenterals limited,19
exeter health limited - queensgate,19
melson supermarket limited,19
"otsuka pharmaceutical limited, survey",19
shalina helathcare ghana limited,19
base pharmacy company limited,19
glenmark pharmaceuticals limited b/2 mahalaxmi chambers,19
aether centre (beijing) biology co limited,19
medreich plc,19
cachet pharmaceuticals private limited,19
hamsglobe limited,18
wealth in limited,18
westco investment limited,18
vav commodities gh. limited,18
boehringer ingelheim international gmbh - binger strasse 173,18
yogi pharmaceuticals limited,18
yellow and orange pharmacy limited,18
quick & fine company limited,18
sanofi aventis nigeria limited,18
v n commodities limited,18
globion india private limited,17
arkadas enterprise,17
indus life sciences private limited,17
intravenous infusions limited,17
c.h.f heron gh. limited,17
meyer organics private limited - a-177 road,17
bulls arrow company limited,17
dd nutritions private limited,17
k. sarpong frozen foods,17
bharat serums and vaccines limited,17
das pharma limited,17
shalina healthcare dmcc; c315,17
"biotic company limitd, 1st junction, teshie nungua estates",17
hamta & sons limited,17
deza hwe trading limited company,16
artirmak enterprise,16
serum institute of india private limited,16
carmensita gh. limited,16
stedak marketing services,16
f hoffman la roche limited wurmisweg,16
tobinco pharmaceutical limited,16
modi mudipharma private limited,16
pharmevo private limited,16
promasidor gh. limited,16
bedita pharmaceuticals,16
deysark company limited,16
jocovet company limited,16
cedar point chemist limited,16
afrique healthcare private limited; a,16
adepa fishing company limited,15
poultrade company limited,15
tema mill store limited,15
72nd pharmacy limited,15
roxin ghana limitedpmb 78no,15
phillips pharmaceuticals (ghana) limited,15
getz pharma private limited,15
west africa & gulf company limited,15
bacl gh. limited,15
cbl west africa limited,15
"renie chemist limited - 36, odanata street, asylum down",15
six stars pharmacy limited,15
equator foods ghana limited,15
preet remedies limited,15
osons chemist limited,15
mass industries,15
vitacura pharmaceuticals,15
menzbek limited,15
edmarker ghana limited,15
sandoz pharmaceutical dd verovškova ulica 57,15
"pinnacle lifesciences private limited 3rd floor, mahendra industrial estate, road",14
no lemon limited,14
maxmart limited,14
zifam pinnacle pty limited,14
emcure pharmaceutical limited emcure,14
crosssphere foods,14
pfizer specialities limitesd 7th floor,14
mega lifesciences ghana limited,14
nuri foods,14
poultrade gh. limited,14
akoaka enterprise,14
sky agro and aquaculture solutions limited,14
net - zero frozen coldstore,14
oa & j pharmaceuticals limited,14
menkish impex limited,14
"egyptian international pharmaceuticals industries co (eipico) egypt, 10th ramadan city industrial zone b.1",14
parmarts pharmacy,14
"suncity farms limited, ve deme",14
bristol foods,14
olam agri ghana limited,14
omer investment limited,14
vav fisheries ghana limited,14
double a. company limited,14
frost vault foods,14
hpw fresh & dry limited. off bawjiase,13
"hills pharmaceuticals limited, d470/4 additrom road, adabraka",13
kepro b.v,13
"unichem laboratories limited, unichem bharan prabhat estate s.v. road jogeshwan west mumbai",13
klamath company gh. limited,13
rolinet ventures,13
pristine foods,13
mmc pharmaceuticals limited,13
oaks pharma llc,13
"forever living products ghana limited, pmb ct",13
exphar s,13
royal dach pharmaceuticals,13
all pharma ghana limited,13
rebaj impex company limited,13
les laboratories servies (lls),13
sanofi aventis nigeria limited; japaul,13
"senes pharma company limited michel camp road, cam",13
cipla limited,13
livestock and agro business services.p.o.box co 1123,13
pfizer specialities ghana limited .c/o iqvia,13
macleods pharmaceuticals limited,13
santa glory enterprise,12
"kofikrom pharmacy limited - ssnit flats a1/4,dtd sakumono estates community 13,tema,ghana, select",12
fan milk plc,12
emb foods limited,12
nature's way brands,12
six stars pharmacy,12
beiersdorf ghana limited 5th floor grand oyeeman building south liberation link airport commercial area,12
"bell, sons & company (druggists) limited. - cheshire",12
forever living products,12
amhurst enterprise,12
trident lifeline private limited,12
trance logistics limited,12
valora exim limited,12
aspee pharmaceuticals box,12
big maron pharmacy limited,12
ob supply line agency,12
"gr industries limited - 15/5 valco road, heavy industries area",12
beda pharmaceuticals limited,12
bedita pharmacy limited,12
"g.h. afri frozen foods limited, east legon",12
yellow & orange pharmaceuticals,12
premium serums and vaccines private limited,12
amponsah effah pharmaceuticals limited,12
hebei new century pharma co.limited,11
hebei yuanzheng pharmaceuticals company limited,11
paapaa pharm limited,11
"jubaili agrotec - nkoransa off obuasird, near friend’s eye clinic, kumasi, ghana",11
asterisks lifesciences (gh) limited,11
beracah foods limited,11
korlyns pharmaceuticals (gh) limited,11
"kaphils enterprise., nkwanta",11
kemin industries bv industrial zone extension,11
umedica laboratories private limited,11
acadia industries limited,11
dutch farm int.b.v niew walden 112,11
lucky development limited,11
maurya confectionery limited,11
double a limited,11
hebei new century pharmaceutical co limited,11
k3 agri farms limited,11
saboc fayden limited,11
bodukwan multi fruit processing limited,11
sdg p mocent pharmacy,11
fnj investments limited,11
la bianca company limited,11
ernejoyson limited,11
worldwide healthcare limited,11
mirpuri inv. limited,11
astrazeneca uk limited silk road business park charter way macclesfield cheshire sk 10 2na united kingdom,11
panific limited,11
laprovet s.a.s,11
"bedita pharmaceuticals - h/no. c410/2 afram st., second road, behind trust towers, asylum down, accra, ghana",11
propharm chemist limited,11
aura pharmaceuticals private limited,11
imexco trading ventures limited. (previously imexco gh. limited),10
naadukof vent,10
vicarchie gh. limited,10
"meyer organics private limited, a",10
bd (west africa) limited,10
aj wholesale & distribution limited,10
urban marketplace limited,10
multipro private limited,10
tsonakle company limited,10
livestock & agro business services,10
london united exports limited,10
abyak pharma limited,10
boafowura limited. co,10
"kingdom books and stationery limited., osu",10
kems. wgh enterprise,10
til healthcare private limited,10
abimat frozen food,10
izo s.r.l,10
delma pharma limited,10
baoding sunlight heib medicament company limited,10
healthy haven,10
praiseville essentials,10
"bell, sons & company (druggists) limited",10
medexense biochem,10
perez frozen foods limited,10
isaac glavi trading enterprise,10
centurion laboratories private limited,10
sdg-p mocent pharmacy limited,10
incepta pharmaceuticals limited,10
"vitabiotics limited1 apsley waylondon, nw2 7hf",10
benyima farms limited,10
macleods pharmaceutical limited,9
novartis pharma ag,9
t.h pharmaceuticals limited,9
blowchem industries limited,9
zeiss pharmaceuticals private limited,9
"shalina healthcare dmcc - 30th floor alinas towers dubai uae , united arab emirates",9
fourrts india laboratories private limited,9
yabolivia enterprise,9
samkwarth pharmaceuticals,9
ajanta pharma limited ajanta,9
smayan healthcare private limited,9
may awurade adom vent,9
intervet sa (pty) limited,9
godswill gedd ventures,9
godylac healthy foods,9
"merck serono middle east fz limited - jebel ali no. lb09013 dubai, united arab emirates",9
forever living products ghana limited,9
laboratoire innotech international,9
medichem pharmaceuticals limited,9
"ti zaa din nani royal limited, gumani",9
vn commodities limited,9
astrazeneca scientific office (ghana),9
menzbek africa co limited,9
ambvet biotech co limited - 109-112 door,9
greenwich therapeutics limited; csc warehouse (c),9
multi -pac limited,9
hebei new century pharmaceutical company limited taihang street shijiazhuang city hebei province- china taihang street shijiazhuang city hebei province- china,9
organon south africa pty limited,9
frankabot pharmaceutical,9
imperial market access gh. limited,9
ice sea ghana limited,9
ashish life sciences private,9
strides shasun limited strides,9
"hetero labs limited; 7a, a2 hetero corporate, industrial estates sanath nagar, hydrabad 500018, telangana, india",9
msn laboratories private limited,9
cadila pharmaceuticals limited,9
b. foster bakery,9
hospitality and catering supplies limited,8
asaaba naturalsge-328-1083west legon,8
kama industries limited,8
dps gmbh limited - next to new kicc dominion spintex road,8
mvc pharmaceuticals limited,8
verve human care laboratories,8
"fairafric ghana limited, amanase near suhum, close to yayra glover ghana limited",8
star foods global investment limited,8
prisma pharma fze,8
ernejoyson company limited - yass,8
rabito clinic limited,8
"frozen shore, airport",8
"kasapreko co.limited., teshie-nungua",8
kent pharma limited,8
aristopharma limited,8
acino ag am windfield,8
dexvet ghana limited,8
mafricom ghana limited,8
"magdavis catering services, kaneshie",8
shalina healthcare dmcc,8
stallion laboratories private limited,8
rebeghan ventures,8
vielim royal limited,8
surmount laboratories private limited a,8
"bharat parenterals limited 144&146 jarod samlaya road, vill. haripura, ta. savli, dist. vadodara",8
ambica impex limited,8
joshmat foods,8
"trident life private limited 2001, 2nd floor, apmc krushi bazaar, falsawadi, ring road, surat, gujarat 395002, india",8
hay foods limited,8
vihilda com. limited,8
allon health & pharmacy limited,8
cave and gardens ghana limited,8
alivira animal health limited 301/a dosti pinnacle,8
f hoffman-la roeche limited grenzachestrasse,8
sandoz pharmaceuticals d d,8
vital pharmacy limited,8
care view pharmacy limited,8
aurobindo pharma limited,8
nature farms gh. limited,8
atnahs pharma uk limited. - sovereign,8
feedico company limited,8
b&o pharma zacdela masquere,8
jl bakery limited,8
sky bridge pharmaceuticals limited,8
jeddean company limited,8
dew foods,8
we,8
sika kroabea company limited,8
lavina pharmaceuticals private limited,8
intas pharmaceuticals corporate,8
charak pharma private limited,8
"bede ne bana limited company, half assini",8
afrizone market limited,8
phersons pharmacy limited,8
dimd ghana limited,8
emil pharmaceutical industries private limited,8
shescave enterprise,8
maurya foods limited,8
the b.b. harrington vent,8
delphi tech limited,8
"bayswater industries limited., keta",8
"""maridav gh limited pmb ka 144, airport-accra""",8
enso nyame ye cold store limited,8
maxgringo production,7
geo medicore limited,7
dh limited company,7
forward thinkers farm,7
fountain foods limited,7
nkulenu industries limited,7
thali's ghana limited,7
wusuaa frozen foods,7
iona pharmacy,7
x-class solutions limited,7
ck meat & seafood,7
tankwa bia vent,7
the wine croft limited,7
jay kay ind. & inv. limited,7
till healthcare private limited,7
france mod enterprise,7
johnson & johnson - 3rd floor nester square building airport city,7
cherry pine farms limited,7
wilaman investments,7
wilmar africa limited,7
"shore foods, airport",7
"cheaper lines limited., tark",7
pfizer specialities ghana limited . c/o iqvia,7
shreeji ghana private limited company,7
mega lifesciences,7
new global phamaceutical limited,7
sama ace holding limited,7
the lifestyle unit limited,7
intervet s.a. (pty) limited,7
a & z life science limited - company,7
adom beauty enterprise,7
afro concessions limited,7
afro organnics essentials limited,7
eterno trading enterprise,7
medicamen biotech limited (site - 1) sp,7
gilat chemist limited,7
abbott laboratories (pty) limited,7
esiko impex companyltd,7
mal titi chemist limited,7
"zenex animal health india private limited - 9th floor n.g. tower, satellite cross roads ahmedabad-380 015, gujrat, india",7
r k d pharmaceuticals llp,7
pakro gh limited,7
mac-arthur limited. com,7
"stedman pharmaceuticals private limited, c-4 sidco pharmaceutical complex, alathur thiroponur 603 110, tanil nadu, india",7
ally commodites limited,7
almcana limited,7
owford ventures,7
"ebi foods, aflao",7
pegasus pet center limited,7
gracepong enterprise,7
golden tower limited,7
gonadosan distribution gmbh romerstrasse 2,7
lavina pharmaceuticals private limited - office,7
annes perfections,7
"msd (pty) limited - 117 16th road, halfway",7
sun city limited,7
exclusive la foods,7
onyx pharma,7
wellkind pharmaceutical private limited,7
pepmaster foods limited,7
o'nart pharmacy limited,7
montana montaire enterprise,7
principle healthcare international limited,7
"charlieboy enterprise., nkawkaw",7
kamil maihulla limited,7
artemis sciences limited,7
arla foods limited,7
multivet ghana limited,7
karla forjoe enterprise,7
sandview enterprise,7
procom logistics limited,7
freeze foods gh. limited,7
dps gmbh limited,7
saga life sciences limited survey,7
"ferrer internacional, s.a. gran via carlus 94-08028, barcelona, spain",7
"a sarps pharmacy and cosmetics limited, east airport ,accra-ghana",7
"ferring pharmaceuticals sa, jordan abdali area, rahik al hariri avenue the badevard, jordan",7
nyastek enterprise,7
sandoz gmbh biochemiestrabe 10,7
atlantic life science limited,7
cadila healthcare pharmaceuticals limited,7
ft foods limited,7
vmd n.v,7
w h & f frozen food and farm limited,7
"royal sweet limited., kaneshie",7
"stallion laboratories private limited - 8th floor, devpath behind lal bungalow, off c. g. road, navrangpura, ahmedabad - 380006. gujarat, india",7
b & o pharm - zac de la masquere,7
virchow healthcare private limited,7
habmay pharmaceuticals limited,7
yew supplemets,7
g el makarios vent. limited,7
dmkk enterprise,6
syl silky expert,6
nutrade limited,6
benjbelle company limited,6
"benniesah company, limited",6
asterisk life sciences,6
datewell prime enterprise,6
cheplapharm arzneimittel gmbh ziegelholf 24,6
medcourt pharmacy,6
west africa container agency limited,6
medibios laboratories limited,6
covenant love cold store limited,6
atnahs pharma uk limited sovereign,6
novus industries & trading limited,6
neha food processing limited,6
jedd frozen enterprise,6
plow e-mak international limited,6
clemhert ind. limited,6
three hills limited (formerly known as three hills gh. limited.),6
letap pharmaceutical limited,6
win-medicare private limited,6
investrade int. company limited,6
northern dreamz limited,6
lindajay essentials limited,6
"mars remedies private limited, flat",6
pinabo ventures,6
bb associates limited,6
nouvelle parfumerie gandour gh. limited,6
phyllyps medical diagnostic company,6
logexperts limited,6
"geno pharmaceuticals private limited; pharmaceuticals complex, tivim industrial estate karaswada mapusa goa",6
genix pharma (private) limited,6
shanghai fosun pharmaceutical development company limited room 350,6
norvatis pharma ghana limited,6
samgyem,6
navkar lifesciences,6
"pharmatrust limited, scc new weija girel, behind scc police station",6
"africa afro trading limited, accra, g/r (formerly known as afro concessions limited.)",6
legon trading company limited,6
emasmen company limited,6
teva pharmaceuticals industries limited; dvorah haneviah 124,6
ivo ghana limited,6
nissivit oak foods,6
"janssen cilag international, nv turnhoutseweg",6
ciron drugs & pharmaceuticals private limited c 1101,6
chf heron ghana limited,6
supra pharma limited,6
"ice joy ghana limited., amasaman",6
"francis remedies private limited ville mandawali reorhee, india",6
"berwus trading enterprise, kumasi. gps address:",6
fele alie limited,6
"kadd integrated farms limited. takorawatwen, afram plains, e/r. gps address :eq- 04673-5621",6
ask foods enterprise,6
"wellkind pharmaceutical private limited - 46/4, mahaveer chowk, muzaffarnagar, ncr-delhi, (u.p.) - 251001 , india",6
akshan enterprise,6
herbalife international luxembourg s a r l,6
"msd(pty) limited, private bag",6
"sulu investments limited, shed",6
hills extra enterprise,6
hetero labs limited 7,6
moon pharma ghana limited,6
hovid berhad,6
glaxosmithkline export limited,6
"megan chemist, 46th nii sempe high street, new mamprobi",6
glumen ghana limited,6
perfect pharmaceuticals limited,6
mtv marketing,6
bedita pharmacy,6
borashee pharmaceuticals limited,6
rosswood company limited,6
remax impex ventures,6
pfizer specialties limited,6
leespec enterprise,6
skant healthcare limited,6
oak barrels private limited,6
first class groceries enterprise,6
trade post company limited,6
queisser pharma gmbh & co kg schleswiger strasse 74,6
biomatrix healthcare private limited,6
ikam plus company limited,6
imperial strategies limited,6
snf faustep enterprise,6
la renon healthcare private limited 207-208 iscon elegance circle p-prahlad nagar cross roads s.g highway ahmedabad,6
"frozytrade foods, ahafo",6
"goldcoast food, herbs & spices limited., kwanyako-akotsi rd",6
"korlyns therapeutics limited linkfield lane redhill, rh11jl surrey, england, united kingdom",6
kubehene special,6
modtay company limited,6
hebei kexing pharmaceutical company limited,6
green lion company limited,6
"cake boss catering & trading enterprise., gps",6
"really great brands limited., airport",6
eco feeding gh. limited,6
frosty bite gh. limited,6
"fair and safe limited,c/o",6
fairafric gh. limited,6
ceva-phylaxia veterinarybiologicals co limited h-1107 budapest szállás u5 hungary,6
reiss & company (gh) limited,6
danadams pharmaceuticals industry limited,6
"vymed pharma llp 174gurudatt society,waghodia road,vadodara",6
panacea pharmaceuticals limited,6
health foresight pharmacy limited,6
palace shopping mall,6
"p.a. agro farms limited, nkoranza-nyinase, near jerusalem, h98r+f97, bono east region",6
"ebonu hyia limited company, half assin",6
miffy catering services,6
alyce field plus ventures,6
v.s.s vent,6
phramatrust limited,6
martweva vent,6
mary agoe adjetey enterprise,6
shalina healthcare dmcc 30th floor almas towers jumeirah lakes dubai united arab emirates,6
7 seas foods limited,6
magic manufacturing and bottling limited,6
mama g venray enterprise,6
accra brewery plc,6
"e. o. kansarfo ventures, adum",6
yogi care pharmaceuticals private limited,5
abukay cuisine,5
mal-titi chemist limited,5
magpye hub,5
"rkd pharmaceuticals llp - marathon max mulund west mumbai 80, india",5
yven k enterprise,5
"dexvet ghana limited, palm wine junction",5
acino pharma birsweg,5
ge healthcare as,5
conte healthcare private limited,5
4u ghana company limited,5
"abbvie pty limited - building 7, waterfall corporate campus",5
equatorial healthcare services box dpp f 30/31 sakomono,5
20th october enterprise,5
stereda pharmaceuticals limited,5
ssa supplements (pty) limited,5
bright foods,5
"kmtyw enterprise, mampong, e/r. gps: e2-0885-3713",5
mkr commodities limited,5
mint life pharma limited,5
hakama company limited,5
groital company limited,5
grey pacific gh limited,5
"bremon pharma - 121, the galleria mall, yogi chowk, surat- 395010,gujarat, india",5
gt foods limited,5
palb pharmaceuticals,5
royal dach pharmaceutical,5
royal city company limited,5
efama coldstore enterprise,5
mohammed ali osuman enterprise,5
mohammed addo ansah,5
boris b's farms & vertinary supplies gh. limited,5
b & o pharma rm a-522,5
overseas health care private limited 335km milestone national highway,5
amisachi limited,5
amigos commodities (gh) limited,5
exeter pharmaceuticals - queensgate,5
oson`s chemist limited,5
pascraman limited,5
paradise green groceries limited,5
sophia abundance grace enterprise,5
m.g. farms & trading limited,5
"merkot pharmacy, kasoa congo villa off ofankor road",5
"extendis pharma, s.l. - calle tres torres, 49",5
exphar s a - avenue thomas edison,5
sdg p mocent pharmacy limited,5
scilife pharma private limited,5
crystal fisheries limited,5
dahzah brand gh. limited,5
solak biochemist limited,5
good example pharmacy limited,5
white universe limited,5
meridianvault enterprise,5
"waterfront all services limited, opposite engen filling station, meridian road",5
wask food and beverages limitedcom,5
"akyeke yefe limited company, half assini, jomoro",5
akurasi freshco enterprise,5
mensavo christo company limited,5
victor flow enterprise,5
rakima limited,5
farbe firma private limited,5
danasmax enterprise,5
danafrim enterprise,5
starr life sciences,5
"""boehringer ingelheim international gmbh binger strasse 173",5
boateng abusua product trading company limitedge- 354- 7583dome,5
raosi ventures limited,5
ranov enterprise,5
vical food & inv. limited,5
golden parani limited company,5
gramundo investment limited,5
god on the mountain,5
redachem industry gh. limited,5
wendil hub ventures,5
wellbiotic espana,5
weave ghana limited,5
"conta healthcare private limited. - 203, shrishti plaza, sakivihar road,powai, mumbai, suburban, maharashtra 400072, india",5
charak pharmaceuticals private limited,5
sudarshan pharma industries limited 55/547 mhb coay mahavir nagar kandivali,5
"blue map pharmachem - 513-514, agarwal b2b centre, kanch pada road, off. link road, malad (west), mumbai-400 064, india",5
omega meyer gh limited,5
frimsa foods,5
frigid chill,5
frieslandcampina west africa limited,5
mr kitchen company limited,5
k. marx,5
hm medics sas,5
blister limited,5
kepro bv,5
msn lab europe limited; devonshire bruvires center works road letchworth garden city uk,5
annaac prime limited,5
cerefix foods enterprise,5
"lanoah esk limited., co",5
el-natural foods,5
double f limited company,5
bixports limited. co,5
arasselgourment,5
kanorm organics,5
freelington enterprise,5
honeymord haven,5
big stars animal feed limited,5
fenaam ind. limited,5
"trust time company limited, ashanti region",5
mvc pharmaceuticals,5
feedhomes (gh) limited,5
fish and feeds limited,5
beximco pharmaceuticals limited,5
decadent frozen limited,5
degreat amp k. vent,5
perfect sail enterprise,5
wilsgrow ghana limited,5
iron man import and export limited,5
sylsam bakery,5
"sybadel sciences private limited, b-601, vedant, unnatngr 2, off m.g. rd, goregoan (w), mumbai 400104, maharashtra, india",5
nutrileague limited,5
saliscom com. limited,5
"top saho company limited, tublukope, denu",5
aya herbal industries,5
nasfeg trading limited,5
pharmasymbiosis limited,5
glaxosmithkline international,5
gabyjoe company limited,5
"gbt ventures, gps",5
renola enterprise,5
lika distribution ghana limited,5
tianjin able group limited,5
newnesscare inc 1,5
intervet s a (pty) limited,5
novum pharma b.v - keyserswey 20,5
jeh-roph(agnes) catering services,5
tina yawson limited,5
ayrton drug manufacturing limited,5
adonko bitters limited,5
"livealth biopharma private limited - regd. off. - 77, ratna jyot industrial premises, irla gaothan, vile parle (west), mumbai - 400056. maharashtra, india",5
"porchrissa enterprise daasebre estate, koforidua. gps address: en:038-8282",5
philkof enterprise,5
ciron drugs & pharmaceuticals private limited,5
ckim pharma llp,5
pharm evo private limited,5
adco tyre and trading company limited,5
ipca laboratories limited p.o sejavta ratlam pin,5
ipca laboratories limited,5
tascong trust,5
tasco food enterprise,5
neo pharma centre limited,5
"nova premiere vent., limited",5
bayer east africa limited outering/thika ruaraka,5
baseline pharmaceuticals limited. opposite the aayalolo bus terminal near cocoa,5
bayer west central africa sa,5
jachin foods industries limited,5
jacfa limited,5
deol@'s hub,5
maval foods,5
glaxosmithkline export limited- 1,5
shanghai fosun pharmaceutical development company limited building a,5
"shalina laboratories private limited, 96, maker chambers vi, nariman point, mumbai, maharashtra 400021, india",5
market summary enterprise,5
lymezz pharmacy limited,5
lucky development company limited,5
livealthimage biopharma private limited,5
ziraat,5
zoetis belgium s.a,5
macarthys laboratories bampton road harold hill ramford rm3 8ug united kingdom,4
macheal laboratories limited,4
zamzam royal limited,4
"zein foods ventures ,tema new town",4
abanga farms and food systems limited,4
abbott laboratories s.a. (pty) limited,4
abbvie pty limited p.box,4
aaams green butterfly busket enterprise,4
pinnacle lifesciences private limited - 3rd floor mahendra industrial area road,4
"seven seas limited - the heights, brooklands, weybridge, surrey kt 13 0xp, united kingdom",4
"shalina healthcare dmcc - 30th floor almas towers jumeirah lakes dubai, united arab emirates",4
genesis lifestyle,4
cn terminal limited,4
"genius baker, tantra hills",4
pokupharma company limited,4
cresthills farms limited,4
crown healthcare limited,4
crown meal enterprise,4
senes pharma company limited,4
ganikderma ghana limited,4
glory saraba ventures,4
pharma dynamics (pty) limited - 1st floor grapevine,4
shreechem pharmaceuticals private limited,4
"sika kroabea company limited (formrly rebaj impex company limited., accra, g/r)",4
silicon valley international school,4
"s kant healthcare limited - 3-a shiv sagar estate dr annie besant road worli mumbai - 400018 , india",4
gokals-laborex,4
goldenbay star company limited,4
"ceva animal health, llc",4
chambers too much sauce,4
golden parani enterprise,4
peace abla gavor enterprise,4
so-cvs investment /chemist limited,4
sogenix pharma llp n0,4
sea bay pelagic,4
frozen impex,4
frozen paradise limited,4
grower's squeeze enterprise,4
g&s hungry breads ghana limited,4
solution frozen foods ventures,4
gospano limited. co,4
gp healthy bakes & catering services limited,4
pam pharmaceuticals limited,4
buzzard co.limited,4
specialty beers(ghana) limited,4
harvest haven agripro limited,4
"gymkeli ventures, accra north",4
haano limited,4
boehringer ingelheim international gmbh binger strasse 173,4
orley laboratories private limited,4
osamed green solution limited - h/no,4
dailyfood limited,4
prijopharma limited,4
prima pharma - btm/bn/42 borteyman,4
onart pharmacy limited,4
herbalife of gh. limited,4
strides pharma science limited,4
optrade company limited,4
olisto restaurant,4
blow chem industries limited,4
summit alpha international corporation limited,4
fresenius kabi south africa strand,4
freshland cold stores,4
pris - davi ventures,4
sanofi-aventis,4
das biz supply,4
"bioveta a.s komenskho 212 68323, ivanovice na haze, czech republic",4
supply dorm ventures,4
off-side import & export,4
homefoods processing and cannery limited,4
hoshii international limited,4
imexco trading ventures limited,4
impact food hub limited,4
indian herbs specialities private limited,4
"bhigs organic foods limited, effiduase",4
ikemmax pharmaceuticals limited,4
davejerry impex,4
"d'effizzy trendz, accra,. g/a",4
de heus ghana limited,4
debamen ghana limited,4
sanbao (gh) pharmaceuticals limited; free zones enclave,4
frank gokah enterprise,4
infitco ghana limited,4
innocia lifesciences private limited,4
inspiring lives consult,4
"suronipa shipping and logistics ghana limited, new town",4
bethvida company limited,4
berlin cheme ag,4
"swiss parenterals affairs 808, 809, 810, karela industrial estate gidc near borla ahmedabad",4
be forgiven enterprise,4
nyame anoa bites,4
"iron man supplements, kojo thompson road, adabraka",4
novo nordisk kenya,4
bb sweet eats,4
b.c bencyn pharmacy limited,4
b-diet limited,4
beacon source and services limited,4
the arab pesticide and vertinary drugs,4
"bayer representative office ghana, 4th floor emporium (regus), movenpick ambassador hotel, independence avenue, ridge",4
profoods limited,4
jada foods limited,4
"baxter oncology gmbh kantstrabe 233790, halle wesfalen, germany",4
isabella healthcare services,4
jays broth enterprise,4
nissi pharma limited,4
"theon pharmaceuticals limited; saini majra, the nalagarh dist. solan 174101, himachal pradesh, india",4
baron healthcare limited,4
three dreamer manufacturing company limited,4
nezer food arena,4
baccara enterprise,4
tianshi health industry enterprise - (gh) limited,4
tickles trading,4
til healthcare private limited jhave center rafah annamalai building,4
dikagui enterprise,4
salsius limited,4
pro-others company limited,4
"forever living products ghana limited number ii kwabena duffour road, airport residential area",4
til marketing( ghana ) limited,4
"azariansmith enterprise, aburi",4
"azelis chemicals ghana limited, abelemkpe archer road, accra-ghan",4
tko frozen foods limited,4
neolife international (pty) limited,4
johnson & johnson limited bpk 24/main road / hoofweg,4
johnson & johnson middle east fz llc ghana branch,4
"nark's base food, otamens, kasoa",4
natura crest enterprise,4
naturaljd limited,4
punjab company limited,4
d'lorms limited. co,4
saints food enterprise,4
first state import and export limited,4
jos pharmaceutical company limited,4
joswus enterprise limited,4
nanas dea enterprise,4
n & a pharmacy limited j,4
aura pharmaceutical private limited,4
trident lifeline private limited - falsawadi ring road surat,4
naari pte limited,4
astra investments limited,4
kafnam company limited,4
true oak enterprise,4
ascend logistics,4
naam frozen foods ventures,4
dollynang limited,4
sabec foods,4
safrip gh. limited,4
mushaban enterprise,4
musu one,4
"ascot pharmacy limited - st john tantra hill road, accra, greater",4
"asempa pharmacy, prempeh ii street, abraham haick building",4
asanduff group limited,4
two thousand limited,4
multinational business park link 384pech block,4
uniza lifecare private limited,4
ken's farm fresh enterprise,4
kenyio manufacturing company limited,4
ann's deedew foods,4
kgn impex limited,4
"kilitch drugs limited, 37/39 ujagar industrial estate, wt pati mars deonar mumbai maharashtra india",4
fatimat enterprise,4
east cantonments pharmacy limited,4
eazzy cuisine,4
r s yaso ventures,4
fareast mechantile limited,4
farmers real alternate trading,4
vicdoris pharmaceuticals limited,4
kingsinli company limited,4
kitchen pan,4
moon pharma ghana limited moon,4
vega biotec private limited,4
"vellinton healthcare - village-rampur jattan, trilokpur road kala amb sirmour ( h.p ), 173030, india",4
kofikrom pharmacy limited,4
moi foods gh. limited,4
vestige marketing private limited,4
vibrant skin care & beauty line of products,4
fahdriss farms,4
faith cold store,4
really great brands limited,4
rebma-impex gh. limited,4
ec & j global limited,4
eden tree gh. limited,4
vinolia wealth,4
amex pharmacy limited,4
amnats local enterprise,4
amalgamated feeds limited,4
amanta healthcare limited,4
amaraq foods,4
kojo coast,4
koko plus foundation,4
korde chemist limited,4
aloha enterprise,4
altimate agro chemical company limited,4
"alvanndy ventures, awudome estate",4
kukorica,4
koudijs ghana limited,4
"royal group - onb-e/2, mehar sons estate, talpur road, karachi-74000, pakistan",4
rsc skincare limited,4
expert pharmaceuticals,4
kyei and sons global trading limited,4
v.m.d nv,4
lasal frozen foods,4
menarini international operations luxemborg sa,4
wagyeme herbal centre,4
walter ritter gmbh,4
laboratorios hipra sa,4
akro frozen food enterprise,4
laprovet hungary veterinary pharmaceuticals limited,4
reckitt benckiser (nig.) limited,4
reiss & co (gh) limited,4
root foods company limited,4
rostrum pharamcy limited,4
rovink industries,4
mega lifesciences public company limited,4
ld collins & co limited,4
ai naturals enterprisegm-077-2241pantanggreater,4
medibroad pharma company limited room 8/10 jiaxing b'dg,4
"agro kings limited., osu",4
white volta limited,4
libravo enterprise,4
life essentials supplements,4
mazia co enterprise,4
afav ansah limited,4
legendary foods limited,4
"roxin ghana limited - pmb 78,osu",4
remie foods ventures,4
"everything cacao gh limited., gps address:ga-102-9497, adaraka",4
renada chemist limited,4
emigoh gh. limited,4
"rockcare beverages limited, suhum",4
rockgee pharmacy limited,4
maxmed enterprise,4
adsey's nest,4
aduabapa foods,4
aditya birla global trading (ghana) private limited,4
"maxheal pharmaceuticals (india) limited, j-7 midc tarapur ind estate, boisar401506, dist-palghar maharashtra, india",4
little sesame foods,4
longdon food enterprise,4
lordish ventures,4
y-dan enterprise,4
marine medicare private limited; village kulhariwala 174103- post office mandhala tehsil baddi district solan himachal pradesh,4
"lupin limited; kalpataru inspire 3rd floor off western express highway, santaniz (east) mumbai, maharashtra 400 055, india",4
lynkopp limited,4
acino ag leopoldstrasse 115,4
"ernejoyson limited, kasoa",4
ernest ampofo trading enterprise,4
emporio foods,4
"30th floor, almas tower, jumeirah lake towers - dubai - united arab emirates",4
reyoung pharmaceuticals company limited,3
macks industries limited,3
macleuds pharmaceuticals limited,3
equitas solutions,3
5 gates ventures,3
"maame sarpomaa's catering services, odumasi, sunyani, bono region",3
mabson enterprise,3
macarthys laboratories limited,3
yisrael foods,3
yogi care pharmaceutical private limited office1113,3
esapharma s.r.l,3
abbvie (pty) limited abbot place 219,3
abott laboratories sa (pty) limited,3
yozt limited,3
look-in,3
masters pharmaceuticals limited,3
yakubu abdallah,3
"acon biotech (hangzhou) company, limited",3
mawnette,3
xo trading limited,3
yakings enterprise,3
max international inc 102s 200e suite,3
linda mintah tasty yummy's,3
liplik limited,3
etc agro ghana limited,3
et frozen foods ventures,3
emcure pharmaceuticals limited t,3
"aduro ye herbal centre., obuasi",3
aether centre (beijing) biology company limited,3
"lexvee agro processing limited., saaman, fanteakwa south. gps address: e6-527-7017",3
life 3n relief lbg,3
winner pharmaceuticals,3
africa afro trading limited,3
wise,3
"meadow foods, alhaji last stop, mile 7",3
medical cure international limited,3
"ag rose company limited, woarakose",3
agyeman badu company limited,3
"agbalenyo-free enterprise., mafi kumase",3
ago aheley foods,3
agro africa limited,3
"win-medicare private limited - 1311, modi tower, 98, nehru place, new delhi 116019, india, india",3
medivet company limited,3
medopharm medo,3
"mega lifescience pty limited; victoria 3810,australia",3
mega lifesciences (australia) pty limited,3
reckitt benckiser nigeria limited,3
rectrade international limited,3
reejs company limited,3
"relish company limited, akai",3
el paradis cosmetic ghana limited,3
"rosequaw enterprise, sekondi",3
laurus labs limited,3
lavina pharmaceuticals private limited office,3
"western beverages limited, accra, g/r (formerly known as pernod ricard gh. limited.)",3
whesoyy enterprise,3
wh&f frozen food and farm limited,3
eg apps limited,3
ejonda enterprise,3
royal fresh taste,3
expert trade enterprise,3
extreme organic products enterprise,3
exxcell pharma limited,3
faa fresh proteins,3
reboboa enterprise,3
akomar ghana limited,3
lanzarote logistics limited,3
laprovet,3
mepoat trading agency limited,3
akusungil enterprise,3
"farmright agric consult, kasoa",3
fair and safe limited,3
rash-rayyan catering services,3
edceyonline,3
royal optimum company limited,3
"royal sweets company limited., kaneshie",3
aladdin bakery & snack bar,3
merck serono limited,3
ladybird enterprise,3
ladylogo enterprise,3
"landover farms limited, airport",3
merck serono s.p,3
"kwahu root and fruit processing company limited., nkawkaw - e/r. gps:",3
kwame duodu ofori enterprise,3
kwick pharma limited,3
alexiss ny enterprise,3
vmd n.v. - hoge maux 900,3
famfretag enterprise,3
eat smart foods,3
ebci naturals,3
dzifake ventures,3
drushba veterinary suppliers limited,3
farmershaus ghana limited,3
allie's foods limited,3
all smoked limited,3
vita luxe,3
"kunetco enterprise., sunyani, b/a",3
micro labs limited,3
miss-cookie limited,3
vieva bee enterprise,3
"vigor bioscience ghana limited - kokomlemle,accra,nuumo yaorte st.ga-070-7995",3
rabboni oriental store,3
rafix impex,3
"amajuka farms, community one",3
"amasaid enterprise., wa, u/w",3
"amegh pharma private limited. 602, jai krishna complex",3
knvm medicare private limited kh,3
vetabelle mega kokomlemle,3
vetshop ventures limited,3
a. menarini manufacturing logistics and services,3
amen scientific herbal clinic,3
k-mart groceries and baby products,3
morinston vent,3
ampscoe medical and pharmaceuticals limited,3
amuzu herbal clinic,3
anchor brands limited,3
vega biotics,3
vegagen uk limited the litton suite sheepbridge business centre chesterfield s41 9ed united kingdom,3
"verano limited., kanda",3
motc impex,3
mpad company limited,3
mpampa cereals,3
mr. kitchen company limited,3
biological e limited,3
up juice,3
f&m world enterprise limited,3
fine care limited,3
"ferrer international s a gran via carlos iii - 94(barcelona) 08028, spain",3
"anoah's bakery, nsukwao- koforidua, gps address:",3
andyfaith pharmacy,3
ann egyir ventures,3
"keylink global exim private limited - p.no. 150/1, 3rd floor, shipra path, road, mansaroar, jaipur, india, india",3
keystone gbs company limited,3
"kinapharma limited - b920/10 mausoleum lane, north industrial area, north kaneshie",3
msn laboratories private limited msn,3
thakkar investments,3
flourishzone trading enterprise,3
divine organic hub,3
"sahdo industries company limited, pokrom, e/r. gps:",3
saikirpa limited,3
salbix foods,3
unique a4 africa limited,3
arasa inv. limited,3
ara’s natural enterprise - sabonhda pagsara road,3
ara’s natural enterprise sabonhda pagsara road,3
aptamer pharma private limited,3
unosource pharma,3
kenheal healthcare private limited,3
vegagen uk limited - the litton suite sheepbridge business centre,3
"dinnerss restaurant., aflao",3
"deva holdings a.s halkali merkez mahallyi, basm ekpres caddeyi",3
foremost integrated enterprise limited. teshie,3
"pulse mineral water company limited, amanfrom-nsawam (opp. presbyterian jhs, nsawam)",3
pure & fresh limited,3
florico processing enterprise,3
argobra ventures,3
"kej-mends craftycakes services, gps",3
"kasapreko plc (originally kasapreko co limited.), dtd #64, off spintex road, baatsonaa",3
kb & ayeyi enterprise,3
ashmate enterprise,3
ashmo enterprise,3
mvc pharmaceuticals limited 145b paresh complex kasher bhiwandi,3
kakela perish limited,3
"true factory limited, nsawam aduagyiri, e/r. gps:eg-156-9029",3
t.t brothers limited,3
jtn logistics limited,3
julienica company limited,3
sanpasture ghana limited,3
"de don limited company, tuobodom, bono east region",3
delight pharmacy limited,3
sanbao (gh) pharmaceuticals limited,3
fourrtis lab private limited avenue annai indira napa-okkiyam thoraipakkam chennai,3
dernogo enterprise,3
najwad business enterprise,3
"nannes nhyira ventures, teshie nungua estate",3
"naple betta farms limited company, new dormaa, sunyani, bono region",3
nappytalia sowah kwade street,3
johnson & johnson middle east fz llc 3rd floor nester square airport city,3
jolee foods,3
avnash industries gh. limited,3
total family health organisation,3
jocovet limited. co,3
prima pharma btm/bn/42 borteyman,3
prime dominion foods limited,3
fresenius kabi manufacturing sh (pty) limited,3
prinlex pharmacy limited,3
francopat company limited,3
sandoz pharmaceuticals d.d - verovškova ulica 57,3
sanofi winthrop industrie,3
ayisi de mundi enterprise,3
azelis chemicals ghana limited,3
"nayag infinity enterprise., koforidua -old estates, e/r. gps address:",3
neu ice enterprise,3
neuron pharma private limited,3
new jovakus ventures,3
newnesscare inc,3
a&z lifesciences limited cfc estate dome,3
b2 barika enterprise,3
dannex limited,3
"danco impex, teshie nungua estate",3
dancyn's ventures,3
prestige trade limited,3
tianjin zhongsheng glory technology co limited,3
jayden trading ventures,3
n&j farms limited,3
nkab,3
"theon pharmaceuticals limited. - village: saini majra, teh: nalagarh, dist.: solan-174101, (hp)., india",3
"bak foods & beverages enterprise., kwabeng, e/r. gps address:",3
thornton & ross limitedlinthwaite huddersfieldhd7 5qhunited kingdom,3
jannika food processing,3
japko investment limitedkasoa krispol citycx-069-3712,3
jaljaden enterprise,3
"nkwa indigenous foods limited., asuoyaa-koforidua. e/r. gps address: e2-0792-2584",3
post genexix international limited,3
sbc beverages gh. limited,3
"crystal maador ventures, akosombo, e/r gps:",3
cup of joy ventures,3
sdtm gh. limited,3
see fresh frozen foods limited,3
frosty slogan enterprise,3
bayer schering pharma africa gmbh,3
barrels and beverages enterprise,3
baxter pharmaceuticals india private limited,3
itw health uk limited,3
tc waakye joint limited,3
tessyesi enterprise,3
teva pharmaceutical industries limited,3
the head of regulatory affairs vitabiotics limited,3
bayer east africa limited - outering/thika ruaraka,3
north south seafood limited,3
novo nordiska/s 3rd floor avenue,3
intravenous infusion limited,3
selasie farms and groceries,3
senador laboratories private limited,3
"senes pharma company limited. - michel camp road, comm 21/22, juno, tema, ghana",3
septemberzgrill10,3
futura surgicare private limited,3
tas prime limited,3
b.c benyn pharmacy limited,3
tav veterinaria sl diagnonal,3
taytron enterpprise,3
"novo nordisk kenya limited. 7th floor, the convex on rwerside lane",3
nu chico trading enterprise,3
"belco pharma private limited a3314 paschim vihar, new delhi 110063, india",3
bedibenah foods & beverages,3
nuriche,3
nusetor foods limited,3
nutrivine hub,3
conyx mercantile limited,3
copra trading & logistics vent,3
sgr food import & export limited,3
geetorks company limited,3
porter pharmaceutical limited,3
g. baisel enterprise,3
inicio bd company limited,3
"innocia lifesciences private limited, 12a/2 spartan nagar,muggapair,chennai,tamil nadu,india,600037",3
"best chef coldstore, accra newtown",3
beslim,3
impulse pharma private limited,3
obstev sto limited,3
ocean friendly limited,3
biocon limited,3
coldstore hub,3
colgate palmolive ghana limited,3
"complete farmer limited., afram plains- maame krobo, gps address:",3
shanghai desano bio pharmaceuticals co limited,3
"genix pharma private limited., 44-45 b, korangi creek road, karachi 75190, india",3
bf suma pharmaceuticals inc,3
"bg gold enterprise., kasoa",3
hush foods,3
sunset food processing,3
super drop company limited,3
"ocm industries limited, gomoa aboansa",3
hords limited,3
"hospira australia pty - 1-39 lexia place mulgrave, victoria 3170, australia, australia",3
ohene djan enterprise,3
o.k.d organic products limited,3
blisters pharmaceuticals limited,3
"sunella hygienic and business enterprise., kasoa - winneba rd",3
"sunlife produktions-und vertriebsgsesellschaft mbh schierbusch 3,33161 hoevelhof, germany",3
hills pharmaceuticals limited,3
hipark ghana limited,3
hernas enterprise,3
shea soul enterprise,3
ghana rubber products limited,3
giant foods enterprise,3
pink lemon organics,3
cocoa processing company limited,3
coldfusion foods & beverages,3
hg hendy farms limited,3
olus g,3
helluva bite,3
henrima catering service,3
blue map pharmachem,3
blue skies juice gh. limited,3
cilag ag hochstrasse 201,3
pharmatrust limited scc new weija gicel behind police station,3
"girlfarmshub, gps:",3
gko eastern medicals and pharmaceutical limited,3
gland pharma limited survey,3
glaxosmithkline consumer nigeria plc rc 8726,3
strides pharma science limited strides,3
success lane company limited,3
blessed obeng enterprise,3
oscar impex limited,3
starlife science,3
starlink logistics com. limited,3
sta service team limitedpmb ct 9941cantoments,3
stelladot enterprise,3
health site ghana limited,3
healthy concepts,3
"over organizacion veterinaria regional srl - alfonsina storni 680. san vicente. santa fe , argentina",3
"boisons trading enterprise, korle gorno",3
bon arrive limited,3
chef amal catering,3
cheplapharm arzneimettel gmbh - ziegelhof 24,3
champ impex limited,3
pfizer specialties limited c o iqvia,3
pharmacare limited - unit,3
botanical benefits limited,3
hammyhammy catering and decor,3
owfordvet enterprise,3
"bristol laboratories limited - unit-3, canalside, northbridge road, berkhamsted,hertfordshire, hp4 1eg, united kingdom",3
brandroot supplies,3
"spring agro industries limited, gps:",3
springate investments,3
spring-forth foods,3
paca 'b' enterprise,3
gyarko farms and foods limited,3
sl impex limited. co,3
peng & tasty bakery,3
glumex pharmaceutical mfg private limited,3
perfect personal care limited,3
palate foods industry gh. limited,3
gtg pharmaceuticals limited,3
gtg pharmaceuticals,3
guilin pharmaceutical co limited,3
palb pharmaceuticals limited b9,3
palvec enterprise,3
pam p’cals limited,3
"panacea biotech limited; b-1 extension, g-3, mathura rd, block e, mohan cooperative industrial estate, badarpur, new delhi, delhi 110044, india",3
bunnies & pumpkins,3
cachet pharmaceutical private limited,3
cadbury gh. limited,3
"specialty beers gh. limited., nsawam adoagyiri. e/r, gps address",3
brence holdings limited,3
pan africa b2b marketplace technologies limited,3
greenwich therapeutics limited - csc warehouse c,3
group one commodities limited,3
peace indo ghana limited,3
catgina,3
gskya global limited,3
careview pharmacy limited,3
cadesmee international com. limited,3
sonite gh. limited,3
gredee enterprise,3
"green-9 company limited, east legon, ghana. gps:",3
greenline juice and smoothies limited,3
pasto & brothers fisheries limited,3
patthes organic,3
granny pastries enterprise,3
golden sail logistics limited,3
"society for family health internatioal ghana, 4th floor gulf",3
mapan medical supplies,3
abbvie (pty) limited,3
12.31 global vent,3
zuvi pte limited,3
abasakesse company limited,3
mapworld foods,2
"zingiber production, gps",2
"zina princepa ventures, naaluro estate",2
"zim laboratories limited - b-21/22, midc area, kalmeshwar, nagpur – 441 501, maharashtra state, india",2
zeta pharma,2
abak company limited,2
a&a don solution limited,2
lux organic leaf company limited,2
lucentlife sciences limited,2
"marine medicare private limited - vill kulhariwala p o mandhala distt solan baddi hp 174103 , india",2
emkhat veterinary centre limited,2
roche products ghana limited,2
rongreen enterprise,2
resource ethica kenya limited; jadala place 3rd floor ngong lane nairobi kenya,2
ressourcethica propharmed int'l,2
"retenk adom enterprise., moseaso-e/r. gps address",2
errands auctions enterprise,2
esaawah foods,2
"e-samsano enterprise, creep alley, kojokrom",2
mariestopes,2
abok spices,2
abor herbal centre,2
"abramart enterprise, gps",2
young don enterprise,2
"abil chempharma private limited - b-1701, lotus corporate park, off w.e. highway, goregaon (east), mumbai-400063, india",2
abm-al qibla limited,2
somab's enterprise,2
so so delight multi-beverages enterprise,2
great odum company limited,2
green dairy gh. limited,2
green gem logistics limited,2
greenhill global limited,2
pat-ben trading enterprise,2
patience adjei mensah,2
patos tailoring centre,2
gopaldas visram & company limited,2
good and goodness enterprise,2
good beverages limited,2
"pc bakery accra., g/a",2
softcare fm manufacturing limited company,2
softgel healthcare private limited. - survey,2
"emyaad group limited., kasoa",2
carefusion,2
"peace queen enterprise, satellite near nsawam, gps address:",2
peemendy juice & farms limited,2
go elim limited,2
gold coast spring limited,2
pejayley supplies,2
peng holdings limited,2
ceva sante animale,2
"c for cakes, gps no",2
catalent lifesciences,2
skywide farms,2
gs sourses enterprise,2
careplus pharmacy limited,2
care plus pharmacy limited,2
campbell foods ghana limited,2
solojoy pharmacy limited - p.o. sn,2
p.a.k. global limited,2
gulf chemical company limited,2
gyamphi foods,2
"palm ridge foods limited., gomoa ojobi",2
palmsville ghana limited,2
palmsville gh. limited,2
brown genesis enterprise,2
bush maga vent,2
sozo foods limited,2
spice alley,2
brenntag gh. limited,2
bright arista international limited,2
g & s hungry breads ghana limited,2
so - guess inn's 20s vent,2
solidrock trading fze company limited,2
caramix supply limited,2
"hafsa's cribe enterprise, adenta-foster home gps:",2
slush mania,2
sip natural brew,2
skaik limited,2
"s kant healthcare limited - 3-a shiv sagar estate, north wing dr. annie besant road, worli mumbai -400018., india",2
skd-monarch limited,2
"skm pharma private limited tf-10 point infantry road bangalore 560001, india",2
sky marine,2
celeos company limited,2
glumex pharmaceutical mfg.private limited - unit,2
gmr industries gh. limited,2
gnac enterprise,2
pfizer specialities limited 7th floor,2
hahini enterprise,2
pacific cold store,2
p.a.g pharmaceuticals limited,2
harrybest communion drinks,2
h.a. snack it catering services,2
hatfel gh. limited,2
halle - p industries limited,2
happy fountain limited,2
oxy industries limited,2
brody ventures,2
brookes pharma private limited - 58-59 sector,2
bounie global africa group limited,2
brand track,2
bread o'clock bakery,2
"sp veterinaria, s",2
stada arzneimittel ag,2
"stakabs pharmacy - kotei, near glory school",2
gyata fresh indus. limited,2
gye gye gum bitters limited,2
"c. hedenkamp gmbh and company kg,schierburch 3",2
cheng hang international limited,2
chanrai brands limited,2
simani fishery limited company,2
"glenmark pharmaceuticals limited - b/2, mahalaxmi chambers, 22, bhulabhai desai road, mumbai-400 026, india",2
"global beverages gh. limited., madina",2
"pharmacare limited , unit",2
shipcode & trading company limited,2
"china resources zizhu pharmaceutical company, limited",2
"chinese veterinary (tangyin) biotechnology co limited - west of tangfu road south of zhongpin avenue aggregative zone industry of tangyin anyang city henan province china , china",2
chrisbill group of companies,2
b&o pharma - zac de la masquere,2
stallion laboratories private limited 817 8th floor devpath off cg road behind lal bunglow nr supermall ahmedabad,2
stallion laboratories private limited - 817 8th floor devpath off cg road behind lal bunglow nr supermall ahmedabad,2
staraid care limited,2
harriman food distribution,2
hebei pangovet pharma company limited 13-2-201 youyi north rd xinhua district china,2
hebei pangovet pharma co limited,2
hebei yuanzheng pharmaceuticals co,2
orange west africa(gh) limited,2
orkman gh. limited,2
body fuel gh company limited,2
stepfos enterprise,2
sterling pharmaceuticals limited,2
healthilife beverages gh. limited,2
healthy frozen foods limited,2
"oson's chemist limited, d759",2
oson's chemist limited,2
ostuka pharmaceuticals india private limited village vasana- chacharwadi tal sanandi district ahmedabad,2
happy life food ventures,2
"happy sunshine company limited. kyekyewere, ayensuano district, e/r. gps:",2
bogo beverages limited,2
optimal green limited,2
st & ht global investment limited,2
stillseventeen limited,2
cinoket systems,2
shocc b.v,2
shrilz enterprise,2
s-h seafoods limited,2
s.i baidoo company limited,2
"ginniejada limited., bortianor ocean view gps:",2
gladthes cosmetics and more,2
glaxosmith kline biologicals s.a,2
pharmax india private limited,2
ck junia fuuds,2
boading sunlight hed medicament company limited,2
subea farms,2
suglo discovery ventures,2
"classic janemc enterprise., weija",2
citrusci,2
citruspress,2
she,2
shin poong pharm company limited,2
"ghana oil palm development company limited, kwae",2
pills and tabs pharmacy limited,2
pinnacle coco limited,2
cob-a group of company limited,2
oliver bherry enterprise,2
olna food and beverage company limited,2
helives pathway group limited,2
heofman laboratoires,2
heritage,2
oppong nyantakyi enterprise,2
optegral ghana limited,2
bkl american groceries,2
blackie,2
superior distribution ventures,2
big berg premium limited,2
odeefo mary nyame ndae herbal,2
"hpw fresh & dry limited., adeiso",2
"bloomway industries limited., gomoa aboansa",2
"sumanora enterprise., assin prasu",2
sunda ghana limited,2
"sunda purecare limited ,behind westhills mall ssnit road, dunkunaa",2
"sun pharmaceutical limited, sun",2
"biotest ag, landsteinerstrasse 5",2
hnts i&e limited. co,2
home care prestige enterprise,2
heritage pharma,2
clab local bar,2
"b. foster bakery, opposite adb bank, koforidua. gps address:",2
"bf pabliu company, limited",2
bhb secrets,2
surmount laboratories private limited,2
"igafe limited, tema heavy industrial area",2
"ihp enterprise., trade fair centre",2
imaginario company limited,2
h-squared ventures limited,2
hybrid leading - edge company limited,2
iatia trading,2
"i-bells enterprise, gps:",2
ice-coco enterprise,2
ocelot cosmetec limited,2
biotest pharma gmbh,2
biotic company limited,2
biotidermal africa limited,2
oceanabs ventures,2
ocean fare company limited,2
big zee enterprise,2
biocodex-7 avenue gal lieni-94250 gentily france,2
"colossat trident ventures, kukurantumi",2
shanghai pharma co limited rm,2
"shanghai pharmateq company, limited. - room 810, jiaxing bldg",2
shapes pro ghana limited,2
genix pharma private limited,2
gentsitt enterprise,2
geohar ventures,2
"gepach internationalplot no. a10 & a11, sez phase ii, pithampur, dist. dhar m.p",2
"piper pretty company limited, ashanti region",2
pj promile limited company,2
plantation resources limited,2
bioko treats,2
tabi gyansah limited,2
tablets medopharm private limited,2
"tactus nutrasciences llp - ​63/6, shree harikrupa industrial park, hathijan lalgebi circle to ramol ring road, before baroda expressway overbridge, b/h vatva phase - iv, hathijan, ahmedabad – 382445, gujarat,, india",2
"beijing chunlizhengda medical instrments company, limited",2
nutz delight limited,2
nyame,2
indobev global limited,2
"""indus life sciences private limited",2
infant prodigy ventures,2
susan chanel beauty skinline19th fourth street east legon,2
beta arena enterprise,2
benzab company limited,2
"besins healthcare sa - rue washington 80,1050 ixelles, belgium",2
swift makarios merchant limited,2
swift suppliers limited,2
indchemie health specialities private limited,2
intervet s.a (pty)limited,2
nutrifoods ghana limited,2
"pleasant point limited, adum",2
pleasure food enterprise,2
comsiba enterprise,2
confirm foods limited,2
cool - up ghana limited,2
plot enterprise gh. limited,2
ge healthcare as nycoveien,2
"genesis ngola limited company, adinjingano east legon",2
pneuma food scientifics,2
poget herbal centre,2
"swiss parenterals limited - 402, 412-414, kerala industrial estate, gidc, nr, bavla, ahmedabad-382 220. gujarat,, india",2
"sy frozen foods, amasaman",2
bemaba foods ventures,2
benjy agro ventures,2
bb's treats,2
tav veterinaria s l,2
"irisoil ventures, opp. kamina barracks, gps:",2
irit globe enterprise,2
novo nordisk pharma gulf fz-llc,2
nubian foods limited,2
"institut biochemique sa (ibsa), lugauo 3, switzerland",2
bejeliza enterprise,2
belco pharma,2
becky queen catering services,2
talemind foods limited,2
talimaj limited,2
"talking drum chocolate; aburi, e/r. gps: e3-369-2766",2
tandeys j,2
international health care limited,2
intervet international bv wim de korverstrait 35,2
novel king vent,2
intravenous infusions plc,2
sejoy biomedical company limited,2
crop,2
crown healthcare,2
senakod company limited,2
serika ventures,2
gb foods ghana limited,2
gbj ventures,2
geabalscaters,2
future advance enterprise,2
gasame filie enterprise,2
gastro food enterprise,2
invess agriculture limited,2
b. braun melsungen ag,2
b. braun melsungen ag - carl braun strasse 1,2
themis medicare limited,2
the new bens international limited,2
"n & n crystals company, limited",2
"nneka youth foundation , ve-gbodome",2
isaac owusu fordjour enterprise,2
"isana frozen foods, south industrial area",2
"it is well foods, loc: opp. la beach tower",2
"i. vana enterprise, kumasi krofrom",2
noble smacs enterprise,2
nob luxury resort and spa,2
"nod frozen supplies limited, kokomlemle",2
northern delicacies,2
ten times better fruits,2
tfran enterprise,2
the fouts business international limited,2
bayer east africa limited - thika/outering road junction,2
janlet vent,2
janssen pharmaceutica n v,2
"japko investment limited., kasoa",2
jasfenys enterprise,2
"nk pharma limited swaniker lk, - abelemkpe",2
ppgl,2
sayda farms limited,2
cuod example pharmacy limited,2
cymon ventures,2
precious -tilly enterprise,2
preet remedies limited # 194-195 third floor industrial area phase –ii chandigarh-160002 india,2
frozen express,2
fruits care,2
"fuji oil ghana limited, techiman, bono east region",2
"base pharmacy company limited. - accra, ghana, select",2
bawa international gh limited,2
babystuffin,2
tillyvan enterprise,2
jayjorm enterprise,2
jaynel glit & glow,2
jdb distilleries,2
niche cocoa industry limited,2
niche confectionery gh. limited,2
nics i.t and business solutions limited,2
niik herbal centre,2
nissi pharma limited adepa,2
the pure company,2
theratsu enterprise,2
bala-ms enterprise,2
banibatiti food ventures,2
baron distilleries limited,2
thonket company limited,2
new agricultural services(agricserv) limited,2
new health supplies limited unit,2
"newyork international ghana limited, techiman, bono east region",2
"jas nutrition enterprise., akweley - kasoa",2
"prema kabra ventures, alavanyo",2
premium foods limited,2
sapholda ventures limited,2
sarah-krispy snacks and catering services,2
"saranak enterprise., kibi, e/r. gps:",2
"darose pharmaceutical limited.p.o.box 13637,accra,ghana",2
daily concern enterprise,2
daasebre world wine limited,2
dageeb bright enterprise,2
prete foods limited,2
frimps-adepa nutrition,2
from home food processing and packaging enterprise,2
aynok manna foods,2
ayomed ventures limited,2
ayushakti ayuved private limited,2
tj foods limited,2
t & l innovations,2
nazareth logistics limited,2
jeskev enterprise,2
jessica’s naturals,2
j.h.fear god enterprise,2
jiangsu yabang aipusen pharmaceutical company limited,2
j&i empire limited,2
"jeje's crispy ventures, takoradi - pipeano",2
nda natural,2
nektasso limited co,2
network for societal transformation,2
neumi,2
j. m. containers rent & company limited,2
jobraces enterprise,2
nature's nourish,2
nature's treasure foods limited,2
principle healthcare international limited airedale business centre millenium road skipton bd23 2tz uk,2
freshcare limited company,2
probianca company limited,2
franco indian pharmaceutical limited,2
"daveglad enterprise., prestea",2
davet limited,2
dav-tech bio sanitation services,2
"dayfarm agro enterprise adawso, e/r. gps address:",2
days skin cosmetics,2
naveketan pharma private limited,2
"ayalene enterprise., bolgatanga, u/e",2
ayithcaro enterprise,2
tridem pharma ghana limited - 66/c nii bonnie crescent dzorwulu,2
n & a pharmacy limited,2
"johnson & johnson ptv limited,241 main rd retreat 7945, capetown, south africa",2
johnson & johnson (pty) limited,2
"jokwab prestige ventures, afienya",2
jo-lice frozen stores limited company,2
naturalin company limited,2
"toag apex limited., eastern region",2
tofitrad enterprise,2
tolegna enterprise,2
tower foods and beverages limited,2
atnahs pharma uk limited,2
jodan pharmacy limited,2
j.o.e.s dreams logistics limited,2
joeun springs enterprise,2
j.m. addo & sons pharmacy limited,2
triple c gh. limited,2
tropical queen foods,2
"trotters paradise farms, obosomase, e/r gps: e2-1530-0262",2
nakoasis trading and exports limited,2
nambico ventures,2
joy baby foods and accessories limited,2
joy industries limited,2
jp jill enterprise,2
nana amma moore enterprise,2
nankani & hagan limited,2
"nansu apex, hohoe",2
n&a pharmacy limited - j,2
augustina abu enterprise,2
"auntie suzzy's sunshine ventures, nkanfoa, cape coast north municipality, gps:",2
tradium limited,2
trend beverages,2
kabs ezlo commodity limited,2
jsalk beverages ghana limited,2
nabanco vent,2
samsed medicals and healthcare limited,2
dcs vent,2
sandiso royal enterprise,2
frankendark limited,2
"frankoham business ventures., kasoa",2
franko smart general trading company,2
fractio limited company,2
"profa frozens, gps:",2
delma pharma limited hno a 5044 1st sakumo loop ga3641361laterbiokorshie behind radio gold,2
demih's naturals,2
nadeska venturesga-393-494426 yaboi apiakai streetabeka lapaz,2
asterisk lifesciences,2
astrazeneca uk limited,2
ub pharma limited,2
ucomex company limited,2
mydda enterprise,2
kampha logistics limited,2
kadjei trading enterprise,2
kagnobles enterprise,2
kalbe international pte limited,2
"kaleed company limited, hno. 175/f, gps:",2
a-simtina enterprise c/o holy cross parish church,2
aspee pharmaceuticals limited - plt,2
as pharmaceuticals limited,2
trust essentials,2
a-sarps pharmacy & cosmetics limited,2
"""mylan pharma gmbh turmstrasse",2
naadjin inv. limited,2
jw foods limited,2
arieta foods,2
arifullah abba enterprise,2
ultimo foods limited,2
uncle bb bakery,2
"unic foods enterprise., gps",2
unichem ghana group,2
unichem (ghana) limited,2
k-daps enterprise,2
kela n.v. st. lenaavtsemeg,2
"kelesa ca2gh limited., company apolonia",2
karma 3btn,2
kash chemist limited,2
multivet gh. limited,2
"ashben international limited., weija",2
article s. r. o,2
"turkspro enterprise., budumburam",2
"aragonesa de exportacion int - 24, s.l c/dr. val carreres ortiz zaragoza, spain",2
applied communication&controls - khasra,2
unique southern taste catering services,2
mt top trader,2
k. b paul enterprise,2
denanttu enterprise,2
didosh enterprise,2
dieters foods,2
"dievole foods, tarkwa layout, around adom lodge hotel",2
digital marketing technologies,2
sama natural mineral water and beverages limited,2
sa meat world limited,2
"samehands enterprise., techiman, b.e/ r",2
"proxima centuari farms limited., kaneshie",2
pr touch,2
u comex company limited,2
sangharsh lifecare private limited,2
"sangharsh lifecare private limited - ahmedabad , gujarat, india",2
flour mills of ghana limited,2
dkt international inc,2
dna royal foods limited,2
d.n.o enterprise,2
sagalifesciences limited; survey o. 1982 &,2
salocam pharmacy,2
salomey konadu enterprise,2
salom pharceutical limited,2
dibi organics,2
fm kitchenette,2
fmms pharmacy,2
aquafresh limited,2
aquimpexspa s.r.l via sanquirico 17-17/a monza italy,2
arab pesticide & veterinary drugs manufacturing company,2
fitzone company limited,2
f. k bakery,2
purplelee company limited,2
purple naturals,2
qnet limited. units gl 21f mg tower,2
"q-sub ventures, block 032, adjetey kwei avenue, ashale botwe",2
fertility essentials,2
fertirus a-z pharma limited,2
f. hoffmann la roche limited,2
federated food processing limited,2
urban cuisine,2
"annor-hene enterprise, sunyani, bono region",2
antado company limited,2
vajj enterprise,2
indus life sciences private limited indus,2
msi reproductive choices pmb 267accra north.house number,2
"king george metal works, takoradi, northwest ntankorful",2
king super fm herbal centre,2
kionas purified water,2
k-lao ghana limited,2
amor foods,2
amponsah-efah pharmaceuticals limited,2
"anamens pharmaceutical company limited; asem opp. k. poly entrance,adjacent super kass and baptist university",2
"venek food, riverside estate- monrovia, koforidua- gps:",2
veroin snacks,2
verrich aleph limited company,2
"conta healthcare private limited - 203, shrishti plaza, saki vihar road, powai, mumbai, suburban, maharashtra 400072, select",2
msd (pty) limited,2
upper west regional hospital,2
f&m world enterprise,2
"fnd snacks & eatery, gps",2
first impression elite limited,2
fawaz africa commodities limited,2
rabsbarry enterprise,2
rafis foods limited,2
vita-chem - p .o. box. co 2937,2
amber commodities,2
viesane pharma private l td,2
k.o.b.s farms ghana limited,2
kodel food express limited,2
mobius healthcare limited,2
vestergaard group s.a,2
"vetshop ventures limited - box 2, kw 404, kwadaso, kumasi ghana, select",2
vicbans limited,2
vicbarns limited,2
americana star enterprise,2
"moli perkins limited, bepong - kwahu , e/r. block",2
monarch organic farm,2
mirensah royal enterprise,2
alter foods gps:,2
altimuss global trading gh. limited,2
altxt consult - plt,2
vine connect ventures,2
quantum heights vent,2
draxer therapeutics,2
don cube enterprise,2
dopharma b v zalmweg 24,2
"dopharma b.v. zalmweg 24-4941 vx, the netherlands",2
divine fresh yoghurt enterprise,2
quest healthcare limited,2
qunloon ghana limited,2
raanan fish feed west africa,2
fauzey's special groundnut,2
fawakom resources limited,2
all drinks depot,2
allgone llc,2
"vitane pharma gmbh ghana, hno. ae-10 parakuo estate",2
vitane pharma gmbh - pfaffenrieder str. 7,2
vivanza biosciencies limited,2
mh trading limited,2
"mical nyame nsa group of companies, amomokrom akuapim, gps address:e2-0364-7278",2
"kreza amazing enterprise., kasoa",2
kripa pharma limited,2
mifosu laboratories limited,2
milan laboratories private limited,2
milk maid lactation treats,2
millennium ohs industries,2
mimshach shin limited. co,2
minakwess limited,2
minarh enterprise,2
"alfasigma healthscience b,v. - groenewoudsedljk 55",2
alimandy company limited,2
vobatex express,2
easy snails,2
eadoma ventures,2
dr. reddy's laboratories limited; 8-2-337 road,2
d.s.h. tadelink limited,2
dulce delighful treats,2
dosannette enterprise,2
fampof enterprise,2
fannash company limited,2
farhat,2
"farmershaus limited, hs",2
"vymed pharma llp - 17/4,gurudatt society,waghodia road,vadodara,390019,gujarat,india, india",2
vymed pharm llp,2
"vita extract organics limited, cr",2
alby chemist,2
"wadud ventures, accra g/ r",2
"walmark, a.s. owner of the walmark, a.s. is stada arzneimittel ag",2
"walpar nutritions limited 2nd floorr l5:377, pjlot:s, opp sabarmati gas station santej khatrraj road, khatraj- 3,8272l, lfa. kalol, dtist. gandhinagar, gujarat, india",2
water research institute,2
merck healthcare kgaaa - frankfurter strabe 240,2
laboratories liconsa,2
"laboratorio aldo-unión, s.l",2
lachifarma s p a ss,2
ladapharm limited,2
meridian enterprises private limited,2
merreta foods & events,2
kwa-man enterprise,2
"kwobib enterprise, navrongo-balobia",2
la belle farms,2
vivi pub trading,2
"lark lab limited, a/105/2 okha phase ii industrial area new delhi",2
mentiase trade & media,2
menzbek africa company limited,2
wadmet enterprise,2
ralj naturals,2
"ram farms and agro chemicals, kade",2
fair & white company limited,2
famaco enterprise,2
"reality maker limited(rml), bolgatanga upper east region",2
"edchristy vent., limited",2
eden optimum,2
eden orchards catering serv,2
royal kezeel enterprise,2
rrh innovation international ghana limited,2
"akwaaba feeds limited., kasoa",2
akwasi agyapong,2
ajs co.limited,2
r & r luxury limitedroman ridge shopping arcade9 sir arku korsah roadroman ridge,2
ea naturalsgl-031-0004osu ako adjeiklanaa street 1greater,2
eemaninc,2
edlizer enterprise,2
edmak zaps,2
ed yeboah company limited. adum,2
"ebek export enterprise, mamprobi",2
eyetrams cargo services limited,2
white eagle medical,2
agro empire limited,2
akshiva pharma shop,2
akuoli herbal centre,2
"well brothers limited., teshie",2
wellness forest limited,2
laprovert,2
"exeter healthcare limited stile c.sede lane guilford g03 iax,uk",2
reload brands llc,2
rema genesis enterprise,2
elidek's foods,2
elixir global manufacturing food limited first commercial road town planning way oluyole industrial estate ibadan oyo state nigeria,2
elanco animal health (pty) limited ni business park old pretoria road kosmosdal ext,2
mega lifesciences pty limited acn 076 713,2
mega lifesciences pty limited - acn 076 713,2
"mega lifesciences pty limited - victoria 3810, australia",2
last stop herbal centre,2
mega total distribution ventures,2
mego herbal centre,2
melview enterprise,2
"mena- ice ventures, gps",2
ahooden herbal centre,2
ahotew,2
meannan foods,2
lena's wardrobe & juice bar,2
lesanto laboratories,2
les laboratoires servier,2
les laboratoires servier lls,2
agromyx company limited,2
agropal west africa limited,2
agro trade limited,2
agrim food & beverages ghana limited,2
"medopharm private limited - medohouse 25, puliyur 2nd main road, trustpuram, kodambakkam, chennai – 600 024, india",2
medstoc limited,2
medtest ghana limited,2
"re-cell apollo int limited macarthy-hill ecobank building. box nb 806, lapaz accra, ghana",2
reddekopp ministries,2
reflo company limited,2
evik events and rentals,2
adesafo ab trading enterprise,2
adnet trading company limited,2
wow mineral ice,2
w.s tamaha enterprise,2
mayoyo links cold store enterprise,2
mayrocy,2
mayson pharmaceuticals limited - achimota mile-7 roundabout,2
lew gh. limited,2
mazbit company limited,2
mcad impex company limited,2
"mctima powerplus, north east region",2
afriya grocery market,2
afro global manufacturing limited,2
afford trading and distribution (atd) limited,2
afkort int.gh.limited,2
woodie's tissues and trade hub,2
"maydentplus enterprise, accra north",2
mayim frozen foods limited,2
rosuxe,2
r.o tabi enterprise,2
"royal butter and more, ashaiman",2
edzieba pharmacy limited,2
remedy pharma,2
euro consumer food,2
"eurospin restaurant & trading services, teshie",2
evangelist temple bryant mission,2
essaar agro west africa limited,2
rena exports private limited,2
renown pharmaceuticals private limited survey,2
embecta corp,2
emcure pharmaceuticals limited,2
wosmig limited com,2
llen's condiments enterprise,2
"logistics jtn and trading limited, community 9",2
logs logistics services gh limited,2
mavern foods,2
maxheal laboratories private limited,2
xclusive health care,2
xepa-soul pattinson,2
adanse pa royal herbal centre,2
"adasi company, limited., legon",2
add pharma (gh) limited,2
add pharma gh limited,2
adepa pharmaceuticals limited,2
y.a,2
"link pharma f260 unit n0 101, ifza property f260, dubai silicon oasis, ddp, building a2, dubai uae",2
link pharma fzco,2
maxtar biogenics 309-310 pearls corporate w mall manglam place sec,2
"martello de-gray ventures, kobi",2
marvic royal enterprise,2
london united exports limited luex,2
louis roman limited,2
loving hut natural foods,2
mary konadu enterprise,2
acomapa healthy foods limited,2
acros seafoods limited,2
actikid limited unit,2
"aculife healthcare private limited village sachana taluka viramgam, ahmedabad fujarat 382150, india",2
"yarp foods limited company, wenchi, bono region",2
yaw danso nimoh enterprise,2
yedent agro bulk processing limited company,2
"yedent agro group of companies limited, sunyani, b/a",2
"yiba fresh catering services, cr",2
"livealth biopharma private limited - cabin 1, survey",2
"marie stopes international ghana, pmb",2
rich-j enterprise,2
eno's organics,2
epic water enterprise,2
1010foodie,2
empire bd limited,2
zoe palm & foods,2
"zjnzy commodities enterprise., kwabenya",2
m4 logistics limited,2
mabiba trading enterprise,2
"mabiba trading enterprise, 2-25 emford bakery lane, ofankor",2
abifa classics,2
lynch medical services limited,2
lynn food solutions,2
"lynuel royal ventures, bunso. gps address:",2
acino ag - leopoldstrasse 115,2
ricomon pharmacy limited,2
river oaks,2
el thai frozen products limited,2
magvlyn industries limited,2
"malinda afiba enterprise., fumesua",2
magmarcus enterprise,2
mama samoa bites,2
marabarka,2
12,2
"2 big ideas ventures , tarkoradi",2
zutron pharmaceuticals limited,2
ab's beekeepers honey,2
zanza specials international limited - unit 1,2
zealon links,2
zefu food limited,2
abbott diagnostics medicals company,2
"zuzu pharmaceuticals limited, kpando",1
11 mechanized battalion,1
zief limited,1
"zhenlong (hong kong) limited - room 2, 9th floor, hing sing building",1
"zhengzhou mct international company, limited",1
"zetrimira ventures, kasoa - tuba",1
zen pharma private limited,1
abandenden beverages,1
"ababee water production, gps address:",1
aa sadik herbal centre,1
aargapco-fams limited,1
a.a @,1
a2 innovations limited,1
a,1
a2 enterprise,1
a2 agro allied ventures,1
a1 spices,1
a1 purified water,1
madiba dreams investment,1
madabout,1
mamakass enterprise,1
malinda afiba enterprise,1
malicat meat products and delicatessens limited,1
maliba enterprise,1
"maleka farms limited., akuse, e/r. gps:",1
"makwa ventures, bawjiase mankessim",1
maktrix enterprise,1
makel restaurant,1
main joint enterprise,1
"magvlyn industries limited, gps",1
7-nico stars enterprise,1
7e company limited,1
"7/1/2028 0:00 shalina healthcare ghana limited - c315-2 farrar ave,adabraka",1
5five ice,1
"manfran enterprise., gps",1
mandis limited,1
mandeya foods,1
mancwa commodities limited,1
mammie manna ventures,1
mama love enterprise,1
mama little fingers,1
mago motors limited,1
magnificent foods et al,1
"mag-nadanne ventures, gps",1
magicco company limited,1
mag herbal centre,1
maganoba farms,1
mafaasab trading,1
ma ewuradze cold store,1
madona foundation,1
mark,1
marise cuisine,1
marine medicare private limited vill kulhariwala po mandhala distt solan baddi hp,1
"marine medicare private limited - village kulhariwala, post office mandhala, tehsil baddi, district solan- 174103, himachal pradesh, india",1
marine medicare private limited,1
marina group of companies,1
mariam salif catering services,1
mar farms srl,1
mabiba trading enterpeises - emford bakery lane,1
"maadwoa chips bite enterprise, bolgatanga upper east region",1
lytaky enterprise,1
manya herbal centre,1
manso man ventures,1
mansoman bitters limited,1
mansfield farms limited,1
mangrove guest,1
martin luther educational complex,1
martinkings import & export,1
"mars ventures limited gps:ey-2913-5339, trayonya-somanya",1
"marpro village enterprise, gps",1
"maro frozen enterprise, kasoa",1
maroc bay vent,1
markwell merchant (gh) limited,1
markstra enterprise,1
mark’s dental clinic,1
market haven limited,1
lynmay farm to fork,1
lvv,1
lupin limited kalpataru inspire 3rd floor off western express highway santacruz east mumbai maharashtra 400,1
"lucky step company limited, gps: cg- 0743-2163, gomoa oguakrom, ahenbrono",1
lucky mother enterprise,1
mark conry alhasan vent,1
mascot essentials limited,1
"masco-siame, begoro",1
masco foods limited,1
mary's catering,1
mary oye maami balm entreprise,1
"mary ampong memorial enterprise., gps",1
lube - x vent,1
loving life chinese clinic company limited,1
lovers mineral water,1
love african export limited,1
louso supplies enterprise,1
"louis micro station enterprise., ngleshie amanfro, kasoa",1
lotus noir,1
lospanochos limited,1
lorvis enterprise,1
martin yankey enterprise,1
mawums limited,1
mawuli kekeli enterprise,1
"mawgina limited., co",1
"maviva-plus enterprise., teshie nungua",1
mavigold vent,1
loffler limited,1
loboratoires innctech international,1
lmj enterprise,1
ll frozen imports,1
liznii star enterprise gps:,1
"livwel aqua., accr",1
matrix innovation limited,1
master candy gh limited,1
m a star group limited,1
masnater vent,1
mashal dairy limited,1
maxwell boadi enterprise,1
maxtar bio-genics - 309,1
max premium enterprise,1
maxpac enterprise,1
little cash limited,1
lisvan integrity enterprise gps:,1
"lissys beetroot enterprise., peduase",1
liskin enterprise,1
lipsmacking enterprise,1
lion ice purified water. nyankpala gps:,1
"linofatin, akwatia, e/r. gps:",1
linking beauty,1
"linectar enterprise., gps",1
"max international inc, 102s200e suuite",1
max industries limited,1
maxigate trading company gh. limited,1
mcsway vent,1
"mc-ok company, limited",1
mcneil & argus pharmaceuticals limited,1
mchan bakery,1
mc - d farms,1
mcdenz enterprise,1
"mccoy pharma options private limited, s12 midc tarapur industrial area boisar maharastra",1
liitee impex ventures,1
"life taste mineral water, kasoa",1
"lifekick business enterprise, tarkwa-bogoso junction",1
liberty industries ventures,1
liberation mandate limited,1
liaoning chang da biotechnology co limited,1
level up consult and customs clearing consult limited,1
may-awurade adom vent,1
mayasi food and trading enterprise,1
medicamen biotech limited,1
medical expert africa,1
medeboa ventures limited,1
mecommodities limited,1
meat and spice shop,1
les laboratories service(lls),1
le poisson bar & grill,1
le-nayg chemist limited,1
lemanas ventures,1
le - int enterprise,1
legend pharmaceuticals limited,1
"legacy life choice int., limited",1
legacy foods limited,1
meadow foods,1
md nisan enterprise,1
m'cube,1
mei nasara multi ventures,1
megumel enterprise,1
leemesh grace ventures,1
ledrop gh. limited,1
leador j enterprise,1
lawson herbal centre,1
"lavina pharmaceuticals private limited. - satraplaza, office",1
"lavina pharmaceuticals private limited. satraplaza, office",1
launa pharmaceuticals private limited,1
laud k pharmacy,1
"megacorn enterprise., weija",1
mef iodized crystal salt,1
medsolution ghana limited,1
medreich limited,1
medopharm,1
medicines development for global hrealth,1
"mercedes-cph, awutu breku",1
menzbek company limited,1
menaqua filtered water enterprise,1
lartisha enterprise,1
"lark laboratories (india) limited - a 105/2 okhla phase ii industrial area new delhi 110020 , india",1
"""la renon healthcare private limited 207",1
la renon healthcare private limited - 207,1
"laprovet hungary veterinary pharmaceuticals limited 1107, budapest, horog u. 32-34 hungary",1
lantianyi company limited,1
lansah chemist limited,1
menadel herbal clinic,1
mema prestige enterprise,1
melimay foods,1
meleah international limited,1
"mek dark special, gps",1
meisaha enterprise,1
mergen fosu enterprise adum,1
"mercy nhyimena farms, winneba",1
mercy living water limited,1
mercygate industries limited,1
mercury health care private limited,1
"mercury healthcare private limited; 4, khaitan chambers, 2nd floor, 143-145, modi street, fort, mumbai, maharashtra 400001, india",1
l&a naseda company limited,1
lam halal foods & beverages,1
lamelle pharmaceuticals,1
l'amar natural product private limited,1
la-mactina,1
"lalima enterprise,gu-564-6765 soalepe-damongo",1
lael plus limited,1
la cocina mexicana limited,1
merck healthcare kgaa - frankfurter straße 250,1
merch sharp & dohme (pty) limited 117 16th road private mall halfway,1
"mical nyame nsa ventures, mampong akuapem",1
m.i,1
"m.g.m estate limited., asuaba, nsawam- adeiso road, gps address:",1
mey treats,1
meyer organics private limited a-177 road,1
"laboratories-basi-industria farmaceutca sa parque industrial manuel lourenço ferreira, lote 15, 3450-232 mortágua, portugal",1
laarry water,1
kydes pharmaceuticals llc university of maryland baltimore county research & technology park,1
kwesah ventures,1
kwami atidamah enterprise,1
kwaku boakye enterprise,1
metro water ventures,1
metal crown gh. limited,1
"mersakyi enterprise., agona swedru",1
merrita dw company limited,1
merit organics limited,1
kotakyi company limited,1
kwagyem herbal centre,1
"kwadwo-kyere enterprise., gps",1
"kwadwoa business ventures, medie, gps address:",1
kwabs commodities limited,1
kwabjoy enterprise,1
kvms international limited,1
k-vicsimon vent,1
kuzuni enterprise,1
kumi opakon enterprise,1
"kumi global ventures, dormaa ahenkro, b/a",1
"kuls pac mineral water, nsawam, e/r gps:eg-589-7413",1
kukks delight kitchen,1
kuba intra afriq enterprise,1
mickweh enterprise gps:,1
michael smith enterprise,1
milan laboratories private limited. - 303,1
mi-horizon ghana limited,1
mi global limited company,1
mifosu pharmacy limited,1
mifasu pharmacy limited,1
midrain royale limited,1
micky fresh,1
"k somuah and sons, wiafco",1
k.s gyamfi enterprise,1
"ks annan enterprise., mankessim",1
kromo o,1
kriseddy enterprise,1
kresy enterprise,1
kpembe nmtc mineral water,1
kpasec parent teacher association,1
koteng koat vent,1
mirf logistics limited,1
minsol limited,1
minat foods and trading enterprise,1
korea united pharmaceuticals limited,1
konkomerifa herbal centre,1
konica minolta inc,1
kona plus vent,1
"konan local bar; plt 73, blk a, adjei ano south, k k sawmill, opp stanford sch",1
konadapps royal enterprise,1
komenda sugar development company limited,1
kolnox gps:,1
"""kojach limited; business d747",1
kojach limited (ghana),1
k. ofori,1
kofi vinyo & company limited,1
millennium frozen foods limited,1
montage laboratories private limited,1
"monilex enterprise., borae.no.2",1
mogya bi akasa herbal home,1
koasa mineral water enterprise,1
"koa impact ghana limited., akim achiase, e/r. gps:",1
knvm medicare private limited - kh,1
"k. mensah sawmill, atronie road, sunyani, bono region",1
kmce for trading,1
kmc cleaning services,1
"mmabatho sun limited.,twima nkwanta",1
mj star enterprise,1
miyam bakery services,1
"mituud ventures, sunyani, bono region",1
mita-dadel limited,1
misu water enterprise,1
mission vivacare limited,1
mountain snow and trading limited,1
moshi moshi j-pan,1
"mosel royal enterprise, nkawkaw",1
mosaga,1
moreish organic honey,1
morefit apiaries enterprise,1
"mordecai farms, kokoomu- akuapem north. gps addrress: e2-1250-3927",1
"moo gari, nsuta apirede near boti falls, gps address:",1
klub super ventures,1
klassone investments,1
kinloe-winneba,1
"kings touch africa group limited., winneba",1
kings crown industries limited,1
"kings burgh ventures, gps address:",1
monza servizi limited,1
mont beverages limited,1
"indus life sciences private limited. - corp. office at ""indus",1
"kingdom books and staionery limited., osu",1
kingbi vent,1
kingbee dunamis limited,1
"kilolo ultimate enterprise., bolgatanga, b",1
kilitch drugs limited - 37,1
"kilitch drugs (india) limited c-301/2, t.t.c industrial area, midc, pawane navi mumbai-400705 maharashtra, india",1
kilitch drugs (india) limited,1
khita salads and squeezy,1
kharis alpha life limited company,1
k.g.n impex limited,1
asempa pharmacy,1
"mr. theodore agyepong nkrumah, visionspring ghana limited",1
mq adom arakwa enterprise,1
mpaaba gin bitters,1
"mountainview farms limited, okrakwadwo, gps address:",1
"mt. zion obotan enterprise, tarkwa - tamso, mb",1
"mtl mackay enterprise., gps",1
kett industries limited,1
keta laboratoria n.v,1
keta grove limited,1
kesstevebel ventures,1
kepro b.v - kuipersweg 9,1
kepark commodities int. limited,1
kentinka kwame appiah,1
kensho life sciences private limited,1
kenoch herbal services,1
"kennruth limited., apo",1
ms shalina healthcare,1
msn laboratories europe limited devonshire business centre works roadletchworth garden city herts sg6,1
monak exim private limited,1
msi reproductive choices,1
karay foods,1
"k. emma homes and investment co limited, h/no. nz 003, nkoranza, near light",1
keli eagles trading enterprise,1
kela laboratoria n.v,1
k.dwomoh herbal centre,1
"k-d ofori industries limited., ejisu manhyia",1
kd beveraged limited. co,1
k.c. osei enterprise,1
kca ventures,1
"kb tasty bread limited, kwahu nkwatia",1
multi-plan limited,1
multi-pac limited,1
multi commodity international ltdjl.lingkar mega kunijgan barat kane4-3 kuningan timur bellagioboutique mall lg-17jakarta seltan 12950indonesia,1
multibus connect limited,1
mufasat,1
"mudarab ventures, kasoa",1
"m.y. caesar company, limited",1
mybodytree ghana limited,1
"mvc pharmaceuticals - 54-b, drug",1
musa herbal centre,1
munkailah aluku enterprise,1
multiwealthy enterprise,1
multivet (gh) limited,1
k-b authentic vision ventures,1
kay'z groceries,1
kayvamef enterprise,1
kaysons supermarket limited,1
kay anointing ventures,1
kataso enterprise,1
"katargeo enterprise., congo villa, kasoa",1
kasma-msc ventures,1
karicath ventures,1
"kaelbintech solutions, nsawam, e/r. gps address",1
"kades production, kasoa",1
kabx enterprise,1
kanyi wan enterprise,1
"kanyiri-kasha limited. box 201, education ridge-tamale. gps:",1
kannafa enterprise,1
kangen enagic water limited,1
"kan-e-eboule enterprise., opeikuma rd., kasoa",1
kandah unique resource,1
k and adwoa enterprise,1
"kamil sat enterprise.,p o box",1
kamaq prime vent,1
kamal life sciences - building,1
kamal life science; building,1
myjess & comdu gh limited,1
"my ice company limited, nkawkaw, e/r. gps:",1
naacool propack ventures,1
"naacool propack ventures, mepe",1
n2a high lands limited company,1
mzlyna eatery,1
myz cherry yoghurt,1
my-paidah,1
"my maa foods enterprise, beach road, q1 anita mensah st",1
"my life drinking water limited., awutu breku",1
my kitchen recipe,1
m. y. k. b ventures,1
kamade enterprise,1
"kakari glory imports, kejetia",1
kaizen - hkb ghana limited,1
kaityn natural drinks,1
kafina herbal centre,1
"kaf acheampong enterprise., effiduase-koforidua. gps address:",1
jubel investment limited,1
jubel impex enterprise,1
js bakery limited,1
kabjab-jm enterprise,1
kab ice natural mineral water,1
kabaka construction & investments limited,1
jym tea limited co,1
jx distribution,1
juvik links enterprise,1
just ice alpha solutions limited,1
just give hostel,1
"just eves investments, gps:",1
just dream and reality limited,1
just affordable ventures,1
"jusarp star enterprise., koforidua, e/r. gps:",1
naakays e,1
"nalibref enterprise., sefwi wiawso datano",1
"nakpes enterprise., yong dakpem yili road, near manhaliya islamic school, gps:",1
nak bakery,1
nag savor & celebrate,1
nadstel trading and business enterprise,1
naddo's bakery,1
"nacathy foods gps:ns-338-4397, zagyuiri",1
naa's dainties,1
"junaid samu enterprise, wenchi, bono region",1
julitta's catering service,1
julimore star enterprise,1
julifort limited,1
juliet gifted hands enterprise,1
"julia panem enterprise, dambai -oti region",1
julagye enterprise,1
juice bells,1
"nanu awurade kasa ventures, gps",1
nanik briano trading enterprise,1
nana highest limited company,1
nana ama moore,1
joywind company limited,1
joyrite enterprise,1
joygeo guest,1
joyful taste natural mineral water,1
"jota water, adutor-sogakope",1
josubuak company limited,1
josh balak enterprise,1
joseph newton,1
josephine forbah him enterprise,1
joseban plus ventures,1
"nana abaka enterprise, breku",1
namoako company limited,1
nativebrew hub,1
national bioproducts institute,1
nat de,1
natadu catering services,1
nasel foods,1
"nasackys ventures, boye fita -suhum",1
"narhstar natural mineral water limited., krobo odumasi",1
jonasah dzinpa ventures,1
jonap enterprise,1
"j. o. mensah enterprise., techiman, b",1
jolee bakery and catering services comm.20 lashibi-2,1
"jolabs water enterprise, nyamekrom- koforidua, gps address: e7-144-1254",1
johsaac enterprise,1
"johnnyviv enterprise., abor",1
nard-gbah trading enterprise,1
"nanuel farm & coal, tema community 4, gps address:",1
john eve trading & catering services,1
"jo-haykof enterprise, nsadweso-atieku",1
jogo foods,1
jogia-data services,1
"jofyna enterprise, west anaji residential area",1
"joffasco ""j"" enterprise",1
joespa paco enterprise,1
joent foods,1
joenel food supplies,1
joempat catering services,1
joemiles company limited,1
joe boakye unique enterprise,1
jodanam enterprise,1
"natural ckm enterprise, suhyen- koforidua, gps address: e7-487-4792",1
nat-t ventures c/o sawaaba sda church,1
"natkat hills service., tark",1
navkar lifesciences limited,1
"naval training command, gps:",1
nature's prime foods,1
nature's belly enterprise,1
"nature line enterprise., kasoa",1
"nature line enterprise., aboabo- koforidua. gps address:",1
joclarke herbal centre,1
j.o.c beverages & cosmetics,1
"joboy jallo enterprise., ejura",1
joboakoh enterprise limited,1
joboa gh. company limited,1
"joankorf trading enterprise, kasoa",1
j & m sky blue limited. co,1
j. m. d lotus quality products limited,1
jmd engineering limited,1
j.m. addo and sons limited,1
"jedmac empire ventures, kadjebi",1
jdk chingching enterprise,1
jkylas haven,1
jjm adom group limited,1
"jireh-aidoo limited., otta city, kasoa",1
jimani trading & investments,1
jibuco ghana limited,1
"jiangsu lianhuan pharmaceutical company, limited",1
jglow chills & treats limited,1
j & g bakery,1
jezpa mineral water,1
"jevical enterprise, spintex baatsona",1
jerry-johnson company limited,1
nayas,1
"nayag infinity enterprise koforidua old estates, e/r. gps address",1
navketan pharma private limited,1
"nel-azu ventures, pobiman alang accra nsawam road gps.gw-0194-4427",1
neizer prime limited,1
neimeth int'l pharm. plc,1
ndaanadolima enterprise,1
nbs pharmaceuticals division of northland bioscience,1
nb organon kloosterstraat 6,1
"jennifer's for real enterprise, nkawkaw- nsuta, gps address:",1
jelemik enterprise,1
jehova jireh's amazing grace bakery,1
jehovah provide natural foods,1
jehovah makkeh enterprise,1
j&e green ways farms limited,1
jefrac pharmacy limited,1
"jeffel penahyirawaa limited company, kintampo, bono east region",1
jeemak limited company,1
jednas foods,1
ngola masai enterprise,1
jdb enterprise,1
jcc prime limited,1
jb dinatom enterprise,1
jazna group limited. gps:,1
jays-kays ventures,1
"jaydor natural mineral water, nkawkaw, gps address:",1
"jaya impex/prime overseas - 16, gokul regency ii thakur complex kandivali (e) mumbai - 400 101, india",1
jayaf limited,1
jatikay initiatives limited,1
"newman jp limited company, osu",1
new health supplies limited - unit,1
"nesh nutritious foods, new kwansakrom, swedru",1
neolife international limited south industrial area,1
neoblast agro,1
"nelia's foods, lawra, upper west region",1
iz logistics limited,1
izay k enterprise sunyani. b/a,1
"jasenef enterprise., gps",1
ja-riaq ventures,1
janssen-cilag international nv turnhoutseweg,1
janssen cilag ag gubelstrasse,1
janbon farms and trading enterprise,1
jamjoom pharmaceuticals factory company,1
"jamang nala limited, burma camp",1
jal manufacturing and trading limited,1
"njorley foods., acca",1
nirakilishi restaurant,1
nimosab gh. limited,1
niestar innovations & commerce,1
niche confectionery limited,1
nhyira soulmate enterprise,1
"n'mai rooster, weija",1
"nkyewe3 king, opp. glory junction, fiapre, bono region",1
nkusim ventures,1
nkunim special shito,1
nk pharma limited,1
"nkj sobotea, gbetsile",1
"nkb kweku boakye enterprise., agona amenfi",1
nkabom herbal solutions,1
jakati ventures,1
jaedonbrain foods,1
"jackwart lodge, gps",1
"jace mineral water, nsawam, e/r gps:",1
"ja boat natural mineral water, worawora, gps:",1
jab healthcare pharmacy limited,1
jabag multi haven enterprise,1
"ja24 foods limited, h/no b354/24, kaafo donn st. flat top, lapaz",1
norma chemicals limited - wallace,1
nordgrains limited company,1
noble treat vent,1
"noble sam-cee enterprise, aboso housing",1
noble ice,1
ivy's foods,1
itswell enterprise,1
itc network and farms,1
issbys enterprise,1
israel nyame beye enterprise,1
islamic youth centre of ghana for research studies and preaching,1
isairee ventures,1
isaiah sikaye foods,1
nobiya nongrae limited company,1
noashen phones and accessories,1
nmajima ibs ventures,1
nsofa company limited,1
"novopharm formulations (p) limited - 105.rajmandir, 62- alkapuri society, r.c dutt road, vadodara – 390007, gujarat, india",1
"novo nordisk kenya limited. 7th floor, the convex onrwerside lane",1
"irfunu enterprise, lawra",1
irani brothers & others limited,1
"""ipca laboratories limited - ipca laboratories limited international",1
"novo nordisk a/s, novo alle",1
novomed pharma,1
novelle water & plastics limited,1
novartis overseas investment ag lichstrasse 35,1
"novartis ghana limited - regus, 6th & 7th floor, atlantic tower, airport city, liberation road",1
novartis ghana limited - anysia building,1
no turning point,1
northland industrial group limited,1
northland bioscience,1
northern food and agricultural complex. tl 431-tamale. gps:nt-0155-0394,1
nwine sumbu ventures,1
nutrition quarters,1
intervet international s.a (pty) limited,1
intertropicus limited. co,1
intertropicus limited,1
inter-trade and communication network consult and farms,1
inter-commercial impex limited,1
interbaron global beverages limited,1
intas pharmaceuticals limited,1
intas pharmaceuticals limited corporate,1
nuoma ventures,1
nungua warehouse ghana limited,1
"numbers pharmaceuticals limited, tsibu",1
nuakh foods& products limited,1
n'trench enterprise,1
ntobeah,1
oanb herbal point,1
"o.a.mineral water,assennua-mamponteng",1
"oa&j pharmaceuticals limited - plt no. ind/a/71/g/11, tema heavy industrial area",1
nyuvuri nyiam enterprise,1
"nyr minral water, odumase",1
nymuh limited,1
"nyansapow multi-purpose mill limited., amanokrom-akuapem, hd 38, kampala st. gps address: e2-0362-8529",1
"nyameyie waters, gps",1
"instant ventures, choggu yapalsi hno. b 266",1
inspire supply limited,1
inova pharmaceuticals (pty) limited,1
inota foods enterprise,1
influx groundnut,1
indus lifesciences private limited,1
"nyamedeacom enterprise, h/no. c388/3, odanta street, asylum-down",1
nyai trading enterprise,1
obtener ghana limited,1
"obstev sto limited, nii kofi okai street, near loyalty",1
"obey mineral water, teacher mante. e/r gps address:",1
obeng,1
obedesark ventures,1
obama,1
indian bazaar gh. limited,1
index link limited,1
inceptrade company limited,1
"""impulse pharma private limited j-201 j-202/1 midc tarapur boisar dist-palghar 401",1
imperial medical solutions fze,1
impact labs private limited,1
"immaculate ice limited, st. mary's school campus, apo",1
"obaatanpa drinking water, kobedi chiraa, bono region",1
obaapa amanor enterprise,1
obaaba natural spices,1
human biological institue division of india immunologicals limited kozhipannai pudumund post dr basavaiah nugar udhuyanundalam (ooty-643007 tamil nadu state india),1
"iman classic, sakyikrom- adoagyiri, gps address:",1
ikyboat vent,1
i.k soma limited company gps no,1
i.k.o royal spring drinking water,1
"ike majesty enterprise., tongor tsanapke",1
iib enterprise,1
ihsl product limited,1
"iganas, techiman, b",1
iffco (w.a) limited,1
iffco(w.a.) limited,1
oceans offshore marine service,1
oceanic cold store and trading enterprise limited,1
ocean foods packaging limited,1
oceandew purified water,1
oceana ventures,1
"o.e & o enterprise limited., abossey okai",1
oduropa enterprise limited,1
odougcy enterprise,1
odo pee enterprise,1
odi ventures,1
odehyie antwi beauty production,1
odehye k. duah enterprise,1
"od birds enterprise teacher mantey, e/r. gps address:",1
odansoaaba enterprise,1
ocp ghana limited,1
iffco ghana trading limited,1
ice stone ventures,1
"ice parf limited, korso- koforidua. gps address:",1
iced & fresh foods comodities,1
hydrawork ventures c/o,1
humano pharmaceuticals limited,1
ohhema products,1
ohemaa nsuo enterprise,1
"oh demko ventures, kade near sakora park, gps:",1
ogya wom herbal centre,1
ogyampa ventures,1
"ofie agro limited. gps: e2-0877-7899, kwamoso",1
"h.p. enterprise., limited",1
"house of liberation for empowerment., wa, u/w",1
hot morgaans limited,1
hornbill ghana limited,1
"hopehome enterprise, gps",1
"honeyland miki resources enterprise., paga",1
honey boutique and farms,1
hommy delicacies,1
"off-side import & export, h/no hf 48/1 near kuku hills first street",1
"ofem o2 enterprise, amonokrom",1
herona company limited,1
hoga rockseed limited,1
hmr limited,1
"hk organic foods company limited., kpong",1
hive dome honey limited,1
"hitoto ventures, juapong",1
hitaderk enterprise,1
his glory rusal ventures,1
hiltusbytes ventures,1
hills pop enterprise,1
oleo deus limited,1
olasty purified drinking water limited,1
olaherbals,1
"okunini distilleries, kyekyewere, e/r. gps:",1
okailey's healthy products,1
oindre gps:,1
one buuri organization,1
omer investments limited - ks,1
"omer investments limited (pharmaceutical division) - plt 76, blk f, suame, kumasi, ashanti region",1
omens aseda enterprise,1
"omega meyer gh limited - 19, north ind area",1
omega freight & logistics consult limited,1
omandze enterprise,1
hill lifecare limited,1
hilaclerk enterprise,1
"hights enterprise limited, bolgatanga, u/e",1
highland,1
hi5 empire gps:,1
"h-family filtered drinking water, gps",1
heyva tropical juice,1
"hetero labs limited - 7-2-a2, hetero corporate industrial estates sanath nagar, hyderabad-500",1
hesk organics,1
opsonin pharma limited,1
opella healthcare,1
opambea oganey ventures,1
"onuapa nhyira enterprise, adum",1
onola farms,1
onnells limited,1
only jesus can save drinking water enterprise,1
herbspharm,1
herbalife of ghana limited airport city,1
herbal fuel beverages,1
henrald trading enterprise community,1
henbiss business services,1
hello ice enterprise,1
helen foods,1
"he is the light venturs., goaso",1
one lane enterprise,1
"orsam energies limited, western region",1
"orley laboratories private limited. - 1817, phase-iii, g.i.d.c. estate, vatva, ahmedabad – 382445, india",1
"organon pharma (uk) limited shotton lane cramlinton ne23 3ju, united kingdom",1
orema foods catering services,1
"heinzaac enterprise, yamfo, ahafo region",1
heightspharm gh limited,1
heavy herbal centre,1
"heaven waves industries limited., cg - 3320 - 3865, agona bewadze",1
heavenly light ventures,1
"healthy soul medical centre - , select",1
healthy soul medical centre,1
"healthy lowor enterprise, odumase- krobo. gps address:",1
"opuni-ike legend limited company, akim-oda community 6, gps address: e2-0264-8218",1
optimum foods,1
optimalt purvey,1
optimal ry ventures,1
"osialeni, enterprise, aneta",1
healthy break,1
healthy,1
healthtech ghana limited,1
healthisnax hub,1
healthbest private limited…,1
healgen scientific limited liability company,1
head start consult,1
hd foods,1
h&b suppliers limited,1
hb hamdrink enterprise,1
osei akwasi boakye enterprise obuasi,1
osei akwasi boakye company limited,1
oscar medicare private limited,1
oscarman enterprise,1
osbournes limited,1
haira logistics,1
"haypon company limited., berekum",1
havilland ghana limited,1
"havilla concept limited. opposite cactus creek hotel, aburi jamaicaso. gps address: e3-009-5101",1
h a thank you,1
hassan ibrada enterprise,1
harvest rozanne enterprise,1
happy little tums,1
"happy life food ventures, beposo, gps:",1
overlands company limited,1
outbound,1
our lady of grace senior high school,1
otisfortis herbal centre,1
oss drinking water,1
osmium llc,1
osiog investment limited,1
paaminus enterprise,1
p&a african food international limited,1
owusu achiaw herbal center,1
owusko herbal centre,1
"owass business enterprise., tark",1
o'ville trading,1
overwill enterprise,1
hannah express shipping & freight forwarding enterprise,1
hannah blessing adjei enterprise,1
hank natural mineral water,1
hanglow virgin coconut oil,1
"handmaids limited., nuaso",1
hamadu hamidu,1
hallifax trade and commence limited,1
haleon uk trading limited the heights weybridge surrey england kt13 0ny united kingdom,1
hajia umbrella enterprise,1
pafad enterprise,1
padikie foods,1
"paco synergy, new akrade, gps:",1
packtyme ventures,1
pacific prestige enterprise,1
hafsat iman vent,1
h.a. farms,1
"hadinaf services, gps:",1
gyidie mmoroso herbal clinic limited,1
gy fishing enterprise,1
gye wo adansee herbal centre,1
gybodez enterprise,1
gyarko farms limited,1
pacewealth ventures,1
pabene bitters,1
"paapa ben company limited., gomoa tuansa",1
palms water production enterprise,1
palma group ghana limited. com,1
palb pharmaceuticals limited b9 18,1
gyant herbal clinic,1
gvs pharma limited,1
"gva rosac group limited., kasoa",1
gulibu company limited,1
guinness ghana breweries limited,1
guilin pharmaceticals (shanghai) company limited,1
guest natural mineral water,1
gudmann inter limited,1
g. t foods limited,1
pakomall enterprise limited,1
pakmart limited,1
pagsung shea butter processors association,1
page,1
parmarts pharmacy sic building former bonsu brothers okashie,1
parin africa limited,1
paradise kingdom enterprise,1
"paradise exclusive resort, akyem nsutam, gps address:",1
"paradine company, limited",1
paore pio vent,1
"pankus organic fertilizer, akim oda bunglow-abease, gps address:",1
pandan vision enterprise,1
panda commodities and trading,1
pan african water solution limited,1
"ground up ghana limited, amanokrom - akuapem north",1
"gritop foods processing limited., kasoa",1
g.r industries limited,1
panacea pharmaceuticals,1
panacea pharmaceutical limited h/no,1
paloma herbal centre,1
"patriange ventures, near gaso filling station, goaso",1
patpasky enterprise,1
"patkepacy enterprise, teshie nungua estate",1
"patience cobbinah herbal center, gps",1
"p. a sarpong enterprise, box tl 1346, tamale, gps",1
greenwich fisheries limited,1
green wave limited. company,1
"green herbal organic shelves, kaneshie",1
green gold biotechnology engineering company limited,1
green-co herbal enterprise,1
green,1
great life wellness services,1
gratia & venia solutions limited,1
party buddy,1
partnart,1
parthagril ghana limited,1
"golden breed ventures., kaneshie",1
grasam star ghana limited,1
graciella special product,1
gracepack filtered drinking water enterprise,1
grace foods,1
gracefect royal enterprise,1
"gotm-nova enterprise, square avenue, u/e",1
goshen herbal centre,1
good water enterprise,1
"good news water, nsawam dobro, gps address:",1
"good max mineral water, drobo, bono region",1
pavan,1
paulex foods,1
"paul de saint water & trading enterprise, techiman, brong ahafo region",1
paul brooks homoeo labs,1
paufos grace enterprise,1
pee wees business venture limited,1
pee kaf limited. co,1
"peehan foods, osabene- koforidua near the islamic school. gps address:",1
pebble natural mineral water,1
pearlane pharmacy limited,1
"peanut concept enterprise., koforidua. gps address:",1
peadico company ash zone,1
pbk revu investment gh. limited,1
pazito limited. co,1
goodlife mineral water and beverages ventures,1
goodheart baker enterprise,1
goode shito,1
goldisnacks limited,1
"golden vials enterprise., berekum",1
golden royal commodities and logistics limited,1
golden frimps enterprise gps:,1
perfect end logistics,1
peremend clealand enterprise,1
peregrine express delivery service,1
pepps cakes and events,1
"penti ice enterprise., gps",1
penilove snacks,1
penak pharmacy limited,1
"peki college of education, peki avetile, gps:",1
"pekasons pharmacy limited kasoa akweley-adom estate road, nn91,neptune st",1
golden africa consumer products ghana limited,1
gold coast roasters limited,1
gokals-laborex limited,1
"go- givers enterprise, gps 334-4610, racecourse",1
godswill cereals,1
godiya foods ghana limited,1
pegboa enterprise gps-ub-0450-5042 yikine opposite atula hotel,1
"perimeter company limited., antwiwaa villa near akyem state college, akem aboabo, akim oda",1
perhema enterprise,1
"perfect pak mineral water, gps",1
god is wonderful mineral water limited,1
god is precious mart,1
god is all you need company limited,1
gobby bawua enterprise,1
gnpa limited,1
gnox prime limited,1
gnoppo gh. limited,1
gm citadel enterprise,1
gloyeb enterprise,1
glow pharma private limited,1
glotex limited. co,1
perfect natural mineral water,1
"perfect mineral water, begoro, gps address",1
pharmanova cote d'ivoire,1
pharma more pharmaceutical industries,1
pharmajet inc,1
"pharma bavaria internacional pbi, portugal unipessoal lda rua do monte leite 498",1
"glorious baby mall, kasoa",1
gloriaka maquis hotel,1
"glopag afric, gps",1
glocardo ventures,1
globell ocans enterprise,1
globalvine commodities limited,1
global health llc,1
global gsv gh limited,1
global fish company limited,1
"p&g health germany gmbh - sulzbacher, strasse 40",1
pfizer specialities limited c/o iqvia,1
"petpro limited., co",1
philde foods,1
philbro group limited,1
phidmak enterprise,1
"phidey rich blu star enterprise, abor volta region, gps:",1
pharm - in limited,1
pharm in limited - east legon,1
glanita,1
glada filtered water,1
giz-kaye ventures,1
"give thanks network limited, gps:",1
givers water,1
gi pokems foods,1
gina's spring drinking water.gps:,1
pharmatrust limited. - accra –,1
pharmasymbiosis limitedh/no,1
pharmarite,1
phyto-riker (gihoc) pharmaceutical limited,1
"gilpez investment company limited., kasoa",1
giloz restaurant,1
gilead support services,1
gihoc distilleries company limited,1
giftings and skills ventures,1
giftemma group limited,1
"gifted minds foods and trading enterprise., h/no.c22, appau-tinkong",1
"giftal shito, dome",1
giford ea enterprise,1
"gifadze ventures, gps",1
gideof limited,1
ghandour cosmetics limited,1
phinen foods,1
"philnock enterprise., gps",1
phillips ghana limited,1
"p.k. anos enterprise, gps:",1
"pitiku farms limited., tenogra afram plains",1
pioneer food cannery limited,1
pioneer cereals limited,1
"ghana nuts company limited., hansua",1
ghamethe enterprise,1
"get ice, kasoa - amanfrom",1
gepach international - head office b,1
george tettey prestige enterprise,1
"genix pharma private limited - 44, 45-b korangi creek road, karachi 75190, pakistan",1
pinkgelina enterprise,1
pink and blue prime limited,1
pinamang enterprise,1
"pinaman foods and beverages, kasoa",1
piloloplus ventures,1
pills and tabs pharmacy,1
pms lucious company limited,1
pm,1
"plus five ventures, koforidua, e/r. gps:e7-108-6253",1
genetek lifesciences private limited,1
genesis alkaline water,1
genesis,1
geisteiz mineral water. gps,1
"g.e healthcare as,nycoveien 1",1
"geeun enterprise., gps:",1
geesh vent,1
"geedan ventures, nkawkaw, e/r. gps address:",1
gedicom mineral water,1
platinum gift enterprise,1
planned parenthood association of,1
planex trading enterprise,1
pkk farms,1
"geapadd enterprise, gps",1
"gdk international lbg, dawhenya",1
"g - c animal pharmacy & pet shop, nungua",1
gb pharma (gh) limited,1
gb pharma(ghana) limited,1
gbm general trading limited,1
gb foods ghana.limited,1
gbati yussif enterprise dagbon road (na-0001-9073) kpandai,1
gatita global trade limited,1
gati food products and trading,1
porche enterprise,1
poly medicure limited,1
point well natural mineral water. location:,1
pointed ice mineral water enterprise,1
point chemist limited,1
pnf industries limited,1
precious os foods ventures,1
precious life centre limited,1
preciosa limited,1
praise export services limited,1
pots and ladels,1
posh thompson enterprise,1
gatelift company limited,1
gastro foods enterprise,1
gardenciti water supply,1
ganel royal enterprise,1
galaxy import and export logistics limited,1
"gain cool, budumburam",1
gab foods limited. co,1
g,1
g2 ice,1
fungidx laboratories (ghana) limited,1
prestone ventures,1
prestige ynna company limited,1
prestige sugare,1
presley consult and supplies,1
presbyterian development social services-north,1
premium nutritional enterprise,1
premier legacy limited,1
premier healthcare,1
premier care,1
fumiz ventures,1
fullstalk limited,1
"ft strategic investment limited., kasoa - nyanyano",1
fruitavita,1
frozen pot foods,1
frozen matters enterprise,1
"prejemmoc ventures, gps",1
prime care industries (gh) limited,1
primal point limited,1
prifrimps foods,1
pricyn bakery,1
frostline west africa limited,1
friomer limited,1
frimpsman enterprise,1
frimfrance star limited. company,1
frimeberl-asaah enterprise,1
frhemson foods,1
fressy's local,1
"fresh vakof ventures, sunyani, brong ahafo region",1
"fresh source enterprise, dormaa ahenkro, bono region",1
"fresh organic food systems limited., nsawam, e/r. gps:eg-627-0698",1
pricewill distribution company limited,1
pribet gh company limited,1
princity naturals enterprise,1
freshlys family farms limited,1
fresh fruit beverage enterprise,1
fresh dekks enterprise,1
"fresh city mart enterprise, community 8",1
fresenius kabi south africa (pty) limited stand,1
"frenzia ventures, samahu, tarkwa, western region",1
fremartek enterprise,1
freezer fresh,1
"freedom heritage enterprise, gps",1
prince first enterprise suhum amanhyia. gps address:,1
prince first enterprise,1
primesimash,1
"primepak canning limited,unit h 7, gicel estate,weija",1
"prime needs international,central region",1
prime initiative management,1
fredofs enterprise post box,1
"fredericko asan enterprise., gps",1
freddie beverages limited company,1
frashel international limited,1
frapedu limited,1
"frankatson limited - adom fie, orgle road",1
francis kumah trading enterprise,1
pro belyz limited,1
probaker ghana limited. ga- 499-8062,1
"priskano foods, winneba",1
pris farms,1
prisenyo enterprise,1
pris-davi ventures,1
"priscadel ventures, plt",1
priority foods,1
printex pharmacy limited,1
"proverbs 16:8 enterprise., gps",1
prosperity health ventures limited (phv),1
prosecrets enhancement,1
"propac enterprise, gps:",1
pronounced partners pty limited,1
"promois international lt - gf 15/792 nehru nagar shuklaganj,unnao uttar pradesh 209861, india",1
"promiseland healing center, along the asankraguah road opposite top class hotel, bawdie",1
"prolory enterprise, sunyani, bono region",1
francis appiah,1
fpf commodities limited,1
"fount pure enterprise, potsin",1
fountainlife foods limited,1
"fosu kingdom enterprise., ofaakor - kasoa",1
"fostinus ventures, hatsukorpe near saint paul's",1
fortumensah enterprise,1
formular,1
psalm,1
psalm 34:8 taste & see food,1
prudential accord agro limited,1
"forever living products ghana pmb 251,cantonments",1
"forever living productsforever direct eu u751 xt dud, gabel netherland, uk",1
forever baby enterprise,1
foremost intergrated enterprise limited,1
food with adel,1
foodtech limited,1
food coach limited,1
foodbee,1
"fones mineral water, pokrom nsaba, e/r. gps: e3-461-2279",1
fofou enterprise,1
focus treated water,1
providence consumer care,1
provest exports (gh) limited,1
"finger snacks, anaji behind nhyira hotel, gps",1
fnp foods gh limited,1
fmb farms & trading limited,1
floturk mineral water,1
flobet royal ventures,1
flick investment ventures,1
flexy foods limited,1
"flavour n you ventures, gps",1
"pure man (pm) distilleries limited, sunyani, bono region",1
pure gen ghana limited,1
pureco africa limited,1
pure bounty food enterprise,1
ptf solutions ventures,1
pt bintang toedjoe jalan ra,1
p.s update ventures,1
ps trade gmbh gh limited,1
qanna living water,1
pz cussons ghana plc,1
py-touch,1
pure zion natural mineral water limited,1
"purewave enterprise, dumasua-ampenkro, bono region",1
puretic enterprise,1
pureplatter foods limited,1
"f.k. enor enterprise, bibiani, opp. new police divisional head quarters",1
five loaves enterprise,1
fitwell enterprise,1
fisherman fish ventures,1
firstsolve global limited,1
first class fresh sobolobo. gps:,1
first citylife enterprise,1
firestone herbal centre,1
fire of god herbal centre,1
"feli's shito, h/no. mb 14/8, fiapre",1
fedek ventures limited,1
"finest industries limited., gps address:",1
filotimo industries limited,1
fiji ice,1
"fifthshel ventures, kukurantumi",1
fiducia enterprise,1
fidelity express shipping,1
fibre delicious health bakery and services,1
fiak ventures complex limited,1
f. foster enterprise,1
quamey limited,1
quality food distributors gh. limited,1
qualimax enterprise,1
qualaah agro tech limited,1
q-jen foods,1
qwesdjoa enterprise,1
quiari llc,1
queisser pharma gmbh & company kg schleswiger strasse 74,1
queens villa guest,1
queenlee foods international limited,1
quayki limited,1
quaybros limited,1
quasipharma,1
quari llc,1
ferring pharmaceuticals s,1
ferring lnternational center sa chemin de la vergognausaz 50,1
"ferring gmbh wittland 11, d-24109 kiel, germany",1
feoga vent. limited,1
fenix star limited company,1
felkings one annex,1
"felix festus yamoah, kpone",1
rafano frozen foods company limited,1
radisco view enterprise,1
radiant creative studio,1
"feanza industries limited., essiama",1
"fb trinity ventures, keena, off kumasi-kade road. gps address:",1
fay international limited,1
favoured dankwah enterprise,1
favour adom bakery & catering services,1
fauzzy foods.....dansoman,1
fauspee best enterprise,1
"fast moon limited., accta",1
fast favor ghana limited,1
"fast-connect enterprise., kanshegu gps:",1
fasco a.f. enterprise,1
farmway & business ventures,1
"raaguure enterprise., kankaaziire",1
ran tranz world limited,1
ransford fosu enterprise,1
rana beverage,1
ramm trust limited,1
ramdan enterprise,1
rally royal enterprise,1
farmmaster international limited,1
farmer's partner enterprise,1
faric healthy living ventures,1
"family ice mineral water limited, takoradi, anaji, h/no. nek 16",1
"rakiatu salifu agric business, tuabodom",1
rajoa foods enterprise,1
raihan company limited. gps:,1
"rahsel enterprise., wa, u/w",1
rahis products. gps:,1
raff-alpha mineral water enterprise,1
rayrich naturals,1
"raydon pharmaceutical private limited, office",1
rash plus king ventures,1
falo foods innovations limited,1
"fakobs kitchen., acca",1
faithwings ventures company limited,1
faith & thedd company limited,1
faithinu enterprise,1
f,1
faes farma s.a. maximo aguinne 14,1
faes farma sa autonomía etorbidea,1
rash baby enterprise,1
r. a pura resources,1
raphkob tasty foods limited,1
rapha mineral water,1
rapha delight,1
redwin limited,1
redelia,1
redaaco uk limited,1
re cell internaional limited,1
re-boot global ventures limited,1
fabra trading enterprise,1
e.zion enterprise,1
"extra grace enterprise., obom rd., kasoa",1
extem pharma limited,1
exphar sa zoning industriel de nivelles sud zone ii avenue thomas edison 105,1
"real impact energy limited, west legon",1
rds beverages limited,1
rd medikal tibbi urunler san.ve tic,1
r&b farms limited,1
razak kabore enterprise gps:,1
ray's alordisa enterprise,1
reign foods gh. limited,1
rehobothgoshen ventures,1
regkufos enterprise,1
exeter health limited queensgate,1
exciller wellness private limited signature i makarba road sg highway ahmedabad,1
excel palm enterprise,1
excellent business complex,1
exceed travel and tours,1
"exalted valley evangelical ministries international gps: e2-1059-9127, asasekorkor",1
"ew vent., limited. com",1
ewnesscare inc - 1,1
"evok organisation limited. company, breman asikuma",1
evivi agro foods,1
everything gourmet limited,1
"reg-hert ventures, berekum, b/a",1
"regern impex vent., amasaman",1
"espi ice mineral water & drinks, ojobi - senya rd",1
every mama's dream,1
everyday salt,1
everyday baker limited,1
"ever progress company, limited",1
"eva-t enterprise, 56a/1, lagos town, emudze alhy",1
"evasda foods, tarkoradi",1
"evans d enterprise, abesim, sunyani, bono region",1
evalone love enterprise,1
evabest,1
euromix dolcys ventures,1
euninuk ventures,1
euglink company limited,1
"remma ice mineral water limited., nankese, gps address:",1
"remedica limited; industrial estate, 3056, axarnon, limassol, cyprus",1
"religious of the virgin mary congregation lbg, goaso, ahafo region",1
resource ethica,1
resolve olc,1
rescue shipping investment agency,1
renie's flavours,1
remmeck enterprise,1
"eudoxie ventures, sekondi police head quarters, gps:",1
eubiologics co limited 8f seongdo b/d,1
etua,1
ettuh b ever's limited company,1
ethypharm,1
ethos products and services,1
ethniques enterprise,1
eternal herbal centre,1
etap pharmaceuticals limited,1
"essu - grace enterprise, pumside new habitat, assin fosu",1
"essel-lex enterprise., awutu breku",1
r h r medicare p limited,1
rhemaco company limited,1
rgr-ofa limited company,1
rfk success ventures,1
reymel-ab services limited,1
reyhan cereals and food enterprise,1
re-yaa enterprise,1
revup wa limited,1
esnam natural mineral water,1
esilicious tom brown,1
esdan ventures,1
ernita beverages,1
erneststuff enterprise,1
ernest acheampong enterprise,1
"revitalize enterprise, nuaso, e/r. h/no. k 2461, nuaso new town",1
ressourcethical/propharmed international,1
"emmabi enterprise., on the agric and diabene road, close to diabene shs",1
emma b. enterprise,1
emmabee,1
"erigab star enterprise., gps",1
"erana enterprise., gps:",1
ephphatha services,1
ephphatha glory ventures,1
e.o.kansarfo ventures,1
ento farms limited,1
enough d.b enterprise,1
"richgyam enterprise., gps",1
richcord company limited,1
richben pharmacy limited,1
richard yowaa enterprise,1
"richard nana adjei enterprise., gps no",1
rhutmix limited. co,1
rising pole star trading,1
risant royal ventures,1
"ridwan and sons company limited, kasoa millenium city",1
richwan prestige enterprise,1
"rich ram enterprise, bechem",1
richqueen enterprise,1
"en mensah aquifers limited. company, kasoa",1
"enjoy life mineral water, gps",1
enicar pharmaceuticals private limited,1
endurance healthcare limited - c1b 305 2 3 4,1
e & m purissima company limited,1
emml-petal ventures,1
emmanuel kwame boakye enterprise,1
emmanuel kwame baah enterprise,1
emmanuel asamoah,1
emmaland ventures,1
rockykitchen,1
"rocky ice water, gps",1
rockens phytotherapeutic centre limited,1
"roby gold enterprise., swedru",1
emivic ventures,1
emi-berth ventures,1
emery sante limited,1
emebb foods and beverages,1
"el-vision excel, sakumono",1
elslian enterprise,1
robderans enterprise,1
roasi ventures limited,1
rizq-acqua natural mineral water,1
rivor royal enterprise,1
ritcole vent,1
rita food and drink co.limited,1
"el-shaddai finger licking, dzodze",1
elmahala el kobra company,1
"ellakin cool enterprise., nsawam, e/r. gps:",1
elizasens company limited,1
elizabeth gyasi enterprise,1
elitespicy shito,1
elite healthy foods,1
elite - galaxy international limited,1
elisan enterprise,1
elinabeth enterprise,1
eli jehova jireh pharmaceuticals limited,1
el-franj enterprise,1
rosea herbal centre,1
roneg special,1
"rokimelin enterprise, mankessim",1
rodkings ventures,1
rosekwa paradise ventures,1
"elesem ventures, juapong",1
elel express limited,1
elcemi vent,1
"el-bib enterprise, tarkwa, bankyim",1
elben dee ventures,1
elat stars enterprise,1
elan spice and trading ventures,1
el amor ventures,1
elaiela ventures,1
"eky water enterprise, gps address:",1
ekuks granola,1
ek thauma business enterprise,1
ekoraba ventures,1
eko pets & trading center,1
ekofad foods and events and management,1
ek dynamics,1
"ekara ventures, gps",1
"e.k appiah ventures, tosen",1
"eka food processing company limited, abesim, sunyani, bono region",1
eiedarks ventures,1
egyptian green farm limited. co,1
eggstra farms limited,1
efua k. dwamena ventures 3rd mosque road akokofoto dansoman,1
efiefi research & development fund,1
edynca pharma limited,1
"royal choco, nkurakan, e/r gps:",1
royal charisma pharmacy,1
royal ancient herbal center,1
roxn exm private limited,1
roxie's specials,1
"rose natural spring water limited., akenkansu",1
royal earlibird enterprise,1
royal duch pharmaceuticals,1
royal debash farms,1
royal datela limited,1
"edward akotua shoes enterprise nankese, gps address:",1
eduwodzi unique ventures,1
edmat mineral water enterprise,1
"edmass foods limited., abutia",1
"edjerma enterprise monrovia, gps:en - 092 - 8966",1
edinoble royal enterprise,1
edimody enterprise,1
"edikel natural mineral water, techiman, bono east region",1
edikanfo civil engineering & supply services limited,1
edice ventures,1
"ed happy home cereal foods ventures, nsawam, e/r. gps address:eg-085-5265",1
edfre enterprise,1
royal isasco enterprise,1
royal halis ventures,1
eden blue specal enterprise,1
edeca enterprise,1
edclan gh. limited,1
ecovision agency limited,1
"eco quench beverages, kwamekrom , canan. gps",1
economic distribution company gh. limited,1
royal group onb e2 mehar sons estate talpur road karachi,1
royal group onb e/2 machar sons estate talpu road karaclu,1
royal grill,1
royal gidren ventures,1
royal - g enterprise limited,1
royal fountain premium company limited,1
"royal fortune company limited, community 11, paa grant street",1
royal eco foods,1
"easy right way enterprise, hohoe, gps:",1
easy right way enterprise,1
"easy processing and packaging limited., gomoa juk",1
easycom trading company limited,1
east pekin trading limited,1
eastern eden beverages ghana limited,1
e. a. sahel vent,1
earthmonk pharmaceuticals private limited,1
earthly bounty limited,1
e & a poultry,1
royzo limited,1
"royal mmk ventures, kweikrom",1
"royal mj ventures, cantonments",1
royal markbrooks ventures,1
"royal joemab enterprise., gps",1
royal joemab enterprise,1
drew valley drinking water,1
drefodan vent,1
e. amanoo enterprise,1
e.a.green hands enterprise,1
eaglion,1
"eagle speed ventures, accral",1
eagle insight enterprise,1
eagle eye top shipping company limited,1
dziwonu enterprise,1
dzinmaya limited. co,1
dzinerics ventures,1
dzi _mns enterprise,1
dzie foods enterprise,1
dzidzor bee farms group limited,1
dynamic freight services limited,1
"dutch farm international b v - nieuw walden 112-1394 pe nederhorst den berg, netherlands",1
"rufam limited, techiman, bono east region",1
ruchi enterprises ramjunj,1
"ruche ebene enterprise, h/n fp370 fiifi pratt-nyannyano",1
rubnest shipping agency,1
rubi atitsusi enterprise,1
"rubellite company limited., kasoa – ofaakor",1
"rsf pharmaceutical company, limited",1
duodo herbal centre,1
dunu delight enterprise,1
dunbros pharmaceuticals limited inna apartments parvati payatha pune,1
"dugransun limited., kyekyewere, ayensuano district. gps address:",1
duffys health & beauty,1
"ducibus,nsawam , adjacent astek fruit processing limited., gps address:",1
duchess merchant capital limited,1
dsquaye drinks,1
"dropwhite enterprise, abotoase",1
dovam enterprise,1
double dee bakery limited,1
"dorten hotel and restaurant, nkoranza, bono east region",1
dornew ice mineral water,1
d'orishas foods,1
dores volta,1
dorcas boateng,1
dora's era,1
dopharma veterinaire farmaca b.v. - zalmweg 24,1
s.a. affum enterprise,1
ryeco ghana limited,1
ruth power herbal center,1
rujmali enterprise limited,1
rujecan bangas enterprise,1
rugyim investments company limited,1
ruffy's foods,1
safat trading & transport limited,1
saeed heights enterprise,1
sabruka ventures limited,1
sabaoth home foods,1
"sabad ventures, gps",1
saa onaa tasty delicacies,1
donwarazin enterprise,1
"donna j. enterprise., gps",1
"don-hel enterprise, appiadu",1
donatus pharmacy limited,1
do more good mineral water,1
dominio de las especias,1
domfersand ventures,1
domfari enterprise,1
doggie dog world enterprise,1
dn-sinapi ventures,1
s. agyei agro chemicals and trading enterprise,1
dn never again,1
dnanudge limited,1
d-mercified catering & events limited,1
d.k. wuu enterprise,1
dkbs foods,1
divine grace stores,1
divine grace goods and services,1
distell ghana limited,1
"disinfecto chemical industries limited - , select",1
saga lifesciences limitedsurvey,1
safiaj foods,1
saff’s ventures,1
saffron herbals & spices limited,1
saffron dynamics,1
saferside pharmacy,1
samak true organics enterprise,1
"salsabilastar enterprise, gps",1
diphath crystal water enterprise,1
"dine with kabuki., acca",1
dimma enterprise,1
different colour home lode limited,1
dicta's dries enterprise,1
dickson star one enterprise,1
dickens hly limited,1
dibio univers limited,1
"salma farms, abotakyi akuapem, e/r, gps address: e2-0519-8015",1
salibeachi limited co,1
salasah-musah enterprise,1
salalon foods,1
sakyiwaa foods,1
saikipra limited,1
"diamond peral continentals., kwabenya",1
diamint ventures,1
dh impex limited,1
d. h. impex limited,1
de-yram ventures,1
dex iberica dominkara s.a. antopista ramon caceres moca dominican republic,1
"dew pac hydration and mineral drinks, donkorkrom, e/r. gps:ep-0065-1809",1
"deva's agro, begoro, gps address:",1
de vada company limited,1
samk. byon enterprise,1
samfresh spring water gps:,1
"samfe flourish ventures, kadjebi, gps:",1
samdee food supplies,1
samboa drinking water,1
samba foods limited,1
samalex solutions,1
delta paper mill limited,1
delm trading and logistics,1
desuru enterprise,1
"destiny stores, anloga",1
destiny organic farms limited,1
destiny command logistics limited,1
destiny and desires limited,1
destiny and desire limited,1
"desire distribution enterprise, akatsi",1
"desert spring food & beverage enterprise., asutuare",1
desert lion international (dli) limited,1
"descar company limited, anyaa- nic gps: gc -1093492",1
desa farmwheels,1
de ralp ets dieye limited. co,1
deo ice; kyekyewere,1
denourish foods,1
samuel ob enterprise,1
sam-rich honey enterprise,1
"sampel honey, gps:",1
samospharma limited - wbha,1
samospharma limited - suite,1
samos pharma abc baatsona spintex,1
samodak,1
sammay royal enterprise,1
"sam-kofflyn enterprise, klikor",1
"dennistar water & beverages enterprise., akim akroso, zion jhs junction. gps address: e8-127-700",1
denk pharma gmbh &co kg - prinzregentenstr 79,1
"denker industrial limited, maame krobo",1
"denice probiotic yoghurt, akropong",1
"de-nice hotel limited., kasoa - obom rd",1
"denanttu enterprise., pineapple- kukurantumi",1
demarco frozen foods,1
db anims vent,1
delimush limited company gps:,1
del'eau purified water,1
"dekyipon ventures, akosombo - e/r. gps:",1
dekash multimedia,1
dei- verbum. location:,1
dehlyss agro vent,1
de happy plate restaurant,1
degrey farms enterprise,1
de gjando company limited,1
deekay clientele enterprise,1
deeco trade,1
sanaa mineral water,1
"samwinn agro-foods and processing enterprise., ns-78-4106, chlorine street",1
"samwad enterprise., suhum, e/r. gps:",1
samvee fams enterprise,1
"sankofa unisex boutique, tumu",1
sanita consumer products limited,1
sang rocks enterprise.mohammedlatif72@gmail.com,1
sandyseth natural water,1
sandra gyamfi services,1
dedon limited company,1
d'eclat,1
debs juice,1
de brothezz enterprise,1
debora yeboaa,1
debbie nyarks enterprise,1
"de-ans food processing , nsawam, e/r. gps:",1
dealersbin frozen foods,1
"d.d haven bliss enterprise., dabala",1
dc mirac,1
db ice. tumu,1
"sarpomaah sea foods, gps",1
sarpnaah haven limited,1
sa-oye adom enterprise,1
sanoproducts ghana limited,1
sanofi pasteur sa parc industriel d'lincarville,1
sanofi pasteur limited toronto-canada,1
sanofi aventis nigeria limited japaul,1
day open enterprise,1
dawards bonds limited,1
dawa foods limited,1
david owusu yeboah,1
"dave production, doboro",1
d.a.s.t. biotech pharm limited,1
d.a.s.t biotech pharm limited,1
"sanofi-aventis deutschland gmbh bruningstrabe 50, inoluilsiepark hochst",1
san & n company limited,1
"dak natural mineral water, koforidua technical university. junction",1
da jacoo ventures,1
"darrus-salam enterprise, garu",1
darose pharmaceuticals limited,1
darkoa,1
dark blue pharmaceuticals,1
dansvik enterprise,1
danso beverages limited,1
dan's - ma company limited,1
danmilla foods,1
danmilla company limited,1
dankpolo rahaman business,1
daniel yeboah oil and food ventures,1
daniel kwasi,1
dango empire ghana limited,1
sasha-ice,1
daddy ash limited,1
dacpo chris enterprise,1
dabs glory ventures,1
daavi empress,1
daas foods limited,1
daa fisheries training center limited,1
cy success trading enterprise sunyani bono region. bs 3020 - 1150,1
cyrous premier international limited,1
cynthia during enterprise,1
"dan bosco company limited, agona nkwanta - aboade highway, gps:",1
"danaso enterprise., mpraeso",1
"dan antoine enterprise, pentecost junction kpone",1
danans-carmella enterprise,1
"damsulhas enterprise, hno. 6, resettlement area kalariga",1
da moriah services,1
dakscilla ghana limited,1
scaag enterprise block 64b,1
sawazz enterprise suyani,1
savoy lab limited 51-53 street abinadun oxfordshire oxi4.3jf uk,1
savoury hub food and beverages consult,1
saviour water enterprise,1
saveup foods limited,1
savannah and sahel commodities limited,1
"savage liquor ghana limited, madina",1
sauve foods limited,1
sa-topline enterprise block h,1
sas trading enterprise,1
s,1
dahiada herbal centre,1
dahava amoateng enterprise,1
"daftec company, anum amanfro",1
daddy kins ventures,1
sea temple foods,1
search,1
sdg industries limited,1
sce mineral water,1
cutebite and trading enterprise,1
cutebird limited,1
cupid limited,1
culinary culture,1
cucumonga company limited,1
"c-touch kitchen limited., madina",1
cs trading enterprise,1
csir-food research institute,1
crystal shipping limited,1
crystal-rok limited company,1
crystal jorek enterprise,1
"scanpela rice factory, gps",1
sema royal farms limited,1
"select water limited company, susuaso, ahafo region",1
selasie beverages solutions,1
crunch crave,1
crown aa & b limited. nsawam- adeiso. gps address:,1
cross pharm,1
crosscandy vent,1
crop economy enterprise,1
crescent ventures,1
creoprimus,1
cowshed cafe enterprise,1
"covex s.a.; calleacero 25, poligono a indstrial sur",1
seilinda enterprise,1
seegene inc,1
sebasam company limited,1
seaview food and beverages enterprise,1
sevgoc enterprise,1
seven seas limited; the heights brookland wegbridge survey kt,1
seven harvet limited,1
sethreb company limited,1
cosmos shilo enterprise,1
corpus wellness centre limited,1
"cool it ghana limited, korkordzor, behind ebenezer funeral palov, weija, accra west",1
contract manufactury and packaging services pty limited,1
connieericson enterprise,1
conglobe africa logistics limited,1
conbal logistics,1
conak elshaddai foods & investments,1
serwaa scent from nature venturesen-071-2388koforiduaeastern region,1
"serum institute of india private limited. 212/2 hadaspar, pune-411028, maharajtra state, india",1
"serum institute of india private limited. 212/2 hadaspar, pune-411028, india",1
sena aqua ventures limited,1
"sham bonayo enterprise., ns. 364-9533 tamale nr",1
"shalom generation ventures, wlitey-akatsi",1
"shall abide enterprise., ejisu",1
comfort@20 zone services,1
cold one enterprises,1
coldconuts exports,1
codix healthcare limited,1
coda ice natural ventures,1
cocoa touton processing company limited,1
"cob-a group of companies limited., gps",1
cn nazareth vent,1
shagails,1
shad limited,1
shadams company limited,1
"shaa yabo business sevices,koforidua- along the water works road off the kassadjan road, gps address:",1
sgl africa limited,1
cipla limited kurkumbh,1
cn1- mukaasi city,1
clesun,1
clemvic ventres,1
clemjee enterprise,1
clemag enterprise,1
cleave limited. co,1
"clear ice mineral water, nsawam, e/r gps:",1
clear foods limited,1
clear aqua drinking water enterprise,1
clean,1
sharp ice natural mineral water,1
sharp herbs,1
shanshai foru pharmaceuticals development co limited,1
shandong xinghua pharmaceuticals company limited,1
shandong weigao orthopaedic device company limited,1
shik vintage foods,1
shifaa agribusiness & allied services,1
shekinah holdings limited,1
sheee beauty makeovers,1
"sheballi bia rich water business enterprise., ny blk b63 nyohani tamale nr",1
sheame ventures,1
shea delight company limited,1
citriville,1
citon drugs and pharmaceuticals private limited c1101,1
citizens frozen foods limited,1
citi crest ghana limited,1
"citadel water ghana limited, bekwai",1
cisca foods enterprise,1
"ciron drugs & pharmaceuticals private limited - c- 1101/1102, lotus corporate park, graham firth steel compound, jay coach junction, western express highway, goregaon (east) mumbai, maharashtra– 400063, india",1
"ciron drugs and pharmaceuticals private limited. - c-1101/1102, lotus corporate park, graham firth steel compound, jay coach junction, western express highway, goregaon(east). mumbai-400063 , india",1
cipla limited goa unit ii,1
shivalik pharma ghana limited,1
shitowomu urban taste,1
ch-rydergroup ghana limited,1
christ in you,1
christ compassion ventures,1
chrish the king enterprise,1
chrisalvsco enterprise,1
chrisagye global company limited,1
chopbox express,1
chocomac gh. limited,1
"chocho mineral water & beverages limited., suhum mile 44, p51 chocho drive, gps address:",1
"chineke enterprise., mankessim",1
shitonova,1
shito classy & trading ventures,1
shira purified water,1
shining green farm & foods,1
chapter save and pick,1
chanah baby shop,1
champion adisa company limited,1
"champ impex limited (new applicant) (old applicant:ambica impex limited., accra, g/r)",1
china fujian fishing gh limited,1
chilled shake,1
"ch global limited., adonkwanta",1
"cherry ice, peki tsame, gps:",1
cherrc venture,1
c.hedenkamp gmbh,1
chateau fort cf,1
"siblends trading enterprise, spintex road",1
shuotong packaging gh. limited,1
shroalik pharma limited,1
shivalik pharma limited,1
shivalik pharma gh. limited,1
simply green,1
simplichef foods,1
simby ventures (dansoman-g/r),1
silverspoon medical enterprise,1
silvercrop gh. limited,1
siljust ventures,1
silasdee enterprise,1
sika wo wuram nurseries and agrochemical,1
"chasia foods, kasoa",1
charvicsly mavid,1
charsinco enterprise,1
charps chemist limited,1
charplus praising enterprise,1
"charliebenz ventures, gps",1
"charity cool natural mineral water, gps",1
charissa21 enterprise,1
champala mineral water,1
"c & g fisheries co, limited",1
cfi (west africa) limited,1
cerveau limited,1
century nit ice,1
centurion private limited,1
centuries cocoa products (gh) limited,1
sky universal trading limited,1
skyrefresh company limited,1
"skm pharma private limited- tf-10 point infantry road, bangalore 560 001, india",1
ska marlx enterprise,1
situhi filtered water,1
sister sardines and mackerel ventures,1
"sip ind., limited",1
"sing praises drinking water, larbikrom",1
simply lounelle,1
"soabapa green projects, gyakiti, e/r. gps:",1
sniwt regna ghana limited,1
snailry,1
smart base logistics,1
slydee1977 business vent,1
sly-ben enterprise gps,1
slingshot limited,1
cefak services,1
cee max royal enterprise,1
cedi fresh farms limited,1
cedem ag bergstrasse,1
cecifam enterprise,1
"ceazer ice water production centre, near bismillah bulgar, gps:",1
c. chunjee ventures limited,1
cba foods,1
"cb2 limited company, north kaneshie",1
cash-u company limited,1
"casaloma ventures, taifa",1
casadeoro ventures,1
"caroab - dac enterprise., drobo",1
carissadia enterprise,1
cargill gh. limited,1
carel industries limited,1
caregrow enterprise,1
solevo ghana limited,1
solana foods enterprise,1
solana cosmetics and beauty care inc,1
sojeg city ice mineral water & beverages,1
sogenix pharma llp,1
sogem natural mineral water enterprise,1
societhe tea and food services,1
soap,1
sooche enterprise box,1
so nkwa hwe limited,1
sonal global limited,1
somochem (gh) limited,1
sommers natural flavors,1
captain bugate enterprise,1
"caposark enterprise, akyem bomso",1
camso limited,1
campari stock broker,1
calitos limited company,1
c. a. legacy imports and exports,1
caleb ga ventures,1
calbless mineral water,1
cake city limited,1
cadlia pharmaceuticals limited,1
cadita belle enterprise,1
sparkxx foods and beverages company limited,1
sparkling ice enterprise,1
soyefa fm,1
"cabmab business ventures, birem, e/r. gps:",1
buy africa build africa limited,1
butterly bliss enterprise,1
burger fresh yoghurt enterprise,1
"budget pharmacy, gorden guggisberg av korle-bu",1
btp pharmaceuticals company limited,1
bsm commodities limited,1
brownmens enterprise,1
"south villa (2008 enterprise., amanfrom-nkawkaw, e/r. gps:ej-01137-7591",1
"southern ice mineral water and beverages, liati -torkor junction, gps:",1
sourced overseas importers limited,1
soso jam and trading enterprise,1
"sore nante limited, xw-o264-1992, behind agdam school",1
bronze ice mineral water limited,1
bro clem enterprise,1
bright-kmpny1 enterprise,1
"bright industries limited., gps",1
breeze atlantic limited,1
bredi herbal company limited,1
break treats,1
spl stereda pharmaceuticals limited - block factory opposite petrosol filling station weija,1
splash2020 enterprise,1
spintex pharmacy limited,1
spectra spices,1
specialty beers ghana limited,1
"special smile mineral water, opposite asare oppong school complex, anaji road, gps:",1
special - kash enterprise,1
special ice company limited,1
spb agro-processing limited,1
spring ice filtered water,1
spring fresh-ripples,1
spring field water,1
"spoude limited. company, koforidua, e/r. gps:",1
b.r. barosha ventures,1
brawn laboratories limited,1
brave import and export limited,1
brands,1
bra mineral water enterprise,1
braku foods,1
brainlizz limited. co,1
"braders group limited., aiyinasi",1
braceville enterprise,1
bpz global limited,1
boyedoe,1
"boutique rice, ayirebi, gps address:",1
"standard water and beverages limited, brekumanso - owuram",1
standard water and beverages,1
"stallion laboratories private limited - c-1b, 305/2, 3, 4 & 5, g.i.d.c. kerala (bavla), ahmedabad – 382 220, gujarat, india",1
stallion industries & investment limited,1
stak-fam company limited,1
boss t farms & trading,1
bosi medical inc,1
borbor foods,1
b & o pharma - rm. a-522,1
"bongo miami, nkurankan koforidua, e/r. gps:",1
bond - bonzie enterprise,1
stada arzneimittel ag - stadastrabe 2-18,1
sri tang gloves (thailand) public company limited,1
spring star mineral water,1
spring point limited,1
"springo water resources, adenta",1
step,1
"stellamaris enterprise., akatsi",1
steethess adjoa enterpriseacquarium opposite metro masscc-006-2215cape coastcentral region,1
boehringer ingelheim animal health (pty) limited suite,1
boehringer ingelheim animal,1
body goals hub,1
bobbi baby (pty) limited,1
boatstar foods limited,1
boateng abusua product trading limited,1
"boanerges oz co, limited",1
"boahenville limited., kasoa - bawjiase rd",1
boahenville limited,1
"boahenville limited, akwadum, near the akwadum police barrier. gps address:",1
star laboratories (private) limited,1
stargazer seas limited,1
"starfoods global invest., limited",1
st. louisa local rice and farms,1
"boadukpat ventures. h/no. wfb/b/037 sawmill, wamfie bono region",1
bnv logistics,1
bm stars ice enterprise,1
b.m.s general trading enterprise,1
"b.m. maltic enterprise., akosombo",1
bmi agency ghana limited,1
blue-whale limited,1
blue thunder enterprise,1
bluenaaks company limited,1
blue horizon fisheries limited,1
blue horison fisheries limited,1
"bluehans limited., swedru",1
stipps company limited,1
"stevid-a ventures, ejisu",1
stevat ghana company limited,1
blue fish company limited,1
bloomsip,1
blisters limited,1
blisshowers enterprise,1
blessed tinella vent,1
"blessed dinnel enterprise., kasoa",1
blessed casco enterprise,1
blessed anisi enterprise,1
blankson herbal centre,1
"suhum home boy enterprise., suhum, e/r gps:es-0002-4874",1
suga lifesciences limited,1
sufahid enterprise,1
sub - zero enterprise nkoranza bono east,1
stream ice natural minieral water,1
storage food enterprise,1
stoke trade limited,1
suomo's food products,1
sunshine chops,1
sunset ventures,1
black star organics,1
b.j boatsons trading ventures,1
"bitsteps supplies, gicel estate - weija",1
bioveta as komenskho 212,1
bio usawa biotechnology limited,1
biotechnology and nuclear agriculture research institute (ghana atomic energy commission),1
biosam kf enterprise,1
sunnyvale company limited,1
sun natural mineral water,1
sungtamah trading enterprise,1
sundaes cocktails ven,1
sumayi herbal centre,1
"sukavani herbal, off nsawam-adeiso road, kwasitenten. e/r. gps:gw-0729-4164",1
biofarm s. a,1
biocon biologics uk plc,1
bingo ringo foodz,1
"billysalt investments, akwapim mamfe, gps address: e2-0226-2168",1
billions judge gh limited,1
billben plus enterprise,1
bi-global investments limited,1
bigbite trading & investment limited. akosombo. gps address:,1
surgecare pharma limited,1
"sure spring enterprise., nsawam, e/r. gps:",1
sureiss purified drinking water,1
supreme pod industry limited,1
supreme enterprise,1
supreme eagles enterprise,1
super fresh refreshing water,1
super excelle agency,1
sweet fountain natural mineral water & beverage,1
"sweet belle natural mineral water, n556 grandview height st., new abirem, e/r. gps address:",1
swan grains,1
"sv bread, nkawkaw near nkawkaw white",1
suzy bright enterprise,1
su-zet limited,1
suya snack limited,1
"suyaash pharmaceuticals - 216/5-6, village : khundh, vansda road, taluka : chikhli, dist : navsari (gujarat), 396521, india",1
"survival ice, adeiso-nsuo abotah, e/r. gps:",1
bicodex,1
biakoye pharmacy limited,1
biaka pharmacy limited,1
bhavani limited,1
"bharat serums & vaccines limited 17th floor, hoechst",1
bharat biotech international limited,1
bf suma ghana limited,1
benrosetech enterprise,1
bezalel care products,1
bev-real vent,1
bevford enterprise,1
better peroleum limited,1
betta buy limited,1
beta healthcare int. limited,1
best solution-solar energy africa limited,1
best mineral water,1
best masani green tea,1
bestlife-foods & drinks,1
bestie tomcee enterprise h/no,1
bespridebes enterprise,1
sweet lady beverages limited,1
sweet greens com limited,1
sweet golden enterprise,1
swiss parenterals limited,1
swiss coffee lounge & bakery,1
swiftstar trans enterprise,1
sweety herbal limited. co,1
"sweet twins enterprise., gps",1
"sweet nutrition limited, new dawhenya (formerly bayswater industries limited)sweet nutrition limited, new dawhenya (formerly bayswater industries limited)",1
sweet nutrition limited,1
"sweet mother local rice enterprise., gps",1
besins healthcare; s a avenue louise 287,1
besco-leedo enterprise,1
bernzyabundant enterprise,1
"bernice amedjor enterprise, asamankese roman down, gps address:",1
beporsu imports,1
beoehringer ingelheim pharma gmbh & co,1
bently farms,1
ben's food harvest limited,1
systochem laboratories limited,1
synokem pharmaceuticals limited 14/486 sunder vihar paschim vihar new delhi,1
sylsan enterprise,1
benny's variety,1
benmers samben enterprise,1
benjamin trade.com limited,1
benjamin osei music ministries lbg,1
bengodal enterprise,1
"benex kronicle, new adunkrono, kade. gps address:",1
ben dillion enterprise,1
benbros natural mineral water,1
ben barry establishments,1
bemcom youth enterprises limited,1
belzalel enterprise,1
belouva aqua,1
sylike company limited,1
belnagad limited. co,1
bells choice,1
bellabest food products,1
belkaycella services,1
"beive aqua natural mineral water, obom rd., kasoa",1
beiersdorf ghana limited5th floor grand oyeeman buildingsouth liberation linkairport commercial area,1
befrims foods,1
be free herbal klinic,1
"tak met enterprise, gps:",1
"take chop foods, #2 sakyi mensah block, aburi- kitase. gps address: e3-211-6785",1
tahiss enterprise,1
"tahiru mohammed farms & general services, wenchi",1
tagoe sister foods,1
tabs foods,1
tabaaraq enterpriseh,1
"syycol limited., co",1
tasty chilli foods,1
tasty blendz,1
tassylove enterprise,1
tarps and shades,1
tankwa bia ventures,1
"tamundu ventures, kasoa",1
tamanaa company limited,1
beeswift limited,1
bees for development ghana gps:,1
"bee havilla limited, mame dede twerebo, e/r. gps:",1
bedoak global limited,1
bedmink limited. co,1
"bedita pharmacy blohum street, dzorwulu near sid theatre",1
bechem united,1
beawuk venture,1
beauty adzei enterprise,1
temperate enterprise,1
"tek special mineral water, apaaso, kintampo, bono east region",1
tekgekab vent,1
teelapia by buka limited,1
teddekay prestige enterprise,1
tawen treasures,1
tav vertinaria s l diagonal,1
tastyt beverages & trade,1
beautiful creations company limited,1
b. dramani enterprise,1
bd-harn's purified drinking water,1
bcnkmy enterprise,1
b c bencyn pharmacy limited box,1
b. braun medical ghana limited,1
b.b enterprise,1
tasty sip,1
"b. b. eagle enterprise., gomoa mpota",1
bb brothers limited,1
bayer west-central africa s.a. representative office ka pmb,1
bayer west central africa s.a,1
bayer west central africa,1
bayer weimar gmbh and company kg - doebereiner str. 20,1
"bayer(pty) limited animal health division , south africa",1
the fretete limited. co,1
the coca cola bottling company gh. limited,1
the celebrated company limited,1
"the boujee bar, osabene- koforidua e/r. gps address:",1
the arab pesticide and vertinary drugs mfg. co,1
teriaki & albezem trading company limited,1
"teoframa s.r.l., via fratelli cervi 8",1
ten thirty farms limited,1
"tengabway limited company, asamankese, gps address:",1
theresa ganfaa enterprise,1
"the p.u.r.e company limited.,benkrom,b/a",1
"the potter""s love enterprise",1
"theo ventures, bator",1
the madra p'cals,1
the maddock ventures,1
"the king ike owusu enterprise., gps",1
baxter holding b.v - kobaltweg 49,1
baxter healthcare corporation,1
"bawa international ghana limited - post box gp 2692, cantonments",1
bavea mineral water limited,1
bauta logistics limited,1
"bassey ice mineral water, akyem sankubenase, e/r. gps:",1
bash prestige enterprise,1
"base pharmacy (india) b-2 savli bio-tech park, at manjusar, ta; savli dist; baroda",1
baseline pharmaceuticals limited,1
t & h limited,1
the tea,1
thessy special cereals & grains,1
thesay pharma,1
the rice queen limited. co,1
baoding sunlight herb medicament co limited,1
baoding jizhong pharmaceutical co limited,1
banyan trade and investments limited,1
banna royal enterprise,1
bange beauty zone,1
"baner east africa limited,thiraoutering road junction, p.o. box30321 00100, nairobi, kenya",1
"banana republic company limited, achimota",1
bamyap enterprise limited,1
"bak food & beverages enterprise., kwabeng, e/r. gps address:",1
"bakers choice limited., achimota",1
"there's always a way enterprise, aflao avoeme, gps:",1
"thy rock star enterprise, ajumako bisease",1
"bake' inn, effiakuma",1
baidkay inv,1
bahaza ya herbal center limited,1
bahati food ventures,1
badawa enterprise,1
"baah kwadwo andrews enterprise., near karono presbyterian jhs, banda, bono region",1
baah herbal centre,1
baades schulz laboratories,1
baabaa agro processing limited,1
azutech solid enterprise,1
three brothers herbal centre,1
three30,1
"thom-mat ventures, bugri - tempane",1
thomas thompson ventures,1
t&h limited,1
tinat family ventures,1
tinarq herbal,1
tinango royal enterprise,1
tina boafo ye na wholesale enterprise,1
tim supply enterprise,1
timjanrange ghana limited,1
azasel passion ventures,1
aywal-ssin ventures,1
ay scientific herbal centre,1
ayo,1
ayoko global standard limited,1
"ayikrist ventures, okorase junction10- koforidua, gps address: e2-1092-1583",1
time steps company limited,1
tilly's farm limited,1
"til healthcare private limited - 72, marshalls road, egmore, chennai-600008, india",1
tikah foods and more,1
"toku-dum ventures, assin fosu-odumase",1
toblizz mineral water limited,1
aya anowa foods,1
"awurade na aye bakery limited, brahabebome rabb junction obuasi",1
awudu prime link limited,1
"awerco foods and beverages limited., accr g/a",1
awale mineral drinking water,1
"av pac mineral water enterprise., gps",1
avetina lifesciences limited,1
avecon healthcare private limited,1
ava waters,1
avani medics gh.limited,1
authentic visionary organic farms,1
aurum pharmaceuticals limited,1
tinty foods,1
tinsmark agro limited,1
"tradex umoja limited., cantonments",1
tradewinds chemist limited,1
aura nutraceuticals limited,1
auntie mercy's special shito,1
a united international limited,1
aujess company limited,1
audhay ventures,1
atoz distributors limited,1
trademasters consult and logistics limited,1
tracel foods,1
tower of praise group limited,1
towdah merus cocoa limited. co,1
total commodities africa limited,1
tooneken(tk) enterprise,1
"toni-b, obuasi",1
tomsco enterprise,1
tropical snacks,1
tropical foods tech limited,1
trixie's health foods,1
"triple jo-jo ventures, apremdo estate",1
triple ice mineral water c/o,1
trignaire enterprise,1
atlantic health co.limited,1
at&l afro limited. co,1
atinka possible chips,1
ataase farm food enterprise,1
asuo afram chemist limited,1
asunmah enterprise,1
trentium lifesciences private limited,1
trendmaker y2k enterprise,1
"tree honey farms limited, somanya, e/r. gps:ey-0001-8911",1
treasure care clearing & logistics service limited,1
trumpf buur enterprise,1
assured builders,1
"asston pharmaceuticals private limited; cbd belapur,navi mumbai 400614,indiacbd belapur,navi mumbai 400614,india",1
"assemblies of god, ghana, gps:",1
"assemblies of god church ghana, apeguso",1
assafuah natural water limited,1
aspire mineral water,1
aspee pharmaceuticals,1
asmahstar company limited,1
asiedu amega herbal bitters,1
ashton trading enterprise,1
"tru bread, gps",1
troy hills limited,1
"tropo farms limited, farm",1
"tropi dream up ventures, community 3",1
tropical zone industry limited,1
artic fresh coldstore,1
artfibco limited,1
as greena farm gh. limited. co,1
"asempa natural mineral water, adeiso, e/r gps:",1
aseda ne adom enterprise,1
ascend lifesciences limited,1
asboat - o company limited,1
asare's springs manufacturing and trading enterprise,1
tt international limited,1
t.t international company limited,1
tsui bleoo enterprise,1
try becks palm oil,1
truthful faith herbal and research centre,1
trutech services limited,1
trusted brothers limited,1
tru's bakery limited,1
"twumarf enterprise, accra north",1
twum antwi enterprise,1
twelve,1
twabidi limited company,1
"tulip water, hohoe",1
tuadoma forever company limited,1
"asarcis natural mineral water, budumburam asemase, kasoa",1
asanta frozen foods,1
"asami seidu enterprise, hamile",1
asamag enterprise,1
"asafoatse herbal centre, akote, e/r. gps",1
asabs,1
"asab prime ventures, afienya",1
asaaba naturals,1
"a.r zare company limited,gyankoba",1
"artillery training school, akoefe",1
unifa brothers gh. limited,1
unichem ghana limited,1
unican trading enterprise,1
ultra beverages limited,1
ultimate shipping and supply services,1
aroma queen enterprise,1
army life limited,1
ark life sciences private limited,1
arkion international llc,1
ark autoparts distribution,1
"aristopharma limited - address: 7, purana paltan line, dhaka–1000, bangladesh",1
arise special drinking water enterprise,1
arhsaseth vent,1
u2 company limited,1
tylj company limited,1
"tydamat, gps",1
apex ed ghana limited,1
"apex bex limited., tark",1
"apex acme, apowa",1
apemeku herbal centre,1
"apefran enterprise., dome",1
"apaw adom farms, obotumpan- koforidua, gps:",1
araouan ventures,1
aquazee enterprise,1
aquavibe limited,1
"aqua sip enterprise., gps",1
"aqua-rita limited., co",1
"aqua king mineral water, battor-aveyime",1
aquahydro limited,1
"aquahydro limited, nkawkaw. gps address:",1
"aqua fountain, congo villa, kasoa",1
unimanuel ventures,1
"unity agro centre enterprise, bono region",1
united icon groups,1
"united hearts foundation, bawjiase",1
unisearch limited gl- 042-2087,1
"unique unit company limited., okoto street- asamankese. gps:",1
unique solution farms,1
unique natural yoghurt,1
unique afro mart. mama ventures,1
"aquabolg enterprise., bolgatanga, u",1
apricity enterprise,1
appleman enterprise,1
appiakoma trading enterprise limited,1
appeb enterprise,1
apozo one healthy life foods,1
ap,1
apex touch impressions,1
ang lifesciences india limited,1
"andres pintaluba,s.a - pol. ind. agro-reus | prudenci bertrana, 5 |",1
andres pintaluba s.a. pol. ind. agro reus c/prudenci betrana 5,1
"apaa natural mineral water, akote tranyo, e/r. gps:",1
"anto herbal centre, hohoe",1
antie gina ventures,1
"anthony ankrah bosompim company limited, gps",1
"antar cosmetics , ejisu",1
ansong herbal centre,1
anonadaga enterprise,1
"anointed hands syl kitchen services, asamang tamfoe - e/r. gps:",1
annointing ice filtered drinking water,1
annointed gihon limited,1
annoh and sons agro-chem,1
up-town grace guest,1
up-flo quench mineral water,1
varsha labs llp,1
vansky limited,1
vanmovany limited,1
valley grade ventures,1
valley fresh company limited,1
us pharma private limited india,1
ann egyir vent,1
annan capital partners limited,1
anlima crispy plantain chips,1
aniva,1
"anim ventures, gps",1
animal welfare league limited by guarantee,1
"anigye popocorn, koforidua- adweso, gps address:",1
anidaso nsae herbal centre,1
anidaso anwonwade nku ventures,1
anico foods limited,1
venture pulse enterprise,1
venture nexus limited,1
vellavive group limited company,1
"anaya mineral water. bj 2415-4833, asiri bono region",1
anaslaw enterprise,1
am-sultana enterprise,1
amptess pharmacy limited asore nkwanta abrepo ohwim,1
amponsah-effah pharmaceuticals limited,1
ampaodch enterprise,1
amosanku ventures,1
amoma hives,1
amoli ibrahim enterprise,1
"vega biotec private limited 23, sahajanand industrial estate akota mujmahuda vadodara gujarat",1
veedab royal ventures,1
vebta ventures,1
"va unity transport and farms limited., dormaa-ahenkro, b/a",1
"amodei tescos bitters enterprise., mampong, e/r. gps: e2-0697-3094",1
amoanik merchandise limited. co,1
amoakoa intergrated farms limited,1
aminc enterprise,1
ametaglady ad enterprise,1
a.m.e pharmacy limited,1
amen neevac enterprise,1
a. menarini industrie farmaceutiche riunite srl - via sette santi 3,1
"vicyp c.c ventures, peki avetile, volta region",1
victory products enterprise,1
"victory ice mineral water, new abirem, e/r gps:",1
victor ocran herbal centre,1
victoria distilleries limited,1
viatris pharmaceuticals pty limited 2b reverend ogunbiyi street ikeja gra lagos nigeria,1
vgserengeti ghana limited,1
vermall pharma private limited,1
"vincent lavoe enterprise., labolabo",1
vimos-mum enterprise,1
vimaco fisheries vent,1
village foods,1
village aroma,1
viktry towers limited,1
vijeff enterprise,1
vielung enterprise,1
"vidaso special drinking water,enterprise",1
"amel classic ventures, sunyani, bono region",1
amegh pharma private limited,1
ameat enterprise,1
amdipharm limited - temple chamber,1
amazing grace shito,1
amazing florescent vent,1
amanta healthcare limited 5th floor heritage nr gujarat vidhy apith ahmedabad,1
"viridi green support, gps:",1
virgin grains enterprise,1
virbae leve ave. 2065m lid,1
vins bioproducts limited,1
vine natural beverages,1
amab enterprise,1
alwayscool. gps:nt-0041-2501,1
altramex limited,1
altare commodities,1
al rahma foods and beverages,1
alpha industries limited,1
alpha-glory enterprise,1
alpha glory enterprise,1
alpha duo pharma limited,1
vind limited,1
vincere group limited,1
viv catering services,1
viva-life limited,1
vita super cool limited,1
vita organics,1
vitane pharma gmbh,1
vitane pharmaceuticals inc,1
al-mutaadida for cosmetics manufacturing co llc,1
al mushakir herbal limited,1
almond tree company limited,1
all white mineral water,1
allow natural ventures,1
all is not over herbal centre,1
"allca bio-technology company limited., kasoa",1
vitalife natural drink,1
vision,1
"visap seafoods ghana limited., tama",1
"v.m.d nv - , belgium",1
aliu abdulai enterprise,1
alishea organics,1
ali murtaza enterprise,1
"alicia spring water limited., akrade, e/r. gps:",1
"ali anfaani cool water, gps:",1
algreen supreme processing limited,1
alfei company limited,1
alexcect enterprise,1
al - don king motors and trading gps:,1
"al-dawu enterprise., gps:",1
alcon pharmaceuticals limited,1
v lina's organic honey,1
vks ghana limited,1
viyak city limited company,1
vivir pharma,1
wake & bake limited,1
"wakaf purified water, akwadum",1
wajeeh halim ice enterprise,1
alcon nv station straat,1
alcon couvreur nv rijksweg 14,1
"albert water services, nsawam adoagyiri",1
alaturca medikal diş ticaret a.s gazi mustafa kemal mahallesi fatih cad,1
akyere bruwaa toiletries,1
akwan herbal centre,1
akwaaba sof company limited,1
akwaaba fine foods limited,1
akurugu joseph ventures,1
waby kay vent,1
v source company limited,1
vp vizelle enterprise,1
voyagen uk limited,1
wellbeing natural products gh. limited,1
wek's-ton trading,1
weigao medical ghana limited company,1
"a k s trade port, ghana limited",1
akrorich amponsah enterprise,1
"akoms.ceremiks ventures, h/no. pj/16, street",1
akomaah glory company limited,1
ak hanifaz trading,1
"akenkey enterprise., nkawkaw, e/r. gps:",1
a.k appiah herbal center,1
akankele enterprise,1
"aj vee's enterprise., gps",1
wandalands multiverse,1
walk softwares,1
wala water and beverage enterprise,1
wala africa limited,1
aj vaccines a/s,1
aj-pemxian enterprise,1
aj mineral water,1
aj franjo enterprise,1
a-jami ventures,1
a.j. ahulu ventures,1
aja decor,1
aisha tigernut. gps:,1
"air force base takoradi, gps",1
"ahwenepa ventures, akutuase",1
"ahodwo farms limited, gps:",1
"wesley nsu pa, akyem oda, gps address:",1
wematu ventures,1
wellness shot bar limited,1
wellkerr medical lab surgical supplies,1
wellgiant pharmacy limited,1
afrotropic cocoa processing company limited,1
ahmnat811 enterprise,1
agyiluu enterprise,1
agyenkwa gari,1
"agya takyi bronya enterprise, miremano-japekrom, drobo, bono region",1
aguafer mineral water enterprise,1
agrovets limited,1
"agromine industries limited. gps wj- 4440-1058, half assini",1
agro kings limited,1
agro culture promotion & branding services,1
white fleece limited,1
"white eagle mineral water, asamankese, pataase kd road gps address:",1
westcent food and beverages ventures limited,1
"west african feeds limited, asuoyaa-e/r. gps address: e2-0792-2584",1
"west africa food & dairy limited., co",1
west africa food & dairy limited company,1
wilet agro industries limited,1
wilcom foods gh limited,1
wifam premium limited,1
wicath fresh resources,1
whytestar foods,1
agri insight trading limited,1
agri innovation consult limited,1
agpee company limited,1
"aglow farms limited., gomoa-potsin",1
ag kristal home,1
"agissland limited company, akiss street- akim oda, gps address:ez-0017-m217",1
"agio pharmaceuticals limited - h. o. a-38, nandjyot industrial estate, andheri kurla road, safed pool, andheri east, mumbai city, maharashtra, mumbai city, india",1
agendikof limited company,1
agenda inspirations ventures,1
"agbeleme enterprise., abor",1
"agabot enterprise, wassa afransie",1
afg limited,1
"afford trading and distribution, gps:",1
afb golden enterprisepmb koforiduaeastern region,1
afazak enterprise,1
afro mafia liquor & co limited,1
"afrolynk-acme limited company, gps 333-5132,near ck mann park, anaji estate",1
afro,1
"afrilanco company, limited",1
afrigem global inv. limited,1
afrifa farms,1
africonut,1
africa snap solutions limited,1
african farms bureau limited,1
winfelt trading enterprise,1
wilsam expo design & hardware enterprise,1
williemays industries limited,1
workhouse projects limited,1
wonowana trading enterprise limited,1
wo maame foods,1
wofassprinco litd,1
"wiskuv enterprise, banda, gps:",1
winwinfam enterprise,1
"winslot ventures, millenium city, kasoa",1
"win pini enterprise., bawku",1
winner pharmaceuticals limited block b,1
"africagro company, limited",1
africa everest limited. company,1
africa asia company limited,1
"afribev brands limited., suhum",1
afrach company limited,1
a f plumbing services,1
"afia e. g. enterprise., oyarifa special ice yt estate",1
"adjentutu industries limited., akwamu senchi",1
"adisplash natural mineral water limited, gps",1
adepa ventures and production limited,1
afafranto beauty & stylechief martin streetnear freedom streetopposite hfc estate c25,1
afab developments company limited,1
"aetos foods enterprise, accra north",1
aero-chem neutron 803/b synergy tower corporate road besides vodafone,1
aedifico enterprise,1
advent life mineral water limited,1
advent international limited,1
advacare pharmaceuticals limited. ab west business center,1
advacare pharmaceuticals limited,1
adonai investment limited company,1
worldwide healthcare,1
world market hall limited,1
world food programme,1
"xanlex enterprise, akim oda, e/r. gps:",1
xancozi enterprise,1
"wyeth pharmaceuticals (havant), new lane havant hamsphire p09 2ng, united kingdom",1
"wunpini business world, gps:",1
wun-maltima enterprise,1
wunizooya k. enterprise,1
wunimi biagni enterprise,1
wow bread factory,1
adomsare ventures,1
"adom rensa da, sefwi dwinase, cocoa dua lane",1
adom nyame nsuo,1
"adom gibreel enterprise., asankragua",1
"adom dande natural herbal clinic, h/no. tma 0211, old anyinabrem",1
adom bi ntsi herbal centre,1
adomah-ba ventures,1
adlux enterprise,1
yahaya bros enterprise,1
yabaso oil vent,1
yaabels ventures,1
xylahmas ventures,1
"xtra ice filtered drinking water, ashiaman",1
xornam's food,1
"xin an import & export limited company, ashaiman",1
adenab-jay company limited,1
adelmarie vent,1
"adeinsuo ice enterprise kpanikrom - adeiso, gps address:",1
adeanchi limited co,1
addpharma (gh) limited,1
adashie gh. limited,1
adansi sweet company limited,1
xiamen innovax biotech company limited,1
xhumor limited,1
yaw tofe enterprise,1
"yaro mh enterprise, gurugu, gps",1
"adams star ventures, amanfrom-adenta",1
adam dental and medical world company limited,1
"adam dental and medical services - no. f42/6, labone crescent, accra, ghana",1
"a.c.t.s life ghana limited., gps:",1
active life dietary health services limited,1
action pharmacy limited,1
acquah divina mineral water,1
"ackom agropro limited, dansoman",1
"ackartious enterprise., gps",1
acino pharma (pty) limited,1
yarabi ventures,1
yamalo herbal centre,1
yahweh insight trading enterprise,1
yahweh commodities limited,1
y&j pharmaceuticals company limited,1
yirenkyi wonder herbal industries limited,1
achis beverages,1
"achievers catering centre, akropong-akuapem",1
aces food diaries,1
accubiotech company limited,1
"accraian ventures, chinto - nsawam, e/r. gps:",1
access purified water enterprise,1
abyiam natural filtered mineral water,1
"aburi springs & beverages ventures, attakrom amanfro, gps address: e3-521-8301",1
abundant natural mineral water,1
"yinteeb ventures, mampong akuapem, gps address: e2-0788-5470",1
yevon group limited,1
yesli ice,1
yebolla ventures,1
yeahphei ghana limited,1
abugina company limited,1
a.b. quality products,1
above human imagination,1
"abok industries, race course, gps:",1
abm-al-qibla limited,1
ab-lord enterprise,1
abisshop,1
"abi's modest enterprise, agavenya-koforidua, gps:e2-2257-6000",1
ys prestige investment limited,1
y s p industries m sdn bhd lot 3 5 &,1
your lucky wisdom limited,1
"yoot bariman enterprise., akim apinamang, gps address:",1
yokheved enterprise,1
yofoyo limited,1
yodda foods limited,1
"y munis enterprise., ashiaman",1
7'vens oasis foods and beverages,1
7vanna impex enterprise,1
ab ice mineral water limited,1
abezego enterprise,1
"abeca foods, ofaakor, kasoa",1
ab bridging vent,1
abbok glob trading limited,1
abban herbal center,1
zelicious patisserie limited,1
zela pharmaceuticals limited,1
zee special shito,1
zanga ventures,1
zamzam bakery,1
zaki zakwan enterprise,1
yushakil laha enterprise gps:,1
"yum zaa purified water, sahakpaligu chief's palace-sv 81",1
121 services limited,1
zulu herbal and supplement centre,1
zu-fadiak,1
zuche pharmaceuticals private limited,1
zucchini organic foods,1
zoya mineral water,1
"zotoo micheal enterprise., gomashie",1
zongo transit transport & f investment limited,1
zoe lifestyle enterprise,1
znz limited. co,1
ziya's organix,1
"zion spring natural mineral water limited, suhum - eastern region. gps:",1
"zion splash enterprise, gps",1
zino royal enterprise,1
zinoplex investments company limited,1
zifam pinnacle pty limited 1 21,1
"4ward development west africa limited, gps:ss-11982-7510 savannah region",1
"4ward development west africa limited, daboase, close to kakakrom sch",1
"4-teen natural mineral water, akim-akroso e/r., gps address:",1
3sl foods,1
3r’s legacy company limited,1
3-point foods,1
3a herbal centre,1
360 urban kitchens limited,1
2 pee acqua,1
2h ventures,1
"2a green city enterprise, anfoega, gps:",1
22-seventeen,1
21st clinic,1
2023 pinina enterprise,1
"1st ben-gel enterprise, gps",1
13th january enterprise,1
