active_ingredient,count
artemether/lumefantrine,167
vitamin c,139
albendazole,91
ceftriaxone sodium/sulbactam sodium,83
paracetamol,66
cefuroxime axetil,66
diclofenac sodium,63
amoxicillin trihydrate / potassium clavulanate,61
ceftriaxone sodium,58
ciprofloxacin,55
cefotaxime sodium,53
artesunate,51
metronidazole,46
nifedipine,42
paracetamol / diclofenac sodium / caffeine,41
omeprazole,40
tramadol hydrochloride,39
sildenafil citrate,39
azithromycin dihydrate,38
ibuprofen,38
paracetamol/caffeine/ibuprofen,34
amoxicillin sodium/potassium clavulanate,34
rivaroxaban,33
chloramphenicol,31
clotrimazole,30
loperamide hydrochloride,29
pregabalin,28
ciprofloxacin hydrochloride,26
losartan potassium,26
azithromycin,26
acetaminophen,25
metformin hydrochloride,25
fluconazole,24
carvedilol,24
vitamin c/ zinc,23
cyproheptadine & multivitamin,21
artemether,20
diclofenac,20
ascorbic acid,20
omeprazole sodium,20
multivitamins,20
cefuroxime sodium,20
telmisartan,18
sodium chloride,18
enrofloxacin,18
rosuvastatin calcium,17
clindamycin hydrochloride,17
amoxicillin trihydrate/potassium clavulanate,17
amlodipine,16
povidone-iodine,16
paracetamol/diclofenac sodium,16
gentamicin sulfate,15
atorvastatin,15
esomeprazole magnesium,14
cefixime trihydrate,14
ofloxacin,14
chlorpheniramine maleate,14
artesunate/ sodium bicarbonate/ sodium chloride,14
tranexamic acid,13
aceclofenac,13
tadalafil,13
mebendazole,13
piroxicam,13
amoxicillin,13
paracetamol/vitamin c,12
diminazene diacatinate,12
amoxicillin/clavulanate potassium,12
potassium,12
caffeine/ibuprofen/paracetamol,12
vitamin a/ vitamin d3/ vitamin e/ vitamin k3/ vitamin b6/ vitamin b12/ vitamin b1/ vitamin b2/ taurine/ lysine/ methionine/ niacinamide/ calcium pantothenate,12
(l-isoleucine /l-leucine / l-lysine hydrochloride/ l-methionine / l-phenylalanine / l-threonine / l-tryptophan /l-valine /l-arginine / l-histidine / glycine / l-alanine / l-proline / l-aspartic acid / l-asparagine h2o/l-cysteine hydrochloride 1,12
clobetasol propionate,12
flucloxacillin sodium,12
fluralaner,11
carbocisteine,11
levonorgestrel,11
paracetamol/ibuprofen/caffeine,11
ketoconazole,11
levofloxacin hydrochloride,11
glucose anhydrous,11
sildenafil,11
dihydroartemisinin / piperaquine phosphate,11
hyoscine butylbromide,11
amoxicillin trihydrate,11
progesterone,10
clotrimazole / betamethasone dipropionate / neomycin sulphate,10
timolol maleate,10
menthol,10
cefuroxime,10
levofloxacin hemihydrate,10
paracetamol/ diclofenac potassium,10
fluticasone propionate/salmeterol xinafoate,10
tylosin tartrate,10
celecoxib,10
atorvastatin calcium,10
dried aluminium hydroxide / magnesium hydroxide / simethicone / oxethazaine,10
flucloxacillin,9
gentamicin,9
ivermectin,9
pregabalin/ methylcobalamin,9
ondansetron,9
"iron (ill) hydroxide polymaltose complex, equiv. to elemental iron/ folic acid bp / vitamin b12 / zinc sulphate monohydrate",9
ciprofloxacin/dexamethasone,9
candesartan cilexetil,9
griseofulvin,9
sulfadoxine/pyrimethamine,9
xylometazoline hydrochloride,9
pethidine hydrochloride,9
vitamin b6,9
ephedrine hydrochloride,9
etoricoxib,9
morphine sulfate usp,8
dapagliflozin,8
oxytetracycline hydrochloride,8
citric acid monohydrate,8
tobramycin,8
loratadine,8
cetrorelix acetate,8
artemether+lumefantrine,8
propofol,8
sulfamethoxazole bp/ trimethoprim bp,8
ferrous sulphate eq. to elemental iron/thiamine hcl/riboflavin/pyridoxine hcl/folic acid,8
clindamycin phosphate,8
olopatadine hydrochloride,8
vitamin e,8
amoxicillin /clavulanic acid,8
rosuvastatin,8
carbamazepine,8
atenolol,8
secnidazole,7
bisacodyl,7
aciclovir,7
diclofenac diethylamine/ linseed oil/ methyl salicylate/ menthol,7
quetiapine fumarate usp eq. to quetiapine,7
diclofenac sodium/paracetamol,7
sodium valproate,7
betamethasone dipropionate/clotrimazole/gentamicin sulfate,7
cefixime,7
empagliflozin/metformin hydrochloride,7
amlodipine besylate,7
prednisolone,7
diazepam,7
oxytetracycline hcl,7
salbutamol sulfate,7
multivitamin/mineral/iron,7
abacavir sulfate/dolutegravir sodium/lamivudine,7
water for injection bp,7
tamsulosin hydrochloride,7
metronidazole/furazolidone,7
clarithromycin,7
chlorhexidine gluconate,7
cyproheptadine /vitamin a /vitamin d3 /vitamin b1 /riboflavin /cyanocobalamin /nicotinamide /calcium pantothenate /calcium lactate,7
toltrazuril,6
artesunate/amodiaquine,6
methyldopa,6
sodium lactate/potassium chloride/calcium chloride/sodium chloride,6
forever activ pro b tablets ( zinc/b. animalis ssp.lactis/l. rhamnosus /l. reuteri/ l. acidphilus/b. bifidum/b. longum 2.5mg/30mg/ 20mg/10mg/8mg/ 5mg/5mg),6
glimepiride,6
folic acid,6
cypermethrin high cis,6
paracetamol/phenylephrine hydrochloride/chlorpheniramine maleate,6
aluminium hydroxide/magnesium hydroxide/ simethicone,6
phytomenadione,6
betamethasone dipropionate,6
amprolium hydrochloride,6
ticagrelor,6
lacosamide,6
ascorbic acid bp/ colecalciferol bp/ d-panthenol l – lysine hydrochloride usp/ nicotinamide bp/ pyridoxine hydrochloride bp/ riboflavin bp/ thiamine hydrochloride bp/ vitamin a (as palmitate) bp/ zinc sulphate heptahydrate bp,6
dexamethasone,6
empagliflozin,6
ciprofloxacin/tinidazole,6
hydroxyurea,6
clindamycin,6
"2,4 - dichlorobenzyl alcohol/ amylmetacresol b.p",6
dorzolamide hydrochloride/timolol maleate,6
ciprofloxacin hydrochloride usp,6
ferric ammonium citrate bp/ folic acid bp/ cyanocobalamin bp,6
fipronil,6
hydrocortisone sodium succinate,6
quinine dihydrochloride bp,6
lactulose,6
clopidogrel bisulfate,6
amlodipine besilate,6
vitamin c/zinc,6
paliperidone palmitate,6
esomeprazole sodium,5
tylosin tartrate/ doxycycline hyclate,5
ethanol /methanol,5
tramadol/paracetamol,5
zinc oxide/ calamine,5
naproxen,5
bisoprolol fumarate,5
hydrocortisone acetate,5
budesonide/formoterol fumarate dihydrate,5
latanoprost/ timolol maleate,5
enoxaparin sodium,5
levofloxacin,5
phenoxymethylpenicillin potassium,5
diclofenac+paracetamol,5
acetylsalicylic acid,5
zinc,5
caffeine/chlorpheniramine maleate/paracetamol/phenylephrine,5
oxytetracycline,5
sitagliptin phosphate/metformin hydrochloride,5
recombinant human follicle stimulating hormone,5
"diclofenac diethylamine bp, linseed oil ,methyl salicylate bp menthol bp",5
deferasirox,5
hydralazine hydrochloride,5
levofloxacin usp,5
diclofenac potassium,5
sacubitril/valsartan,5
melatonin,5
nebivolol,5
nebivolol (as nebivolol hydrochloride)/ hydrochlorothiazide,5
mometasone furoate monohydrate,5
diclofenac sodium/paracetamol/caffeine,5
abiraterone acetate,5
iron (iii) ploymaltose complex / folic acid/ vitamin b12,5
erythromycin stearate,5
extended release tablets,5
aceclofenac / paracetamol,5
meropenem,5
mannitol,5
ketoprofen,5
meropenem trihydrate,5
tamsulosin hydrochloride usp,5
amlodipine besilate/ valsartan,5
paracetamol/ diphenhydramine hydrochloride,5
"paracetamol, phenylephrine hydrochloride, chlorphenamine maleate, sodium citrate & menthol syrup",5
amlodipine besilate/ irbesartan,5
paclitaxel,5
magnesium sulphate/ liquid liquorice extract/ senna infusion/ cardamon extract,5
brimonidine tartrate/timolol maleate,5
vitamin d3,5
griseofulvin usp,5
diclofenac sodium bp/paracetamol,5
silver sulfadiazine,5
diminazene diaceturate/ antipyrine,5
meloxicam,5
artemether/ lumefantrine,5
vit a/vit b1/vit b2/vit b3/vit b6/vit b12/biotin/folic acid/vit b5/vit c/vit d3/vit e/vit k/copper/chromium/iron/magnesium/manganese/selenium/zinc/l-hydrochloride/natural mixed carotenoids/grape seed extract,5
lidocaine,5
ascorbic acid/zinc,5
amitraz,5
cod liver,5
abacavir sulfate/lamivudine,5
oxytocin,5
lisinopril dihydrate,5
paracetamol/diclofenac sodium bp,5
sodium bicarbonate,5
moroctocoy alfa,5
dextrose,4
olanzapine,4
metoclopramide,4
finasteride,4
granisetron hydrochloride,4
vit a/vit d3/vit e/vit b1/vit b2/vit b6/vit b12/niacinamide/dex panthenol/lysine/ferrous gluconate/zinc gluconate/magnesium gluconate,4
dextromethorphan hydrobromide/menthol,4
magnesium,4
escitalopram oxalate,4
glucosamine/chondroitin sulphate,4
cyproheptadine/lysine/thiamine hydrochloride/riboflavin/pyridoxine hydrochloride/nicotinamide/cyanocobalamin/dexpanthenol,4
cetrizine hydrochloride,4
tenofovir disoproxil fumarate,4
zinc sulphate monohydrate equivalent to elemental zinc,4
dilute acetic acid,4
cyclophosphamide,4
dexamethasone sodium phosphate,4
quinine sulphate,4
amlodipine besylate/valsartan/hydrochlorothiazide,4
hydrogen peroxide,4
amoxicillin and clavulanate potassium,4
brimonidine tartrate,4
lidocaine hydrochloride,4
iodinated povidone/metronidazole,4
misoprostol,4
levocetirizine/ montelukast,4
letrozole,4
snake venom antiserum,4
hydrochlorothiazide/telmisartan,4
metronidazole & furazolidone,4
norfloxacin,4
emicizumab,4
linagliptin,4
zinc oxide / benzyl alcohol / benzyl benzoate / benzyl cinnamate / lanolin,4
paracetamol/diclofenac/caffeine,4
febuxostat,4
l-leucine/ l-isoleucine/ l-lysine hydrochloride/ l-phenylalanine/ l-threonine/ l-methionine/ l-tryptophan/ l-valine/ thiamine hydrochloride/ riboflavin/ pyridoxine hydrochloride/ cyanocobalamin/ folic acid/ ascorbic acid/ vitamin a/,4
dolutegravir/lamivudine/tenofovir disoproxil fumarate,4
iron (iii) hydroxide polymaltose complex (equivalent to elemental iron)/ folic acid,4
paracetamol/ caffeine/ phenylephrine hydrochloride/ chlorpheniramine maleate,4
paracetamol/ibuprofen,4
"live, infectious bursal disease virus, intermediate strain",4
acetaminophen/dextromethorphen/phenylephine,4
iron,4
carboxymethylcellulose sodium,4
iron/folic acid/vitamin b12/zinc,4
salbutamol,4
loperamide hcl,4
cromolyn sodium,4
perindopril tert-butylamine/ amlodipine besilate,4
co-amoxiclav,4
afoxolaner/ milbemycin oxime,4
esomeprazole magnesium dihydrate,4
acetaminophen/tramadol hydrochloride,4
glycerol,4
gemcitabine hydrochloride,4
bupivacaine hydrochloride,4
latanoprost,4
sodium chloride/dextrose anhydrous,4
levamisole hydrochloride,4
solifenacin succinate,4
cypermethrin,4
"live, infectious bursal disease virus, intermediate plus strain",4
nystatin,4
miconazole nitrate,4
paracetamol/diclofenac,4
sulphadoxine / pyrimethamine /amodiaquine,4
vitamin c / nicotinamide/ riboflavin / pyridoxine hcl / thiamine hcl / vitamin a / cholecalciferol,4
ampicillin sodium,4
paracetamol/chlorpheniramine maleate,4
furosemide,4
doxorubicin hydrochloride,4
cyproheptadine hcl / thiamine hcl (vitamin b1)/ riboflavin (vitamin b2)/ pyridoxine hcl (vitamin b6)/ l-lysine hcl/ niacinamide (vitamin b3)/ zinc sulphate,4
radix bupleuri,4
ferrous gluconate (iron) / manganese gluconate (manganese) /copper gluconate (copper),4
amoxicillin+clavulanate potassium,4
cyproheptadine hcl/thiamine hcl/riboflavin/pyridoxine hcl/calcium pantothenate,3
chlopromazine,3
levamisole hcl,3
aspirin/ caffeine,3
levonorgestrel/ethinylestradiol,3
mineral elements,3
insulin aspart,3
phenylbutazone,3
quatiapine,3
mefenamic acid b.p /dicyclomine hcl b.p,3
terbutaline sulfate b.p/bromhexine hydrochloride b.p/guaifenesin,3
oxytetracycline hydrochloride/ neomycin sulphate/ vitamin a/ vitamin d3/ vitamin e/ vitamin k3/ vitamin b1/ vitamin b2/ vitamin b12/ biotin/ calcium pantothenate/ nicotinamide,3
paracetamol/diclofenac potassium/caffeine,3
domperidone,3
sulphamethoxazole b.p/trimethoprim,3
budesonide/formoterol fumarate,3
metronidazole/ clotrimazole/ lactic acid bacillus,3
hydrocortisone,3
pancreatin,3
vitamin c /biotin/dry berberis aristate root/chromic chloride hexahydrate/chromium picolate/dry cinnamomum cassia stem bark/ gymnema sylvestre leaf dry extract/gymnema sylvestre leaf dry extract/silybum marianum seed dry extract,3
metronidazole benzoate,3
neomycin sulfate/ dexamethasone sodium phosphate,3
cetirizine hydrochloride,3
arthemether/lumefantrine,3
myo-inositol/ d-chiro inositol,3
liquorice dry extract/menthol bp eucalyptus oil bp aniseed oil (anise oil) bp peppermint oil,3
multivitamins/multiminerals/amino acid/ginseng,3
fish oil/poviding eicopentaenoic acid (epa)/docohexaenoic acid (dha)/vitamin e,3
vitamin a/ vitamin d3/ vitamin e/ vitamin k3/ vitamin b1/ vitamin b2 vitamin 86 l80mg vitamin b12/ lysine/ methionine/ arginine/ threonine/ epimedium/ chinese angelica/ chrysotilum/ leonurus,3
lisinopril dihydrate bp,3
metoprolol succinate,3
linezolid,3
dapoxetine hydrochloride,3
tretinoin,3
propionic acid/ benzoic acid/ sorbic acid/ acetic acid/ hydrated sodium calcium aluminosilicates,3
folate/vitamin b12,3
vitamin a/vitamin c/vitamin e /zinc /bilberryextract /lutein /zeaxanthin,3
vit a/vit d3/vit e/vit c/vit b1/vit b2/vit b3/vit b6/vit b12/folic acid/vit b5/iron/magnesium/manganese/copper/chromium/selenium/zinc/bilberry extract/resveratrol/zeaxanthin/lycopene/rutin,3
iron(iii) polymaltose/folic acid/vitamin b12/zinc sulphate monohydrate,3
lidocaine / adrenaline,3
glimepiride/metformin hydrochloride,3
ranolazine,3
betamethasone/gentamycin /tolnaftate/iodochlohydroxygunoline,3
clopidol,3
montelukast,3
human albumin,3
dexamethasone/tobramycin,3
"amoxicillin, clavulante potassium and microcrystalline cellulose (1:1)",3
mesalazine,3
lisinopril,3
atezolizumab,3
lenalidomide,3
darunavir,3
paracetamol/ caffeine,3
polygeline with electrolytes,3
ferrous glycine sulphate/ l-histidine hydrochloride monohydrate/ l-lysine hydrochloride/ thiamine hydrochloride/ riboflavin/ pyridoxine hydrochloride/ nicotinamide/ d-panthenol/ cyanocobalamin/ folic acid,3
zinc sulphate,3
vitamin b1/ vitamin b2/ vitamin b6/ vitamin b12/ nicotinamide/ calcium pantothenate/ folic acid/ choline bitartrate/ biotin/ inositol,3
diphenhydramine hydrochloride,3
methyl salicylate,3
terbinafine hydrochloride,3
aipelisib,3
"2,4-dichlorobenzylalcohol/ amylmetacresol/ vitamin c",3
l-leucine/l-isoleucine/l-lysine hydrochloride/l-phenylalanine/l-threonine/l-methionine/l-tryptophan/l-valine/thiamine hydrochloride/riboflavin/pyridoxine hydrochloride/nicotinamide/calcium pantothenate/cyanocobalamin/folic acid/ascorbic acid,3
piperazine citrate,3
vitamin a/vitamin c/vitamin d/vitamin e/thiamin /riboflavi/niacin/vitamin b6/folate/vitamin b12 /biotin/pantothenic acid/calcium,3
calcium/magnesium/zinc/vitamin d,3
guaifenesin,3
menthol/peppermint oil,3
vit a/vit d3/vit e/vit b1/vit b2/vit b3/vit b5/vit b6/vit b9/vit b12/vit c/calcium/phosphorus/copper/iodine/magnesium/manganese/potassium/zinc/ferrous fumarate/ ginseng ext 2500iu/200iu/5mg/1mg/1.5mg/10mg/5mg/1mg/0.150mg/1mcg/50mg/75mg/58mg/0.5mg/0.1mg/3mg/0.5mg/2mg/10mg/30mg/42.5mg,3
cyproheptadine hydrochloride/ vitamin b1/ vitamin b2/ vitamin b6/ calcium pantothenate,3
quetiapine,3
ceftriaxone + salbactam,3
calcium citrate/vitamin d3/magnesium hydroxide/vitamin k2-7/zinc sulphate monohydrate,3
docetaxel,3
albendazole usp,3
tramadol,3
phenobarbital sodium,3
sulfadimidine sodium,3
bisoprolol+amlodipine,3
levothyroxine sodium,3
erythromycin,3
vildagliptin/metformin hydrochloride,3
iron (iii) hydroxide polymaltose complex eq. to elemental iron/ folic acid/ vitamin b12 (cyanocobalamin)/ vitamin b6 (pyridoxine)/ vitamin c (ascorbic acid)/ zinc (as zinc sulphate),3
lutein/zeaxanthin,3
vit a/vit b2/vit b2/vit b3/vit b6/vit b12/biotin/folic acid/vit b5/vit c/vit d3/vit e/vit k,3
follitropin alfa,3
magnesium trisilicate/light magnessium carbonate/sodium bicarbonate,3
paracetamol/ quinine bisulphate bp,3
ibuprofen/paracetamol/caffeine,3
flucoxacillin sodium,3
ciprofloxacin hydrochloride monohydrate,3
cyproheptadine hcl / lysine hcl/ thiamine hcl/ pyridoxine hcl / nicotinamide / dexpanthenol,3
vitamin a bp / vitamin b1 bp / vitamin b2 bp/ vitamin c bp / vitamin d3 / nicotinamide bp,3
ciprofloxacin lactate,3
dexamethasone base/neomycin sulphate /polymyxin b-sulphate,3
lossartan potassium,3
ceftriaxone,3
flumenthrin,3
colistin/ erythromycin thiocyanate,3
vitamin b9 (folic acid)/vitamin d3/vitamin e/iodine/omega 3 /vitamin b12,3
diphenhydramine hcl /menthol,3
paracetamol/ ascorbic acid/ phenylephrine hydrochloride/ pheniramine maleate,3
benzoic acid /salicylic acid,3
"diclofenac diethylamine, linseed oil, methyl salicylate & menthol gel.",3
rifapentine,3
"diclofenac diethylamine, methyl salicylate, levo menthol, linseed oil ,capsaicin",3
sulfadoxine/pyrimethamine/amodiaquine,3
gentian violet,3
haemoglobin/ferric ammonium citrate/vitamin b12,3
metformin hydrocholoride,3
fluoxetine hydrochloride,3
paracetamol /ibuprofen/caffeine,3
magnesium oxide/ l-ascorbic acid/ ferrous citrate/ nicotinamide/ d-alpha-tocopheryl acetate/ calcium-d-pantothenate/ zinc oxide/ pyridoxine hcl/ thiamine hcl/ riboflavin/pteroylmonoglutamic acid,3
formoterol fumarate dihydrate/budesonide,3
chlorzoxane/diclofenac/paracetamol,3
magnesium hydroxide bp/ dried aluminium hydroxide bp magnesium trisilicate bp activated dimethicone (simethicone) b,3
gliclazide,3
dihydroartemisinin / piperaquine phosphat,3
fluralaner and moxidectin,3
capecitabine,3
lamivudine/zidovudine,3
ceftriaxone usp,3
praziquantel/pyrantel/febantel,3
norfloxacilin/ doxycycline hyclate,3
midazolam,3
dextromethorphan hydrobromide bp/ phenylephrine hydrochloride b.p/ cetirizine hydrochloride b.p/ racementhol b.p,3
fentanyl citrate,3
anastrozole,3
desloratadine,3
fexofanadine hydrochloride,3
praziquantel/pyrantel pamoate/oantel pamoate,3
doxycycline hydrochloride usp equivalent to doxycycline/ lactic acid bacillus,3
itraconazole,3
atorvastatin/perindopril arginine / amlodipine,3
metformin,3
sodium lactate /sodium chloride / potassium chloride /calcium chloride dihydrate,3
ustekinumab,3
cephalaxin,3
carprofen,3
tramadol hcl,3
iron sucrose,3
zoledronic acid,3
candesartan cilexetil/hydrochlorothiazide,3
trisodium citrate/potassium chloride/dextrose anhydrous usp/sodium chloride,3
dextrose/sodium chloride,3
ibesartan,3
amoxicillin trihydrate/ colistin sulphate,3
moxifloxacin,3
morphine sulphate,3
cefaclor,3
metformin hcl,3
cyproheptadine/ vit a / vit d3 / vit b1 / vit b2 / vit b6 / vit b12 / niacinamide / d-panthenol,3
vitamin c/niacin/vitamin b6/vitamin b12/citrulline malate,3
vitamin a/ vitamin b complex/ vitamin b1/ vitamin b2/ vitamin b3/ vitamin b5/ vitamin b6/ vitamin b9/ vitamin b12/ vitamin c/ vitamin d/ vitamin e/ vitamin h/ vitamin k/ calcium/ chromium/ copper/ iodine/ iron,3
(l-isoleucine /l-leucine / l-lysine hydrochloride/ l-methionine / l-phenylalanine / l-threonine / l-tryptophan /l-valine /l-arginine / l-histidine / glycine / l-alanine / l-proline / l-aspartic acid / l-asparagine h2o/l-cysteine hydrochloride,3
benzylpencillin sodium,3
risperidone,3
methylprednisolone,3
"vitamin a, vitamin d3, vitamin e, vitamin b1, vitamin b2, vitamin b6, vitamin b12, d-panthenol, nicotinamide, folic acid, biotin, choline chloride, amino acid",3
carvedilol usp,3
medroxyprogesterone acetate,3
colecalciferol,2
palbociclib,2
ciprofloxacin/ sodium chloride,2
glucosamine/chondroitin/methyl sulfonyl methane/collagen type 2/hyaluronic acid,2
vit c/niacin/pantothenic acid/vit a/vit b2/vit b6/vit b1/vit d/vit b12/d-biotin,2
pneumococcal polysaccharide conjugate vaccine (13-valent adsorbed),2
bortezomib,2
lisinopril /hydrochlorothiazide,2
frusemide,2
betamethasone dipropionate /clotrimazole /neomycin sulfate,2
metformin hydrochloride/vildagliptin,2
dapagliflozin propanediol monohydrate,2
vit a /cholecalciferol /vit e /vit c /biotin /thiamine /riboflavin /niacinamide /d-panthenol/pyridoxine/folic acid/vit b12/zinc/magnesium/manganese/choline/copper/iodine/molybdenum- 900mcg/20mcg/5mcg/10mg/5mcg/1mg/1mg/5mg/3mg/0.5mg/100mcg/2mcg/2mg/700mcg/10mcg/2.5mg/60mcg/45mcg/40mcg,2
atenolol/chlortalidone,2
ursodeoxycholic acid,2
magnesium trisilicate/ light magnesium carbonate / sodium bicarbonate,2
calcium,2
oxytetracycline hcl and multivitamin,2
permethrin/ piperonyl butoxide,2
anhydrous citric acid/ sodium bicarbonate/magnesium sulphate,2
cetirizine dihydrochloride,2
bimatoprost,2
dydrogesterone,2
dextran/hypromellose,2
tiamulin fumerate/doxycycline hydrochloride,2
lynestrenol,2
albendazole and ivermectin,2
diclofenac sodium+paracetamol,2
amoxicillin/ flucloxacillin,2
magnesium hydroxide,2
dithranol,2
paraffinum molle flavum bp – (white petroleum jelly),2
thiamine hcl/ riboflavin/ niacinamide,2
hydrolyzed marine collagen/inulin/vitamin c/vitamin e/ biotin/ black currant seed oil/ alpha lipoic acid/ co-enzyme q10/ l-glutathione/ hyaluronic acid/ sesbania extract,2
sulfadoxine_pyrimethamine,2
glycine,2
recombinant human erythropoietin,2
"meningococcal a,c,y,w,x) polysaccharide conjugate",2
betamethasone dipropionate/ miconazole,2
"sodium citrate, sodium lauryl sulfoacetate, sorbitol",2
golimumab,2
rabeprazole sodium,2
diphenhydramine hcl/ammonium chloride,2
l-arginine/co-enzyme q-10/vitamin e-acetate/policosanol/zinc sulfate monohydrate/lycopene /black pepper extract/elemental selenium,2
oxytetracycline hydrochloride/lidocaine hcl,2
clopidogrel,2
"live newcastle disease virus, la sota strain",2
"frankatson limited 28 orgle road p.o.box kn835, kaneshie, accra",2
"dolutegravir, lamivudine and tenofovir disoproxil fumarate",2
vitamin a /vitamin d3/vitamin e / vitamin k / vitamin c,2
glibenclamide,2
pregablin,2
erythromycin estolate,2
ivermectin/albendazole,2
tizanidine hydrochloride,2
pantoprazole sodium,2
procaine penicillin/ dihydrostreptomycin sulphate,2
"diminazine, diaceturate/ vitamin b12",2
niacinamide/ vitamin d/ vitamin e/ omega 3/ epa/ dha,2
apixaban,2
sodium chloride/glucose,2
epirubicin hydrochloride,2
amlodipine besylate/valsartan,2
"inactivated newcastle disease virus, strain ulster",2
live attenuated newcastle disease virus strain bi hitchner,2
live attenuated fowlpox virus strain brescia,2
live attenuated newcastle disease virus strain lasota,2
betamethasone valerate/ gentamicin sulphate/ tolnaftate /clioquinol,2
dried aluminium hydroxide/magnesium hydroxide/simethicone,2
tenofovir disoproxil fumarate​ ​tablets,2
docosahexanoic acid/ elemental zinc/ pyridoxal-5-phosphate/ l-methyl folate/ methylcobalamin/ iodine,2
ferric ammonium citrate/ nicotinamide/ pyridoxine hydrochloride/ cyanocobalamin/ zinc sulphate heptahydrate,2
vildagliptin,2
vitamin c/zinc/thyme extract,2
sitagliptin / metformin hydrochloride,2
protein hydrolysate/elemental iron/zinc sulphate/l-lysine hydrochloride/niacinamide/d-panthenol/pyridoxine hydrochloride/cyanocobalamine/folic acid,2
vitamin c/zinc/vitamin d3- 1000mg/10mg/1000iu,2
citicoline,2
bedaquiline fumarate,2
indapamide/amlodipine,2
perindopril arginine/indapamide,2
amlodipine mesilate,2
thiamine/pyridoxine/cyanocobalamin,2
benzylpenicillin sodium,2
benzathine benzylpenicillin tetrahydrate,2
indapamide / amlodipine,2
fish oil/eicosapentaenoic acid/docosahexaenoic acid,2
iopamidol,2
gadodiamide,2
hypromellose,2
calcium carbonate/vitamin d/vitamin c,2
vit a/vit e/vit d3/vit c/vit b5/folic acid/vit b1/vit b6/vit b2/vit b3/vit b12/biotin/zinc gluconate/magnesium oxide/iron bisglycinate/dicalcium iodide/potassium iodide/copper gluconate/selenium/boron,2
ginkgo biloba ext/vitamin b1/vitamin b3/vitamin b5/vitamin b6/vitamin b12/folic acid,2
cyproheptadine hydrochloride (anhydrous) /vitamin a (as acetate) / vitamin d3/vitamin b1/riboflavin /cyanocobalamin/nicotinamide/calcium pantothenate/ calcium lactate bp,2
diclofenac diethylamine/linseed oil/methyl salicylate/menthol gel,2
pioglitazone,2
filgrastim,2
clindamycin phosphate/nicotinamide,2
torasemide,2
vitamin a (as palmitate)/ all-rac-alpha-tocopheryl acetate/ cholecalciferol/ thiamine hydrochloride/ riboflavin sodium phosphate/ pyridoxine hydrochloride/ ascorbic acid/ dexpanthenol/ nicotinamide/ lysine hydrochloride/ zinc sulphate heptahydrate,2
vecuronium bromide,2
hepatitis b vaccine (rdna),2
sulphadoxine / pyrimethamine,2
diclofenac diethyl ammonium salt equivalent to diclofenac sodium bp / methyl salicylate bp/ menthol bp,2
thiamin/vitamin b12,2
vitamin a /vitamin d /vitamin e /vitamin k /vitamin c /thiamine /riboflavin,2
vitamin b1/vitamin b2/ vitamin b6/ vitaminb12/ folic acid/ panthothenic acid/ calcium as gluconate/ vitaminb3/ ironas polymaltose complex/ zinc as sulphate/ biotin/ copper as sulphate/ manganese as sulphate/ lysine as hcl,2
fexofenadine hydrochloride,2
protein ​23g,2
vitamin a/ vitamin d3/ vitamin e/ vitamin c/ vitamin k/ vitamin b2/ vitamin b1/ vitamin b12/ vitamin b6/ biotin/ dl-methionine/ l-lysine/ nicotinamide/ trace minerals,2
zinc oxide,2
doxycycline,2
elderberry/vitamin c/ginger/vitamin d/zinc,2
cyproheptadine hydrochloride/ thiamine hydrochloride/ riboflavin/ pyridoxine hydrochloride/ calcium pantothenate,2
diclofenac potassium/paracetamol/chlorzoxazone,2
venlafaxine hydrochloride,2
darunavir/ rotanavir,2
penicillin g procaine/ streptomycin sulphate/ retinol acetate/ cholecalciferol/ alpha-tocopherol acetate/ menadione sodium bisulphite/ riboflavin/ pyridoxine hydrochloride/ cyanocobalamin/ folic acid/ calcium pantothenate/ nicotinic acid,2
ferrous ascorbate,2
metronidazole/sodium chloride,2
tetracycline hydrochloride,2
hydrochlorothiazide/losartan potassium,2
empagliflozin/ linagliptin,2
telmisartan/hydrochlorothiazide,2
telmisartan/amlodipine,2
vitamin a (as palmitate)/vitamin b1/vitamin b2/vitamin c/vitamin d3/vitamin b6/nicotinamide/d-panthenol,2
diclofenac diethylamine / methyl salicyclate,2
ampicillin trihydrate/cloxacillin sodium,2
permethrin,2
tylosin tartrate/ doxycycline hcl,2
royal jelly/chromium/cholin/inositol/folic acid/vit c/vit e/vit b6/zinc/vit d3/n-acetyl cysteine/vit b12/selenium/calcium/co- enzyme q10/iron/saw palmetto/vitex/curcuminoid/saussurea costus extract/chamomille/potassium/copper,2
vitamin a /vitamin d /vitamin e /vitamin k /vitamin c /thiamin /riboflavin,2
vitamin b1/vitamin b6/vitamin pp/artichoke/hops flower/valerian/springer/lysine hydrochloride/l-arginine l aspartate,2
vitamin a 750mcg/ vitamin e 20mg/ cholecalciferol 5mcg/ ascorbic acid 60mg/ thiamine mononitrate 12mg/ riboflavin 5mg/ nicotinamide 20mg/ folic acid 500mcg/ cyanocobalamin 9mcg/ biotin 50mcg/ calcium pantothenate 10mg/ l-carnitine 30mg/ pyridoxine hcl 9mg,2
irinotecan hydrochloride trihydrate,2
lenalidomide ( form h1),2
vildagliptin/metformin,2
sulfadimidine sodium /pyrimethamine hcl/ oxytetracycline hcl/ vitamin a/ vitamin k3/ vitamin b2,2
sulfadoxine_pyrimethamine_amodiaquine,2
paracetamol/caffeine/phenylephrine hcl/chlorpheniramine maleate,2
misoprostol/mifepristone,2
total fat/ saturated fat/ cholesterol/ sodium/total carbohydrate/ dietary fiber/ total sugars / protein/ calcium/ iron/ potassium,2
doxycycline (as hyclate)/ colistin sulphate,2
ondansetron hydrochloride,2
dihydrocodeine tartrate,2
cyproheptadine,2
cyproheptadine hcl (anhydrous) bp/vitamin a (as palmitate) bp/vitamin d3 bp/thiamine hydrochloride bp/riboflavin bp/cyanocobalamin bp/niacinamide bp/calcium pantothenate bp/calcium lactate bp,2
cyproheptadine hcl (anhydrous) / vitamin b1 / vitamin b2 / vitamin b6 / d-panthenol / vitamin b3,2
phenylephrine hcl / paracetamol / chlorpheniramine,2
vitamin b1/ vitamin b2/ vitamin b6/ nicotinamide/ calcium pantothenate,2
oxytetracycline hydrochloride / neomycin sulphate / vitamin a/ vitamin d3/ vitamin e,2
"live, lentogenic ranikhet (newcastle) disease virus, tanuvas d58 strain)ta",2
live fowl pox vaccine,2
glucosamine sulphate/ chondroitin sulphate/ hyaluronic acid/ methylsulfonylmethene/ vitamin d3,2
metoclopramide hydrochloride,2
anoxicillin/clavulanic acid,2
carmellose sodium,2
sodium citrate dihydrate b.p. diphenhydramine hydrochloride b.p. menthol b.p. chlorpheniramine maleate b.p. ammonium chloride b.p.,2
hydrocortisone acetate/lidocaine/zinc oxide/allantoin,2
aluminium hydroxide,2
ferrous glycine sulphate/ folic acid,2
l-carnitine l-tartrate/ ubiquinol/ zinc sulphate monohydrate/ lycopene 6%/ l-arginine/ melatonin / selenomethionine/vitamin d/ astaxanthin/ superoxide dismutase,2
magnesium bisglycinate/ ubiquinol/ dha 12%/ l-arginine/ lycopene 6%/ zinc sulphate monohydrate/melatonin/l-methylfolate calcium/ selenomethionine/vitamin d/suoeroxide dismutase,2
vit a/vit d3/vit e/vit b1/vit b2/vit b6/vit b12/niacinamide/d-panthenol/l-lysine/ferrous gluconate/zinc gluconate/magnesium gluconate 1500iu/100iu/3mg/1.5mg/1.5mg/1mg/1.5mcg/5mg/30mg/2.5mg/40mg/60mg/34.85mg/185.41mg,2
dextromethorphan/ chlorpheniramine/phenylephrine,2
paracetamol/phenylephrine hydrochloride/chlorphenamine maleate/menthol,2
betamethasone diproprionate/ neomycin sulfate/ clotrimazole,2
cyproheptadine hcl anhydrous/vitamin b1 (thiamine hydrochloride)/vitamin b2 (riboflavin)/vitamin b6 (pyridoxine hydrochloride)/nicotinamide/calcium pantothenate,2
clotrimazole+betamethasone dipropionate+neomycin sulphate,2
ferrous sulfate 75mg (contains 15mg of elemental iron) ascorbic acid 12.5mg folic acid 1mg folic acid 1mg zinc sulfate monohydrate 0.15mg,2
ketoconazole/ clobetasol/ neomycin sulphate,2
multivitamins and multiminerals,2
b-nicotinamide mononucleotide/pyrroloquinoline quinine disodium salt,2
epa / dha,2
vit a/vit b3/vit b6/biotin/vit c/vit e/selenium/zinc/glutathione/collagen peptides/hyaluronic acid/green tea/mixed caretenoids/aloe vera extract/pomegranate/grape seed extract/lycopene/astanxanthin/resveratrol 1500iu/12mg/0.75mg/30mcg/15mg/10mg/20mcg/7.5mg/100mg/200mg/5mg/40mg/15mg/10mg/10mg/5mg/3mg/1.2mg/1mg,2
omega 3 fatty acids,2
cod liver oil,2
vit a/vit b3/vit b6/biotin/vit c/vit e/selenium/zinc/glutathione/collagen peptides/hyaluronic acid/green tea/mixed caretenoids/aloe vera extract/pomegranate/grape seed extract/lycopene/astanxanthin/resveratrol,2
vit a/vit d3/vit b1/vit b2/vit b6/vit b12/nicotinamide/calcium pantothenate/calcium/phosphorus/iron/copper/magnesium/potassium/zinc/ginseng extract/aloe vera,2
coenzyme q10/vit d3/vit e/vit c/vit b1/vit b2/vit b3/vit b6/vit b12/folic acid/vit b5/biotin/iron/magnesium/manganese/copper/chromium/selenium/zinc/l-arginine/l-arginine/dl-methionine/l-lysine/glutamic acid/ginseng extract/citrus bioflavonoids,2
amoxicillin trihydrate/flucloxacillin sodium,2
taurine/acetylcysteine/500mg/150mg,2
iohexol,2
organic iodine,2
coenzyme q10 /vit d3 /vit e /vit c /vit b1 /vit b2 /vit b3 /vit b6 /vit b12 /folic acid /vit b5 /biotin /iron /magnesium /manganese /copper /chromium /selenium /zinc /l-arginine /l-arginine /dl-methionine /l-lysine /glutamic acid /ginseng extract /citrus bioflavonoids,2
ferric ammonium citrate/ vitamin b12/ vitamin b6/ nicotinamide/ zinc sulfate,2
saccharomyces boulardi,2
labetalol hydrochloride,2
paracetamol/aceclofenac,2
flucloxacillin sodium b.p. equivalent to flucloxacillin,2
vit a /vit d3 /vit e /vit c /vit b1 /vit b2 /vit b3 /vit b6 /vit b12 /folic acid /vit b5/vit b5/vit k/biotin/iron/magnesium/manganese/copper/chrmium/selenium/zinc/evening primrose oil/citrus bioflavonoids/borage/green tea extract/ginkgo biloba extract,2
each soft gelatin capsule contains evening primrose oil/vitamin a/vitamin d3/vitamin e/vitamin c/vitamin b1/vitamin b2/vitamin b3/pantothenic acid/vitamin b6/folic acid/vitamin b12/biotin/iron/magnesium/manganese/copper/selenium/zinc/aloe vera extract/gingko biloba extract/borage/citrus bioflavonoid 60%/horsetail extract/bilberry extract/grapeseed extract (95% opc)/l-carnitine/inositol/leutin 10%/natural mixed carotene (10% oil dispersion)/raspberry extract/ashwagandha extract,2
ferrous ascorbate /folic acid bp/ zinc sulfate monohydrate bp,2
xylometazoline,2
fluticasone furoate,2
"polio viruses (sabin strains), live attenuated types 1 & 3",2
cranberry extract,2
budedsoride/formoterol fumerate dehydrate,2
dextromethorphan hydrobromide/chlorphenamine maleate,2
lidocaine/ vitamin e,2
ascorbic acid/calcium d-pantothenate/colecalciferol /cyanocobalamin/nicotinamide/pyridoxine hydrochloride/riboflavin sodium phosphate/thiamine hydrochloride/vitamin a palmitate,2
polyethylene glycol/sodium chloride/ potassium chloride/ sodium bicarbonate/ sodium sulphate anhydrous,2
paracetamol/ pheniramine maleate/ ascorbic acid,2
amoxicillin trihydrate & potassium clavulanate,2
benzathine benzylpenicillin,2
glucose / sodium chloride,2
vitamin c/ vitamin d3/ zinc,2
coenzyme q10,2
glimeperide,2
celecoxib bp,2
fusidic acid,2
magnesium glycinate,2
thiamine hcl/ riboflavine/ nicotinamide/ ascorbic acid/ pyridoxine hcl/ vitamin a palmitate/ vitamin d3/ vitamin b12/ d-pantothenol/ alpha tocopherol acetate/ folic acid/ d-biotin,2
ammonium chloride / sodium citrate / menthol / squill tincture,2
bacillus clausii spores,2
human papillomavirus 9-valent vaccine recombinant,2
sitagliptin phosphate monohydrate,2
hmetformin,2
vitamin a acetate/vitamin b1/vitamin b2/vitamin d/calcium d-pantothenate/nicotinamide,2
l-carnitine l-tartrate/ ubiquinol/ zinc sulphate monohydrate/lycopene 6%/l-arginine/melatonin/ selenomethionine/vitamin d/ astaxanthin/ superoxide dismutase,2
menthol/eucalyptus oil,2
atazanavir sulfate/ ritonavir,2
dolutegravir/emtricitabine/tenofovir-alafenamide,2
efavirenz/ emtricitabine/ tenofovir alafenamide,2
tenofovir alafenamide,2
each soap contains sodium palmate/sodium palm kernelate/water/glycerin/fragrance/titanium dioxide/tetrasodium edta/sodium chloride,2
dolutegravir sodium,2
vitamin a/ vitamin d3/ vitamin e,2
carbetocin,2
sevelamer carbonate,2
thiamine hydrochloride/riboflavin sodium phosphate/nicotinamide bp/pyridoxine hydrochloride/d-panthenol bp,2
cyproheptadine hcl bp/ lysine hcl bp/vitamin b1 bp/ vitamin b6 bp/vitamin b12 bp/ nicotinamde bp,2
caffeine anhydrous/paracetamol/chlorpheniramine maleate,2
dihydropyridine,2
vitamin e/omega 3 fatty acids/eicosapentaenoic acid (epa)/docohexaenoic acid (dha)/alpha-linolenic acid/omega 6 fatty acids/linoleic acid/gamma linolenic acid/omega 9 fatty acids/oleic acid,2
montelukast sodium/ levocetirizine hydrochloride,2
tenofovir disoproxil fumarate/emtricitabine,2
thiamine/riboflavin/pyridoxine/niacin/pantothenic acid/vitamin a/vitamin d/vitamin e/calcium,2
oxytetracycline as dihydrate,2
dietary fibre/calcium/iron/phosphorus/iodine/magnesium/zinc/selenium/copper/manganese/molybdenum,2
"forever garcinia plus-chromium 100mcg/garcinia 500mg, forever therm-vitamin c 75mg/vitamin b1 1mg/vitamin b2 1.4mg/niacin 10mg and forever fiber- acacia gum/soluble corn fiber /soluble corn dextrin/ fructo-oligosaccharides",2
melatonin/ashwarganda/lemon,2
( vitamin d/vitamin e/vitamin c/thiamin/riboflavin/niacin/vitamin b6/folic acid/vitamin b12/ vitamin a/biotin 2.5mcg/6mg/40mg/0.55mg/0.7mg/ 8mg/ 0.7mg/100mcg/1.2mcg/400mcg/ 3mg/2mg/3.75mg ),2
rituximab,2
folate/vitamin b12​ ​400mcg/500mcg,2
bevacizumab,2
pertuzumab/trastuzumab,2
carboprost,2
finerenone,2
iopromide,2
sodium alginate/ sodium bicarbonate/ calcium carbonate,2
vitamin b complex,2
cholecalciferol,2
cyproheptadine/ b-complex,2
guaphenesin/diphenhydramine hcl/sodium citrate/menthol,2
l-lysine,2
mycophenolate,2
menthol/ mn/eucalyptus oil,2
insulin human,2
travoprost,2
amlodipine besylate/hydrochlorothiazide/valsartan,2
diclofenac resinate (diclofenac sodium and chlolestyramine,2
valsartan/hydrochlorothiazide,2
sitagliptin,2
ciclosporin,2
levonorgestrel / ethinyl estradiol/ ferrous fumarate,2
menotropin,2
leuprolide,2
(glucosamine sulphate 750mg/ chondroitin sulphate 300mg/ ginger root 75mg/ vitamin d 25mcg/ vitamin c 80mg/ calcium 800mg/ magnesium 150mg/ zinc 15mg/ copper 1000mcg/ manganese 0.5mg/ selenium 50mcg),2
sodium citrate dihydrate b.p/ diphenhydramine hydrochloride b.p/ menthol b.p,2
myo-inositol/ d-chiro inositol/ calcium/ magnesium/ coenzyme q10/zinc /folate /vitamin k2/ vitamin b12/vitamin d3/chromium,2
trastuzumab ematasine,2
levetiracetam,2
esomeprazole magenesium dihydrate usp,2
"vitamin a/vitamin d3/vitamin e/calcium pantothenate/vitamin b1/vitamin b2/vitamin b6/vitamin b12/folic acid/nicotinamide/vitamin k3/tryptophan,lysine/glycine/valine/cystine/methione/proline/serine/tryosine",2
amlodipine besylate/telmisartan,2
hydrochlorothiazide/lisinopril,2
desmopressin acetate,2
n/a,2
dextrose ( anhydrous) bp/ potassium chloride bp/sodium chloride bp / sodium citrate,2
phloroglucinol dihydrate,2
loperamide,2
magnesium sulphate,2
vitamin a/vitamin b1/vitamin b2/vitamin b3/vitamin b5/vitamin b6/folic acid/vitamin b12/biotin/iron/zinc/copper/iodine/selenium/eicospataenoic acid/docosahexaenoic acid,2
biotin / inositol / vitamin d / vitamin e / vitamin c / vitamin b1 / vitamin b2 / vitamin b6 /niacin / folic acid / pantothenic acid / magnesium,2
colistin sulphate/ erythromycin thiocyanate/ neomycin/ oxytetracycline hcl/ streptomycin/ vitamin a acetate/ cholecalciferol/ vitamin e/ vitamin k3/ vitamin b1/ vitamin b2/ vitamin b6/ vitamin b12/ vitamin b3/ vitamin c/ inositol/ calcium d-pantothenate,2
"vitamin d3,zinc,ascorbic acid,vitamin b1,vitamin b2,niaciminade,vitamin b6,vitamin b12,folic acid,d- pathenol, iron, copper, manganese, selenium, iodine,l-lysine hcl, vitamin e, honey,malt extract",2
benzyl benzoate,2
lysine/methionine/cystine/tryptophan/threonine/bleed of phytogenics/blend of essential oils/calcium/pphosphorus/sodium/vitamin a/vitamin d3/vitamin e/vitamin k3/vitamin b1/vitamin b2,2
omega-3 fatty acids,2
pholcodine,2
paracetamol/phenylephrine/guaifenesin/cetylpyridinium chloride,2
glucosamine sulfate postassium chloride/cod liver bp/epa/dha,2
atosiban,2
cyproheptadine hydrochloride/l-lysine/vitamin b1/vitamin b2/vitamin b6/niacinamide/zinc sulphate/manganese sulphate,2
paracetamol bp,2
norethisterone,2
adrenaline acid tartrate bp eq. to adrenaline bp,2
glucose anhydrous eq. to glucose monohydrate/sodium chloride/sodium lactate/calcium chloride dihydrate/ magnesium chloride hexahydrate,2
felodipine,2
insulin,2
osimertinib,2
magnesium trisilicate/light magnesium bicarbonate/ sodium bicarbonate,2
magnesium sulphate/ conc senna infusion,2
potassium citrate,2
amitryptyline,2
iron(iii) polymaltose/folic acid,2
spirinolactone usp,2
thiamine hcl/riboflavin/nicotinamide,2
benzoyl metronidazole,2
multivitamins/amino acid,2
quetiapine fumarate,2
insulin degludec,2
human insulin,2
(each vial contains omeprazole sodium 40mg),2
nimodipine,2
iron(iii) hydroxide polymaltose complex equivalent to elemental iron/ folic acid bp/ vitamin b12 bp,2
cycloserine,2
vitamin a/ vitamin d3/ vitamin b1/ vitamin b2/ calcium pantothenate/ nicotinamide/ l-lysine/ cyproheptadine/ calcium lactate/ selenium dioxide/ zinc sulphate/ copper sulphate,2
saxagliptin/ metformin hydrochloride,2
evening primrose,2
povidine iodine,2
dorzolamide hydrochloride,2
vitamin b1 (thiamine hcl)/ vitamin b2/ vitamin b6 / vitamin b12 (cyanocobalamin)/ nicotinamide (niacinamide)/ folic acid/ d-panthenol/ zinc as zinc sulphate/ l-lysine hcl/ ferric ammonium citrate/ calcium gluconate/ manganese sulphate,2
chlorhexidine gluconate/lidocaine hydrochloride monohydrate,2
dextromethorphan hydrochloride/diphenhydramine hydrochloride,2
liquid liquorice extract / squill tincture / menthol,2
amoxicillin trihydrate/ potassium clavulanate,2
cyproheptadine hydrochloride (anhydrous)/ vitamin a (as synthetic retinol concentrate powder form)/ cholecalciferol/ thiamine hydrochloride/ riboflavin/ calcium pantothenate/ cyanocobalamin/ ascorbic acid/ l-lysine hydrochloride/ calcium gluconate,2
zinc lactate,2
paracetamol/caffeine/ephedrine hcl,2
amoxicillin/ clavulante potassium,2
evening primrose oil/providing gamma-linolenic acid/vitamin e,2
conjugate vaccine adsorbed,2
vit a/vit d/vit e/omega-3,2
beractant,2
"diphenhydramine hcl bp, sodium citrate dihydrate bp, ammonium chloride bp, menthol bp",2
talazoparib tosylate,2
nirmatrelvir/ritonavir,2
verapamil hcl,2
paracetamol/ caffeine/ chlorpheniramine maleate,2
diclofenac diethylamine,2
vitamin a palmitate )/ergocalciferol(vitamin d2)/thiamine hydrochloride (vitamin b1) bp /riboflavin (vitamin b2)/pyridoxine hydrochloride (vitamin b6) /nicotinamide/ascorbic acid(vitamin c,2
vitamin a/ vitamin d /vitamin e /vitamin c /vitamin b1 /vitamin b2 /vitamin b3 /vitamin b6/folic acid/vitamin b12/biotin/pantothenic acid /magnesium /iron /zinc /copper /manganese /selenium /chromium /iodine /para-aminobenzoic acid /soya isoflavone extract,2
zinc/iodine/copper/manganese/selenium/chromium/cysteine/methionine/bioflavonoids,2
iron iii polymaltose eq. to elemental iron 2 mg/cyanocobalamin bp/folic acid bp,2
enrofloxacin/ colistin sulfate,2
oxytetracycline hydrochloride/neomycin sulphate/vitamin a/vitamin d3/vitamin e / vitamin k3/vitamin b1/vitamin b2/vitamin b12/biotin/calcium pantothenate,2
enrofloxacin/colistin sulphate,2
gluteraldehyde/coco-dimethyl benzyl ammonium chloride,2
labetalol hcl,2
"live attenuated newcastle disease virus lasota (we/ndv3), live attenuated infectious bronchitis virus classic h12o gi-1 (eg/ibv2)",2
vit a/vit d/vit e/epa/dha,2
tylosin,2
candesartan cilexetil/amlodipine besylate,2
phenytoin sodium,2
prednisoline acetate,2
fluorometholone/neomycin sulphate,2
diclofenac diethylamine/methyl salicylate/menthol/virgin linseed oil/ capsaicin gel,2
vaccinium macrocarpon,2
dalteparin sodium,2
sodium carbonate/ sodium phosphate,2
promitor 70-soluble fiber/iron pyrophosphate sunactive fe-p80lk micronized microencapsulated/l-ascorbic acid/vitamin d3/cyanocobalamin/folate-vitamin b9,2
l-tryptophan/ myo-inositol/ d-chiro-inositol/ vitamin b6/ l-arginine/ grape seed extract/ safed musli granules,2
oxaliplatin,2
glucosamine sulphate/potassium chloride/chondroitin sulfate,1
"marek’s disease vaccine, serotypes 1&3, live virus",1
(tagests erecta / dry flower/ zeaxanthin/ leutin/ alpha lipoic acid,1
glucosamine sulfate / potassium chloride / chondroitin sulfate,1
natural fish oil/nicotinamide/vitamin c/calcium/biotin/iron/zinc/magnesium/selenium/chromium/thiamine/riboflavin/pantothenic acid/pyridoxine/cyanocobalamin/vitamin d3/folic acid,1
diphenhydramine/sodium chloride/menthol,1
diphenhydramine/ammonium chloride/sodium citrate/menthol,1
dequalinum+cinchocaine hcl,1
methylphenidate hydrochloride,1
"inactivatedd newcastle disease(nd), avian vaccine",1
iron (iii) hydroxide polymaltose complex/ folic acid/ vitamin b12/ zinc,1
melatonin 5mg,1
n-acetyl cysteine,1
melalonin,1
s bacillus clausii spores,1
vitamin d/vitamin k/vitamin c/thiamine/riboflavin/niacin/vitamin b12/biotin/pantothenic acid/magnesium/iron/zinc/copper/selenium/iodine/natural mixed carotenoids/omega 3/dha/epa,1
vitamin a/vitamin c/vitamin d3/vitamin e/vitamin k1/vitamin b1/vitamin b2 /biotin/vitamin b5/calcium citrate/ferrous fumarate/sodium selenite/copper gluconate/glycine/chromium picolinate,1
szechwan lovage rhizome,1
bacial skullcap root,1
astragalus polysaccharides as glucose from astragalus membranaceus,1
glycyrrhizic acid,1
tylosin tartrate/ doxycycline hyclate/ bromhexine hydrochloride / vitamin a / vitamin b1 / vitamin b2 / vitamin b6 / vitamin b12 / vitamin c/ vitamin d3 / vitamin e /nicotinic acid,1
vitamin a/ vitamin d3/ vitamin e/ vitamin k3/ vitamin b6/ vitamin b12/ vitamin b1/ vitamin b2/ lysine hydrocholoride/ methionine/ niacinamide/ calcium pantothenate/ folic acid/ tryptophan/ l-threonine/ potassium chloride/ sodium sulphate,1
doxycycline hydrochloride/streptomycin sulphate/erythromycin/colistin sulphate/vitamin a/vitamin b1/vitamin b2/vitamin b6/vitamin b12/vitamin c/vitamin d3/vitamin e/nicotinamide,1
calcium/ vit d3,1
ibuprofen/paracetamol/caffeine(anhydrous),1
alprazolam,1
cetaroline fosamil,1
"respiratory syncytial virus vaccine [bivalent, recombinant]",1
amoxicillin / clavulanic,1
vitamin c/calcium/magnesium/vitamin b3/vitamin b5/vitamin b1/vitamin b2/pyridoxine/zinc/folic acid/biotin/vitamin b12/guarana seed extract/caffeine,1
vitamin c/vitamin a/vitamin d/thiamin/riboflavin,1
omega-3/vitamin a/vitamin d/vitamin c,1
irinotecan hydrochloride 40mg,1
cabergoline,1
caffeine+ibuprofen+paracetamol,1
iron zinc vitamins selenium & folic acid,1
chloramphenicol/dexamethasone,1
myo-inositol/vitamin /l-carnitine/folic acid/selenium,1
myo-inositol/alpha lactalbumin/d-chiro inositol/folic acid,1
vincristine sulphate,1
"meningococcal group; a,c,w-135 & y",1
diclofenac sodium+paracetamol+caffeine,1
hydroxypropyl methylcellulose/ benzalkonium chloride,1
each bar of soap contains trichlorocarbonilide,1
cyprorite capsules ( cyproheptadine hcl (anhydrous) bp/vitamin a (as palmitate) bp/vitamin d3 bp/thiamine hydrochloride bp/riboflavin bp/cyanocobalamin bp/niacinamide bp/calcium pantothenate bp/calcium lactate bp ),1
metronidazole usp / sodium chloride usp,1
atenolol/ hydrochlorothiazide,1
retinol(vitamin a palmitate )/ergocalciferol(vitamin d2)/thiamine hydrochloride (vitamin b1) bp /riboflavin (vitamin b2)/pyridoxine hydrochloride (vitamin b6) /nicotinamide/ascorbic acid(vitamin c),1
msm/grapes seed extract/coenzyme q10/l-methionine/l-cysteine/betacarotene/citrus bioflavonoids/vitamin d3/vitamin e/vitamin c/vitamin b1/vitamin b2/vitamin b3/vitamin b6/folic acid/vitamin b12/biotin/pantothenic acid/calcium/magnesium/iron/zinc/copper/manganese/selenium/chromium/iodine/biotin/omega 3 fish oil/dha (docosahexaenoic acid)/epa (eicosapentaenoic acid)/starflower oil/blackcurrant seed oil/omega-6 fatty acid/lutein ester/providing lutein/tomato extract/providing pure lycopene/coenzyme q10,1
calcium /vitamin d3,1
xylomethazoline hcl,1
acetyl salicylic acid bp/caffeine,1
vitamin c/zinc/elderberry extract,1
paracetamol/ ephedrine/ caffeine,1
aspirin/ pseudoephedrine hcl/ caffeine,1
vitamin c/ zinc 1000mg/ 10mg,1
alumina/ magnesia/ dimethicone,1
vitamin a/vitamin d/vitamin e/vitamin c/thiamine/riboflavin/vitamin b6/folic acid/vitamin b12/pantothenic acid/vitamink/betacarotene/iron/magnesium/zinc/iodine/copper/manganese/selenium/chromium/cysteine/methionine/bioflavonoids,1
vitamin d3/ calcium/ magnesium/ zinc,1
vitamin d3/vitamin e /vitamin k/ vitamin c/vitamin b1/vitamin b2/vitamin b3/vitamin b6/folic acid/vitamin b12 /biotin /pantothenic acid/magnesium/iron/zinc/copper/selenium/iodine/carotenoids,1
doxycycline hyclate,1
iron iii hydroxide plymaltose equ. to elemental iron /vitamin a bp/ vitamin d3 bp/ vitamin b1 bp/ vitamin b2 bp/ nictinamide bp,1
amino acid and vitamin,1
cetrizine,1
isoniazid,1
ascorbic acid/niacinamide/vitamin e acetate/calcium d-pantothenate/vitamin b6/vitamin b2/vitamin b1 mononitrate/vitamin a/folic acid/vitamin d3/vitamin b12/calcium/phosphorus/magnesium/zinc/manganese/copper/selenium/chromium,1
calcium aspartate/boron/magnesium/zinc/vitamin d3/l-methyl folate calcium,1
calcium orotate/ magnesium/ vitamin d3,1
calcium aspartate/calcium orotate/ soy isoflavones/magnesium/zinc/vitamin k2-7/vitamin d3/,1
ivermectin/praziquantel/pyrantel embonate/ oxantel embonate,1
sodium chloride+sodium gluconate+sodium acetate trihydrate+potassium chloride+magnesium chloride+magnesium chloride hoxahydrate,1
amino acids,1
vitamin d/ vitamin e/ vitamin c/ thiamin/ riboflavin/ niacin/ pyridoxine/ folacin/ vitamin b12/betacarotene/ vitamin k/magnesium/iodine/copper,1
guaifenesin bp/ bromhexine hydrochloride bp/ phenylephrine hydrochloride,1
soya bean oil,1
amlodipine/losartan potassium,1
ethanol,1
moxifloxacin hydrochloride/dexamethasone phosphate,1
natamycin,1
each caplet contains ibuprofen/ paracetamol,1
cetrorelix,1
ephredrae herba/ amygdalin/ calcium sulfate dihydrate/ glycyrrhizic acid/ sucrose/ benzoic acid/ ethylparaben,1
vitamin a/vitamin d3/vitamin e/vitamin k/vitamin b2/vitamin b6/vitamin b12/vitamin c/biotin/folic acid/niacin/citric acid/glutamic acid/proline/threonine,1
vitamin a/vitamin d3/vitamin e/vitamin k3/pantothenic acid/thiamine/ riboflavin/pyridoxine/vitamin b12/nicotinamide b3/choline chloride/methionine/lysine,1
montelukast sodium 10mg,1
albendazole/propylene glycol/purified water,1
sulfadamidine sodium+pyrimethamine hcl+tetracycline hcl+multivitamins,1
oxytetracycline sulphate/streptomycin sulphate/erythromycin thiocyanate/neomycin sulphate/colistin sulphate/vitamin a/vitamin d3/vitamin e/vitamin b1/vitamin b2/ vitamin k/ vitamin b6/ vitamin c/ vitamin b12/ nicotinic acid/ d-pantothenate/inositol,1
cerebroprotein hydrolysate/ phosphatidylserin/ methylcobalamine/ folic acid/ pyridoxine hydrochloride/ biotin/ zinc,1
vitamin a /vitamin d3 /vitamin e / vitamin b1 /vitamin b2 / vitamin b3 / vitamin b5 / vitamin b6 / vitamin b9 / vitamin b7 / vitamin b12 / vitamin c/ iron /zinc/l-lysine hydrochloride,1
vit d3/vit e/vit b1/vit b2/vit b3/vit b5/vit b6/vit b9/vit b7/vit b12/vit c/calcium/magnesium/phosphorus/iron/selenium/zinc,1
cyproheptadine / lysine hydrochloride / thiamine hydrochloride / pyridoxine hydrochloride / nicotinamide / dexpanthenol,1
diphenhydramine hydrochloride/ammonium chloride/sodium citrate,1
each tablet contains aluminium hydroxide,1
each tablet contains. sulfamethoxazole bp/ trimethoprim bp,1
cetrizine hydrchloride,1
diphenhydramine hydrochloride/sodium citrate,1
iron (iii) hydrochrloride polmaltose / folic acid,1
diclofenac diethylanate/methylsalicylate/menthol/capsicum oleoresin,1
thiamine nitrate /riboflavine pyridoxine hydrochloride /cyanocabalanun/folic acid /panthenol/iron(as ferric ammonium citrate bp/niacinamide /zinc(as zinc sulphate bp) copper (as copper sulphate bp/magnese(as magnese sulphate usp) lysine,1
iron(iii) polymaltose/ folic acid/vitamin b12,1
vit a pandurate/ vit d3/ vit b12/ thiamine/ riboflavin/ nicotinamide/ pyridoxine hcl/vit c/ d-pentothal usp/ folic acid/ d-biotin/zinc glucose,1
cyproheptadine hcl/thiamine/pyridoxine/cyanocobalamin/ascorbic acid,1
"vitamin c, d3, 3, b12 & trace minerals & ginger",1
citalopram hydrobromide,1
clear honey/glycerine/ squill oxymel,1
cyproheptadine hydrochloride equivalent to cyproheptadine hcl anhydrous bp/l-lysine/riboflavin,1
cyproheptadine hydrochloride(anhydrous)/l.lysine hydrochloride/thiamine hydrochloride/pyridoxine hydrochloride/riboflavin/nicotinamide/dexphanthenol/cyanocobalamin,1
cyanocobalamin/ copper/ d-panthenol/ folic acid/ iron (as ferric ammonium citrate)/ l-lysine hydrochloride/ niacinamide/ manganese/ pyridoxine hydrochloride/ riboflavin/ thiamine nitrate/ zinc,1
magnesium sulphate/citric acid anhydrous/sodium bi carbonate,1
myo-inositol/l-5-methyltetrahydrofolate,1
vitamin c/ echinacea/ zinc/ willow/ selenium,1
green tea extract/ l-carnitine acid/alpha lipoic acid/ betacarotene/vitamin e/vitamin c/vitamin b1/ vitamin b2/ vitamin b3/ vitamin b6/ vitamin 12/biotin/calcium d-pantothenate/manganese oxide/carbonyl iron/zinc/copper/manganese sulphate/selenium/chromium/leutin/co-enzyme q10/calcium citrate maleate/vitamin d/folic acid,1
citalopram,1
olanzapine usp,1
bendroflumethiazide,1
iron(iii) polymaltose/ folic acid/ pyridoxime hcl bp/ cyanocobalamine bp/ lysine hcl bp/ zinc sulpate,1
ezetimibe,1
montelukast sodium 5mg,1
omega 3 fatty acid epa/ dha/ calcium/ magnesium/vitamin c/ niacinamide/ iron/ zinc/ vit. e /vit. b6 /vit. b1/ vit. b2/ copper/ manganese/ vit. b12/ l methyl folate /iodine/ selenium/chromium/ biotin/ vit. a/ vit. d3 / vit. e,1
valsatan,1
d-mannose/ cranberry extract,1
paracetamol / phenylephrine hydrochloride / caffeine / diphenhydramine hydrochloride,1
menthol bp/ oil cajuput bpc/ oil clove bp/ tincture,1
purified honey/ glycerin/ ipecacuanha liquid extract/ terpeneless lemon oil,1
soluble liver extract/ soluble spleen extract/ soluble gastric mucosa extract/ whey protein,1
vitamin b10/vitamin b2/vitamin b12/vitanin b6/nicotinamide/magnessium oxide /magnesse sulphate /copper(as copper sulphate )/calcium d-pantothenate/ ferrous fumerate /zinc sulphate /folic acid,1
paracetamol /guaifenesin /pseudoephedrine hcl,1
"lycine,l-glutamine,l-cystine),selenium/corn fiber/vitamin c/mixed berries powder",1
camphor / menthol / methyl salicylate / eucalyptus globulus leaf oil / pinus pumilio oil,1
citric acid monohydrate/menthol,1
mycophenolic acid,1
"liraglutide, glucagon-like peptide",1
glucagen,1
norfloxacin+tinidazole,1
citalopram hydrobromide usp equivalent to citalopram,1
saccharomyces boulardii,1
mycophendic acid,1
calcium/phosphorus,1
vitamin c+zinc,1
vitamin c + zinc,1
methylcobalamin 1500mcg/ alpha lipoic acid 200mg/ chromium 200mcg/ folic acid 1.5mg/ inositol 100mg/ selenium 163.6mcg/ pyridoxine 3mg,1
ferrous ascorbate 100mg/ folic acid 15mg/ zinc 7.5mg,1
vitamin d3/vitamin c/ zinc,1
oxytetracycline/ vitamin a/ vitamin d3/ vitamin e/ vitamin b1/ vitamin b6/ vitamin b12/ vitamin k3/ folic acid/ nicotinamide/ calcium pantothenate/ ferrous sulphate/ manganese sulphate/ zinc sulphate/ copper sulphate/ cobalt carbonate,1
vitamin a/vitamin b6/vitamin e/ vitamin b12/vitamin d3/ biotin/vitamin c /folic acid /vitamin k3/pantothenic acid /vitamin b1/nicotinic acid/vitamin b2,1
oxytetracycline hydrochloride / vitamin b2 / vitamin a 0/ vitamin b5/ vitamin d3 / vitamin b12 / vitamin e / vitamin p / vitamin k3,1
propionic acid/benzoic acid/sorbic acid /acetic acid/mos/aluminum silicate,1
ivermectin/benzyl alcohol,1
dexamethasone/ polymyxin b sulphate/ neomycin sulphate,1
timolol/travoprost,1
amlodipine besylate+valsartan,1
halogenated phenols/phenol/sodium salicylate,1
etornorgestrel,1
cyproheptadine /vitamin b1/vitamin b2/vitamin b6/vitamin b12/nicotinamide/l-lysine hcl,1
inclisiran,1
brolucizumab,1
sacubitril valsatan,1
ribociclib,1
glimepiride 4mg,1
5- fluorouracil,1
methylcobalamin/folate/zinc monomethionine/selenomethionine/chromium polynicotinate/ alpha liponoic acid/myo-inositol,1
vitamin c/niacin/vitamin e/vitamin b6/vitamin a/folic acid/vitamin k1/biotin/vitamin d3/vitaminb12/zinc/ iodine,1
6mg/ml,1
defarasirox,1
erenumab,1
sacubitril+valsartan,1
dexhamethorphan/tobramycin,1
vit c/vit b6/calcium/magnesium/acidifying blend,1
chromium,1
entecavir monohydrate,1
delamanid,1
omegamon/osteosen original/pregnavit,1
calcium citrate/vit d3/magnesium/boron/copper/manganese/zinc/selenium,1
beta carotene (15 % dispersion) 2/ l-l.ysine hydrochloride/ l- arginine/ inositol/ vitamin d3 (400 iu)/ vitamin e/ vitamin k/ vitamin c/ thiamine (vitamin b1)/ riboflavin (vitamin b2)/ niacinamide (vitamin b3)/ vitamin b6/ l- methylfolate/ vitamin b12,1
docosahexaenoic acid/eicosapentaenoic acid,1
collagen peptides/glucosamine sulphate/chondroitin/rosehips extract/curcumin/boswella serrata/omega-3 fatty acids/vitamin d3/vitamin e acetate/vitamin c -75mg/250mg/50mg/20mg/25mg/25mg/75mg/200iu/5mg/15mg/100mcg/0.5mcg/2.5mg/250mcg/1.25mg/20mcg,1
collagen peptides/glucosamine sulphate/chondroitin/rosehips extract/curcumin/boswella serrata/omega-3 fatty acids/vitamin d3/vitamin e acetate/vitamin c,1
beta carotene (natural source) (15% dispersion)/vitamin d3/vitamin e/vitamin k/vitamin c/thiamine/riboflavin/niacin/vitamin b6/folic acid/vitamin b12/biotin/pantothenic acid/magnesium/elemental iron/zinc/copper/manganese/selenium/iodine/dha (40%)/epa,1
starflower oil/evening primrose oil/citrus bioflavonoids/betacarotene/p.a.b.a/vitamin d3/vitamin e/ vitamin k/vitamin c/vitamin b1/vitamin b2/vitamin b3/vitamin b6/folic acid/vitamin b12/biotin/pantothenic acid/magnesium/iron/zinc/copper/manganese,1
siberian ginseng extract/coenzyme q10/l-carnitine/citrus bioflavonoids/l-arginine/l-methionine/silicon/betacarotene/p.a.b.a/vitamin a/vitamin d/vitamin e/vitamin c/vitamin b1/vitamin b2/vitamin b3/vitamin b6/folic acid/vitamin b12/biotin/pantothenic acid,1
starflower oil/evening primrose oil/citrus bioflavonoids/betacarotene/p.a.b.a/vitamin d3/vitamin e/ vitamin k/vitamin c/vitamin b1/vitamin b2/vitamin b3/vitamin b6/folic acid/vitamin b12/biotin/pantothenic acid/magnesium/iron/zinc/copper/manganese/selenium/chromium,1
acetylsalicyclic acid/ caffeine,1
neolife tri-mag blend / neolife phytomag blend,1
diclofenac diethylamine/leuseed oil/methylsalicyclate/menthol,1
vitamin a/ vitamin d3/ vitamin e/ vitamin b12/ vitamin b3/ vitamin c/ vitamin b1/ vitamin b6/ d-panthenol/ biotin,1
vitamin b1 (thiamine hcl)/vitamin b2 (riboflavin sodium phosphate) /vitamin b6 (pyridoxine hcl) /vitamin b12 (cyanocobalamin) /vitamin b5 (dexpanthenol) /vitamin b3 (nicotinamide) /vitamin c (ascorbic acid),1
pizotifen malate / thiamine hcl / riboflavin-5-phosphate sodium / pyridoxine hcl / nicotinamide,1
tricloson/allantoin/tcc/vitamin e,1
dienosis,1
vitamin a/vitamin c/vitamin e/vitamin k/thiamine/riboflavin/niacin/vitamin b6/folate/vitamin b12/pantothenic acid/iodine/magnesium/zinc/selenium/copper/manganese/chromium/proprietary blend,1
vitamin a/vitamin c/vitamin d3/vitamin d3/vitamin e/thiamin/riboflavin/niacin/vitamin b6/folate/vitamin b12/pantothenic acid/iron/iodine/magnesium/zinc/selenium/copper/proprietary blend,1
calcium/chromium,1
vit a /biotin /vit b1 /vit b2 /vit b6 /vit b12 /vit c /vit d /vit e /folic acid / vit k /niacin /pantothenic acid /calcium /magnesium /chromium /iron /iodine /copper /molybdenum /phosphorus /selenium /zinc /potassium /manganese,1
linseed oil/manganese/nettle leaves extract/pumpkin seed oil/vitamin e/selenium/zinc,1
"amino acid blend (glycine ,l-glutamine ,l-cystine ,selenium)/corn fiber/vitamin c/mixed berries powder",1
magnesium/molybdenum/sodium/betaine hcl/boron/stronium/silicon,1
choline/inositol,1
niacin,1
pantothenic acid/calcium,1
lamivudine,1
daclatasvir dihydrochloride,1
lamivudine/tenofovir disoproxil fumarate,1
abacavir sulphate/lamivudine,1
trypsin-chymotrypsin,1
propritary blend of lactobaccili providing 5 billion cfu,1
calcium/magnesium,1
methylsulfonylmethane,1
alpha lipoic acid,1
calcium/phosphorus/magnesium/ip-6/inosiltol,1
vitamin e/proprietary omega oil blend/omega-3 fatty acids/alpha-linolenic acid (ala)/eicosapentaenoic acid (epa)/docohexaenoic acid (dha)/omega-6 fatty acids/linoleic acid/gamma-linolenic acid/omega-9 fatty acids,1
vitamin a,1
thiamin/niacin/vitamin b12/biotin/pantothenic acid,1
glucosamine sulphate/sodium/chloride,1
diindolymethane/vegetable blend (spijnach/broccoli/cabbage),1
"trypsin - chymotrypsin (6:1) equivalent to 50,000 usp units of proteolytic enzyme activity",1
"chlorphenamine maleate, ammonium chloride, sodium citrate and menthol syrup",1
ceftriaxone / sulbactam,1
collagen/glucosamine sulfate/vitamin c,1
benfotiamine/methylcobalamin/alpha lipoic acid/pyridoxine hcl/folic acid/ inositol,1
potassiummagnesium citrate/d-mannose/cranberry,1
iron-iii hydroxide polymaltose complex equivalent to elemental iron/folic acid bp/vitamin b12 bp/zinc sulphate monohydrate usp/,1
"rotavirus live,oral,pentavalent",1
rocuronium bromide,1
salbutamol sulphate/bromhexine hcl/gucydenesin/menthol,1
vildaglipdin,1
sodium feredetate/ cyanocobalamin/ zinc sulphate heptahydrate/ manganese sulfate/ folic acid/ copper sulphate pentahydrate/ ascorbic acid,1
each tablet contains dihydroartemisinin/ piperaquine phosphate,1
paracetamol/ aceclofenac,1
bosentan,1
moxifloxacin hydrochloride,1
daclatasvir dihydrochloride/sofosbuvir,1
magaldrate/oxethazaine/polydimethylsiloxane,1
tolvaptan,1
tolvapan,1
trypsin/bromelain/rutin,1
co-enzyme q10/ epa/dha/ lycopene/vitamin e/selenium,1
epa/ dha,1
fiah oil/omega-3 fa/epa/dha,1
selenium,1
calcium/magnesium/zinc,1
fish oil/omega-3 fa/epa/dha,1
vitamin b12,1
folate,1
"5 billion cfu (bifodobacteria blend: bifidobacterium breve ha-129, bifidobacterium longum ha-135/lactobacilli blend: lactobacillus rhamnosus ha-111, lactobacillus acidophilus r0418",1
magnesoim/molybdenum/sodium/betaine hcl/stronium/silicon,1
sodium chloride bp/ glucose anhydrous bp,1
clotrimazole/betamethasone/neomycin sulphate,1
(rvsv∆g-zebov-gp),1
ertapenem sodium,1
benoxinate hydrochloride,1
dextromethorphan hydrobromide+chlorpheniramine maleate,1
nepafanac,1
guaifenesin bp/ bromhexine hydrochloride bp/ phenylephrine hydrochloride bp,1
potassium chloride,1
vitamine b1/ vitamin b2/ vitamine b6/ nicotinamide/ d-panthenol/ benzyl alcohol,1
cod liver oil ​300mg,1
diclofenac/aceteminophen,1
aceclofenac/acetaminophen,1
typhoid conjugate vaccine (monovalent),1
measles and rubella vaccine (live attenuated),1
vit a/vit d3/vit e/vit b1/vit b2/vit b3/vit b5/vit b6/folic acid/vit b12/vit c/biotin/sodium/potassium/calcium/phospherus/magnesium/iron/zinc/iodine/selenium/chromium,1
vit a /vit d3 /vit e /vit b1 /vit b2 /vit b3 /vit b5 /vit b6 /folic acid /vit b12 /vit c /biotin /sodium /potassium/calcium/phospherus/magnesium/iron/zinc/iodine/selenium/chromium-710iu/88iu/9iu/0.56mg/0.58mg/7.2mg/2.9mg/0.75mg/170mcg/42mg/14mcg/117mg/441mg/386mg/285mg/31mg/11mg/5.9mg/85mcg/14mcg/9.1mcg,1
ferric ammonium citrate/thiamine hydrochloride bp/riboflavin bp/pyridoxine hydrochloride bp/cyanocobalamin bp/folic acid bp/d-panthenol bp/niacin bp/zinc sulfate bp/copper bp/manganese bp/ l- lysine hydrochloride bp/purified honey bp/malt extract,1
erythromycin stearate b.p equivalent to erythromycin,1
paracetamol/diphenhydramine,1
metronidazole benzoate b.p quivalent to metronidazole 125mg,1
bupivacaine hydrochloride bp/ glucose anhydrous bp eq. to glucose (monohydrate),1
l-lysine/ vit c/elemental magnesium/elemental iron/ nicotinamide/elemental zinc/vit e/d-panthenol/vit b1/vit b2/vit b6/vit a/vit d3/vit b12,1
theophylline,1
magnesium bisglycinate/ubiquinol/dha 12%/l-arginine/lycopene 6%/zinc sulphate monohydrate/melatonin/l-methylfolate calcium/selenomethionine/vitamin d 3/superoxide dismutase,1
proanthocyanidin/ascorbic acid,1
cranberry extract (25%)/d- mannose (99%)/hibiscus extract (10:1)/ lactobacillus fermentum/lactobacillus rhamnosus/lactobacillus reuteri,1
"pre-blend of (bifidobacterium bifidum , lactobacillus jenseni , lactobacillus plantarum , lactobacillus fermetum , lactobacillus rhamnosus , lactobacillus acidophilus , lactobacillus gasseri , lactobacillus crispatus , lactobacillus reuteri ) /fructo-oligosaccharides",1
myo-inositol/d-chiro inositol/melatonin/l-methylfolate calcium/vitamin b3,1
gelatin capsule contains magnesium bisglycinate/ubiquinol/dha 12%/l-arginine/lycopene 6%/zinc sulphate monohydrate/melatonin/l-methylfolate calcium/selenomethionine/vitamin d 3/superoxide dismutase,1
l-leucine/ubiquinol/dehydroepiandrosterone(sr)/dehydroepiandrosterone(ir)/melatonin/l-methylfolate calcium/zinc/gamma tocotrienol,1
dolutegravir/ lamivudine/ tenofovir disoproxil fumarate 50mg/300mg/300mg,1
vit. b1 hcl/riboflavin/vit. d3/vit. b6 hcl/nicotinamide/calcium/d-pantothenate/vit.b12/vit. a/ l-lysine hcl/ calcium lactate/ cyproheptadine hcl/manganese sulphate/ zinc sulphate heptahydrate,1
"human papillomavirus types 6,11,16 and 18",1
cyproheptadine hydrochloride/l-lysine mono hydrochloride/vitamin b1/vitamin b2/vitamin b6/niacinamide,1
ascorbic acid bp/zinc sulphate monohydrate bp,1
"iron(iii)hydroxide polymaltose complex equivalent to iron, folic acid bp, vitamin b12",1
thiamine hydrochloride/riboflavin sodium phosphate/nicotinamide/calcium d-pantothenate/cyanocobalamin,1
vitamin b1/vitamin b2/nicotinamide,1
vit a/vit d/vit e/omega 3,1
naphazoline hydrochloride/chlorpheniramine maleate,1
lidocaine/adrenaline,1
vitamin c ​1000mg,1
dorzolamide/timolol,1
aluminium hydroxide/magnesium hydroxide/oxetacaine,1
ferric ammonium citrate/folic acid/vitamin b12/vitamin b6/niacinamide/zinc sulfate,1
calcium carbonate /vitamin d3 /magnesium hydroxide /zinc gluconate,1
carbonyl iron/zinc gluconate/vitamin b12/vitamin e/selenium /folic acid bp,1
elemental iron/ folic acid/ vitamin b12/ zinc sulphate/ copper sulphate/ vitamin c,1
cyproheptadine hydrochloride/ calcium pantothenate/ vitamin b2/ vitamin b6,1
glucosamine sulphate/chondroitin sulphate,1
l-lysine hydrochloride/l-valine/l-phenylalanine/l-threonine/vitamin a/vitamin d3/alpha tocopherol acetate/thiamine hydrochloride/vitamin b2/nicotinamide/calcium pantothenate/folic acid/vitamin b12/elemental iron/elemental zinc,1
simethicone/dill oil/fennel oil,1
vit a/vit d3/vit e/vit b1/vit b2/vit b6/vit b12/niacinamide/d-panthenol/l-lysine/ferrous gluconate/zinc gluconate/magnesium gluconate,1
vitamin d3/calcium/magnesium/zinc,1
iron/folic acid/vitamin b12 /thiamine/riboflavin/ niacin/alcium glycerophosphate/ iodine/ manganese/ zinc/copper/vitamin c,1
omega 3/vitamin d/ vitamin e/ vitamin c/ vitamin k/thiamin/ riboflavin/ niacin/ vitamin b6/ folic acid/ vitamin b12/biotin/ pantothenic acid/magnesium/iron/zinc/copper/selenium/iodine,1
folic acid/cholecalciferol/l-arginine/l-valine/l-tryptophan/l-threonine/l-methionine/l-leucine/l-isoleucine/thiamine/riboflavin/l-histidine/ascorbic acid/pyridoxine/cyanocobalamin/vitamin a/l-lysine/calcium panthothenate/nicotinamide/tocopherol acetate,1
trastuzumab,1
( vitamin b1 0.4mg/ vitamin b2 0.2mg/ vitamin b3 1.6mg/ vitamin b6 0.5mg/ cyanocobalamin 0.5mcg/ zinc 1mg/ folic acid 20mcg ),1
dextromethorphan hydrobromide /phenylephrine /cetirizine hydrochloride /racementhol,1
vitamin b/vitamin b2/vitamin b6/ nicotinamide/calcium pantothenate,1
cyproheptadine hcl (anhydrous)/vitamin a (as palmitate)/vitamin d3/thiamine hcl/riboflavin/pyridoxine hcl/cyanocobalamin/ascorbic acid/ d-panthenol/niacinamide/calcium lactate,1
calcium carbonate /magnesium hydroxide/magnesium trisilicate/activated dimethicone emulsion,1
vitamin a/ vitamin d3/ vitamin e/ vitamin c/ thiamine nitrate/ riboflavin/ pyridoxine hcl/ folic acid/ vitamin b12/ nicotinamide/ para aminobenzoic acid/ l-arginine/ inositol/ elemental iron/ elemental zinc/ elemental magnesium/ elemental manganese/ elemental copper/ elemental selenium/ elemental chromium/ elemental iodine,1
vitamin a/ vitamin e/ vitamin c/ thiamine nitrate/ pyridoxine hcl/ folic acid/ methylcobalamin/ l-carnitine tartrate/ ginseng extract/ l-arginine/ elemental iron/ elemental zinc/ elemental copper/ elemental manganese/ elemental selenium/ lycopene/ coenzyme q10/ glutathione,1
moxidectin,1
vitamin a/zinc/l-methionine/phytin,1
vitamin a /zinc /magnesium /phytin /polyphenols,1
clindamycin phosphate/benzyl peroxide,1
vitamin a/vitamin d/vitamin e/vitamin b1/vitamin b2/vitamin b6/vitamin b12/niacinamide/vitaminc/d-panthenol/l-lysine hcl /zinc gluconate /magnesium gluconate,1
zofenopril/hydrochlorothiazide,1
zofenopril calcium,1
dexketoprofen trometerol,1
\salbutamol sulfate,1
bilberry extract/lutein/beta-carotene,1
omeprazole/domperidone,1
dutasteride,1
dietary fiber/inulin,1
multimineral and multivitamins,1
ginsomin extract/ vit a/vit d3/vit d3/vit e/vit c/vit b1,1
lecithin/schisandra powder extract/silybum marianum/alpha lipoic acid,1
vitamin c /selenium/riboceine /proprietary blend (cordyceps/ curcumin phospholipid/resveratrol /alpha lipoic acid/grape seed extract/quercetin dihydrate/milk thistle seed extract/broccoli seed extract/oleracea var. italica/aloe vera/black pepper extract). -42.5mg/12.5mcg/125mg/580mg,1
marine protein/horsetail extract/providing silica/green tea extract/lemon bioflavonoids/hydrolyzed collagen/vitamin c/tomato extract/lycopene/grape seed extract/d. salina extract/providing betacarotene and other carotenoids/pine bark extract/ vitamin e,1
calcium/vitamin d3/magnesium/zinc/manganese/boron,1
omeprazole + domperidone,1
metfomin hydrochloride,1
ambroxol hydrochloride/ salbutamol sulphate/ guaifenesin/ racementhol,1
metronidazole/ furazolidone,1
clobestasol propionate,1
"(paracetamol, caffeine, phenylpropanolamine hcl and chlorphenamine maleate tablets)",1
milk solids/ demineralised whey/ vegetable fats/ arachidonic acid(ara)/ docosahexaenoic acid (dha)/ maltodextrin/ minerals [calcium carbonate/ potassium phosphate dibasic/ potassium chloride/ magnesium oxide / copper sulphate/ zinc sulphate/ sodium selenite / sodium chloride / manganese chloride / ferrous sulphate / potassium iodide/ vitamins [retinyl palmitate re/ ascorbic acid / ergocalciferol/ dl-alpha-tocopheryl acetate α-te/ phytomenadione / thiamine mononitrate / riboflavin / niacin/ calcium -d- pantothenate/ folic acid/ pyridoxine hydrochloride/ d- biotin/ cyanocobalamine/ choline bitartrate/ taurine/ l-carnitine,1
vitamin a/vitamin b1vitamin b2/vitamin b6/vitamin b12/niacinamide/vitamin c/vitamin d3,1
calcium carbonate/magnesium hydroxide/colecalciferol/zinc sulphate monohydrate,1
amoxicillin trihydrate /diluted potassium clavulanate,1
amoxicillin trihydrate /potassium clavulanate,1
diminazene diaceturate/phenazone,1
benzylpenicillinum procainum / dihydrostreptomycinum,1
each tablet contains misoprostol 200mcg,1
paracetamol/diphenhydramine gcl,1
cyproheptadine hcl+vit. a+vit. d3+vit. b1+riboflavin+cyanocobalamin+nicotinamide calcium pantothenate+calcium lactate,1
sodium chloride . glucose,1
"diclofenac diethylamine, methyl salicylate & menthol",1
ferric ammonium citrate/folic acid/pyridoxine hcl/thiamine hcl/nicotinamide,1
betamethasone sodium phosphate/ neomycin sulphate,1
diphenhydramine hydrochloride/ammonium chloride/sodium citrate/menthol,1
paracetamol/ vitamin c,1
each tablet contains paracetamol 325mg/ tramadol 37.5mg,1
iron/folic acid/vitamin b12/vitamin b6/zinc,1
(each tablet contains ciprofloxacin 500mg),1
adapalene/clidamycin,1
oxymetazoline hcl,1
(each tablet contains amlodipine/valsartan – 10mg/160mg),1
elemental calcium 500mg/ vitamin d3 1000iu/ zinc 7.5mg,1
(each film-coated tablet contains ciprofloxacin/tinidazole - 500mg/600mg),1
(each tablet contains empagliflozin 12.5/metformin 1g),1
(each capsule contains clindamycin bp 300mg),1
vitamin c /selenium/riboceine /proprietary blend(cordyceps/ curcumin phospholipid/resveratrol /alpha lipoic acid/grape seed extract/quercetin dihydrate/milk thistle seed extract/broccoli seed extract/oleracea var. italica/aloe vera/black pepper extract),1
vitamin d3/ thiamine/ vitamin b6/ vitamin b12/potassium,1
chlorpheniramine maleate+phenylephrine hydrochloride,1
vitamin b1(thiamine)/vitamin b2(riboflavin) /vitamin b3 (niacin)/vitamin b5 (pantothenic acid) /vitamin b6(pyridoxine) /biotin /vitamin b9(folic acid) /vitamin c (ascorbic acid) /vitamin b12 (cyanocobalamin) /vitamin d3 (cholecalciferol) /vitamin k1 (phytomenadione) /vitamin e 50% (dl alpha tocopherol acetate) /zinc (zinc oxide)/magnesium (magnesium oxide) /copper (cupric sulphate) /iodine (potassium iodide)/iron (ferrous fumarate)/selenium (sodium selanate)/natural mixed carotenoids,1
oxytetracycline/ neomycin sulphate/ vitamin a/ vitamin d3/ vitamin e/ vitamin k3/ vitamin b1/ vitamin b2/ vitamin b6/ calpan,1
"magnesium sulphate conc. senna infusion, liquorice liquid extract",1
primaquine phosphate,1
rifampicin/ isoniazid,1
(vitamin a /zinc /magnesium citrate /theobromine /potassium citrate,1
transulosin hcl,1
sodium bicarbonate/ sodium citrate anhydrous tartaric acid/ anhydrous citric acid,1
cyanocobalamin/alpa lipoic acid/inositol/folic acid/chromium polynicotinate/ selenomethionine/zine monomethionina,1
(each tablet contains ursodiol 150mg),1
rifampicin/isoniazid/pyrazinamide,1
dolutegravir​ sodium,1
fda/gd.233-080119,1
abroma augusta/carica papaya/aloe barbbadenses/peganum harmala/dancus carrota/bryonia lacinosa/leptadenia reticulata/piper longum/zingiber officinale/rubia cordifolia/glycyrhhiza/withania somnifera,1
praziquantel/pyrantel/pamoate/febantel,1
calcium lactate gluconate/ vitamin c,1
cyproheptadine hcl/l-lysine mono hcl/vitamin b1/vitamin b2/vitamin b6/niacinamide/zn sulfate/mn sulfate,1
ferrous glycine sulphate/zinc sulphate/l-histidine hydrochloride/l-lysine hydrochloride/thiamine hydrochloride/riboflavin (as riboflavine sodium phosphate)/pyridoxine hydrochloride/folic acid/nicotinamide/cyanocobalamin/dexpanthenol,1
iron(iii) hydroxide polymaltose/folic acid/vitamin b12/zinc sulphate(anhydrous),1
paracetamol+caffeine+chlorpheniramine maleate,1
iron(iii)hydroxide polymaltose/zinc sulphate/cyanocobalamin(vitamin b12)/folic acid,1
"ascorbic acid , nicotinamide, calcium panthothenate, vitamin a acetate prep, vitamin d3 prep, thiamine hcl, pyrodoxine hcl, riboflavin, vitamin b12 pre",1
vitamin c/ vitamin d3/ zinc/ elderberry,1
(each film-coated tablet contains azithromycin 250mg),1
(each film-coated tablet contains azithromycin 500mg),1
"(each 15ml contains alginic acid bp 200mg magnesium hydroxide bp 250mg, magnesium trisilicate bp 250mg dried aluminum hydroxide bp 250mg dimethicone bp 125mg)",1
hydrocortisone acetate/ neomycin sulfate,1
thiamine/riboflavin/nicotinamide/pyrodoxine/ascorbic acid/tocopherol/vitamin a/vitamin d3/folic acid/ calcium/l-threonine/l-valine/l-methionine/l-isoleucine/l-leucine/l-phenylalanine/l-tryptophan/l-lysine hcl/l-histidine hcl/l-arginine,1
neomycin/polymycin b sulphate/bautrain,1
(each ampoule contains iron sucrose 100mg/5ml),1
(each capsule contains clindamycin bp 150mg),1
(each capsule contains celecoxib 200mg),1
(each film-coated tablet contains citicoline/piracetam – 500/800 mg),1
(each tablet contains vildagliptin/metformin 50mg/1000mg),1
(each ampoule contains tranexamic acid 500mg),1
(each vial contains hydrocortisone 100mg),1
emtricitabine/tenofovir alafenamide fumarate,1
rifampicin/isoniazid/pyrizinamide,1
rifapentine_isoniazid,1
vit a/vit d3/vit b1/vit b2/vit b6/vit b12/vit c/vit e/biotin/vit b3/vit b5/vit b9/calcium/phosphorus/iron/copper/magnesium/potassium/zinc/iodine/manganese/selenium/chromium/molybdenum,1
marine collagen peptides(i&ii)/vitamin c/hyaluronic acid/biotin,1
vitamin b1/ vitamin b2/ vitamin b3/ vitamin b5/ vitamin b6/ vitamin b12/ vitamin a/ vitamin c/ vitamin d/ vitamin e/ folic acid/ biotin/magnesium/calcium/ zinc/ iodine/ chromium/ copper/ molybdenum/ iron/ alpha lipoic acid/ ginseng extract/ inositol/ lycopene/ lutein/ zeaxanthin,1
ciprofloxacin hcl,1
natural mixed carotenoids / citrus bioflavonoids / bilberry extract / lutein esters / vitamin a (as acetate / vitamin d (as d3 100 iu) / vitamin e (50 % acetate 66.66 iu) / vitamin c / vitamin b1 (thiamine hcl) / vitamin b2 (riboflavin) / vitamin b3 (niacin) / vitamin b6 (pyridoxine hcl) / folic acid / vitamin b12 (cyanocobalamin) / vitamin b5 (calcium d-pantothenate) / magnesium (as magnesium oxide) / iron (as ferrous fumarate) / zinc (as zinc sulphate) / copper (as cupric sulphate) / manganese (as manganese sulphate) / selenium (as sodium selenite) / chromium (as chromium picolinate) / iodine (as potassium iodide) / docosahexaenoic acid (dha),1
vit a/vit d3/ vit b1/vit c/vit b2/vit b6/vit b3,1
vitamin a / c / d3 / e / b1 / b2 / b3/ b6 / b12 / pantothenic acid / niacin / folic acid / biotin/ iodine / potassium iodide / choline bitartrate / inositol,1
omega-2 fish oil,1
vitamin a / c / d3 / e / b1 / b2 / b3 / b6 / b12 / pantothenic acid / niacin / folic acid / biotin / iodine / potassium iodide / choline bitartrate / inositol,1
glucosamine sulfate potassium/ chondroitin sulfate/ methylsulfonylmethane,1
vero cells,1
cloxacillin,1
indomethacin,1
vitamin a as palmitate bp / vitamin b1 bp / vitamin b2 bp / vitamin b6 bp / vitamin b12 bp / d-panthenol bp / niacinamide bp / calcium gluconate bp / calcium lactate bp / calcium hypophosphate / magnesium hypophosphate / ferrous gluconate bp / zinc sulphate monohydrate usp equivalent to elemental zinc,1
diclofenac diethylamine/methyl salicylate/virgin linseed oil/ levomenthol,1
salbutamol sulphate,1
miconazole nitrate/clobetasol propionate,1
hydrocortisone/neomycin sulfate,1
clindamycin hydrochloride 300,1
vitamin d/vitamin e/vitamin k/vitamin c/vitamin b1/vitamin b2/vitamin b3/vitamin b6/vitamin b9/vitamin b12/vitamin b7/vitamin b5/magnesium oxide/iron bisglycinate/zinc oxide/copper sulphate/sodium selenite/potassium iodide,1
vitamin a/vitamin d3/vitamin b1/vitamin b2/vitamin b3/vitamin b6/vitamin b12/ferrous gluconate/zinc gluconate,1
vitamin a/vitamin e/vitamin d3/vitamin c/folic acid/thiamine mononitrate/riboflavin/pyridoxine/nicotinamide/vitamin b12/iron/magnesium sulphate/zinc/calcium,1
astorvastatin calcium,1
tablets,1
5-flourouracil,1
cyproheptadine hcl/thiamine hcl(vitamin b1)/riboflavin 5-phosphate sodium(vitamin b2)/pyridoxine hcl(vitamin b6)/cyanocobalamin(vitamin b12)/nicotinamide/folic acid,1
thiamine hcl(vitamin b1)/riboflavin 5-phosphate sodium(vitamin b2)/pyridoxine hcl(vitamin b6)/cyanocobalamin(vitamin b12)/nicotinamide/dexpanthenol,1
palmitate(vitamin a)/calciferol(vitamin d)/thiamine hcl(vitamin b1)/riboflavin 5-phosphate sodium(vitamin b2)/nicotinamide/ascorbic acid(vitamin c),1
alginic acid/magnesium hydroxide/dried aluminium hydroxide/magnesium triscilicate/simethicone,1
alginic acid/magnesium hydroxide/dried aluminium hydroxide/magnesium trisillicate/simethicone/oxethazaine,1
omega 3 fatty acids/ alpha lipoic acid/ refined evening primrose oil/ virgin coconut oil/ green tea extract/ coenzyme q10/ vitamin d3/ vitamin e/ vitamin c,1
thiamine hydrochloride / riboflavine sodium phosphate / nicotinamide / pyridoxine hydrochloride / cyanocobalamin / cyproheptadine hydrochloride / lysine hydrochloride / lactobacillus plantarum / lactobacillus rhamnosus,1
sodium/potassium/magnesium/calcium/chloride/vitamin c/vitamin b12/fructose,1
nepafenac,1
sodium oninoglyate,1
oxytetracycline/ colistin/ vitamin a/ vitamin d3/ vitamin k3/ vitamin e/ vitamin b12 / riboflavine / nicotinamide / calcium pantothenate,1
chlortetracycline hydrochloride,1
diminazene diaceturate/ levamisole (as hydrochloride),1
pseudoephedrine hydrochloride bp / chlorpheniramine maleate bp lmgl dextromehorphan hydrobrom,1
doxycycline hydrochloride eq. to doxycycline,1
diclofenac/ paracetamol,1
aluminium hydroxide/magnesium hydroxide/magnesium trisilicate/simethicone,1
haemoglobin/ ferric ammonium citrate bp equivalent to elemental iron/ cyanocobalamin bp/ folic acid,1
indapamide,1
monosulfiram,1
timolol maleate/benzalkonium chloride,1
amoxicillin+clavulanic acid,1
clobetasol propionate/ ofloxacin miconazole nitrate/ zinc sulphate,1
fipronil / (s)-methoprene,1
vit a/vit d3/vit b1/vit b2/vit b6/vit c/nicotinamide,1
(each softgel capsule contains natural mixed carotenoids/citrus bioflavonoids/bilberry extract/lutein esters/zeaxanthin/omega-3 fatty acid/vit a/vit d/vit e/vit c/vit b1/vit b2/vit b3/vit b6/vit b12/vit b5/magnesium/iron/zinc/copper/manganese/selenium/chromium/iodine- 3mg/15mg/60mg/4mg/10mg/100mg/2mg/2.5mcg/60mg/150mg/12mg/4.8mg/18mg/10mg/400mcg/9mcg/20mg/60mg/6mg/15mg/1000mcg/4mg/150ug/50ug/100ug),1
live fowl pox virus strain fpv92,1
live newcastle disease virus,1
live bursal disease virus,1
live newcastle disease virus strain b1,1
phenylephrine hydrochloride/diphenhydramine hydrochloride/ chlorpheniramine maleate/ glycerylguaiacolate,1
fish oil/eicosapentaenoic acid/docosahexaenoic acid 1000mg/180mg/120mg,1
clotrimazole/metronidazole,1
metronidazole /clotrimazole,1
palmitoylethanolamide/genistein/daidzen,1
calcium polystyrene sulphonate,1
citocholine sodium,1
isometamidium,1
diminazene diaceturate/vitamin b12/vitamin b6,1
cypermethrin/chlortpyrifos/piperonyl butoxide/citronella,1
vitamin a/vitamin d3/vitamin e/vitamin k3/vitamin b1/vitamin b2/vitamin b6vitamin b12/vitamin c/ pp/vitamin b5/biotin/folic acid/sodium chloride/potassium chloride/choline chloride,1
"live avian infectious bursal disease virus, winterfield 2512 g-61 strain",1
novfloxcin,1
dexpanthenol /retinyl palmitate/cholecalciferol/ascorbic acid /thiamine hydrochloride/riboflavin-phosphate sodium/cyanocobalam in/ nicotinamide,1
vitamina/vitamin d3/vitamin c/vitamin b1/vitamin b2/vitamin b6/ vitamin b12/niciinamide/dexpanthernol,1
thiamine/riboflavin/pyridoxine/cycnocobdawn/calcium pnthotenate/nicotinamide,1
lutein/zeaxanthin/l-glutathione/beta-carotene/vitamin a/vitamin c/vitamin e/sodium selenite pentahydrate/copper sulphate/zinc sulphate/manganese,1
lutein/zeaxanthin/l-glutathione/beta-carotene/vitamin a/vitamin c/vitamin e/sodium selenite pentahydrate/copper sulphate/zinc sulphate/manganese- 20mg/4mg/5mg/10mg/800mcg/150mg/25iu/55mcg/1mg/15mg/3.5mg,1
vitamin b1 / vitamin b2 / vitamin b3 / vitamin b5 / vitamin b6 / vitamin c / vitamin d3 / vitamin e / vitamin k / methylcobalamin / biotin / folic acid / ferrous fumarate / magnesium / copper / calcium / iodine / selenium / manganese / zinc / docosahexaenoic acid / eicosapentaenoic acid,1
"live newcastle disease virus, hitchner b1 strain",1
inactivated vaccine against newcastle disease,1
"newcastle disease virus strain lasota minimum 50pd50 +, infection brochitis virus, strain m/41 included minimum 6log2 hi + egg drop syndrome, strain b8/78 induced minimum 7log2 hi",1
"newcastle disease virus, hitchne bi strain at least 10^5.5 eid50 + avian infections bronchitis virus, massachusetts type b-48 strain at least 10^3.0 eid50",1
rabies inactivation virus sad unuko40-32,1
"virus febris contagissae canis strain, virus laryngotrachetidis contagiosae canis strain paraovirus enteritidias canis, virus parainfluences canis strain, leptospira icterohaemorrhagise inactivated, leptospira canicola inactivated and leptospira grippotyphoa inactivated",1
parvouiras entaritidis canis,1
vitamin a/vitamin c/vitamin d3/vitamin e/vitamin b1/vitamin b2/niacin/pyridoxine hcl/pantothenic acid,1
myo-inositol,1
diclofenac/lidocaine/menthol,1
taurine/soya protein hydrolysate/l-leucine/l-arginine hcl/l-lysine hcl/ l-phenylalanine/ l-valine/l-threonine/l-histidine hcl/dl methionine/l-tryptophan/ginseng extract/vitamin c/vitamin b3/vitamin e/iron/magnesium/zinc/vitamin b6 /manganese/vitamin b2/vitamin b1/copper/calcium pantothenate/folic acid/iodine/vitamin a/ chromium/biotin/selenium/vitamin d/cyanocobalamin,1
aluminum hydroxide/ magnesium hydroxide,1
vitamin d/vitamin e/ vitamin k/vitamin c/ thiamine/ riboflavin/ niacin/ vitamin b6/ folic acid/vitamin b12/ biotin/pantothenic acid/ magnesium/ zinc/ copper/ selenium/ iodine/ carotenoids /omega,1
myo inositol/ l-methylfolate/ para-aminobenzoic acid/ l-arginine/ zinc/ iron/ manganese/ vitamin b6/ beta carotene/ niacinamide/ folic acid/ copper/ vitamin b12/ magnesium/ selenium/ chromium/ iodine/ vitamin d3,1
red clover extract/ natural isoflavones/ vitamin d3/ calcium/ collagen/ evening primrose/ cranberry/ green tea/ ginkgo biloba,1
sodium lactate/sodium chloride/potassium chloride/calcium chloride,1
natural mixed carotenoids/citrus bioflavonoids/bilberry extract/lutein esters/zeaxanthin/omega-3 fatty acid/vit a/vit d/vit e/vit c/vit b1/vit b2/vit b3/vit b6/vit b12/vit b5/magnesium/iron/zinc/copper/manganese/selenium/chromium/iodine,1
vitamin c/zinc/vitamin d3,1
natural mixed carotenoids/ citrus bioflavonoids/ bilberry extract/ lutein esters,1
inactivated rabies,1
inactivated hepatitis a,1
amoxicillin trihydrate / clavulanic acid,1
"live attenuated yellow fever virus 1, 17d-204 strain",1
"meningococcal (groups a,c,y and w-135)",1
thiamine hydrochloride/riboflavine/pyridoxine hydrochloride/cyanocobalamin/calcium pantothenate/nicotinamide,1
penicillin g procaine/ streptomycin sulphate / retinol acetate/cholecalciferol /alpha-tocopherol acetate / menadione sodium bisulphite /riboflavin /pyridoxine hydrochloride /cyanocobalamin / folic acid /calcium pantothenate/ nicotinic acid,1
vitamin a/ nicotinic acid/ vitamin d/ vitamin c/ vitamin e/ dl-methionine/ vitamin k3/ l-lysine/ vitamin b1/ manganese sulfate/ vitamin b2/ zinc sulfate/ vitamin b6/ iron sulfate/ vitamin b12/ copper sulfate/ folic acid/ cobalt sulfate,1
lidocaine hcl,1
live avian infectious bursal disease virus (n/me-ibdi/m-818 (ibd-7) 72.0 log10e 1050,1
live attenuated lumpy skin diseases virus(neethling strain),1
zinc oxide/ calamine/ bentonite/ sodium citrate/ liquefied phenol/ glycerine,1
paracetamol+caffeine+phenylephrine hcl+chloropheniramine maleate,1
artemether / lumefantrine,1
cyproheptadine hydrochloride/vitamin a (as a palmitate)/vitamin d3/vitamin b1 hcl/vitamin b2/vitamin b6 hcl/vitamin b12/niacinamide/d-panthenol,1
clindamycin hcl,1
paracetamol/ diclofenac sodium,1
cyproheptadine+lycine monohydrochloride+ascorbic acid+thiamine,1
guaiphenesin+pseudoephedrine,1
phenobarbitone,1
neomycin sulfate / polymyxin b sulfate / nystatin,1
diosmin,1
l-carnitine l-tartrate/zinc oxide/chitosan/apple cider vinegar/choline/inositol/l-methionine/chromium picolinate,1
alpha lipoic acid/ pine bark/ ginseng/ ginkgo biloba extract/ citrus bioflavonoids/ natural mixed carotenoids 10%/ green tea extract/ lycopene/ vitamin c/ vitamin b3/ tocoferol/ benfotiamine/ inositol/ vitamin b2/ vitamin b6/ folic acid/ vitamin a/ methylcobalamin/ biotin/ vitamin b5/ vitamin b12/ vitamin d3/ epa/ dha(veg)/ iron/ zinc/ potassium/ chloride/ manganese/ copper/ silicon/ boron/ molybdenum/ chromium (picolinate)/ iodine/ selenium/ vanadium/ tin/ l-lysine/ l-methionine/ l-glutamic acid/ l-arginine/ l-choline bitartrate/ l-carnitine-tartrate/ l-cystine,1
collagen/ sodium hyaluronate/ vitamin c/ methylsufonyl methane/ rose hip extract/ ginger root extract/ vitamin d3/ folic acid/ vitamin b12/ vitamin b6/ alpha lipoic acid/ zinc/ copper/ ginkgobiloba/ shark cartilage/ manganese/ selenium/omega 3/ ginseng,1
ferrous ascorbate eq. to iron/zinc sulphate/vitamin b12/d-panthenol/folic acid/selenium/ iodine/ l-arginine,1
vitamin a propionate/ vitamin d3/ vitamin e / vitamin b1/ vitamin b2/ vitamin b3/ vitamin b6/ vitamin b12/ dexpanthenol,1
dextromethophan hydrobromide/guaifenesin/ chlorpheniramine maleate,1
"( d,l-a-ketoisoleucine calcium/a-ketoleucine calcium/a-ketophenylalanine calcium/a-ketovaline calcium",1
gentamycin/doxycycline hyclate,1
"oxytetracycline hydrochloride/gentian violet/dimethyl phthalate 1,2- benzenedicarboxylic acid",1
benzyl penicillin sodium/procaine penicillin,1
oxytetracycline hydrochloride/neomycin sulfate/tylosin tartrate/bromhexine hydrochloride,1
vit a/ vit b1/ vit b2/ vit b3,1
bupivacaine hydrochloride/dextrose,1
heparin sodium,1
sulfadimidine,1
piperazine dihydrochloride,1
inactivated ibv g1-1 h120 and ndv genotype ii lasota strain,1
live attenuated newcastle disease virus hbi (me/ndv) live bronchitis virus classic h120,1
"live attenuated avian infectious bronchitis virus, variant 2 g1-23 strain",1
"newcastle disease virus, lasota strain, infectious bronchitis virus, var-1& var2",1
"live attenuated avian infectious bronchitis virus, classic h120 (es/ibv)",1
inactivated virus vaccine newcastle disease,1
yohimbinehydrochloride/calciumglycerophosphate/ calciferol/ caffeine anhydrous/thiamine hydrochloride/ cyanocobalamin 0.1% triturate /vitamin e,1
sodium 6000 iu anti xa-x1,1
sodium 2000 iu anti xa-x1,1
sodium 8000 iu anti xa-x1,1
"diphteria, tetanus, pertusis(acellular component) hepatitis (rdna), poliomyelitis (inactivated) and haemophilus influenzae type b",1
adacel polio suspension for injection,1
polysacharide typhoid vaccine,1
inactivated poliomyelitis,1
gentamycin sulphate,1
drospirenone/ ethinyl estradiol,1
iron dextran / vitamin b12,1
praziquantel,1
oxytetracycline hydrochloride / neomycin sulphate / vitamin a/ vitamin d3/ vitamin e / vitamin k3/ vitamin c/ vitamin b1/ vitamin b2/ vitamin b6/ vitamin b12 / calcium d-pantothenate/ nicotinic acid/ l-lysine/ dl-methionine/ folic acid,1
sulphaquinoxaline sodium / sulphadiazine sodium / sulphadimidine sodium/ vitamin k3 / vitamin a,1
florfenicol,1
gentamycin as sulphate,1
vitamin a vitamin e / vitamin b2/ vitamin b12 / vitamin d3/ vitamin b1/ vitamin b6/ vitamin c / vitamin k3 / ca-pantothenate/ nicotinamide / biotin/ iron sulphate/ manganese sulphate/ potassium chloride/ selenium/ phosphorus/ folic acid/ choline chloride/ magnesium sulphate/ zinc sulphate / copper sulfate/ calcium ),1
oxytetracycline/ lidocaine hydrochloride,1
vit a+vit d3+l-lysine+citric acid+dl-methionine+vitamins,1
"oxytetracycline hcl/gentian violet/ dimethyl phthalate 1,-2-benzene dicarboxylic acid",1
radix isatidis root,1
carbaryl,1
isometamidium hcl /antipyrine,1
cypermethrin/ permethrin,1
isometamidium hcl / antipyrine,1
inactivated newcastle disease virus (ndv/chicken/egypt /11478af/2011) lasota> 8.0 log aqssd10 bid 50 dose,1
adsorbed tetanus vaccine,1
clindamycin phosphate/tretinoin,1
mometasone furoate/miconazole nitrate,1
olopatadine,1
mometasone furoate/ salicylic acid,1
fusidic acid/bethamethasone valerate,1
collagen peptides,1
live intermediated vaccine against gumboro disease virus,1
dextromethorphan hydrobromide,1
ibuprofen/pseudoephedrine,1
miconazole/ hydrocortisone,1
modified vaccinia ankara bavarian nordic virus,1
apalautamide,1
adenovirus type 26 encoding the zaire ebola virua (ebov) mayinga varient glyprotein (gp),1
menthol/ peppermint oil/ eucalyptus oi,1
taurine / vitamin c,1
hydrolysed collagen/l-glutathione reduced/vitamin c/vitamin e/d-biotin/vitamin d,1
ad26 zebov-gp [recombinant],1
topiramate,1
natural mixed carptenoids/ citrus glavanoids/ bilberry extract/ lutain esteis/ vit a,1
glucosamine sulphate/collagen peptide type ii/msm/cissus quadrangularis/curcumin/boswellia serrata/chondroitin sulphate/rosehips extract/vitamin c/piperine/vitamin d3/folic acid/selenium/copper/zinc/sodium hyaluronate/vitamin b12/ginseng/green tea extract/cinnamon/ginkgo biloba/omega 3/shark cartilage/manganese,1
"saw palmeto,cranberry,d-mannose,ellirose,zinc sulphate,bearberry,marsh berbel extract,marany nut extract,withania somnifera,elephant creeper extract,indian gooseberry,morning glory extract,jew's pitch,asparagus recemosus/tribulus terrestris",1
collagen/sodium hyaluronate/vit c/msm/rose hip extract/ginger root extract/vit d3/folic acid/vit b6/alpha lipoic acid/zinc/copper/ginkgo biloba /shark cartilage /manganese /selenium /selenium /omega-3 /ginseng /cinnamon /cissus quadrangularis/boswellia serata/piperine/green tea extract /l-glutathione/red sage,1
vit d3/vit e/vit c/vit b1/vit b3/vit b6/folic acid/vit b12/biotin/pantothenic acid/magnesium/iron/zinc/copper/manganese/selenium/chromium gtf/iodine/cystine/natural mixed carotenoids/grape seed extract,1
co enzyme q10/l-carnitine/lycopene powder 5%w/w/ascorbic acid/green tea extract/dl-methionine/dha/epa/zinc sulphate/ginseng extract,1
natural mixed carotenoids/citrus bioflavonoids/bilberry extract/lutein esters,1
glutamine/ l-glutathione/ l-arginine/co-q10/phosphatidylcholine/ phosphatidylserine/ natural mixed carotenoids/ vitamin d/ vitamin e/ vitamin c/ thiamine/ riboflavin/ niacin/ vitamin b6/ folic acid/ vitamin b12/ pantothenic acid/ magnesium/ iron/ zinc/ copper/ manganese/ selenium/ chromium/ iodine/ ginkgo biloba/ ginseng/ l-ornithine l-aspartate/ omega 3,1
iron/ zinc/ copper/ folacin/ vitamin b12/ vitamin b6,1
"measles vaccine, live attenuated",1
tuberculosis vaccine (freeze-dried) lyophilized,1
"oral, bivalent type 1 and 3",1
tetanus and deptheria adsorbed,1
vitamin c 100mg/ zinc 10mg/ elderberry extract 1mg,1
folic acid/vitamin b12 ​500mcg/1mcg,1
tetanus antitoxin,1
live attenuated measles and rubella vaccine,1
thiamine hydrochloride/riboflavin /pyridoxine hydrochloride /cyanocobalamin /folic acid /niacinamide/ vitamin c/ iron (iii) hydroxy polymaltose /zinc sulphate/ copper sulphate/ manganese sulphate/ potassium,1
betamethasone dipropionate/gentamicin sulphate/tolnaftate/iodochlorhydroxyquinoline,1
vitamin a/vitamin d3/ascorbic acid/vitamin b1/vitamin b6/nicotinamide/cod liver oil/vitamin b12/dla tocopherol acetate,1
folic acid/vitamin b12,1
"optegral ghana limited - no. 2 east close, tesano, accra",1
fat/cholesterol/sodium/total carbohydrate/protein/calcium/potassium,1
aceclofenac/paracetamol/caffeine,1
sodium chloride/ metronidazole powder,1
diminazene diaceturate / vitamin b12/ vitamin b6 / antipyrine,1
amprolium hydrochloride / sulfaquinoxaline / trimethoprim/ vitamin a / vitamin k3,1
erythromycin thiocyanate / oxytetracycline hcl / streptomycin sulphate/ colistin sulphate/ vitamin a / vitamin d3 / vitamin e / vitamin b1 / vitamin b2 / vitamin b6 / vitamin b12 / vitamin c/ calcium pantothenate / vitamin k3/ nicotinamide / inositol,1
vitamin a / vitamin d3/ vitamin e / vitamin c / vitamin k3 / vitamin b1 / vitamin b2 / vitamin b6 / lysine/ nicotinamide/ ferric sulfate / copper sulphate / zinc sulfate / manganese sulfate / cobalt sulfate/ sodium chloride / potassium chloride / methionine,1
chondroitin sulphate sodium/collagen peptides type-1/sodium hyaluronate/vitamin c,1
sodium chloride/potassium chloride/sodium lactate,1
pethidine,1
dextrose 5%w/w,1
"canine distemper virus (cdv), distemperoid strain, canine adenovirus type 2 (cav-2), ditchfield strain , canine parainfluenza (cpi), cpi-pr strain, canine parvovirus (cpv), sah-cpv-2b strain, leptospira canicola (lc), lc-n4 strain hamster pd80, leptospira icterohaemorrhagiae (ld li-11403 j strain hamster pd80",1
inactivated newcastle disease virus strain clone 30,1
live attenuated avian infectious bronchitis virus stonin 4-91,1
"virus antigens of ib4 of: massachusetts type, newcastle disease virus and egg drop syndrome virus",1
live attenuated strain of mycoplasma gallisepticum strain ma 6188,1
newcastle disease virus strain clone 30,1
inactivated rabies strain pasteur riv,1
"avibacterium paragallinarium strain 083, spross and sprain h-18",1
live marek's disease virus: strain c41988,1
fenbendazole,1
inactivated iridovirus,1
"live attenuated infectious bursal disease virus, strain winterfield",1
live gumboro disease virus strain 228e,1
cell-associated live turkey herpes virus hup 360,1
vitamin a/vitamin d3/d-alpha tocopherol acetate/thiamine hcl/nicotinamide/pyridoxine hcl/cod liver oil,1
vit a/ vit d/ cod liver oil /fish oil/ omega 3 nutrients,1
rabies vaccine inactivated,1
rabies human monoclonal antibody (rdna),1
"diphteria,tetanus,hepatitis b and haemophilus influenza type b conjugate vaccine adsorbed",1
r21 malaria antigen,1
measles and rubella vaccine live attenuated,1
pneumococcal polysaccharide conjugate,1
azacitidine,1
urofollitropin,1
highly purified urofollitropin,1
phentermine,1
norfloxxacin/tinidazole,1
taurine/n-acetylcysteine,1
emtricitabine/tenofovir disoproxil fumarate ​tablets,1
l-arginine/co-enzyme q-10/vitamin e-acetate/policosanol/zinc/lycopene /sodium selenite pentahydrate,1
protease/amylase/hemicellulase/lipase/lactase/alpha galactosidase,1
myo-inositol/n-acetyl cysteine/l-arginine/d-chiro inositol/elemental zinc/l-methyl folate/chromium /vitamin d3-,1
myo-inositol/n-acetyl cysteine/l-arginine/d-chiro inositol/zinc sulphate monohydrate/l-methyl folate/chromium chloride hexahydrate/vitamin d3,1
myo-inositol/n-acetyl cysteine/l-arginine/d-chiro inositol/elemental zinc/l-methyl folate/chromium /vitamin d3,1
docosahexanoic acid/ zinc sulfate monohydrate/ pyridoxal-5-phosphate/ l-methyl folate/ methylcobalamin,1
d-mannose/cranberry extract,1
chlorella / taurine / l-lysine hcl / vitamin a / vitamin e / thiamine hcl / pyridoxine hcl / niacinamide / cyanocobalamin / zinc sulphate,1
vitamin a (as palmitate)/vitamin e/ colecalciferol/ thiamine hydrochloride/ riboflavin sodium phosphate/ pyridoxine hydrochloride/ cyanocobalamin/ dexpanthenol/ nicotinamide/ lysine hydrochloride/ potassium iodide/ copper sulfate pentahydrate/ zinc sulfate heptahydrate,1
curcuma longa/ piperine/ zinc/ vitamin d3/ vitamin c,1
vitamin a (as acetate)/vitamin d3 (colecalciferol)/vitamin e (as dl a-tocopheryl acetate)/thiamine nitrate / riboflavin/pyridoxine hydrochloride/cyanocobalamin/nicotinamide/calcium pantothenate/ascorbic acid/magnesium oxide/manganese sulphate/copper sulphate pentahydrate/zinc sulfate monohydrate/selenium dioxide,1
lactulose ​3.35g,1
"live oocysts of the following species of coccidia: min count 600 oocytes eimeria acervulina, 200 oocytes eimeria maxima, 100 oocytes eimeria maxima mfp, 400 oocytes eimeria mivafi, 200 oocytes eimeria tenella",1
inactivated streptococcus algalatiae ti 513,1
live avian infectious bronchitis virus strain ma5 & live newcastle disease virus strain clone 30,1
iodine/sodium iodide/ethanol,1
rabies vaccine bp rab,1
clomiphene citrate,1
calcium/magnesium/phosphorus/potassium/taurine,1
menthol+campher+thymol+turpentine oil+eucalyptus oil+nutmeg oil,1
aspirin,1
diphenhydramine hydrochloride+ammonium chloride+sodium citrate+menthol,1
lorsatan potassium,1
vitamin c-1000mg,1
cyproheptadine hydrochloride/thiamine hydrochloride (vitamin b1)/riboflavin (vitamin b2)/pyridoxine hydrochloride (vitamin b6)/cynocobalamin (vitamin b12)/calcium pantothenate,1
thiamine hydrochloride/ pyridoxine hydrochloride/ niacinamide/ riboflavin sodium phosphate/ alpha tocopheryl acetate/ vitamin d3/ d-panthenol/ d-biotin/ cyanocobalamin/ vitamin a palmitate/ calcium glycerophosphate,1
econazole nitrate/triamcinolone acetonide/gentamicin sulfate,1
mupirocin,1
bicalutamide,1
cinacalcet hydrochloride,1
fosaprepitant dimeglumine,1
vitamin d /calcium /magnesium /zinc /copper /manganese,1
vitamin a /vitamin d /vitamin e /vitamin k /vitamin c /thiamin /riboflavin /niacin /pyridoxine /folic acid /vitamin b12,1
streptomycin sulphate/ procaine penicillin g/ pantothenic acids/ nicotinamide/ folic acid/ vitamin a/ vitamin b2/ vitamin b6/vitamin b12/ vitamin d3/ vitamin e/ vitamin k,1
penicillin g procaine/dihydrostreptomycin sulfate,1
vancomycin hydrochloride,1
roflumilast,1
erlotinib hydrochloride,1
epinephrine bitartrate/lidocaine hydrochloride,1
iron (iii) hydroxide polymaltose complex equivalent to elemental iron/ folic acid/ zinc sulphate/ cyanocobalamin/pyridoxine/ thiamine/ riboflavine,1
iron (iii) hydroxide polymalex complex equivalent to elemental iron/ folic acid/ zinc sulphate/ cyanocobalamin/nicotinamide/ thiamine/ riboflavine,1
vitamin a/ vitamin e/ vitamin c/ niacin/ biotin/ zinc/ copper/ selenium/ iodine/ collagen hydrolysate,1
vitamin a/vitamin d/vitamin e/vitamin k/vitamin c/vitamin c/thiamin/riboflavin/niacin/vitamin b6/folic acid/viatmin b12/biotin/pantothenic acid/potassium/chloride/calcium/phosphorus/magnesium/iron/zinc/copper/manganese/selenium/chromium/molybdenum/iodine,1
thiamin/vitamin b12/magnesium,1
thiamin/riboflavin/pyridoxine/zinc/copper/magnanese,1
vitamin a/vitamin e/vitamin c/niacin/biotin/biotin/zinc/copper,1
protein isolate /whey protein concentrate,1
thiamin/vitamin b12/magnesium​ ​4.1mg/9.3mcg/526mg,1
vitamin a /vitamin d /vitamin e /vitamin k /vitamin c,1
vitamin a /vitamin d /vitamin e /vitamin k /vitamin c /thiamine /ribiflavin /niacin /pyridoxine /folic acid /vitamin b12 /biotin /pantothenic acid /potassium /calcium,1
vitamin a /vitamin c /thiamin /riboflavin /niacin /pyridoxine /folic acid /vitamin b12,1
artemether /lumefantrine,1
calcium hydroxyapatite / magnesium oxide / cholecalciferol / fructose oligosaccharide / plum juice powder / collagen peptides / zinc oxide / vitamin k2,1
vit b1 /vit b6 /vit b3 /artichocke /hoops flower /valerian /springer /lysine hydrochloride /l-arginine l-aspartate,1
vitamin c/ zinc sulphate,1
vitamin c/zinc- 1000mg/10mg,1
mefenamic acid/dicyclomine hcl,1
magnesium hydroxide bp/ dried aluminium hydroxide bp magnesium trisilicate bp activated dimethicone (simethicone),1
cyproheptadine hydrochloride eq/cyproheptadine hcl anhydrous/thiamine hydrochloride (vitamin b1)/riboflavin (vitamin b2)/pyridoxine hydrochloride (vitamin b6)/cyanocobalamin (vitamin b12) /calcium pantothenate,1
vitamin c/vitamin d/zinc/selenium/dried yeast fermentate,1
vitamin a /vitamin d /vitamin e /vitamin k /vitamin c /thiamin /riboflavin /niacin /pyridoxine /folic aicd /vitamin b12,1
l-taurine/ascorbic acid/caffeine /guarana powder/inositol/niacinamide/d-calcium/pantothenate/pyridoxine hcl,1
vitamin a /vitamin d /vitamin e /vitamin k 9/vitamin c /thiamine /riboflavin,1
dihydroartemisinin+piperaquine,1
artesunate/ arginine/ sodium bicarbonate,1
chloride(ai)/magnesium/sulphate/sodium/potassium,1
vitamin a/vitamin b1/vitamin b2/vitamin b3/vitamin b6/vitamin b9/vitamin c/vitamin d2/vitamin b5/biotin/vitamin e/magnesium/potassium/iron/zinc/copper/chrmium/iodine/selenium/psyllium husk/zinger officinale rhizome.,1
gentamycin/ metamizole sodium,1
tetracycline hcl/colistin sulfate/neomycin sulphate,1
amprolium / trimethoprim / vitamin k3 / vitamin a,1
benzalkonium bromide,1
penicillin g procaine/streptomycin sulphate/vitamin a/ vitamin d3/vitamin e/vitamin k3/vitamin b2/vitamin b6/vitamin b12/folic acid/calcium d-pantothenate/ nicotinic acid,1
oxytetracycline hcl/ neomycin sulphate/ vitamin a/ vitamin d3/ vitamin e,1
vitamin a/ vitamin d3/ vitamin e/ vitamin k3/ vitamin b6/ vitamin b12/ vitamin b1/ vitamin b2/ vitamin c/ folic acid/ pantothenic acid/ niacin/ biotin,1
erythromycin thiocyanate/ oxytetracycline hydrochloride/ streptomycin sulphate/ colistin sulphate/ vitamin a / vitamin d3/ vitamin e / vitamin k3/ vitamin b1 / vitamin b2/ vitamin b6/ vitamin b12/ vitamin c/nicotinamide/ inositol,1
viron as iron dextran,1
vitamin b1 bp/ vitamin b2 bp/ vitamin b6 bp/ nicotinamide/ d-panthenol,1
l-arginine/anhydrous citric acid/l-taurine/l-citrulline/calcium ascorbate/all-rac-alpha-tocopheryl acetate(50%)/lemon balm extract(3% rosmarinic acid)/folic acid(1% on maltodextrin,1
l-arginine/anhydrous citric acid/l-taurine /l-citrulline /calcium ascorbate / all-rac-alpha-tocopheryl acetate(50%) /lemon balm extract(3% rosmarinic acid)/folic acid(1% on maltodextrin,1
cyproheptadine hcl/riboflavin/pyridoxine hcl,1
paracetamol/caffeine/chlorpheniramine/phenylephrine hcl,1
iron-iii hydroxide polymaltose complex equivalent to elemental iron/folic acid bp/vitamin b12 bp/zinc sulphate monohydrate usp,1
cyproheptadine hcl bp/thiamine hcl (vitamin b1) bp/riboflavin (vitamin b2) (as a riboflavin 5 phosphate sodium)/pyridoxine hcl (vitamin b6) bp/cyanocobalamin (vitamin b12) bp/d-panthenol (dexpanthenol) usp,1
vit a/vit d3/vit e/vit c/vit b1/vit b2/vit b3/vit b6/vit b12/folic acid/vit b5/iron/magnesium/manganese/copper/chromium/selenium/zinc/bilberry extract/resveratrol/zeaxanthin/lycopene/rutin 2000iu/100iu/30iu/40mg/1.5mg/1.6mg/16mg/2mg/2.4mcg/150mcg/10mg/6mg/50mg/3mg/1mg/50mcg/30mcg/10mg/50mg/5mg/2mg/2mg/25mg,1
vit a/vit b2/vit b2/vit b3/vit b6/vit b12/biotin/folic acid/vit b5/vit c/vit d3/vit e/vit k​ ​2000mcg/1.9mg/1.6mg/2mg/6mcg/500mcg/6mg/60mg/400iu/10mg/55mcg/100mg/1mg/150mcg/18mg/20mg/20mcg/12mg/12mg/200mg,1
vit a /vit d3 /vit e /vit c /vit b1 /vit b2 /vit b3 /vit b6 /vit b12 /folic acid /vit b5/vit b5/vit k/biotin/iron/magnesium/manganese/copper/chrmium/selenium/zinc/evening primrose oil/citrus bioflavonoids/borage/green tea extract/ginkgo biloba extract 200iu/400iu/30iu/20mg/1.5mg/1.6mg/18mg/2mg/5mcg/180mcg/5mg/55mcg/30mcg/25mg/31mg/2.5mg/0.5mcg/50mcg/40mcg/10mg/100mg/10mg/100mg/10mg/25mg,1
thiamine hydrochloride/pyridoxine hydrochloride/riboflavin sodium phosphate/vitamin b12/nicotinamide/zinc/ferrous gluconate,1
vit a/vit b1/vit b2/vit b3/vit b6/vit b12/biotin/folic acid/vit b5/vit c/vit d3/vit e/vit k/copper/chromium/iron/magnesium/manganese/selenium/zinc/l-hydrochloride/natural mixed carotenoids/grape seed extract​ ​100iu/1.5mg/1.5mg/12mg/2mg/5mcg/30mcg/150mcg/2.5mg/30mg/200iu/20mg/50mcg/1mg/50mcg/15mg/30mg/0.5mg/50mcg/10mg/30mg/2mg/15mg,1
vit d3/vit e/vit c/vit b1/vit b2/vit b3/vit b6/vit b12/folic acid/iron/magnesium/manganese/copper/chromium/selenium/zinc /potassium/natural mixed carotenoids/flaxseed oil/garlic extract/l-carnitine/coq10/omega-3 fish oil 400iu/15mg/30mg/1.5mg/1.6mg/18mg/2mg/5mcg/150mcg/5mg/20mg/1.4mg/0.5mg/50mcg/10mcg/10mg/50mg/4mg/100mg/100mg/20mg/10mg/150mg,1
evening primrose oil,1
paracetamol/phenylephrine hcl/chlorphenamine/caffeine,1
clotrimazole/betamethasone dipropionate/neomycin sulfate,1
paracetamol/ diclofenac,1
cyproheptadine hydrochloride (anhydrous)/vitamin a (as acetate)/vitamin d3/vitamin b1 (thiamine mononitrate)/vitamin b2 (riboflavin)/vitamin b12 (cyanocobalamin)/nicotinamide/calcium pantothenate/calcium lactate,1
paracetamol/ diclofenac sodium/ chlorzoxazone,1
mometasone fumerate,1
aluminium collasipble,1
adapalene,1
salbutamol / bromhexine / guaifenesin / menthol,1
vitamin a/vitamin b1/vitamin b2/vitamin b3/vitamin b6/vitamin b9/vitamin c/vitamin d2/vitamin b5/ d-biotin/vitamin e/magnesium/ potassium/ iron/zinc/copper/chromium/ iodine/ selenium/ psyllium husk/zingiber officinale rhizome,1
vitamin b6 /vitamin b12/folic acid,1
amoxycillin,1
clindamycin phosphate bp,1
cyclosporine,1
polymyxin b sulphate/neomycin sulphate/bacitracin zinc,1
alpha lipoic acid 50mg/ pyridoxine hcl 1.04mg/ folic acid 200mcg/ lycopene 2mg/ cholecalciferol 2.5mcg/ vitamin e 10.80mg/ epa 90mg/ dha 60mg/ policosanol 10mg,1
glucosamine sulfate potassium chloride/ collagen peptide ii,1
cefriaxone sodium,1
cyproheptadine hcl/vitamin b1 hcl/vitamin b2/vitamin b6/niacinamide/zinc sulphate/magnesium sulphate/d – panthenol,1
chloramphenicol bp/ phenylmercuric nitrate bp,1
linseed oil / diclofenac diethylammonium salt / methyl salicylate/ menthol / benzyl alcohol,1
polyethylene glycol/sodium chloride,1
menthol/ mn/eucalyptus oi,1
inactivated ranikhet newcastle disease virus la sota strain,1
inactivated ranikhet newcastle disease virus and avian infectious bronchitis combined vaccine,1
live fowl pox virus vaccine,1
thiamine hcl / riboflavin / niacinamide,1
niacinamide / vitamin d / vitamin e / omega / epa / dha,1
essential phospholipid/ vitamin b1/ vitamin b6/ vitamin b12/ vitamin e/ nicotinamide,1
cod liver oil​ ​300mg,1
fish oil/ vitamin e,1
cyproheptadine /lysine/ vitamins,1
vit a/vit d3/vit e/vit c/vit b1/vit b2/vit b3/vit b6/vit b12/folic acid/vit b5/vit b5/vit k/biotin/iron/magnesium/manganese/copper/chrmium/selenium/zinc/evening primrose oil/citrus bioflavonoids/borage/green tea extract/ginkgo biloba extract,1
"live, lentogenic ranikhet (newcastle) disease virus, tanuvas d58 strain)",1
beclometasone dipropionate/clotrimazole,1
clotrimazole/beclomethasone dipropionate/gentamicin sulphate,1
clotrimazole and selenium sulfide,1
ascorbic acid/zinc 1000mg/10mg,1
clotrimazole usp,1
methyl salicylate/ menthol/ turpentine oil/ eucalyptus oil/ camphor cream,1
tinidazole/ciprofloxacin hydrochloride,1
vitamin a/vitamin d3/vitamin e/vitamin k3/vitamin b1/vitamin b2/vitamin b6/vitamin c/folic acid/biotin,1
fenugreek extract/magnesium/rose extract/zinc/chili extract/vitamin b6,1
glucose/alanine/arginine/glycine/histidine/isoleucine/leucine/lysine/methionine/phenylalanine/proline/serine/taurine/threonine/tryptophan/tyrosine/valine/calcium chloride (as dihydrate),1
suxamethonium chloride,1
beclometasone dipropionate/ chloramphenicol/ clotrimazole/ lidocaine hcl,1
live attenuated human rotavirus rix4414 strain,1
"rts,s/as01",1
human papillomavirus types 16 & 18,1
sitagliptin phosphate,1
"amylmetacresol bp and 2,4 dichlorobenzyl alcohol",1
ambroxol hydrochloride/salbutamol sulphate/guaifenesin,1
diclofenac diethylamine/menthol,1
paracetamol/phenylephrine hcl/caffeine/chlorphenamine maleate,1
aluminium hydroxide/ magnesium hydroxide/ dimethicone/sodium alginate,1
acarbose,1
dextromethorphan hcl+phenylephrine hcl+chlorpheniramine maleate,1
"methyl salicylate, racemic menthol,turpentine oil, eucalyptus oil",1
vit d3/vit e/vit c/vit b1/vit b2/vit b3/vit b6/vit b12/folic acid/iron/magnesium/manganese/copper/chromium/selenium/zinc /potassium/natural mixed carotenoids/flaxseed oil/garlic extract/l-carnitine/coq10/omega-3 fish oil,1
coenzyme q10 /vit d3 /vit e /vit c /vit b1 /vit b2 /vit b3 /vit b6 /vit b12 /folic acid /vit b5 /biotin /iron /magnesium /manganese /copper /chromium /selenium /zinc /l-arginine /l-arginine /dl-methionine /l-lysine /glutamic acid /ginseng extract /citrus bioflavonoids- 2mg/2000iu/400iu/15iu/20mg/1.4mg/1.6mg/18mg/2mg/6mcg/120mcg/5mg/3mcg/7.5mg/30mg/2mg/1mg/50mcg/40mcg/12mg/10mg/25mg/25mg/5mg/10mg/42.5mg/10mg,1
evening primrose oil/vitamin a/vitamin d3/vitamin e/vitamin c/vitamin b1/vitamin b2/vitamin b3/vitamin b5/vitamin b6/folic acid/vitamin b12/biotin/iron/magnesium/manganese/copper/chromium/selenium/zinc/calcium/phosphorus/aloe vera extract/borage/citrus bioflavonoid 60%/bilberry extract/ginseng extract/l-carnitine/inositol/leutin 10%/natural mixed carotene (10% oil dispersion)/raspberry extract/achiote extract/ashwagandha extract/tumeric curcumin powder,1
vitamin a/vitamin d3/vitamin e/vitamin c/vitamin b1/vitamin b2/vitamin b3/vitamin b5/vitamin b6/vitamin b7/vitamin b9/vitamin b12/iron/magnesium/manganese/copper/chromium/selenium/zinc/l-carnitine/l01-arginine/d1-methionine/l-glutathione/lecithin/ginseng extract/co-enzyme q10/hawthorne extract/citrus bioflavonoids 60%/leutin 10%/beta carotene 30% dispersion,1
vitamin a/vitamin b1/vitamin b2/vitamin b3/vitamin b5/vitamin b6/vitamin b7/vitamin b9/vitamin b12/vitamin d3/vitamin e/calcium/phosphorus/iron/magnesium/manganese/copper/chromium/selenium/zinc/l-carnitine/l-arginine hcl/ fish oil (providing epa 18% + dha 12%)/l-glutathione/lecithin/ginseng extract/ aloe vera extract 200: i/ashwagandha extract/co-enzyme q10/hawthorne extract/citrus bioflavonoids 60%/leutin 10%/beta carotene 30% dispersion/pumpkin seed oil,1
collagen peptide type ii/hyaluronic acid/glucosamine,1
co-enzyme q10,1
polyethylene glycol /sodium chloride / potassium chloride/sodium bicarbonate,1
vitamin c/citrus bio flavanoid/zinc,1
glucosamine sulphate/ chondroitin sulphate/ methylsulfonyl methane/ vitamin c/ viatmin d3/ vitamin b12,1
phenylephrine hydrochloride/chlorphenamine maleate/paracetamol/caffeine,1
neostigmine methylsulphate,1
miconazole nitrate bp/ chlorhexidine gluconate solution bp,1
sulphur bp,1
diclazuril,1
vitamin d3/vitamin b2/vitamin b6/magnesium/dong quai root/lemon balm extract/red clover/chasteberry fruit/soy bean extract/black cohosh root,1
glimipride,1
ferric ammonium citrate/cyanocobalamin (vit b12)/folic acid,1
neomycin sulphate,1
amoxicillin/clavulanate,1
methylcobalamine/alphalipoic acid/inositol/folic acid/chromium polynicotinate/selemethionine/zinc monomethionine,1
sorbitol/ l-carnitine/ betaine hcl/ choline chloride/ d-panthenol/ magnesium sulphate/ dl-methionine/ vitamin c,1
dexamethasone (as dexamethasone sodium phosphate),1
colistin sulfate/ oxytetracycline hcl/ erythromycin thiocyanate/ streptomycin sulphate/ vitamin a/ vitamin d3/ vitamin e/ vitamin k3/ vitamin b1/ vitamin b2/ nicotinic acid/ calcium d-pantothenate/ vitamin b6/ vitamin b12/ vitamin c/ inositol,1
vitamin a/vitamin d3/vitamin e/vitamin k3/vitamin b1/vitamin b2/vitamin b6/vitamin c/folic acid/biotin/nicotinamide/calcium pantothenate/amino acids,1
potassium citrate/ citrate acid,1
paracetamol/phenylephrine hydrochloride/chlopheniramine maleate,1
iron hydroxide polymaltose complex/folic acidbp / vitamin b12/ zinc sulphat monohydrate,1
iron hydroxide polymatase/vitamin b12,1
satralizumab,1
ubidecarenone bp/l-carnitine,1
taurine/acetylcysteine,1
chlorhexidine gluconate/metronidazole/lidocaine hydrochloride,1
chlorhexidine gluconate/metronidazole/lidocaine hydrochloride gel,1
elemental iron/ folic acid/ zinc sulfate monohydrate/ selenium/ histidine hydrochloride monohydrate/ lysine hydrochloride/ choline bitartrate,1
ferric ammonium citrate/ calcium lactate pentahydrate/ protein hydrosylate (equivalent to 75% of protein) / cyanocobalamin/ folic acid/ zinc sulphate heptahydrate/ selenium/ manganese sulphate/ copper sulphate pentahydrate,1
vitamin c/vitamin e/vitamin b6/folate/vitamin b6/magnesium/chromium/coenzyme q10/grape seed/turmeric extract/boswellia extract/olive extract/soy lecithin,1
vitamin a/vitamin c/vitamin e /zinc /bilberryextract /lutein /zeaxanthin​-750mcg/80mg/30mg/12mg/30mg/20mg/4mg,1
odium /total carbohydrate/protein/vitamin c/vitamin d3/vitamin k2 /thiamine /riboflavin /niacin/vitamin b6 /folate /vitamin b6 /folate /vitamin b12 /biotin /pantothenic acid​ ​5mg/4mg/0.5mg/100mg/62.5mcg/20mcg/1.5mg/0.43mg/20mg/2.0mg/400mcg/50mcg/300mcg/10mg,1
it. c /vit. d /calcium /iron /magnessium /zinc /copper /manganese,1
vitamin e/omega 3 fatty acids/epa/dha/oleic acid,1
sodium /total carbohydrate/protein/vitamin c/vitamin d3/vitamin k2 /thiamine /riboflavin /niacin/vitamin b6 /folate /vitamin b6 /folate /vitamin b12 /biotin /pantothenic acid,1
dietary fibre /calcium /iron /phosphorus /iodine /magnesium /zinc /selenium/copper/manganese/molybdenum,1
"chromium/garcinia, vit c/vit b1/vit b2/niacin, acacia gum,soluble corn fiber,soluble corn dextrin/fructooligosaccharides",1
sodium/total carbohydrate/protein/vitamin c/vitamin d3/vitamin k2/thiamine /riboflavin/niacin/vitamin b6/folate/vitamin b6/folate/vitamin b12/biotin/pantothenic acid,1
"garcinia plus-chromium 100mcg/garcinia 500mg, forever therm-vitamin c 75mg/vitamin b1 1mg/vitamin b2 1.4mg/niacin 10mg and forever fiber- acacia gum/soluble corn fiber /soluble corn dextrin/ fructo-oligosaccharides)",1
"chromium 100mcg/garcinia 500mg, forever therm-vitamin c 75mg/vitamin b1 1mg/vitamin b2 1.4mg/niacin 10mg and forever fiber- acacia gum/soluble corn fiber /soluble corn dextrin/ fructo-oligosaccharides",1
methylcobalamin/alpha lipoic acid/inositol/folic acid/chromium polynicotinate/selenium dioxide/benfotiamine,1
lactulose 3.3g,1
fenticonazole nitrate,1
miconazole nitrate/ metronidazol,1
diclofenac diethylamine/ capsicum oleoresin/ methyl salicyclate/levomenthol,1
iodinated povidone /metronidazole,1
glucosamine sulphate potassium chloride/chondroitin sulphate sodium/ginger extract/vitamin e acetate/zinc/manganese/copper/folic acid,1
glucosamine sulphate/ chondroitin sulphate sodium/ginger extract/vitamin e / zinc/ manganese/ copper/ folic acid,1
vit d3/calcium/magnesium/zinc,1
sylimarin extract/l-carnitine tartrate/choline bitartrate/l-orthine/l-glutathione/inositol/vitamin d3/ vitamin e acetate/vitamin b1 nitrate/vitamin b2/vitamin b6/vitamin b12/nicotinamide/calcium pantothenate/co enzyme q10/iron/zinc/copper/manganese/selenium,1
calcium and elemental phosphorus / magnesium hydroxide equivalent to elemental magnesium / zinc gluconate equivalent to elemental zinc / vitamin d3,1
vitamin b2/vitamin b3/vitamin b6/vitamin b12/ guarana herb extract,1
timolol​ maleate,1
ocrelizumab,1
epoietin beta,1
pertuzumab,1
ketamine hydrochloride,1
chlorocresol,1
clomipramine hydrochloride,1
vitamin a/ vitamin d3 / vitamin e/ vitamin b1 / vitamin b6/ vitamin b12 / vitamin k3 / folic acid / d-pantothenol / nicotinic acid / vitamin c / minerals / lactobacilus rhamnosus & enterococos faecium,1
methoxy polyethlene glycol epoetin beta,1
choriogonadotropin alfa,1
mycophenolate mofetil,1
vitamin c/vitamin e/vitamin b6/vitamin b12/folic acid/zinc/green tea extract/dong qui root extract/selenium/l-carnitine fumarate/ginseng extract,1
vitamin c /vitamin e/vitamin b6/vitamin b12/folic acid/zinc/green tea extract/dong qui root extract/selenium/l-carnitine fumarate/ginseng extract- 80mg/15mg/2mg/2.2mcg/400mcg/15mg/50mg/50mg/50mcg/1500mg/100mg,1
myo-inositol/ d-chiro inositol/ alpha lipoic acid,1
dhea/alpha lipoic aicd/coq10/folate/selenium/zinc/vitamin c/omega 3/vitamin a/omega 3/vitamin a/vitamin e/vitamin b1/vitamin b2/vitamin b3/vitamin b6/vitamin b12/biotin/choline/calcium/iron/iodine/magnesium/vitamin d3,1
vitamin a/vitamin c/vitamin e/zinc/bilberry extract/lutein/zeaxanthin,1
vit a/ vit c/ thiamine/riboflavin/niacin/vit b6/vit d/vit e/folic acid/vit b12/biotin/vit b5/elemental ion/zinc/l-lysine/malt extract,1
pioglitazone hydrochloride,1
warfarin bp,1
neomycin sulphate/polymyxin b sulphate/dexamethasone phosphate/ phenyl mercuric nitrate,1
menotrophin,1
prednicarbate,1
tramadol hydrochloride/paracetamol,1
cytidine-5-disodium monophosphate/uridine-5-disodium monophosphate,1
sertaconazole nitrate,1
tramadol+paracetamol,1
levosulpiride,1
magnesium glutamate hydrobromide/gamma-aminobutyric acid/gamma-amino-beta-hydroxybutyric acid,1
ephedrine,1
triamcinolone acetonide/neomycin sulphate/nystatin,1
travoprost/benzalkonium chloride,1
cefixime (as cefixime trihydrate),1
carboxymethyl cellulose sodium,1
warfarin,1
vit a/vit d3/vit c/vit e/vit b1/vit b2/vit b2/vit b3/vit b6/vit b12/vit b9/vit b7/pantothenic acid/iron/zinc/copper/manganese/chromium/selenium/iodine/silicon/siberian ginseng extract/co-q10/l-carnitine base/phosphotidyl choline 35%,1
sodium cromoglicate,1
natural mixed carotenoids/citrus bioflavonoids/bilberry extract/lutein esters/vit a/vit d/vit e/vit c/thiamin/riboflavin/niacin/vit b6/folic acid/vit b12/pantothenic acid/ magnesium /iron/zinc/copper/manganese/selenium/chromium/iodine,1
methionine / choline chloride / magnesium sulphate/ dl carnitine,1
vitamin a / vitamin d3/ vitamin e 10iu/ vitamin b1 / vitamin b6 / vitamin b12 / vitamin k3 / folic acid / d-pantothenol nicotinic acid/ vitamin c / biotin / folic acid/ choline chloride /amino acids,1
vitamin a/ vitamin d3/ vitamin e/ vitamin b1/ vitamin b6/ vitamin b12 / vitamin k/ folic acid/d-pantothenol / nicotinic acid/ vitamin c/ biotin / choline chloride/amino acids,1
tiamulin hydrogen fumarate/spiramycin/doxycycline hydrate,1
vitamin a/vitamin d3/vitamin e/vitamin k3/vitamin b6/vitamin b2/vitamin b1/pantothenic acid/vitamin b12,1
l-threonine/l-valine/l-methionine/l-isoleucine/l-leucine/l-phenyalanine/l-tryptophan/l-lysine hcl/ascorbic acid,1
ferrous fumarate,1
ferroud fumarate,1
vit d3/vit e/vit c/vit b1/vit b2/vit b3/vit b6/vit b12/vit b9/vit b7/vit b5/magnesium/iron/zinc/copper/manganese/chromium/selenium/lutein esters 15%/green tea extract/phoshatidylcholine 35%/ubidecarenone/l-carnitine/alpha lipoic acid,1
vit d3/ vit e/vit c/vit b1/vit b2/ vit b3/vit b9/vit b12/vit b7/ vit b5/vit k3/vit b6/iron/magnesium/zinc/iodine/copper/selenium/ginger extract/natural mixed carotenoids,1
vit a/vit d3/vit e/beta-carotene/vit b3/vit b5/vit c/vit b1/vit b2/ vit b9/vit b12/vit b6/ vit k3/ zinc/iron/ iodine/magnesium/copper/manganese/chromium/l-cysteine/l-carnitine/citrus and grape skin bioflavonoids/selenium,1
dextran,1
vitamin a/vitamin d3 // vitamin e /thiamine/riboflavin/pyridoxine/niacin/vitamin b12/ folic acid/calcium/phosphorus,1
dextromethorphan hydrobromide bp / diphenhydramine hydrochloride ph,1
cyproheptadine hcl/lysine hcl/vitamin b1/vitamin b6/vitamin b12/nicotinamide,1
zinc sulphate monohydrate,1
vitamin a/ vitamin d3/ vitamin b1/ vitamin b2/ vitamin b6/ nicotinamide,1
cisatracurium besylate,1
glucosamine sulphate 400mg,1
glutamine/ l-glutathione/ l-arginine/ co-q10/ phosphatidylcholine/ phosphatidylserine/ natural mixed carotenoids/vitamin d/vitamin e/vitamin c/thiamin/riboflavin/niacin/vitamin b6/folic acid/vitamin b12/pantothenic acid/magnesium/iron/zinc/copper/manganese/selenium/chromium/iodine,1
l-arginine hydrochloride/l-histidine hydrochloride h2o/l-isoleucine/l-leucine/l-lysine hydrochloride/l-methionine/l-phenylalanine/l-threonine/l-tryptophan/l-valine/glycine/sorbitol,1
spirolactone,1
ferrous fumarate+l-histidine hcl+h2o+l-lysine hcl+glycine+thiamine nitrate+riboflavin+pyridoxine hcl+cyanocobalamin+folic acid+ascorbic acid,1
inactivated oral cholera vaccine,1
msm/spirulina/vitamin c/kelp/bamboo stem extract/zinc/hyaluronic acid/biotin/vitamin b3/vitamin b1/vitamin b5/paba/selenium/vitamin b6/vitamin b2/vitamin a/copper/chromium/vitamin b12,1
1%w/w,1
paracetamol/tramadol hydrochloride,1
ampicillin trihydrate,1
metformin hydrchloride,1
activated vegetarian charcoal,1
adrenaline,1
theonine/valine/methionine/isoleucine/leucine/phenylalanine/tryptophan/lysine hydrochloride/ascorbic acid,1
methyl-2-oxo valerate/calcium-3-methyl-2-oxo-phenylpropionate / calcium-3-methyl-2-oxo-valerate/ calcium-dl-2-hydroxy-4/ l-lysine acetate/ l-threonine/ l-histine/ l-tyrosine/ l-tryptophan,1
vitamin a palmitate/vitamin d3/thiamine hcl/riboflavine/sodium phosphate/pyridoxine hcl/cyanocobalamin/ascorbic acid/nicotinamide,1
"anhydrous citric acid, sodium bicarbonate, magnesium sulphate",1
paracetamol/codeine phosphate,1
(ascorbic acid/ folic acid/ iron (iii) polymaltose/vitamin b12/zinc,1
vitamin e/fish oil/providing eicosapentaenoic acid (epa)/docohexaenoic acid (dha),1
fish oil/vitamin e,1
metoclopramide hydrochloride / benzyl alcohol,1
starflower oil 100 mg/ refined evening primrose 100mg/ citrus bioflavonoids 10mg/ natural mixed carotenoids 30% 2mg/ vitamin e 30mg/ vitamin d3 5 mcg / vitamin c 60 mg/ thiamine mononitrate 10mg riboflavin 5mg/ nicotinamide 36mg ),1
beta carotene (15 % dispersion) 2/ l-l.ysine hydrochloride/ l- arginine/ inositol/ vitamin d3 (400 iu)/ vitamin e/ vitamin k/ vitamin c/ thiamine (vitamin b1)/ riboflavin (vitamin b2)/ niacinamide (vitamin b3)/ vitamin b6/ l- methylfolate/ vitamin b12/biotin/pantothenic acid/magnesium/elemental iron/zinc/copper/manganese/selenium/iodine-2mg/10mg/10mg/10mg/10mcg/4mg/70mcg/80mg/5mg/2mg/20mg/10mg/600mcg/9mcg/150mcg/6mg/150mg/35mg/15mg/1000mcg/0.5mg/55mcg/150mcg and omegamon capsule-each capsule contains dha/epa-300mg/30mg,1
ammonium chloride/ammonium bicarbonate,1
vitamin b1/vitamin b2/vitamin b6/niacinamide/sodium dextropantothenate,1
vitamin a/vitamin b1/vitamin b2/vitamin b3/vitamin b5/vitamin b6/biotin/folic acid/vitamin b12/vitamin c/vitamin d3/vitamin e/vitamin k27/selenium /zinc/ashwagandha,1
n-acetylcysteine/alpha lipoic acid/vitamin d3/selenium,1
vit e,1
vitamin a/vitamin d3/vitamin e/vitamin c/thiamin/riboflavin/niacin/vitamin b6/folic acid/vitamin b12/biotin/pantothenic acid/iron/zinc/manganese/iodine - 800 μg,1
vitamin a/vitamin d3/vitamin e/vitamin c/thiamin/riboflavin/niacin/vitamin b6/folic acid/vitamin b12/biotin/pantothenic acid/iron/zinc/manganese/iodine,1
minoxidil,1
diclofenac diethylamine bp,1
tetracycline hydrochloride ophthalmic usp,1
cyproheptadine hydrochloride/ carnitine hydrochloride/ lysine hydrochloride/ vitamin b1/ vitamin b6/ vitamin b12,1
isopropyl alcohol,1
liver extract/ferric ammonium citrate/vitamin b1/vitamin b2/vitamin b6/magnesium sulphate,1
dextrose monohydrate,1
amoxicillin trihydrate/ clavulanate potassium,1
(each tablet contains griseofulvin,1
dic​lofenac diethylamine/linseed oil/methyl salicylate/menthol gel,1
ephedrine hcl/ paracetamol/ caffeine anhydrous,1
amoxicillin trihydrate bp equivalent to amoxicillin/flucloxacillin sodium bp equivalent to flucloxacillin,1
lisinopril dihydrate bp equivalent to lisinopril,1
erythromycin thiocyanate/ oxytetracycline hydrochloride/ streptomycin sulfate/ colistin sulphate/ vitamin a/ vitamin d3/ vitamin e/ vitamin c,1
guaphenesin/diphenhydramine hcl/menthol,1
paracetamol/aspirin/caffeine,1
doxycyline hyclate,1
thiamine hcl/ riboflavin/ pyridoxine/ nicotinamde/folic acid/manganese sulphate/green ferric ammonium citrate/lysine hcl/ caffeine citrate/citric acid monohydrate,1
ceftriaxone sodium 1g,1
ceftriaxone sodium 250mg,1
ceftriaxone sodium 2g,1
ceftriaxone sodium 500mg,1
doramectin,1
iron dextran/ vitamin b12,1
tylosin tartrate/ doxycyline hyclate/bromhexine hydrochloride/ vitamin a/vitamin b1/ vitamin b2/vitamin b6/vitamin b12/ vitamin c/vitamin d3/vitamin e/nicotinic acid,1
vitamin b1/niacinamide/riboflavine/pyridoxine hydrochloride,1
ivermectin/praziquantel,1
azithromycin usp,1
vitamin a/vitamin d3/vitamin b1/vitamin b2/vitamin b6,1
cyproheptadine hcl / multivitamins,1
omeprazole usp,1
ferric ammonium citrate usp/ zinc sulphate usp/ folic acid / cyanocobalamin bp/ selenium/ sodium selenite bp/ vit e acetate bp,1
paracetamol/aspirin/ caffeine,1
vitamin b3/ vitamin c/ vitamin d3/ vitamin b2/ niacinamide/ vitamin b6/ vitamin b12/ folic acid/ d-panthenol/ iron/ zinc/ copper,1
metronidazole benzoate b.p. equivalent to metronidazole,1
sodium chloride bp/ glucoseanhydrous,1
tobvital tablets (each tablet contains vitamin a/vitamin d3/vitamin b1/vitamin b2/vitamin b6/nvitamin a/vitamin d3/vitamin b1/vitamin b2/vitamin b6/nicotinamide(vit b3),1
vitamin a/vitamin d3/vitamin b1/vitamin b2/vitamin b6/vitamin b3,1
retinol acetate/ cholecalciferol/ alpha-tocopherol acetate/ thiamine hydrochloride / riboflavin sodium phosphate / pyridoxine hydrochloride / cyanocobalamin / ascorbic acid 40mg/ menadione sodium bisulphate / folic acid / biotin / minerals/ amino acids,1
procaine penicillin g/ dihydrostreptomycin sulfate,1
thiamine mononitrate/riboflavin/nicotinamide,1
denatured alcohol,1
ferric oxide in complex with sucrose,1
menthol/lemon oil/vitamin c,1
cyproheptadine and multivitamin,1
dextran 70/ hydrocypropyl methylcellulose,1
streptomycin sulphate,1
amoxicillin sodium+clavulanic acid,1
loperamide hydrochlorid,1
promethazine hydrochloride,1
fungal diastase (1:800)/ papain / simethicone / activated charcoal / nicotinamide,1
potassium citrate/ citric acid,1
ammonium chloride/ ammonium bicarbonate/ liquid liquorice extract,1
copper (as copper chelate)/zinc (as zinc chelate),1
procaine benzylpenicillin/dihydrostreptomycin sulphate,1
vitamin a/ vitamin d3/ vitamin e/ vitamin k3/ vitamin b1/ vitamin b6/ ascorbic acid/ dexpanthenol/ alanine/ arginine/ aspartic acid/ gluatmic acid/ glycine/ histidine/ isoleucine/ leucine/ lysine/ methionine,1
acetyl dl-methionine / choline chloride/ benzylpenicillin procaine/ dihydrostreptomycin sulfate/ alpha-tocopherol acetate (oily)/ thiamine hcl/ riboflavin sodium phosphate/ pyridoxine hcl/ cyanocobalamin/ vitamin c/ nicotinamide/ calcium d-pantothenate,1
vitamin a/ vitamin d3/ vitamin e/ vitamin k3/ vitamin b1 / vitamin b6/ ascorbic acid/ dexpanthenol/ alanine/ arginine/ aspartic acid/ glutamic acid/ glycine/ histidine/ isoleucine/ leucine/ lysine/ methionine/ phenylalanine/ proline/ serine/ threonine,1
vitamin c/ferric pyrophosphate/glycine/l-methyl folate (folic acid)/vitamin b12,1
vitamin a palmitate/vitamin d3/vitamin e (acetate)/vitamin b1/vitamin b6/vitamin b12/niacinamide/vitamin c/d-panthenol/l-lysine hydrochloride/iron/zinc/magnesium,1
aluminium hydroxide / magnesium hydroxide,1
fluocinolone acetonide/miconazole nitrate/gentamicin sulphate,1
evening primrose oil/gamma linolenic acid,1
vitamin c/zinc/bioflavonoid,1
clindamycin palmitate hydrochloride,1
pregabalin 150mg,1
noradrenaline acid tartrate,1
maltodextrin/dried liver powder/valerian root powder/rosemary extract/chamomile extract/lavender extract,1
thiamine / riboflavin / pyridoxine / niacin / pantothenic acid / vitamin a / vitamin d / vitamin e / calcium,1
praziquantel/pyrantel pamoate,1
brewers yeast/glucosamine/msm/chondroitin,1
sulfamethoxypyridazine/sulfadimidine sodium/trimethoprim/tylosin/vitamin a/ vitamin k3/vitamin c/vitamin b12/vitamin b2/vitamin b6/ vitamin b12/dextrose,1
tylosin tartrate+neomycin sulphate,1
dexrabeprazole sodium,1
tylosin/ doxycycline/ bromhexine/ vitamin a/ vitamin c/ vitamin b1/ vitamin b2/ vitamin b6/ vitamin b12,1
colistin/vitamin a/vitamin d3/vitamin e/vitamin k3/vitamin b1/vitamin b2/vitamin b6/vitamin b12/calcium pantothenate/folic acid/l-lysine/dl-methionine/lactose qs,1
neomycin sulphate/ doxycycline hydrochloride,1
vitamin c/ l-carnitine/ vitamin b1/ vitamin b6,1
acetaminophen/tramadol,1
chlorpromazine hydrochloride,1
melatonin/pure zzz triple action blend,1
pantothenic acid/gingko extract/lemon balm extract/caffeine/omega-3 fatty acids/docosahexaenoic acid/eicosapentaenoic acid,1
multivitamins and herbal extracts,1
vitamin d3 (cholecalciferol),1
losartanpotassium/hydrochlorothiazide,1
l-carnitine tartrate/l-arginine hcl/vitamin e acetate/ coenzyme q10/ zinc citrate 3-hydrate/folicacid/sodiumselenate,1
aceclofenac/ paracetamol,1
sodium chloride ip/potassium chloride ip/sodium bicarbonate/sodium citrate ip/calcium lactate/magnesium sulphate/vitamin c,1
myo-inositol/ d-chiro inositol/ l-methylfolate/ vitamin d3/ chromium/ zinc/ shatavari,1
myo-inositol/d-chiro inositol/l-methylfolate/vitamin d3/chromium/zinc/shatavari,1
folic acid/iodine/vit d3/vitb1/vit b2/vit b6/vit b12/niacin/pantothenic acid/biotin/vit c/vit e/omega-3 fatty acids/docosahexaenoic acid/eicosapentaenoic acid 400ug/100ug/20ug/12mg/16mg/19mg/35ug/15mg/6mg/60ug/110mg/13mg/279mg/200mg/41mg,1
acyclovir,1
pantoprazole sodium sesquihydrate,1
clopidogrel bisulphate,1
thiamine hcl/riboflavin/pyridoxine hcl/nicotinamide/ascorbic acid/glucose,1
vitamin c/zinc/vitamin d,1
pregabalin 75,1
vitamin a/vitamin b1/vitamin b2/vitamin b6/vitamin b12/vitamin d3/niacinamide/l-lysine/iron/vitamine/folicacid/calcium/copper/magnesium/manganese/potassium/zinc /selenium/chromium/eicosapentaenoic acid/docosahexaenoic acid,1
dobutamine hydrochloride,1
vitamin c /vitamin b6/folic acid/ iron/zinc/ iodine / acai berry extract/ l-arginine,1
vitamin c/zinc/thyme extract 15mg/2mg/11.25mg,1
valerian extract/ lemon balm extract/hop extract/l-tryptophan/vitamin c/niacin 100mg/100mg/50mg/250mg/40mg/16mg,1
vitamin c/vitamn k/collagen hydrolysate/rosehip extract,1
tramodol hydrochloride,1
thiamine hydrochloride/pyridoxine hydrochloride,1
etofenamate,1
granisetron hcl,1
calcium carbonate/cholecalciferol,1
iron (ferrous fumurate) 19mg/ vitamin c 75mg/ zinc 17mg/ folic acid 180mcg/ selenium 40mcg/ vitamin b12 2.5mcg/ vitamin e 13.5iu,1
vitamin a/vitamin d/vitamin e/omega 3/epa/dha,1
dopamine hydrochloride,1
protamine sulphate,1
amikacin sulfate,1
morphine hydrochloride,1
retinol,1
magnesium/zinc/vitamin b6/folic acid/vitamin b12/selenomethionine/tribulus terrestis extract/l-arginine/avena sativa/purified shilajit extract/fenugreek seed/eurycoma longifolia root/epimedium extract/ginkgo biloba leaf/saw palmetto berry/cridium monnieri seed,1
ultra gen omega / soy isoflavins / ext. ginseng/ ext nano curcumin / vitamin d2 / vitamin e / vitamin c / vitamin b1 / vitamin b2 / vitamin b3 / vitamin b6 / vitamin b5 / vitamin a / folic acid / vitamin b12 / d-biotin / calcium pantothenate dry / iron / magnesium oxide / zinc / manganese / iodine / copper / chromium / selenium,1
milk thistle extract/flaxseed/ashwagandha extract/echinacea purpurea extract/dandelion extract/cranberry extract/beet root extract/spirulina extract/tumeric extract/garlic extract/ vitamin c (as amla berry)/ginger extract/zinc sulphate/black peppr extract,1
vitamin a / vitamin d3 / vitamin e / vitamin c / vitamin b1 / vitamin b2 / vitamin b3 / vitamin b6 / folic acid / vitamin b12 / biotin / pantothenic acid / iron / magnesium oxide / zinc / iodine / manganese / copper / chromium / selenium / silicon / arginine / methionine / natural mixed carotenoids / paba 2/ siberian ginseng / garlic / bioflavonoids,1
l-arginine / n-acetyl cysteine / inositol/ betacarotene / vitamin d / vitamin e / vitamin c / vitamin b1/ vitamin b2 / vitamin b3 / vitamin b6 / folic acid / vitamin b12 / biotin / pantothenic acid / iron / magnesium oxide / zinc / iodine / copper / selenium,1
pantothenic acid/gingko extract/lemon balm extract/caffeine/omega-3 fatty acids/docosahexaenoic acid/ eicosapentaenoic acid 5mg/100mg/100mg/25mg/300mg/250mg/30mg,1
losartan potassium/hydrochlorothiazide,1
each 400g contains dextrose monohydrate b.p/ calcium glycerophosphate/ calciferol,1
dextrose monohydrate bp/ascobic acid,1
glucose anhydrous/ trisodium citrate dihydrate/ sodium chloride/ potassium chloride,1
anhydrous dextrose,1
noradrenaline,1
dexamethasone/neomycin sulfate/polymyxin b sulfate,1
vitamin b1 / vitamin b2 / vitamin b6 / nicotinamide / d-panthenol,1
vitamin a/calcium/vitamin d3/vitamin b1/vitamin b2/vitamin b3/vitamin b6/folate/vitamin b12/cg biotin/vitamin b5/proprietary blend,1
esketamine hydrochloride,1
ichthammol,1
salicylic acid/benzoic acid,1
vitamin d3 / calcium phosphate dibasic,1
dried liver extract/thiamine hcl/riboflavin/nicotinamide/ferric ammonium citrate/sodium glycerophosphate/potassium glycerophosphate/manganese sulphate/caffeine/ethanol 96%,1
vitamin a/vitamin c/vitamin d/vitamin e/niacin/vitamin b6/folate/vitamin b12/biotin/pantothenic acid/sodium/inosiotol,1
vinpocetine,1
valerian extract/ lemon balm extract/ hop extract/ l-tryptophan/ vitamin c/ niacin,1
menthol/camphor/wintergreen oil/turpentine oil,1
menthol/ camphor/ eucalyptus oil/ cajuput oil/ methyl salicylate/ peppermint oil,1
vitamin e 400 iu,1
hydrolysate/ferrous ammonium citrate/zinc sulphate/l-lysine hydrochloride/niacinamde/d-panthenol/pyridoxine hydrochloride/cyanocobalamin/folic acid,1
dexamethasone sodium phosphate usp,1
amikacin sulphate,1
iron (lll) hydroxide polymaltose eq. to elemental lron/vitamin a bp/vitamin d3 bp/vitamin b1 bp/vitamin b2 bp/nicotinamide bp,1
esomeprazole,1
abacavir/lamivudine,1
nevirapine hemihydrate,1
emtricitabine / tenofovir alafenamide,1
vitamin a/ vitamin d/ vitamin c,1
mifepristone/misoprostol,1
vit d3/vit c/zinc/selenium/l-histidine,1
neomycin sulphate/bacitracin,1
each 400g contains dextrose monohydrate b.p/ vitamin c,1
alpha lipoic acid/ gamma linolenic acid/ pyridoxine hydrochloride/ methylcobalamine/ chromium,1
evening primrose oil/marine collagen/green tea extract/grape seed extract/pine bark extrac/vitamin c,1
cerebroprotein hydrolysate,1
potassium magnesium / d-mannose/ cranberry extract,1
vit c+zinc,1
dinoprost tromethamine,1
"live attenuated ib virus, strain 1/96",1
newcastle disease virus strain phy lmv 42 at least 10₆.₅ e1d₅₀ avian infectious bronchitis virus massachusetts type strain h120 at least 10₃.₃ e1d₅₀,1
avian infectious bursal disease virus strain winterfield 2512,1
cell-associated live recombinant turkey herpesvirus (rhvt/nd-h9) expressing the fusion protein of newcastle disease virus and the hemagglutinin h9-subtype of low pathogenic avian influenza,1
"live attenuated ibd virus, strain syza26",1
"live, vector (recombinant) turkey herpes virus (hvt) with inserted f (fusion) gene of newcastle disease virus (ndv)",1
fowl pox-mycoplasma galliseptican live fowl pox vector,1
"marek's disease vaccine, serotype 1, live virus marek's disease rispens antigen",1
nifedipine usp,1
vitamin c/ vitamin e/ vitamin b1/ vitamin b2/ vitamin b12/ folic acid/ pantothenic acid/ biotin/ niacin,1
serotype 3 marek's disease vectored ibd recombinant virus,1
live effervescent avian infectious bronchitis,1
cyproheptadine with b-complex syrup,1
cyproheptadine with multivitamin tonic,1
cyproheptadine hcl+thiamine+riboflavin+pyridoxine hydrochloride+cyanocobalamine+calcium pantothenate,1
diclofenac+paracetamol+caffeine,1
cyproheptadine hydrochloride (anhydrous) bp/vitamin a (as acetate) bp/vitamin d3 bp/vitamin b1 bp/riboflavin bp/cyanocobalamin bp/calcium lactate bpnicotinamide bp/,1
collagen peptide type 1/vitamin c/hyaluronic acid/alpha lipoic acid/glutathione/vitamin b3/zinc/vitamin e/vitamin b5/vitamin b5/vitamin b6/biotin/selenium/vitamin b12,1
iron polymaltose complex,1
glucosamine/ chondroitin sulphate/ msm/ vit c,1
iron iii polymaltose/ vit c/ zinc sulphate/ folic acid/ vit b12,1
ferric hydroxide,1
ethambutol hydrochloride,1
ketorolac trometamol,1
meleate/ guaifenesin /ammonium chloride/ sodium citrate/ levomenthol/terpin hydrate/tolu balsam/vasaka syrup,1
leutin (10% dispersion)/zeaxanthin (10% dispersion)/ginseng extract/grape seed extract/ginkgo biloba/carrot seed extract/meso zeaxanthin (10% dispersion) vaccinum myrtillus extract/omega 3 fatty acid/vitamin e/vitamin c/zinc/copper gluconate,1
brimonidine tartarate,1
procaine benzyl penicillin/ benzyl penicillin sodium,1
betamethasone dipropionate/gentamicin sulfate/tolnaftate/iodochlorhydroxyquiniline/chlorocresol,1
clindamycin phosphate/clotrimazole,1
lactose monohydrate,1
disomectite,1
vitamin c / thiamin/ riboflavin / niacin / vitamin b6 / folic acid / vitamin b12 / pantothenic acid / iron/ zinc / copper / manganese/ iodine/ lysine / honey/ malt extract / calcium glycerophosphate,1
iron / folic acid bp / zinc sulphate monohydrate bp equivalent to elemental zinc / copper sulphate anhydrous bp equivalent. to elemental copper / pyridoxine hydrochloride bp cyanocobalamin bp,1
vitamin a (as palmitate)/ vitamin d3/ vitamin e acetate/ vitamin b1 / vitamin b2 / vitamin b6 / vitamin b12 / d-panthenol / niacinamide / vitamin c / l-lysine hydrochloride / ferrous gluconate / zinc gluconate/ magnesium gluconate,1
ferrous sulfate/ ascorbic acid/ folic acid/ zinc sulfate,1
atorvastatin tablets (each tablet contains atorvastatin calcium 10mg),1
vitamin a / vitamin d3/vitamin e/vitamin b1/vitamin b2/vitamin b6/vitamin b12/niacinamide/vitamin c/d-panthenol/l-lysine hcl/ferrous gluconate/zinc/magnesium,1
elemental iron+zinc sulphate+folic acid,1
cefuroxime axetil 250mg,1
"snake venom antiserum african, i.h.s",1
calcium/iron/zinc,1
abiraterone,1
budasonide/ formoterol,1
cirpofloxacin,1
mesalamine,1
silver sulfadiazine/ chitosan,1
mesalazine 500mg,1
omega 3 fatty acids/ lutein/ zeaxanthin,1
vitamin c/ ferric pyrophosphate/ glycine / l-methyl folate (folic acid) /vitamin b12,1
amlodipine besylate/atorvastatin calcium,1
doxycycline hyclate/tylosin tartrate,1
calcium/magnesium/zinc/vitamin d3,1
vitamin c 1000mg,1
carbonyl iron/zinc sulphate/folic acid/vit b12/vit c/ copper/selenium/chromium,1
paracetamol+ascorbic acid+pheniramine maleate,1
moxifloxacin hcl,1
vitamin c 1000mg/ zinc 10mg,1
l-carnitine/lepidium meyenii/elettaria cardamomum/garcinia cambogia/alpinia officinarum/foeniculum vulgare/zingiber cassumunar/cinnamomum zeylanicum/syzygium aromaticum/anethum graveolens,1
inactivated rabies virus strain sad vnokovo-32,1
"virus rabiei inactivated min. 2 iu,leptospira icterohaemorrhagiae inact. min. 1 x 107,0, leptospira canicola inact. min. 1 x 107,0, leptospira grippotyphosa inact. min. 1 x 107,0, algeldrati suspensio, nutrimentum ad cultivationem",1
virus febris contagiosae canis and parvovirus enteriotiotis canis inact,1
"paramyxovirus pseudopestis avium (la sota,sl 93)",1
beech wood tar,1
ranibizumab,1
cefpodoxime proxetil,1
mometasone fumarate,1
human hepatitis b immunoglobin,1
human hepatitis b immunoglobulin,1
each dispersible tablet contains artemether/lumefantrine,1
insulin biphasic isophane,1
soluble insulin,1
insulin isophane,1
pegfilgrastim,1
lidocaine hcl/ phenazone,1
recombinant anti rho anti rho-d immunoglobulin,1
anti rho-d immunoglobulin,1
calcium carbonate/vitamin d3/lysine hydrochloride/zinc,1
etoricoxib/ linseed oil bp/ methyl salicylate bp/ menthol bp,1
fish oil/black currant seed oil/pumpkin seed oil/olive oil/vitamin e,1
choline/ dl-methionine/ l-lysine/ l-carnitine/ seaweed/ ginseng/ omega-3/ vitamin a/ vitamin d/ vitamin e/ vitamin c/ vitamin b1/ vitamin b2/ vitamin b3/ folic acid/ vitamin b12/ iron/ zinc/ biotin/ magnesium/pantothenic acid/copper/manganese/selenium,1
"ginseng/guarana/tyrosine/green tea extract/zinc/ vitamin b1,b2,b3,b6,b12",1
glucosamine/ chondroitin/methyl sulphonyl methane/dl-methionine/green mussel/ginger extract/omega-3/ vitamin d/ vitamin b1/ vitamin b2/ vitamin b3/ vitamin b6/ vitamin b12/ calcium/ folic acid/ iron/zinc/copper/manganese/selenium,1
formaldehyde/ alkyldimethyl-benzylammonium chloride/ glutaraldehyde/ glyoxal,1
vitamin b1/vitamin b2/vitamin b6/vitamin b12/nicotinamide/d-panthenol/biotin/vitamin k3/folic acid/methionine/choline chloride,1
tetanus immunoglobulin,1
polymyxin b sulphate,1
amphotericin,1
amphotericin b,1
"purified, inactivated rabies virus",1
methyl prednisolone/sulphur/neomycin sulphate,1
dexpanthenol,1
l-carnitine/ lepidium meyenii/ l-arginine/ ferula elaeochytris,1
testosterone,1
calamine/zinc oxide,1
horseradish extract (cochleria armoracia)/propolis extract,1
zinc oxide/castor oil,1
blackcurrant liquid extract (ribes nigrum)/zinc sulphate,1
olive oil,1
turpentine oil bp,1
castor oil,1
glycerin,1
eucalyptus oil 100%v/v,1
pseudoephedrine hydrochloride b.p/ chlorpheniramine maleate b.p/ dextromethorphan hydrobromide,1
thiamine mononitrate+pyridoxine hcl+cyanocobalamin,1
dextromethorphan/ guaifenesin/chlorpheniramine,1
estradiol valerate/dienogest,1
sorafenib tosylate,1
meglumine amidotrizoate/ sodium amidotrizoate,1
isoflurane,1
paracetamol/phenylpropanolamine hcl/chlorphenamine maleate/caffeine,1
vit a/vit e/vit b1/vit b2/vit b6/vit b12/nicotinamide/vit c/dex panthenol/lysine hydrochloride/ferrous gluconate/magnesium gluconate,1
dextromethorphan hydrobromide/guaphenesin,1
dried aluminium hydroxide gel/magnesium hydroxide/activated dimethicone/oxethazaine,1
paracetamol bp/phenylpropanolamine hydrochloride bp/chlorphenamine maleate bp/caffeine(anhydrous) bp,1
paracetamol/diphenhydramine hcl,1
sodium chloride/ potassium chloride,1
iron/folic acid/vitamin b12/zinc sulphate monohydrate,1
vit a/vit d3/vit e/vit b1/vit b2/vit b3/vit b5/vit b6/vit b9/vit b12/vit c/calcium/phosphorus/copper/iodine/magnesium/manganese/potassium/zinc/ferrous fumarate/ ginseng ext,1
gelatin polysuccinate / sodium chloride,1
gluc. h2o / nah2 phos. dehydrate / zn acet. dehydrate/ medium-chain tg/ soya-bean oil / omega-3 tg / egg phos. for inj. / glyc. / na cit. / alph-toco. / aas / nacl / naoh / na acet 3h2o / k acet/ mg acet 4h2o,1
water,1
50%w/v,1
calcium carbonate/ magnesium carbonate-heavy,1
estradiol valerate,1
gadobutrol,1
estradiol/norethindrone acetate,1
diphenhydramine hydrochloride/naproxen sodium,1
l-lysine hcl/sorbitol/vegetable extracts,1
micronized aluminum,1
benzylpenicillin procaine/benzylpenicillin procaine/dihydrostreptomycin base,1
herbal extracts/multivitamins/multiminerals,1
dried ferrous sulphate bp/ folic acid bp,1
(each 100ml contains paracetamol 1000mg),1
(each 2ml ampoule contains diazepam 10mg),1
(each vial contains cefuroxime sodium 750mg),1
(each 100ml contains metronidazole 500mg),1
(each 100ml contains ciprofloxacin 200mg),1
"alginic acid bp, magnesium hydroxide bp, magnesium trisilicate bp, dried aluminum hydroxide bp, simethicone bp, oxethazaine bp.",1
cyproheptadine usp/ thiamine hcl bp/ riboflavin bp/ pyridoxine hcl/ cyanocobalamin bp,1
piperazine,1
penicillin g procaine/ streptomycin sulphate/ nicotinamide bp/ pantothenic acid usp/ folic acid usp/ vitamin a/ vitamin b2/ vitamin b6/ vitamin b12/ vitamin d3/ vitamin e/ vitamin k,1
thiamine hydrochloride / riboflavine sodium phosphate / nicotinamide / pyridoxine hydrochloride / cyanocobalamin / cyproheptadine hydrochloride / lysine hydrochloride,1
vitamin c/thiamine /riboflavin/niacin/vitamin b6/folate /vitamin b12/biotin/pantothenic acid,1
saw palmetto ext/ cranberry/ ashwagandha/ vit b1/ vit b2/ zinc/ vit d3,1
saw palmetto extract/urtica dioica/zinc,1
erythromycin thiocyanate/ oxytetracycline hydrochloride/ streptomycin sulphate/ colistin sulphate/ vitamin a/ vitamin d3/ vitamin e/ vitamin b1/ vitamin b2/ vitamin b6/ vitamin b12/ vitamin c/ calcium pantothenate/ vitamin k3/ nicotinamide/ inositol,1
vitamin a/ vitamin d3/ vitamin e/ vitamin k3/ vitamin b1/ vitamin b2/ vitamin b6/ vitamin b12/ vitamin c/ biotin/ d-calcium pantothenate/ nicotinic acid/ folic acid/ l-lysine hydrochloride/ dl-methionine,1
aflibercept,1
tenofovir disproxil fumarate,1
linezolid/ dextrose anhydrous,1
sodium chloride bp. glucose anhydrous bp,1
sodium carboxymethyl cellulose,1
cranberry extract/d-mannose/probiotic inulin/lactobacillus/potassium magnesium citrate,1
atenolo,1
snake venom anti serum,1
iron (iii) hydroxide polymaltose complex,1
chlorzoxazone/paracetamol,1
injection,1
vitamin a/vitamin d/vitamin e/omega-3- 900mcg/450iu/10iu/1.8g,1
n-acetyl cysteine-600mg,1
ibuprofen/ paracetamol bp/ caffeine (anhydrous) bp,1
mefenamic acid,1
gentamicin sulphate,1
ciprofloxacin/sodium chloride,1
ampicillin trihydrate/vitamin a/vitamin d3/vitamin e/ vitamin k3/vitamin b1/vitamin b2/vitamin b6/vitamin b12/calcium pantohtenate/nicotinamide/vitamin c,1
fulvestrant,1
dapagliflozin/metformin hydrochloride,1
vitamin a/vitamin d2/vitamin b1/vitamin d2/vitamin b6/nicotinamide/vitamin c,1
vitamin a/vitamin d3/vitamin e/vitamin b1/vitamin b2/vitamin b6/vitamin b12/niacinamide/vitamin c/d-panthanol/l-lysine hcl/ferrous gluconate/zinc gluconate/magnesium gluconate,1
vitamina/cholecalciferol/thiaminehydrochloride/riboflavin/pyridoxinehcl/cyanocobalamin/niacinamide/dpanthenol/llysinemonohcl/potassiumiodide/coppersulphate/zincsulphate/vitamine/ferrousgluconate,1
cyproheptadine hydrochloride bp/thiamine hydrochloride bp (vitamin b1)/riboflavin bp (vitamin b2)/pyridoxine hydrochloride bp (vitamin b6)/calcium pantothenate bp,1
each film coated tablet contains bicalutamide,1
budesonide,1
dapagliflozin +metformin hcl,1
tratuzumab deruxtecan,1
haloperidol decanoate,1
fluphenazine decanoate,1
linseed oil/diclofenac diethylamine/methyl salicylate/menthol,1
vitamin e/ vitamin b6/folic acid/d-biotin/vitamin d3/vitamin b12,1
thiamine hcl/riboflavin/nicotinamide/vitamin d3/vitamin athiamine hcl/riboflavin/nicotinamide/vitamin d3/vitamin a,1
pseudoephedrine hydrochloride/guaiphenesin/bromhexine hydrochloride,1
paracetamol/caffeine anhydrous,1
phenoxymethylpenicillin,1
ampicillin trihydrate/cloxacilin,1
vit b1 hcl/ riboflavin/ vit d3/ vit b6 hcl/ nicotinamide / calcium d-pantothenate / vit b12/ vit a/ l – lysine hcl/ calcium lactate/ cyproheptadine hcl/ manganese sulphate/ zinc sulphate heptahydrate,1
vit c/biotin/500mg,1
vit c/vit d3/vit e/vit b1/vit b2/vit b3/vit b6/folic acid/vit b12/zinc/selenium/chromium/l-arginine/l-carnitine/coq10/inositol/ginseng extract/maca extract/lycopene extract,1
vit c/vit d3/vit e/vit b1/vit b2/vit b3/vit b6/vit b9/vit b12/iron/zinc/selenium/chromium/magnesium/l-arginine/coq10/inositol/chaste berry extract/d-chiro-inositol/grape seed extract/alpha lipoic acid,1
sulfadiazine/trimethoprin,1
penicillin g procaine/ dihydrostreptomycin sulphate,1
amoxicillin trihydrate/colistin sulphate,1
vitamin a/vitamin d3/vitamin e/vitamin b1/vitamin b2/vitamin b3/vitamin b6/vitamin c/cobalt/manganese/zinc/threonine/ glycine,1
dl-methionine,1
sulphadimidine sodium/sulphadiazine sodium/sulphathiazole sodium,1
hydrated sodium calcium aluminosilicate/ mannan oligo saccharide/ buffered organic acids/ activated charcoal feed additive,1
multivitamin+minerals,1
amprolium hydrochloride bp,1
ciprofloxacin 0.3%w/v,1
each tablet contains diclofenac sodium bp/paracetamol 50mg/ 500mg,1
gentamicin sulfate 0.3%w/v,1
chloramphenicol 0.5%w/v,1
vitamin a/vitamin d/vitamin e/omega-3,1
diminazene diaceturate,1
oxytetracycline hydrochloride/gentian violet/citronella oil/ permethrin,1
biotin/zinc/selenium/vitamin c,1
fish oil-omega-3,1
chloramphenicol 5%w/v,1
vit a/vit c/vit d/vit e/vit k/ thiamine/ riboflavin/ vit b6/ niacin/ folic acid/ vit b12/ biotin/ panthothnic acid/calcium/ferrous fumarate/ iodine/ zinc/ selelnium/ copper/ manganese/ chromium,1
iron/zinc/copper/folacin/vit b12/vit b6,1
glucosamine sulphate/chondroitin sulphate/vit d3/vit e/vit c/folacin/vit b12/zinc/copper/manganese/selenium/ginger root extract,1
vit a/vit d3/vit e/vit b1/vit b6/vit b12/d-panthenol/niacinamide/vit c/l-lysine hydrochloride/ferrous gluconate/zinc gluconate/magnesium,1
vit c/vit b3/tocopherol/benfotiamine/inositol/vit b2/vit b6/folic acid/vit a/cyanocobalamin/biotin/vit b5/vit d3/l-lysine/dl-methionine/l-glutamic acid/l-arginine/l-choline bitartrate/l-carnitine l tartrate/l-cysteine,1
vit c/thiamine/riboflavin/niacin/vit b6/folic acid/vit b12/panthothenic acid/calcium glycerophosphate/iron/zinc/copper/manganese/iodine/lysine/honey/malt extract,1
vit a/vit c/vit d3/vit e/vit k/thiamin/riboflavin/niacin/vit b6/folic acid/vit b12/biotin/panthothenic acid/calcium/iron/iodine/magnesium/zinc/omega 3 fa,1
vitamin c / vitamin d3 / vitamin e / vitamin b1 / vitamin b2 / vitamin b3 / vitamin b6 / folic acid / cyanocobalamin / iron / zinc / selenium / chromium / magnesium / l-arginine / coq10 / inositol 25mg/ chaste berry extract 28mg/ d-chiro inositol 25/ grape seed extract / alpha lipoic acid,1
vitamin c / biotin / collagen,1
vitamin c / vitamin d3 / vitamin e / vitamin b1 / vitamin b2 / vitamin b3/ vitamin b6 / folic acid / vitamin b12 / ferrous fumarate / zinc / selenium / chromium / l-arginine / l-carnitine / coq10 / inositol / ginseng extract / maca extract / lycopene extract,1
levofloxacin hemihydrate us eq. to levofloxacin/bromhexine hydrochloride,1
pinus roxburghii / cedrus deodara oil / eucalyptus globulus,1
praziquantel/pyrantel pamoate/fenbendazole,1
minerals +multivitamins,1
lysine/ d-l methionine/ vitamin b12/ vitamin b1/ vitamin b2/ vitamin b6/ vitamin c/ vitamin e/ iron/ copper/ cobalt/ magnesium/ zinc/ selenium/ choline chloride,1
cellulose/ xylanase ds/ beta-glucanase/ amylase/ pectinase/ phytase/ protease/ lipase,1
formic acid/ lactic acid/ propionic acid,1
vitagenerics fit man multivitamin and minerals tablets + omega 3,1
vitagenerics fit woman multivitamin and minerals tablets + omega 3,1
vitagenerics fit pregnancy multivitamin and minerals tablets + omega 3,1
timolol maleate usp,1
ammonium chloride/ sodium citrate/ menthol crystal,1
gentian violet crystal,1
otilonium bromide,1
febantel/praziquantel /pyrantel,1
vit a/cholecalciferol/vit e/vit c/biotin/thiamine/riboflavin/niacinamide/d-panthenol/pyridoxine/folic acid/vit b12/zinc/magnesium/manganese/choline/copper/iodine/molybdenum,1
vitamin b1/vitamin b2/vitamin b3/vitamin b6/vitamin b5/vitamin b12/vitamin b9/vitamin b7,1
glucosamine/chondroitin,1
vit a/vit d/vit e/vit c/thiamine/riboflavin/niacin/vit b6/folic acid/vit b12/pantothenic/calcium/phosphorus/mgnesium/iron/zinc/copper/manganese/iodine,1
cod liver oil containing epa/dha/vitamin a/vitamin d3,1
vitamin a/vitamin c/vitamin e/selenium,1
antazoline hydrochloride/tetrahydrozoline hydrochloride,1
cinnamon powder/ rooibus extract/sutherland frutescens/devils claw,1
vit a/vit b cmplx/vit b1/vit b2/vit b3/vit b5/vit b6/vit b9/vit b12/vit c/vit d/vit e/vit h/vit h/vit k/calcium/chromium/copper/iodine/iron/magnesium/molybdenum/phosphorus/selenium/zinc,1
vit a/vit b cmplx/vit b1/vit b2/vit b3/vit b5/vit b9/vit b12/vit c/vit d/vit e/vit h/vit k/calcium/chromium/copper/iodine/iron/magnesium/manganese/molybdenum/phosphorus/selenium/zinc/inulin/lecithin/potassium/alanine/arginine,1
"recombinant human papilomavirus bivalent (types 16,18)(escherichia coli)",1
etanercept,1
esomeprazole magnessium trihydrate,1
iron/folic acid/vitamin b12/zinc sulfate monohydrate,1
paracetamol/ diclofenac sodium/ caffeine,1
neomycin sulphate/dexamethasone/ polymyxin b sulphate,1
multivitamins & minerals,1
diclofenac/methysalicylate/menthol/capsicum/virgin livseed oil,1
omega-3 oil/epa/dha/vit d3 590mg/250mg/185mg/400iu,1
omega-3 oil/epa/dha/vit d3,1
rabies vaccine killed virus,1
"newcastle disease vaccine, b1 type, lasota strain, live virus",1
vitamin a/ vitamin d3 /vitamin b/ vitamin c,1
bursal disease virus,1
epinastine hcl,1
racecadotril,1
mebeverine hydrochloride,1
zinc 10mg/ oligofructose 600mg/ probiotic blend 400mg,1
oxytetracycline hydrochloride/ vitamin a/ vitamin e/ vitamin b12/ niacinamide/ vitamin d3/vitamin/ pantothenic acid/ riboflavin,1
vit c/ folate/ vit b12/ zinc/ selenium/ l-carnitine fumarate/ acetyl-l-carnitine hcl/ citric acid/ coenzyme q10,1
l-carnitine/acetyl-l-carnitine/l-arginine/n-acetyl cysteine/vit c/vit e/iron/pantothenic acid/zinc/vit b6/copper/beta carotene/folic acid/vit d3/selenium/vit b12,1
"inactivated poliovirus type 1(brunhilde), inactivated poliovirus type 2 (mef-1), inactivated poliovirus type 3 (saukett)",1
chlorphenamine maleate/paracetamol/vitamin c,1
irinotecan hydrochloride,1
anidulafungin,1
pegfilgrastin-apgf,1
amoxicillin trihydrate / potassium clavulanat,1
vitamin a/vitamin b1/vitamin b2/vitamin b6/vitamin b12/vitamin c/vitamin d/nicotinamide 2000iu/1.20mg/1.20mg/0.50mg/3.0mcg/40mg/200iu/10mg),1
"canine distemper-adenovirus type 2- parainfluenza-parvovirus vaccine, modified live virus, leptospira canicola-icterohaemorrhagiae bacterin",1
ceftazidime,1
cyproheptadine hcl/lysine hcl/cyanocobalamin/niacinamide/pyridoxine hcl/riboflavin/thiamine hcl,1
cyproheptadine hydrochloride / vitamin a acetate / vitamin d /thiamine hydrochloride/riboflavin/pyridoxine hydrochloride/cyanocobalamin/ascorbic acid/calcium pantothenate/niacinamide/lysine hydrochloride/calcium lactate,1
amino acid/multivitamin,1
paracetamol+diclofenac,1
noradrenaline (norepinephrine) bitartrate,1
sevoflurane,1
calcium carbonate,1
diclofenac diethylamine/ methyl salicylate/menthol/ linseed oil gel,1
diclofenac/methylsalicylate/menthol/capsicum/virgin livseed oil,1
