Year,Month,Tradeflow,Partner_Country,HS2,Description_HS2,HS4,Description_HS4,HS10,Description_HS10,Tradevalue_Cedis,Tradevalue_USD
2022,january,import,australia,30,pharmaceutical products,3006,pharmaceutical goods specified in note 3 to this chapter,3006500000,first-aid boxes and kits,24629.13,4097.34041515087
2022,january,import,austria,30,pharmaceutical products,3004,"medicaments of mixed or unmixed products, for retail sale",3004500000,"medicaments of vitamins or other of 29.36 for retail sale - other, nes",510322.94,84970.269235252
2022,january,import,bangladesh,30,pharmaceutical products,3004,"medicaments of mixed or unmixed products, for retail sale",3004909000,"medicaments, consisting of mixed or unmixed products for the therapeutic or prophylactic uses, put up in measured dosesor in the forms of packings for retail sale: other: other",416496.89,69293.907563028
2022,january,import,belgium,30,pharmaceutical products,3002,"human blood; animal blood; antisera, etc; vaccines, toxins, etc",3002120000,"antisera, other blood fractions and immunological products, whether or not modified or obtained by means of biotechnological processes-antisera and other blood fractions",252780.27,42053.6475403018
2022,january,import,belgium,30,pharmaceutical products,3002,"human blood; animal blood; antisera, etc; vaccines, toxins, etc",3002150000,"antisera, other blood fractions and immunological products, whether or not modified or obtained by means of biotechnological processes -immunological products, put up in measured doses or in forms or packings for retail sale",68180.54,11350.8774550274
2022,january,import,belgium,30,pharmaceutical products,3002,"human blood; animal blood; antisera, etc; vaccines, toxins, etc",3002200000,vaccines for human medicine,4888490.66,813522.217785924
2022,january,import,belgium,30,pharmaceutical products,3002,"human blood; animal blood; antisera, etc; vaccines, toxins, etc",3002300000,vaccines for veterinary medicine,205397.3,34175.3548193874
2022,january,import,belgium,30,pharmaceutical products,3002,"human blood; animal blood; antisera, etc; vaccines, toxins, etc",3002909000,other (vaccines for veterinary medicine),587.01,97.7340081915354
2022,january,import,belgium,30,pharmaceutical products,3004,"medicaments of mixed or unmixed products, for retail sale",3004200000,"medicaments of other antibiotics, for retail sale",164438.08,27357.966916277
2022,january,import,belgium,30,pharmaceutical products,3004,"medicaments of mixed or unmixed products, for retail sale",3004320000,"medicaments of adrenal cortex hormones, for retail sale",49225.98,8192.77540691273
2022,january,import,belgium,30,pharmaceutical products,3004,"medicaments of mixed or unmixed products, for retail sale",3004390000,"medicaments of other hormones, for retail sale, nes",61597.83,10255.7074356498
2022,january,import,belgium,30,pharmaceutical products,3004,"medicaments of mixed or unmixed products, for retail sale",3004909000,"medicaments, consisting of mixed or unmixed products for the therapeutic or prophylactic uses, put up in measured dosesor in the forms of packings for retail sale: other: other",3284733.34,545926.790483567
2022,january,import,belgium,30,pharmaceutical products,3005,"wadding, gauze, etc with pharmaceutical substances or for retail sale",3005900000,"wadding, gauze, etc with pharmaceutical substances for retail sale, nes",1015.38,169.052494880376
2022,january,import,belgium,30,pharmaceutical products,3006,pharmaceutical goods specified in note 3 to this chapter,3006200000,blood-grouping reagents,9281.36,1545.3222557067
2022,january,import,belgium,30,pharmaceutical products,3006,pharmaceutical goods specified in note 3 to this chapter,3006600000,chemical contraceptive preparations based on hormones or spermicides,212001.81,35295.9859483218
2022,january,import,brazil,30,pharmaceutical products,3002,"human blood; animal blood; antisera, etc; vaccines, toxins, etc",3002909000,other (vaccines for veterinary medicine),4515.7,749.792448444193
2022,january,import,burkina faso,30,pharmaceutical products,3004,"medicaments of mixed or unmixed products, for retail sale",3004909000,"medicaments, consisting of mixed or unmixed products for the therapeutic or prophylactic uses, put up in measured dosesor in the forms of packings for retail sale: other: other",15674.81,2607.08036724103
2022,january,import,canada,30,pharmaceutical products,3004,"medicaments of mixed or unmixed products, for retail sale",3004909000,"medicaments, consisting of mixed or unmixed products for the therapeutic or prophylactic uses, put up in measured dosesor in the forms of packings for retail sale: other: other",300448.25,49973.9725863864
2022,january,import,china,30,pharmaceutical products,3002,"human blood; animal blood; antisera, etc; vaccines, toxins, etc",3002150000,"antisera, other blood fractions and immunological products, whether or not modified or obtained by means of biotechnological processes -immunological products, put up in measured doses or in forms or packings for retail sale",14821.93,2464.77431022614
2022,january,import,china,30,pharmaceutical products,3002,"human blood; animal blood; antisera, etc; vaccines, toxins, etc",3002190000,"antisera, other blood fractions and immunological products, whether or not modified or obtained by means of biotechnological processes --  other",2973.9,495.146600955695
2022,january,import,china,30,pharmaceutical products,3003,"medicaments with >=2 constituents mixed together, not for retail sale",3003900000,"other medicaments with >=2 constituents, not for retail sale, nes",160887.55,26786.1604297296
2022,january,import,china,30,pharmaceutical products,3004,"medicaments of mixed or unmixed products, for retail sale",3004100000,medicaments of penicillins... or streptomycins for retail sale,357679.49,59551.7115647165
2022,january,import,china,30,pharmaceutical products,3004,"medicaments of mixed or unmixed products, for retail sale",3004200000,"medicaments of other antibiotics, for retail sale",247175.94,41153.4293163225
2022,january,import,china,30,pharmaceutical products,3004,"medicaments of mixed or unmixed products, for retail sale",3004320000,"medicaments of adrenal cortex hormones, for retail sale",1969.4,327.883590836441
2022,january,import,china,30,pharmaceutical products,3004,"medicaments of mixed or unmixed products, for retail sale",3004390000,"medicaments of other hormones, for retail sale, nes",1645.07,273.886188066063
2022,january,import,china,30,pharmaceutical products,3004,"medicaments of mixed or unmixed products, for retail sale",3004490000,"other, containing alkaloids or derivatives thereof :--  other",136028.9,22648.0803170058
2022,january,import,china,30,pharmaceutical products,3004,"medicaments of mixed or unmixed products, for retail sale",3004500000,"medicaments of vitamins or other of 29.36 for retail sale - other, nes",119671.79,19924.3736811042
2022,january,import,china,30,pharmaceutical products,3004,"medicaments of mixed or unmixed products, for retail sale",3004600000,"- other, containing antimalarial active principles described in subheading note 2 to this chapter",111976.99,18644.4979103881
2022,january,import,china,30,pharmaceutical products,3004,"medicaments of mixed or unmixed products, for retail sale",3004909000,"medicaments, consisting of mixed or unmixed products for the therapeutic or prophylactic uses, put up in measured dosesor in the forms of packings for retail sale: other: other",837771.78,139439.103999746
2022,january,import,china,30,pharmaceutical products,3005,"wadding, gauze, etc with pharmaceutical substances or for retail sale",3005100000,adhesive dressings for medical... purposes,136919.92,22755.579009546
2022,january,import,china,30,pharmaceutical products,3005,"wadding, gauze, etc with pharmaceutical substances or for retail sale",3005900000,"wadding, gauze, etc with pharmaceutical substances for retail sale, nes",660247.81,109768.450323494
2022,january,import,china,30,pharmaceutical products,3006,pharmaceutical goods specified in note 3 to this chapter,3006100000,materials for surgical sutures; laminaria absorbable haemostatics,1048.83,174.149038621194
2022,january,import,china,30,pharmaceutical products,3006,pharmaceutical goods specified in note 3 to this chapter,3006400000,dental cements and other dental fillings; bone reconstruction cements,2438.85,405.737909464473
2022,january,import,china,30,pharmaceutical products,3006,pharmaceutical goods specified in note 3 to this chapter,3006500000,first-aid boxes and kits,41714.9,6945.14031602527
2022,january,import,china,30,pharmaceutical products,3006,pharmaceutical goods specified in note 3 to this chapter,3006600000,chemical contraceptive preparations based on hormones or spermicides,2539.47,422.477499209769
2022,january,import,china,30,pharmaceutical products,3006,pharmaceutical goods specified in note 3 to this chapter,3006700000,gel preparations designed to be used in human or vet medicine [?],2269.51,377.861210082914
2022,january,import,czech republic,30,pharmaceutical products,3002,"human blood; animal blood; antisera, etc; vaccines, toxins, etc",3002909000,other (vaccines for veterinary medicine),833.98,138.744613951322
2022,january,import,côte d’ivoire,30,pharmaceutical products,3004,"medicaments of mixed or unmixed products, for retail sale",3004909000,"medicaments, consisting of mixed or unmixed products for the therapeutic or prophylactic uses, put up in measured dosesor in the forms of packings for retail sale: other: other",37117.25,6179.2716184004
2022,january,import,denmark,30,pharmaceutical products,3002,"human blood; animal blood; antisera, etc; vaccines, toxins, etc",3002120000,"antisera, other blood fractions and immunological products, whether or not modified or obtained by means of biotechnological processes-antisera and other blood fractions",15957.91,2656.95043372571
2022,january,import,denmark,30,pharmaceutical products,3002,"human blood; animal blood; antisera, etc; vaccines, toxins, etc",3002200000,vaccines for human medicine,1791861.62,298335.323499051
2022,january,import,denmark,30,pharmaceutical products,3004,"medicaments of mixed or unmixed products, for retail sale",3004909000,"medicaments, consisting of mixed or unmixed products for the therapeutic or prophylactic uses, put up in measured dosesor in the forms of packings for retail sale: other: other",237300.87,39478.7657587525
2022,january,import,denmark,30,pharmaceutical products,3006,pharmaceutical goods specified in note 3 to this chapter,3006700000,gel preparations designed to be used in human or vet medicine [?],630.64,104.994672349494
2022,january,import,egypt,30,pharmaceutical products,3004,"medicaments of mixed or unmixed products, for retail sale",3004909000,"medicaments, consisting of mixed or unmixed products for the therapeutic or prophylactic uses, put up in measured dosesor in the forms of packings for retail sale: other: other",196094.36,32629.7323004311
2022,january,import,france,30,pharmaceutical products,3002,"human blood; animal blood; antisera, etc; vaccines, toxins, etc",3002150000,"antisera, other blood fractions and immunological products, whether or not modified or obtained by means of biotechnological processes -immunological products, put up in measured doses or in forms or packings for retail sale",18771.38,3125.33382171756
2022,january,import,france,30,pharmaceutical products,3003,"medicaments with >=2 constituents mixed together, not for retail sale",3003900000,"other medicaments with >=2 constituents, not for retail sale, nes",199198.73,33143.9959401674
2022,january,import,france,30,pharmaceutical products,3004,"medicaments of mixed or unmixed products, for retail sale",3004100000,medicaments of penicillins... or streptomycins for retail sale,1204090.26,200316.111438085
2022,january,import,france,30,pharmaceutical products,3004,"medicaments of mixed or unmixed products, for retail sale",3004200000,"medicaments of other antibiotics, for retail sale",2108731.59,350671.282301832
2022,january,import,france,30,pharmaceutical products,3004,"medicaments of mixed or unmixed products, for retail sale",3004320000,"medicaments of adrenal cortex hormones, for retail sale",745722.28,124061.667969855
2022,january,import,france,30,pharmaceutical products,3004,"medicaments of mixed or unmixed products, for retail sale",3004600000,"- other, containing antimalarial active principles described in subheading note 2 to this chapter",5170004.1,860593.369961856
2022,january,import,france,30,pharmaceutical products,3004,"medicaments of mixed or unmixed products, for retail sale",3004902000,oral rehydration salt (ors),110245.35,18355.5635104311
2022,january,import,france,30,pharmaceutical products,3004,"medicaments of mixed or unmixed products, for retail sale",3004909000,"medicaments, consisting of mixed or unmixed products for the therapeutic or prophylactic uses, put up in measured dosesor in the forms of packings for retail sale: other: other",4571839.2,759737.561011464
2022,january,import,france,30,pharmaceutical products,3005,"wadding, gauze, etc with pharmaceutical substances or for retail sale",3005900000,"wadding, gauze, etc with pharmaceutical substances for retail sale, nes",16639.17,2768.44612276977
2022,january,import,france,30,pharmaceutical products,3006,pharmaceutical goods specified in note 3 to this chapter,3006500000,first-aid boxes and kits,24644.06,4103.03514642958
2022,january,import,georgia,30,pharmaceutical products,3004,"medicaments of mixed or unmixed products, for retail sale",3004909000,"medicaments, consisting of mixed or unmixed products for the therapeutic or prophylactic uses, put up in measured dosesor in the forms of packings for retail sale: other: other",60027.29,9994.22097166262
2022,january,import,germany,30,pharmaceutical products,3001,"glands, etc, dried; extracts of glands, etc; heparin and its salts; etc",3001200000,extracts of glands or other organs or of their secretions,39494.45,6575.39457911561
2022,january,import,germany,30,pharmaceutical products,3002,"human blood; animal blood; antisera, etc; vaccines, toxins, etc",3002110000,"antisera, other blood fractions and immunological products, whether or not modified or obtained by means of biotechnological processes :-  malaria diagnostic kits",47182.11,7855.56758016716
2022,january,import,germany,30,pharmaceutical products,3002,"human blood; animal blood; antisera, etc; vaccines, toxins, etc",3002120000,"antisera, other blood fractions and immunological products, whether or not modified or obtained by means of biotechnological processes-antisera and other blood fractions",11245.56,1872.26291955248
2022,january,import,germany,30,pharmaceutical products,3002,"human blood; animal blood; antisera, etc; vaccines, toxins, etc",3002150000,"antisera, other blood fractions and immunological products, whether or not modified or obtained by means of biotechnological processes -immunological products, put up in measured doses or in forms or packings for retail sale",19451.27,3233.08968954758
2022,january,import,germany,30,pharmaceutical products,3002,"human blood; animal blood; antisera, etc; vaccines, toxins, etc",3002901000,ferments,27233.86,4534.14025039957
2022,january,import,germany,30,pharmaceutical products,3002,"human blood; animal blood; antisera, etc; vaccines, toxins, etc",3002909000,other (vaccines for veterinary medicine),5069.35,843.991409163559
2022,january,import,germany,30,pharmaceutical products,3003,"medicaments with >=2 constituents mixed together, not for retail sale",3003900000,"other medicaments with >=2 constituents, not for retail sale, nes",11864.94,1974.1668191877
2022,january,import,germany,30,pharmaceutical products,3004,"medicaments of mixed or unmixed products, for retail sale",3004200000,"medicaments of other antibiotics, for retail sale",224753.36,37418.9797549281
2022,january,import,germany,30,pharmaceutical products,3004,"medicaments of mixed or unmixed products, for retail sale",3004390000,"medicaments of other hormones, for retail sale, nes",204861.91,34107.4005597211
2022,january,import,germany,30,pharmaceutical products,3004,"medicaments of mixed or unmixed products, for retail sale",3004500000,"medicaments of vitamins or other of 29.36 for retail sale - other, nes",5513.47,917.245337636627
2022,january,import,germany,30,pharmaceutical products,3004,"medicaments of mixed or unmixed products, for retail sale",3004909000,"medicaments, consisting of mixed or unmixed products for the therapeutic or prophylactic uses, put up in measured dosesor in the forms of packings for retail sale: other: other",4598813.31,765363.740672336
2022,january,import,germany,30,pharmaceutical products,3006,pharmaceutical goods specified in note 3 to this chapter,3006600000,chemical contraceptive preparations based on hormones or spermicides,5030257.21,837492.989847476
2022,january,import,hungary,30,pharmaceutical products,3002,"human blood; animal blood; antisera, etc; vaccines, toxins, etc",3002200000,vaccines for human medicine,50822.92,8456.25197584067
2022,january,import,hungary,30,pharmaceutical products,3004,"medicaments of mixed or unmixed products, for retail sale",3004909000,"medicaments, consisting of mixed or unmixed products for the therapeutic or prophylactic uses, put up in measured dosesor in the forms of packings for retail sale: other: other",77292.98,12833.8226015342
2022,january,import,india,30,pharmaceutical products,3001,"glands, etc, dried; extracts of glands, etc; heparin and its salts; etc",3001200000,extracts of glands or other organs or of their secretions,21473.18,3564.84162294973
2022,january,import,india,30,pharmaceutical products,3002,"human blood; animal blood; antisera, etc; vaccines, toxins, etc",3002120000,"antisera, other blood fractions and immunological products, whether or not modified or obtained by means of biotechnological processes-antisera and other blood fractions",7061.43,1175.65097229622
2022,january,import,india,30,pharmaceutical products,3002,"human blood; animal blood; antisera, etc; vaccines, toxins, etc",3002150000,"antisera, other blood fractions and immunological products, whether or not modified or obtained by means of biotechnological processes -immunological products, put up in measured doses or in forms or packings for retail sale",24884.51,4143.06811181593
2022,january,import,india,30,pharmaceutical products,3002,"human blood; animal blood; antisera, etc; vaccines, toxins, etc",3002200000,vaccines for human medicine,2328948.83,387756.761113644
2022,january,import,india,30,pharmaceutical products,3002,"human blood; animal blood; antisera, etc; vaccines, toxins, etc",3002909000,other (vaccines for veterinary medicine),31997.88,5313.81317562113
2022,january,import,india,30,pharmaceutical products,3003,"medicaments with >=2 constituents mixed together, not for retail sale",3003600000,"medicaments (exc 30.02, 30.05, 30.06) consisting of two or more constituents for therapeutic or prophylactic uses, not in measured doses or forms or packings, other containing antimalarial active principles described in this chapter subheading note 2",1274965.77,212278.478546811
2022,january,import,india,30,pharmaceutical products,3003,"medicaments with >=2 constituents mixed together, not for retail sale",3003900000,"other medicaments with >=2 constituents, not for retail sale, nes",594085.23,98901.2700254065
2022,january,import,india,30,pharmaceutical products,3004,"medicaments of mixed or unmixed products, for retail sale",3004100000,medicaments of penicillins... or streptomycins for retail sale,523667.26,87152.2410423677
2022,january,import,india,30,pharmaceutical products,3004,"medicaments of mixed or unmixed products, for retail sale",3004200000,"medicaments of other antibiotics, for retail sale",6349574.1,1056113.96742809
2022,january,import,india,30,pharmaceutical products,3004,"medicaments of mixed or unmixed products, for retail sale",3004310000,"medicaments of insulin, for retail sale",16032.6,2669.34168026373
2022,january,import,india,30,pharmaceutical products,3004,"medicaments of mixed or unmixed products, for retail sale",3004390000,"medicaments of other hormones, for retail sale, nes",1241351.41,206612.332203319
2022,january,import,india,30,pharmaceutical products,3004,"medicaments of mixed or unmixed products, for retail sale",3004490000,"other, containing alkaloids or derivatives thereof :--  other",276980.25,46115.6505260596
2022,january,import,india,30,pharmaceutical products,3004,"medicaments of mixed or unmixed products, for retail sale",3004500000,"medicaments of vitamins or other of 29.36 for retail sale - other, nes",3142350.1,523012.02511887
2022,january,import,india,30,pharmaceutical products,3004,"medicaments of mixed or unmixed products, for retail sale",3004600000,"- other, containing antimalarial active principles described in subheading note 2 to this chapter",5099996.73,848698.974065018
2022,january,import,india,30,pharmaceutical products,3004,"medicaments of mixed or unmixed products, for retail sale",3004909000,"medicaments, consisting of mixed or unmixed products for the therapeutic or prophylactic uses, put up in measured dosesor in the forms of packings for retail sale: other: other",49556295.28,8246726.64596955
2022,january,import,india,30,pharmaceutical products,3005,"wadding, gauze, etc with pharmaceutical substances or for retail sale",3005100000,adhesive dressings for medical... purposes,105.73,17.5555407963338
2022,january,import,india,30,pharmaceutical products,3005,"wadding, gauze, etc with pharmaceutical substances or for retail sale",3005900000,"wadding, gauze, etc with pharmaceutical substances for retail sale, nes",25572.32,4257.51198721364
2022,january,import,india,30,pharmaceutical products,3006,pharmaceutical goods specified in note 3 to this chapter,3006100000,materials for surgical sutures; laminaria absorbable haemostatics,4855.35,808.430043790273
2022,january,import,india,30,pharmaceutical products,3006,pharmaceutical goods specified in note 3 to this chapter,3006200000,blood-grouping reagents,60441.1,10062.7830314331
2022,january,import,india,30,pharmaceutical products,3006,pharmaceutical goods specified in note 3 to this chapter,3006400000,dental cements and other dental fillings; bone reconstruction cements,5186.36,862.825866342811
2022,january,import,india,30,pharmaceutical products,3006,pharmaceutical goods specified in note 3 to this chapter,3006600000,chemical contraceptive preparations based on hormones or spermicides,1898612.84,316098.301811401
2022,january,import,indonesia,30,pharmaceutical products,3004,"medicaments of mixed or unmixed products, for retail sale",3004909000,"medicaments, consisting of mixed or unmixed products for the therapeutic or prophylactic uses, put up in measured dosesor in the forms of packings for retail sale: other: other",219799.64,36594.8487421541
2022,january,import,iran (islamic republic of),30,pharmaceutical products,3004,"medicaments of mixed or unmixed products, for retail sale",3004909000,"medicaments, consisting of mixed or unmixed products for the therapeutic or prophylactic uses, put up in measured dosesor in the forms of packings for retail sale: other: other",21180.42,3526.30860415557
2022,january,import,ireland,30,pharmaceutical products,3002,"human blood; animal blood; antisera, etc; vaccines, toxins, etc",3002150000,"antisera, other blood fractions and immunological products, whether or not modified or obtained by means of biotechnological processes -immunological products, put up in measured doses or in forms or packings for retail sale",1125.73,187.312600875223
2022,january,import,ireland,30,pharmaceutical products,3004,"medicaments of mixed or unmixed products, for retail sale",3004909000,"medicaments, consisting of mixed or unmixed products for the therapeutic or prophylactic uses, put up in measured dosesor in the forms of packings for retail sale: other: other",185199.87,30786.2430204514
2022,january,import,ireland,30,pharmaceutical products,3006,pharmaceutical goods specified in note 3 to this chapter,3006300000,opacifying preparations for x-ray examinations; diagnostic reagents...,113093.84,18828.8891848695
2022,january,import,italy,30,pharmaceutical products,3004,"medicaments of mixed or unmixed products, for retail sale",3004200000,"medicaments of other antibiotics, for retail sale",714450.49,118902.338485306
2022,january,import,italy,30,pharmaceutical products,3004,"medicaments of mixed or unmixed products, for retail sale",3004320000,"medicaments of adrenal cortex hormones, for retail sale",28948.17,4819.7948752102
2022,january,import,italy,30,pharmaceutical products,3004,"medicaments of mixed or unmixed products, for retail sale",3004909000,"medicaments, consisting of mixed or unmixed products for the therapeutic or prophylactic uses, put up in measured dosesor in the forms of packings for retail sale: other: other",1137668.32,189198.361116302
2022,january,import,italy,30,pharmaceutical products,3006,pharmaceutical goods specified in note 3 to this chapter,3006500000,first-aid boxes and kits,5758.66,958.75399573788
2022,january,import,japan,30,pharmaceutical products,3002,"human blood; animal blood; antisera, etc; vaccines, toxins, etc",3002200000,vaccines for human medicine,79.12,13.1594704277826
2022,january,import,japan,30,pharmaceutical products,3004,"medicaments of mixed or unmixed products, for retail sale",3004909000,"medicaments, consisting of mixed or unmixed products for the therapeutic or prophylactic uses, put up in measured dosesor in the forms of packings for retail sale: other: other",87311.57,14525.5402685122
2022,january,import,kenya,30,pharmaceutical products,3004,"medicaments of mixed or unmixed products, for retail sale",3004909000,"medicaments, consisting of mixed or unmixed products for the therapeutic or prophylactic uses, put up in measured dosesor in the forms of packings for retail sale: other: other",96018.48,15947.469436809
2022,january,import,liberia,30,pharmaceutical products,3004,"medicaments of mixed or unmixed products, for retail sale",3004909000,"medicaments, consisting of mixed or unmixed products for the therapeutic or prophylactic uses, put up in measured dosesor in the forms of packings for retail sale: other: other",523884.3,86986.4012220636
2022,january,import,malaysia,30,pharmaceutical products,3004,"medicaments of mixed or unmixed products, for retail sale",3004909000,"medicaments, consisting of mixed or unmixed products for the therapeutic or prophylactic uses, put up in measured dosesor in the forms of packings for retail sale: other: other",237822.97,39596.2455462689
2022,january,import,mexico,30,pharmaceutical products,3004,"medicaments of mixed or unmixed products, for retail sale",3004909000,"medicaments, consisting of mixed or unmixed products for the therapeutic or prophylactic uses, put up in measured dosesor in the forms of packings for retail sale: other: other",49207.61,8170.49281041411
2022,january,import,morocco,30,pharmaceutical products,3004,"medicaments of mixed or unmixed products, for retail sale",3004909000,"medicaments, consisting of mixed or unmixed products for the therapeutic or prophylactic uses, put up in measured dosesor in the forms of packings for retail sale: other: other",4456.48,739.959485936307
2022,january,import,netherlands,30,pharmaceutical products,3002,"human blood; animal blood; antisera, etc; vaccines, toxins, etc",3002190000,"antisera, other blood fractions and immunological products, whether or not modified or obtained by means of biotechnological processes --  other",2476.24,412.301237116835
2022,january,import,netherlands,30,pharmaceutical products,3002,"human blood; animal blood; antisera, etc; vaccines, toxins, etc",3002300000,vaccines for veterinary medicine,31231.84,5195.86750736163
2022,january,import,netherlands,30,pharmaceutical products,3004,"medicaments of mixed or unmixed products, for retail sale",3004200000,"medicaments of other antibiotics, for retail sale",35231.66,5859.83301177566
2022,january,import,netherlands,30,pharmaceutical products,3004,"medicaments of mixed or unmixed products, for retail sale",3004500000,"medicaments of vitamins or other of 29.36 for retail sale - other, nes",235977.05,39248.3949837003
2022,january,import,netherlands,30,pharmaceutical products,3004,"medicaments of mixed or unmixed products, for retail sale",3004909000,"medicaments, consisting of mixed or unmixed products for the therapeutic or prophylactic uses, put up in measured dosesor in the forms of packings for retail sale: other: other",310417.35,51646.069877931
2022,january,import,nigeria,30,pharmaceutical products,3004,"medicaments of mixed or unmixed products, for retail sale",3004909000,"medicaments, consisting of mixed or unmixed products for the therapeutic or prophylactic uses, put up in measured dosesor in the forms of packings for retail sale: other: other",88834.25,14790.239910335
2022,january,import,pakistan,30,pharmaceutical products,3004,"medicaments of mixed or unmixed products, for retail sale",3004390000,"medicaments of other hormones, for retail sale, nes",364.17,60.6313370960491
2022,january,import,pakistan,30,pharmaceutical products,3004,"medicaments of mixed or unmixed products, for retail sale",3004410000,"other, containing alkaloids or derivatives thereof :--  containing ephedrine or its salts",667.63,111.154953965003
2022,january,import,pakistan,30,pharmaceutical products,3004,"medicaments of mixed or unmixed products, for retail sale",3004909000,"medicaments, consisting of mixed or unmixed products for the therapeutic or prophylactic uses, put up in measured dosesor in the forms of packings for retail sale: other: other",108972.31,18142.6994539158
2022,january,import,puerto rico,30,pharmaceutical products,3004,"medicaments of mixed or unmixed products, for retail sale",3004909000,"medicaments, consisting of mixed or unmixed products for the therapeutic or prophylactic uses, put up in measured dosesor in the forms of packings for retail sale: other: other",1675998.86,278907.924651618
2022,january,import,republic of korea,30,pharmaceutical products,3002,"human blood; animal blood; antisera, etc; vaccines, toxins, etc",3002150000,"antisera, other blood fractions and immunological products, whether or not modified or obtained by means of biotechnological processes -immunological products, put up in measured doses or in forms or packings for retail sale",21425.31,3567.08011454449
2022,january,import,republic of korea,30,pharmaceutical products,3004,"medicaments of mixed or unmixed products, for retail sale",3004909000,"medicaments, consisting of mixed or unmixed products for the therapeutic or prophylactic uses, put up in measured dosesor in the forms of packings for retail sale: other: other",44913.23,7477.81126169625
2022,january,import,republic of korea,30,pharmaceutical products,3006,pharmaceutical goods specified in note 3 to this chapter,3006500000,first-aid boxes and kits,91.04,15.1576704072458
2022,january,import,russian federation,30,pharmaceutical products,3004,"medicaments of mixed or unmixed products, for retail sale",3004909000,"medicaments, consisting of mixed or unmixed products for the therapeutic or prophylactic uses, put up in measured dosesor in the forms of packings for retail sale: other: other",7762.45,1291.95446299286
2022,january,import,sierra leone,30,pharmaceutical products,3004,"medicaments of mixed or unmixed products, for retail sale",3004909000,"medicaments, consisting of mixed or unmixed products for the therapeutic or prophylactic uses, put up in measured dosesor in the forms of packings for retail sale: other: other",279831.44,46560.1970017138
2022,january,import,slovenia,30,pharmaceutical products,3004,"medicaments of mixed or unmixed products, for retail sale",3004100000,medicaments of penicillins... or streptomycins for retail sale,188171.86,31329.6027438314
2022,january,import,slovenia,30,pharmaceutical products,3004,"medicaments of mixed or unmixed products, for retail sale",3004200000,"medicaments of other antibiotics, for retail sale",2865005.09,476352.285060843
2022,january,import,slovenia,30,pharmaceutical products,3004,"medicaments of mixed or unmixed products, for retail sale",3004600000,"- other, containing antimalarial active principles described in subheading note 2 to this chapter",1449478.54,241023.184186832
2022,january,import,slovenia,30,pharmaceutical products,3004,"medicaments of mixed or unmixed products, for retail sale",3004909000,"medicaments, consisting of mixed or unmixed products for the therapeutic or prophylactic uses, put up in measured dosesor in the forms of packings for retail sale: other: other",2578930.69,429283.100922129
2022,january,import,south africa,30,pharmaceutical products,3002,"human blood; animal blood; antisera, etc; vaccines, toxins, etc",3002150000,"antisera, other blood fractions and immunological products, whether or not modified or obtained by means of biotechnological processes -immunological products, put up in measured doses or in forms or packings for retail sale",25636.45,4268.35939758909
2022,january,import,south africa,30,pharmaceutical products,3002,"human blood; animal blood; antisera, etc; vaccines, toxins, etc",3002909000,other (vaccines for veterinary medicine),337.43,56.1784096963239
2022,january,import,south africa,30,pharmaceutical products,3004,"medicaments of mixed or unmixed products, for retail sale",3004500000,"medicaments of vitamins or other of 29.36 for retail sale - other, nes",297.56,49.5429646526032
2022,january,import,south africa,30,pharmaceutical products,3004,"medicaments of mixed or unmixed products, for retail sale",3004909000,"medicaments, consisting of mixed or unmixed products for the therapeutic or prophylactic uses, put up in measured dosesor in the forms of packings for retail sale: other: other",904798.43,150209.042703056
2022,january,import,south africa,30,pharmaceutical products,3005,"wadding, gauze, etc with pharmaceutical substances or for retail sale",3005900000,"wadding, gauze, etc with pharmaceutical substances for retail sale, nes",374315.04,62281.0003161345
2022,january,import,south africa,30,pharmaceutical products,3006,pharmaceutical goods specified in note 3 to this chapter,3006500000,first-aid boxes and kits,3735.09,620.178992461727
2022,january,import,spain,30,pharmaceutical products,3002,"human blood; animal blood; antisera, etc; vaccines, toxins, etc",3002300000,vaccines for veterinary medicine,111039.38,18473.0040426558
2022,january,import,spain,30,pharmaceutical products,3004,"medicaments of mixed or unmixed products, for retail sale",3004320000,"medicaments of adrenal cortex hormones, for retail sale",14775.74,2458.56669828117
2022,january,import,spain,30,pharmaceutical products,3004,"medicaments of mixed or unmixed products, for retail sale",3004909000,"medicaments, consisting of mixed or unmixed products for the therapeutic or prophylactic uses, put up in measured dosesor in the forms of packings for retail sale: other: other",1059236.59,176199.829673227
2022,january,import,sweden,30,pharmaceutical products,3002,"human blood; animal blood; antisera, etc; vaccines, toxins, etc",3002200000,vaccines for human medicine,1381042.47,229928.487946191
2022,january,import,sweden,30,pharmaceutical products,3002,"human blood; animal blood; antisera, etc; vaccines, toxins, etc",3002909000,other (vaccines for veterinary medicine),2334.97,388.753475517373
2022,january,import,sweden,30,pharmaceutical products,3004,"medicaments of mixed or unmixed products, for retail sale",3004909000,"medicaments, consisting of mixed or unmixed products for the therapeutic or prophylactic uses, put up in measured dosesor in the forms of packings for retail sale: other: other",1569840.82,261261.226791655
2022,january,import,sweden,30,pharmaceutical products,3006,pharmaceutical goods specified in note 3 to this chapter,3006500000,first-aid boxes and kits,2292.36,381.417946456798
2022,january,import,switzerland,30,pharmaceutical products,3002,"human blood; animal blood; antisera, etc; vaccines, toxins, etc",3002120000,"antisera, other blood fractions and immunological products, whether or not modified or obtained by means of biotechnological processes-antisera and other blood fractions",7427.07,1236.52603889185
2022,january,import,switzerland,30,pharmaceutical products,3002,"human blood; animal blood; antisera, etc; vaccines, toxins, etc",3002150000,"antisera, other blood fractions and immunological products, whether or not modified or obtained by means of biotechnological processes -immunological products, put up in measured doses or in forms or packings for retail sale",2849292.25,474106.218772682
2022,january,import,switzerland,30,pharmaceutical products,3002,"human blood; animal blood; antisera, etc; vaccines, toxins, etc",3002909000,other (vaccines for veterinary medicine),28361.82,4720.44005791988
2022,january,import,switzerland,30,pharmaceutical products,3004,"medicaments of mixed or unmixed products, for retail sale",3004200000,"medicaments of other antibiotics, for retail sale",2924849.72,486710.498409852
2022,january,import,switzerland,30,pharmaceutical products,3004,"medicaments of mixed or unmixed products, for retail sale",3004909000,"medicaments, consisting of mixed or unmixed products for the therapeutic or prophylactic uses, put up in measured dosesor in the forms of packings for retail sale: other: other",668081.68,111152.67930485
2022,january,import,thailand,30,pharmaceutical products,3003,"medicaments with >=2 constituents mixed together, not for retail sale",3003900000,"other medicaments with >=2 constituents, not for retail sale, nes",39474.69,6572.32359894775
2022,january,import,thailand,30,pharmaceutical products,3004,"medicaments of mixed or unmixed products, for retail sale",3004500000,"medicaments of vitamins or other of 29.36 for retail sale - other, nes",185243.86,30823.1185211068
2022,january,import,togo,30,pharmaceutical products,3003,"medicaments with >=2 constituents mixed together, not for retail sale",3003900000,"other medicaments with >=2 constituents, not for retail sale, nes",6384.56,1061.73769498614
2022,january,import,togo,30,pharmaceutical products,3004,"medicaments of mixed or unmixed products, for retail sale",3004390000,"medicaments of other hormones, for retail sale, nes",17978.56,2988.24079884917
2022,january,import,togo,30,pharmaceutical products,3004,"medicaments of mixed or unmixed products, for retail sale",3004909000,"medicaments, consisting of mixed or unmixed products for the therapeutic or prophylactic uses, put up in measured dosesor in the forms of packings for retail sale: other: other",240.37,40.0196460383264
2022,january,import,türkiye,30,pharmaceutical products,3005,"wadding, gauze, etc with pharmaceutical substances or for retail sale",3005100000,adhesive dressings for medical... purposes,4480.66,745.98095364944
2022,january,import,türkiye,30,pharmaceutical products,3005,"wadding, gauze, etc with pharmaceutical substances or for retail sale",3005900000,"wadding, gauze, etc with pharmaceutical substances for retail sale, nes",2127.05,354.130594033031
2022,january,import,türkiye,30,pharmaceutical products,3006,pharmaceutical goods specified in note 3 to this chapter,3006700000,gel preparations designed to be used in human or vet medicine [?],16518.99,2750.32299956711
2022,january,import,united arab emirates,30,pharmaceutical products,3002,"human blood; animal blood; antisera, etc; vaccines, toxins, etc",3002200000,vaccines for human medicine,221002.34,36794.6810283362
2022,january,import,united arab emirates,30,pharmaceutical products,3006,pharmaceutical goods specified in note 3 to this chapter,3006100000,materials for surgical sutures; laminaria absorbable haemostatics,29989.44,4990.90897600833
2022,january,import,united kingdom,30,pharmaceutical products,3002,"human blood; animal blood; antisera, etc; vaccines, toxins, etc",3002150000,"antisera, other blood fractions and immunological products, whether or not modified or obtained by means of biotechnological processes -immunological products, put up in measured doses or in forms or packings for retail sale",28435.38,4731.26570273373
2022,january,import,united kingdom,30,pharmaceutical products,3002,"human blood; animal blood; antisera, etc; vaccines, toxins, etc",3002190000,"antisera, other blood fractions and immunological products, whether or not modified or obtained by means of biotechnological processes --  other",2541.41,423.124053077602
2022,january,import,united kingdom,30,pharmaceutical products,3002,"human blood; animal blood; antisera, etc; vaccines, toxins, etc",3002200000,vaccines for human medicine,381.54,63.5233005344388
2022,january,import,united kingdom,30,pharmaceutical products,3002,"human blood; animal blood; antisera, etc; vaccines, toxins, etc",3002909000,other (vaccines for veterinary medicine),9834.53,1636.70930182541
2022,january,import,united kingdom,30,pharmaceutical products,3003,"medicaments with >=2 constituents mixed together, not for retail sale",3003310000,"medicaments of insulin, not for retail sale",101.2,16.8489752426619
2022,january,import,united kingdom,30,pharmaceutical products,3004,"medicaments of mixed or unmixed products, for retail sale",3004200000,"medicaments of other antibiotics, for retail sale",1072375.18,178404.099984839
2022,january,import,united kingdom,30,pharmaceutical products,3004,"medicaments of mixed or unmixed products, for retail sale",3004390000,"medicaments of other hormones, for retail sale, nes",68944.38,11478.4053862916
2022,january,import,united kingdom,30,pharmaceutical products,3004,"medicaments of mixed or unmixed products, for retail sale",3004490000,"other, containing alkaloids or derivatives thereof :--  other",53.94,8.97489226468777
2022,january,import,united kingdom,30,pharmaceutical products,3004,"medicaments of mixed or unmixed products, for retail sale",3004909000,"medicaments, consisting of mixed or unmixed products for the therapeutic or prophylactic uses, put up in measured dosesor in the forms of packings for retail sale: other: other",1297707.65,215767.713919828
2022,january,import,united kingdom,30,pharmaceutical products,3005,"wadding, gauze, etc with pharmaceutical substances or for retail sale",3005100000,adhesive dressings for medical... purposes,481.69,79.9804071331319
2022,january,import,united kingdom,30,pharmaceutical products,3006,pharmaceutical goods specified in note 3 to this chapter,3006400000,dental cements and other dental fillings; bone reconstruction cements,181.95,30.2926877996803
2022,january,import,united kingdom,30,pharmaceutical products,3006,pharmaceutical goods specified in note 3 to this chapter,3006500000,first-aid boxes and kits,2978.69,495.614049683034
2022,january,import,united kingdom,30,pharmaceutical products,3006,pharmaceutical goods specified in note 3 to this chapter,3006700000,gel preparations designed to be used in human or vet medicine [?],172.36,28.6960575386255
2022,january,import,united republic of tanzania,30,pharmaceutical products,3004,"medicaments of mixed or unmixed products, for retail sale",3004909000,"medicaments, consisting of mixed or unmixed products for the therapeutic or prophylactic uses, put up in measured dosesor in the forms of packings for retail sale: other: other",106722.33,17768.1023574853
2022,january,import,united states of america,30,pharmaceutical products,3002,"human blood; animal blood; antisera, etc; vaccines, toxins, etc",3002120000,"antisera, other blood fractions and immunological products, whether or not modified or obtained by means of biotechnological processes-antisera and other blood fractions",15964.63,2655.99445391084
2022,january,import,united states of america,30,pharmaceutical products,3002,"human blood; animal blood; antisera, etc; vaccines, toxins, etc",3002150000,"antisera, other blood fractions and immunological products, whether or not modified or obtained by means of biotechnological processes -immunological products, put up in measured doses or in forms or packings for retail sale",78132.09,13001.6225865152
2022,january,import,united states of america,30,pharmaceutical products,3002,"human blood; animal blood; antisera, etc; vaccines, toxins, etc",3002200000,vaccines for human medicine,351.77,58.4083286288314
2022,january,import,united states of america,30,pharmaceutical products,3004,"medicaments of mixed or unmixed products, for retail sale",3004200000,"medicaments of other antibiotics, for retail sale",73736.9,12272.8244735738
2022,january,import,united states of america,30,pharmaceutical products,3004,"medicaments of mixed or unmixed products, for retail sale",3004490000,"other, containing alkaloids or derivatives thereof :--  other",1007.49,167.257121986852
2022,january,import,united states of america,30,pharmaceutical products,3004,"medicaments of mixed or unmixed products, for retail sale",3004909000,"medicaments, consisting of mixed or unmixed products for the therapeutic or prophylactic uses, put up in measured dosesor in the forms of packings for retail sale: other: other",644405.74,107277.288916682
2022,january,import,united states of america,30,pharmaceutical products,3005,"wadding, gauze, etc with pharmaceutical substances or for retail sale",3005100000,adhesive dressings for medical... purposes,4117.64,684.748773515403
2022,january,import,united states of america,30,pharmaceutical products,3005,"wadding, gauze, etc with pharmaceutical substances or for retail sale",3005900000,"wadding, gauze, etc with pharmaceutical substances for retail sale, nes",4471.48,742.430296036555
2022,january,import,united states of america,30,pharmaceutical products,3006,pharmaceutical goods specified in note 3 to this chapter,3006100000,materials for surgical sutures; laminaria absorbable haemostatics,5865.75,976.327139078587
2022,january,import,united states of america,30,pharmaceutical products,3006,pharmaceutical goods specified in note 3 to this chapter,3006400000,dental cements and other dental fillings; bone reconstruction cements,4655.3,775.069510347469
2022,january,import,united states of america,30,pharmaceutical products,3006,pharmaceutical goods specified in note 3 to this chapter,3006500000,first-aid boxes and kits,12097.89,2009.59960971895
2022,january,import,united states of america,30,pharmaceutical products,3006,pharmaceutical goods specified in note 3 to this chapter,3006600000,chemical contraceptive preparations based on hormones or spermicides,2182.31,363.330780500799
2022,january,import,united states of america,30,pharmaceutical products,3006,pharmaceutical goods specified in note 3 to this chapter,3006700000,gel preparations designed to be used in human or vet medicine [?],723.58,120.470172985032
2022,february,import,austria,30,pharmaceutical products,3004,"medicaments of mixed or unmixed products, for retail sale",3004909000,"medicaments, consisting of mixed or unmixed products for the therapeutic or prophylactic uses, put up in measured dosesor in the forms of packings for retail sale: other: other",9683.82,1515.62907420213
2022,february,import,belgium,30,pharmaceutical products,3002,"human blood; animal blood; antisera, etc; vaccines, toxins, etc",3002150000,"antisera, other blood fractions and immunological products, whether or not modified or obtained by means of biotechnological processes -immunological products, put up in measured doses or in forms or packings for retail sale",66173.96,10259.2105671142
2022,february,import,belgium,30,pharmaceutical products,3002,"human blood; animal blood; antisera, etc; vaccines, toxins, etc",3002200000,vaccines for human medicine,1415544.97,214463.512817405
2022,february,import,belgium,30,pharmaceutical products,3002,"human blood; animal blood; antisera, etc; vaccines, toxins, etc",3002300000,vaccines for veterinary medicine,110764.07,16781.417792861
2022,february,import,belgium,30,pharmaceutical products,3002,"human blood; animal blood; antisera, etc; vaccines, toxins, etc",3002909000,other (vaccines for veterinary medicine),79772.18,12968.6146367462
2022,february,import,belgium,30,pharmaceutical products,3004,"medicaments of mixed or unmixed products, for retail sale",3004200000,"medicaments of other antibiotics, for retail sale",300248.79,46703.8110948394
2022,february,import,belgium,30,pharmaceutical products,3004,"medicaments of mixed or unmixed products, for retail sale",3004320000,"medicaments of adrenal cortex hormones, for retail sale",54215.98,8820.83049190338
2022,february,import,belgium,30,pharmaceutical products,3004,"medicaments of mixed or unmixed products, for retail sale",3004909000,"medicaments, consisting of mixed or unmixed products for the therapeutic or prophylactic uses, put up in measured dosesor in the forms of packings for retail sale: other: other",2987013.24,476615.414072574
2022,february,import,belgium,30,pharmaceutical products,3006,pharmaceutical goods specified in note 3 to this chapter,3006500000,first-aid boxes and kits,545.95,89.4604027725433
2022,february,import,benin,30,pharmaceutical products,3004,"medicaments of mixed or unmixed products, for retail sale",3004909000,"medicaments, consisting of mixed or unmixed products for the therapeutic or prophylactic uses, put up in measured dosesor in the forms of packings for retail sale: other: other",48237.88,7779.67583259415
2022,february,import,burkina faso,30,pharmaceutical products,3004,"medicaments of mixed or unmixed products, for retail sale",3004909000,"medicaments, consisting of mixed or unmixed products for the therapeutic or prophylactic uses, put up in measured dosesor in the forms of packings for retail sale: other: other",17651.45,2892.40008520819
2022,february,import,china,30,pharmaceutical products,3001,"glands, etc, dried; extracts of glands, etc; heparin and its salts; etc",3001200000,extracts of glands or other organs or of their secretions,11832.1,1908.24933473107
2022,february,import,china,30,pharmaceutical products,3002,"human blood; animal blood; antisera, etc; vaccines, toxins, etc",3002140000,"antisera, other blood fractions and immunological products, whether or not modified or obtained by means of biotechnological processes -immunological products, mixed, not put up in measured doses or in forms or packings for retail sale",4503.54,737.958608484769
2022,february,import,china,30,pharmaceutical products,3002,"human blood; animal blood; antisera, etc; vaccines, toxins, etc",3002190000,"antisera, other blood fractions and immunological products, whether or not modified or obtained by means of biotechnological processes --  other",6359.77,990.232775398988
2022,february,import,china,30,pharmaceutical products,3002,"human blood; animal blood; antisera, etc; vaccines, toxins, etc",3002909000,other (vaccines for veterinary medicine),255890.45,41201.5473296086
2022,february,import,china,30,pharmaceutical products,3003,"medicaments with >=2 constituents mixed together, not for retail sale",3003900000,"other medicaments with >=2 constituents, not for retail sale, nes",6792.24,1112.98933259049
2022,february,import,china,30,pharmaceutical products,3004,"medicaments of mixed or unmixed products, for retail sale",3004100000,medicaments of penicillins... or streptomycins for retail sale,991067.13,156809.45697921
2022,february,import,china,30,pharmaceutical products,3004,"medicaments of mixed or unmixed products, for retail sale",3004200000,"medicaments of other antibiotics, for retail sale",178879.01,28848.1961714
2022,february,import,china,30,pharmaceutical products,3004,"medicaments of mixed or unmixed products, for retail sale",3004390000,"medicaments of other hormones, for retail sale, nes",405.26,65.3571370974245
2022,february,import,china,30,pharmaceutical products,3004,"medicaments of mixed or unmixed products, for retail sale",3004490000,"other, containing alkaloids or derivatives thereof :--  other",101415.99,16046.3260656308
2022,february,import,china,30,pharmaceutical products,3004,"medicaments of mixed or unmixed products, for retail sale",3004500000,"medicaments of vitamins or other of 29.36 for retail sale - other, nes",64905.14,10467.3891657394
2022,february,import,china,30,pharmaceutical products,3004,"medicaments of mixed or unmixed products, for retail sale",3004909000,"medicaments, consisting of mixed or unmixed products for the therapeutic or prophylactic uses, put up in measured dosesor in the forms of packings for retail sale: other: other",1543611.31,248334.243570173
2022,february,import,china,30,pharmaceutical products,3005,"wadding, gauze, etc with pharmaceutical substances or for retail sale",3005100000,adhesive dressings for medical... purposes,293888.96,45457.5362044034
2022,february,import,china,30,pharmaceutical products,3005,"wadding, gauze, etc with pharmaceutical substances or for retail sale",3005900000,"wadding, gauze, etc with pharmaceutical substances for retail sale, nes",670750.86,105691.815788522
2022,february,import,côte d’ivoire,30,pharmaceutical products,3004,"medicaments of mixed or unmixed products, for retail sale",3004909000,"medicaments, consisting of mixed or unmixed products for the therapeutic or prophylactic uses, put up in measured dosesor in the forms of packings for retail sale: other: other",23445.82,3757.9312166964
2022,february,import,democratic republic of the congo,30,pharmaceutical products,3004,"medicaments of mixed or unmixed products, for retail sale",3004909000,"medicaments, consisting of mixed or unmixed products for the therapeutic or prophylactic uses, put up in measured dosesor in the forms of packings for retail sale: other: other",19470.48,3018.58547021798
2022,february,import,denmark,30,pharmaceutical products,3002,"human blood; animal blood; antisera, etc; vaccines, toxins, etc",3002901000,ferments,34236.23,5417.65774799018
2022,february,import,denmark,30,pharmaceutical products,3004,"medicaments of mixed or unmixed products, for retail sale",3004909000,"medicaments, consisting of mixed or unmixed products for the therapeutic or prophylactic uses, put up in measured dosesor in the forms of packings for retail sale: other: other",901262.38,142713.969443866
2022,february,import,denmark,30,pharmaceutical products,3005,"wadding, gauze, etc with pharmaceutical substances or for retail sale",3005100000,adhesive dressings for medical... purposes,1521.81,245.03035084612
2022,february,import,denmark,30,pharmaceutical products,3006,pharmaceutical goods specified in note 3 to this chapter,3006500000,first-aid boxes and kits,10346.23,1567.51560511484
2022,february,import,denmark,30,pharmaceutical products,3006,pharmaceutical goods specified in note 3 to this chapter,3006600000,chemical contraceptive preparations based on hormones or spermicides,5559595.37,886885.001824179
2022,february,import,dominican republic,30,pharmaceutical products,3006,pharmaceutical goods specified in note 3 to this chapter,3006100000,materials for surgical sutures; laminaria absorbable haemostatics,2540.25,402.575277337559
2022,february,import,egypt,30,pharmaceutical products,3004,"medicaments of mixed or unmixed products, for retail sale",3004909000,"medicaments, consisting of mixed or unmixed products for the therapeutic or prophylactic uses, put up in measured dosesor in the forms of packings for retail sale: other: other",13084.29,2142.26140773122
2022,february,import,france,30,pharmaceutical products,3002,"human blood; animal blood; antisera, etc; vaccines, toxins, etc",3002120000,"antisera, other blood fractions and immunological products, whether or not modified or obtained by means of biotechnological processes-antisera and other blood fractions",81148.09,13286.1944758256
2022,february,import,france,30,pharmaceutical products,3002,"human blood; animal blood; antisera, etc; vaccines, toxins, etc",3002200000,vaccines for human medicine,9177.21,1411.79158205649
2022,february,import,france,30,pharmaceutical products,3002,"human blood; animal blood; antisera, etc; vaccines, toxins, etc",3002300000,vaccines for veterinary medicine,1325819.6,213817.730256261
2022,february,import,france,30,pharmaceutical products,3003,"medicaments with >=2 constituents mixed together, not for retail sale",3003900000,"other medicaments with >=2 constituents, not for retail sale, nes",15.6,2.55624559621151
2022,february,import,france,30,pharmaceutical products,3004,"medicaments of mixed or unmixed products, for retail sale",3004100000,medicaments of penicillins... or streptomycins for retail sale,1382511.9,222898.118658481
2022,february,import,france,30,pharmaceutical products,3004,"medicaments of mixed or unmixed products, for retail sale",3004200000,"medicaments of other antibiotics, for retail sale",2416983.54,385017.363744023
2022,february,import,france,30,pharmaceutical products,3004,"medicaments of mixed or unmixed products, for retail sale",3004310000,"medicaments of insulin, for retail sale",117348.29,18620.7221901687
2022,february,import,france,30,pharmaceutical products,3004,"medicaments of mixed or unmixed products, for retail sale",3004909000,"medicaments, consisting of mixed or unmixed products for the therapeutic or prophylactic uses, put up in measured dosesor in the forms of packings for retail sale: other: other",7192642.11,1123779.6983865
2022,february,import,georgia,30,pharmaceutical products,3004,"medicaments of mixed or unmixed products, for retail sale",3004909000,"medicaments, consisting of mixed or unmixed products for the therapeutic or prophylactic uses, put up in measured dosesor in the forms of packings for retail sale: other: other",11136.69,1823.38523503119
2022,february,import,germany,30,pharmaceutical products,3002,"human blood; animal blood; antisera, etc; vaccines, toxins, etc",3002150000,"antisera, other blood fractions and immunological products, whether or not modified or obtained by means of biotechnological processes -immunological products, put up in measured doses or in forms or packings for retail sale",39047.94,6398.46952988022
2022,february,import,germany,30,pharmaceutical products,3002,"human blood; animal blood; antisera, etc; vaccines, toxins, etc",3002190000,"antisera, other blood fractions and immunological products, whether or not modified or obtained by means of biotechnological processes --  other",303.34,45.9578207381371
2022,february,import,germany,30,pharmaceutical products,3002,"human blood; animal blood; antisera, etc; vaccines, toxins, etc",3002200000,vaccines for human medicine,146392.71,22520.5695034152
2022,february,import,germany,30,pharmaceutical products,3002,"human blood; animal blood; antisera, etc; vaccines, toxins, etc",3002901000,ferments,5485.23,896.365050429085
2022,february,import,germany,30,pharmaceutical products,3002,"human blood; animal blood; antisera, etc; vaccines, toxins, etc",3002909000,other (vaccines for veterinary medicine),188.53,29.9158997143764
2022,february,import,germany,30,pharmaceutical products,3004,"medicaments of mixed or unmixed products, for retail sale",3004310000,"medicaments of insulin, for retail sale",206971.04,32087.5383709032
2022,february,import,germany,30,pharmaceutical products,3004,"medicaments of mixed or unmixed products, for retail sale",3004390000,"medicaments of other hormones, for retail sale, nes",674129.3,104540.887443985
2022,february,import,germany,30,pharmaceutical products,3004,"medicaments of mixed or unmixed products, for retail sale",3004909000,"medicaments, consisting of mixed or unmixed products for the therapeutic or prophylactic uses, put up in measured dosesor in the forms of packings for retail sale: other: other",6664949.12,1061558.71883547
2022,february,import,germany,30,pharmaceutical products,3006,pharmaceutical goods specified in note 3 to this chapter,3006400000,dental cements and other dental fillings; bone reconstruction cements,29957.11,4863.32510795805
2022,february,import,greece,30,pharmaceutical products,3004,"medicaments of mixed or unmixed products, for retail sale",3004909000,"medicaments, consisting of mixed or unmixed products for the therapeutic or prophylactic uses, put up in measured dosesor in the forms of packings for retail sale: other: other",3730.41,578.340206505225
2022,february,import,hong kong,30,pharmaceutical products,3004,"medicaments of mixed or unmixed products, for retail sale",3004909000,"medicaments, consisting of mixed or unmixed products for the therapeutic or prophylactic uses, put up in measured dosesor in the forms of packings for retail sale: other: other",67768.42,10551.3911594812
2022,february,import,hong kong,30,pharmaceutical products,3005,"wadding, gauze, etc with pharmaceutical substances or for retail sale",3005900000,"wadding, gauze, etc with pharmaceutical substances for retail sale, nes",3151.04,516.335392531175
2022,february,import,iceland,30,pharmaceutical products,3002,"human blood; animal blood; antisera, etc; vaccines, toxins, etc",3002150000,"antisera, other blood fractions and immunological products, whether or not modified or obtained by means of biotechnological processes -immunological products, put up in measured doses or in forms or packings for retail sale",587.02,93.1467288681551
2022,february,import,india,30,pharmaceutical products,3001,"glands, etc, dried; extracts of glands, etc; heparin and its salts; etc",3001200000,extracts of glands or other organs or of their secretions,66624.5,10571.7935291411
2022,february,import,india,30,pharmaceutical products,3002,"human blood; animal blood; antisera, etc; vaccines, toxins, etc",3002110000,"antisera, other blood fractions and immunological products, whether or not modified or obtained by means of biotechnological processes :-  malaria diagnostic kits",6842940.25,1085819.05237937
2022,february,import,india,30,pharmaceutical products,3002,"human blood; animal blood; antisera, etc; vaccines, toxins, etc",3002120000,"antisera, other blood fractions and immunological products, whether or not modified or obtained by means of biotechnological processes-antisera and other blood fractions",23203.54,3681.87429586963
2022,february,import,india,30,pharmaceutical products,3002,"human blood; animal blood; antisera, etc; vaccines, toxins, etc",3002200000,vaccines for human medicine,31244855.4,4868223.49077284
2022,february,import,india,30,pharmaceutical products,3002,"human blood; animal blood; antisera, etc; vaccines, toxins, etc",3002300000,vaccines for veterinary medicine,96912.06,15629.7169583098
2022,february,import,india,30,pharmaceutical products,3002,"human blood; animal blood; antisera, etc; vaccines, toxins, etc",3002901000,ferments,3952.03,637.352234425146
2022,february,import,india,30,pharmaceutical products,3003,"medicaments with >=2 constituents mixed together, not for retail sale",3003100000,medicaments ofpenicillins... or streptomycins not for retail sale,613903.07,99662.8250917238
2022,february,import,india,30,pharmaceutical products,3003,"medicaments with >=2 constituents mixed together, not for retail sale",3003900000,"other medicaments with >=2 constituents, not for retail sale, nes",1083376.11,171659.916024645
2022,february,import,india,30,pharmaceutical products,3004,"medicaments of mixed or unmixed products, for retail sale",3004100000,medicaments of penicillins... or streptomycins for retail sale,58202.66,9228.49054406714
2022,february,import,india,30,pharmaceutical products,3004,"medicaments of mixed or unmixed products, for retail sale",3004200000,"medicaments of other antibiotics, for retail sale",2908250.47,463422.58073222
2022,february,import,india,30,pharmaceutical products,3004,"medicaments of mixed or unmixed products, for retail sale",3004390000,"medicaments of other hormones, for retail sale, nes",446594.65,69535.8611095742
2022,february,import,india,30,pharmaceutical products,3004,"medicaments of mixed or unmixed products, for retail sale",3004420000,"other, containing alkaloids or derivatives thereof :--  containing pseudoephedrine (inn) or its salts",4564.88,748.009897258591
2022,february,import,india,30,pharmaceutical products,3004,"medicaments of mixed or unmixed products, for retail sale",3004490000,"other, containing alkaloids or derivatives thereof :--  other",103268.47,16921.7674144231
2022,february,import,india,30,pharmaceutical products,3004,"medicaments of mixed or unmixed products, for retail sale",3004500000,"medicaments of vitamins or other of 29.36 for retail sale - other, nes",3383420.11,544533.511827679
2022,february,import,india,30,pharmaceutical products,3004,"medicaments of mixed or unmixed products, for retail sale",3004600000,"- other, containing antimalarial active principles described in subheading note 2 to this chapter",8321412.42,1309749.25300828
2022,february,import,india,30,pharmaceutical products,3004,"medicaments of mixed or unmixed products, for retail sale",3004909000,"medicaments, consisting of mixed or unmixed products for the therapeutic or prophylactic uses, put up in measured dosesor in the forms of packings for retail sale: other: other",61409307.53,9768110.96340108
2022,february,import,india,30,pharmaceutical products,3005,"wadding, gauze, etc with pharmaceutical substances or for retail sale",3005100000,adhesive dressings for medical... purposes,228.3,36.2265947318312
2022,february,import,india,30,pharmaceutical products,3006,pharmaceutical goods specified in note 3 to this chapter,3006100000,materials for surgical sutures; laminaria absorbable haemostatics,20533.82,3258.30212630911
2022,february,import,india,30,pharmaceutical products,3006,pharmaceutical goods specified in note 3 to this chapter,3006400000,dental cements and other dental fillings; bone reconstruction cements,32842.22,5246.07710925713
2022,february,import,india,30,pharmaceutical products,3006,pharmaceutical goods specified in note 3 to this chapter,3006600000,chemical contraceptive preparations based on hormones or spermicides,4637841.16,738643.136973199
2022,february,import,ireland,30,pharmaceutical products,3004,"medicaments of mixed or unmixed products, for retail sale",3004200000,"medicaments of other antibiotics, for retail sale",21539.95,3263.43100418157
2022,february,import,ireland,30,pharmaceutical products,3004,"medicaments of mixed or unmixed products, for retail sale",3004909000,"medicaments, consisting of mixed or unmixed products for the therapeutic or prophylactic uses, put up in measured dosesor in the forms of packings for retail sale: other: other",98157.52,15282.9059429835
2022,february,import,italy,30,pharmaceutical products,3002,"human blood; animal blood; antisera, etc; vaccines, toxins, etc",3002110000,"antisera, other blood fractions and immunological products, whether or not modified or obtained by means of biotechnological processes :-  malaria diagnostic kits",34049.58,5158.71462335616
2022,february,import,italy,30,pharmaceutical products,3002,"human blood; animal blood; antisera, etc; vaccines, toxins, etc",3002300000,vaccines for veterinary medicine,26850.58,4330.38948471897
2022,february,import,italy,30,pharmaceutical products,3004,"medicaments of mixed or unmixed products, for retail sale",3004100000,medicaments of penicillins... or streptomycins for retail sale,836420.56,134891.312271195
2022,february,import,italy,30,pharmaceutical products,3004,"medicaments of mixed or unmixed products, for retail sale",3004200000,"medicaments of other antibiotics, for retail sale",1111430.84,180202.844471986
2022,february,import,italy,30,pharmaceutical products,3004,"medicaments of mixed or unmixed products, for retail sale",3004320000,"medicaments of adrenal cortex hormones, for retail sale",41676.8,6530.5805268315
2022,february,import,italy,30,pharmaceutical products,3004,"medicaments of mixed or unmixed products, for retail sale",3004390000,"medicaments of other hormones, for retail sale, nes",16518.74,2563.96213814379
2022,february,import,italy,30,pharmaceutical products,3004,"medicaments of mixed or unmixed products, for retail sale",3004490000,"other, containing alkaloids or derivatives thereof :--  other",153103.52,23249.4891124474
2022,february,import,italy,30,pharmaceutical products,3004,"medicaments of mixed or unmixed products, for retail sale",3004600000,"- other, containing antimalarial active principles described in subheading note 2 to this chapter",1003703.55,160412.924535336
2022,february,import,italy,30,pharmaceutical products,3004,"medicaments of mixed or unmixed products, for retail sale",3004902000,oral rehydration salt (ors),93.68,14.8223157495016
2022,february,import,italy,30,pharmaceutical products,3004,"medicaments of mixed or unmixed products, for retail sale",3004909000,"medicaments, consisting of mixed or unmixed products for the therapeutic or prophylactic uses, put up in measured dosesor in the forms of packings for retail sale: other: other",1678787.76,266085.575430278
2022,february,import,italy,30,pharmaceutical products,3005,"wadding, gauze, etc with pharmaceutical substances or for retail sale",3005100000,adhesive dressings for medical... purposes,439.1,69.4756495047625
2022,february,import,italy,30,pharmaceutical products,3005,"wadding, gauze, etc with pharmaceutical substances or for retail sale",3005900000,"wadding, gauze, etc with pharmaceutical substances for retail sale, nes",108.21,17.1212936299484
2022,february,import,italy,30,pharmaceutical products,3006,pharmaceutical goods specified in note 3 to this chapter,3006500000,first-aid boxes and kits,222.25,35.1650264232145
2022,february,import,italy,30,pharmaceutical products,3006,pharmaceutical goods specified in note 3 to this chapter,3006700000,gel preparations designed to be used in human or vet medicine [?],2105.46,326.417785495023
2022,february,import,latvia,30,pharmaceutical products,3004,"medicaments of mixed or unmixed products, for retail sale",3004902000,oral rehydration salt (ors),19838.12,3075.5821524914
2022,february,import,liberia,30,pharmaceutical products,3002,"human blood; animal blood; antisera, etc; vaccines, toxins, etc",3002120000,"antisera, other blood fractions and immunological products, whether or not modified or obtained by means of biotechnological processes-antisera and other blood fractions",2812.75,453.618139887432
2022,february,import,malaysia,30,pharmaceutical products,3004,"medicaments of mixed or unmixed products, for retail sale",3004909000,"medicaments, consisting of mixed or unmixed products for the therapeutic or prophylactic uses, put up in measured dosesor in the forms of packings for retail sale: other: other",304409.83,49013.7713945288
2022,february,import,mexico,30,pharmaceutical products,3004,"medicaments of mixed or unmixed products, for retail sale",3004909000,"medicaments, consisting of mixed or unmixed products for the therapeutic or prophylactic uses, put up in measured dosesor in the forms of packings for retail sale: other: other",105928.4,16493.3281432464
2022,february,import,netherlands,30,pharmaceutical products,3002,"human blood; animal blood; antisera, etc; vaccines, toxins, etc",3002300000,vaccines for veterinary medicine,115858.9,17553.3149506091
2022,february,import,netherlands,30,pharmaceutical products,3002,"human blood; animal blood; antisera, etc; vaccines, toxins, etc",3002901000,ferments,12082.1,1881.21448034255
2022,february,import,netherlands,30,pharmaceutical products,3004,"medicaments of mixed or unmixed products, for retail sale",3004200000,"medicaments of other antibiotics, for retail sale",345607.02,55736.8104786201
2022,february,import,netherlands,30,pharmaceutical products,3004,"medicaments of mixed or unmixed products, for retail sale",3004390000,"medicaments of other hormones, for retail sale, nes",90495.65,13710.6311738683
2022,february,import,netherlands,30,pharmaceutical products,3004,"medicaments of mixed or unmixed products, for retail sale",3004500000,"medicaments of vitamins or other of 29.36 for retail sale - other, nes",206994.35,33382.4165013627
2022,february,import,netherlands,30,pharmaceutical products,3004,"medicaments of mixed or unmixed products, for retail sale",3004909000,"medicaments, consisting of mixed or unmixed products for the therapeutic or prophylactic uses, put up in measured dosesor in the forms of packings for retail sale: other: other",25151.27,4056.19849371845
2022,february,import,netherlands,30,pharmaceutical products,3006,pharmaceutical goods specified in note 3 to this chapter,3006500000,first-aid boxes and kits,809.8,130.387878983045
2022,february,import,nigeria,30,pharmaceutical products,3002,"human blood; animal blood; antisera, etc; vaccines, toxins, etc",3002909000,other (vaccines for veterinary medicine),9278.55,1471.17442800742
2022,february,import,nigeria,30,pharmaceutical products,3004,"medicaments of mixed or unmixed products, for retail sale",3004909000,"medicaments, consisting of mixed or unmixed products for the therapeutic or prophylactic uses, put up in measured dosesor in the forms of packings for retail sale: other: other",1860.86,300.104826874385
2022,february,import,norway,30,pharmaceutical products,3006,pharmaceutical goods specified in note 3 to this chapter,3006500000,first-aid boxes and kits,4939.05,783.714952158804
2022,february,import,pakistan,30,pharmaceutical products,3004,"medicaments of mixed or unmixed products, for retail sale",3004909000,"medicaments, consisting of mixed or unmixed products for the therapeutic or prophylactic uses, put up in measured dosesor in the forms of packings for retail sale: other: other",553363.64,86160.1619307123
2022,february,import,portugal,30,pharmaceutical products,3004,"medicaments of mixed or unmixed products, for retail sale",3004909000,"medicaments, consisting of mixed or unmixed products for the therapeutic or prophylactic uses, put up in measured dosesor in the forms of packings for retail sale: other: other",20908.35,3372.04257721151
2022,february,import,republic of korea,30,pharmaceutical products,3002,"human blood; animal blood; antisera, etc; vaccines, toxins, etc",3002110000,"antisera, other blood fractions and immunological products, whether or not modified or obtained by means of biotechnological processes :-  malaria diagnostic kits",40920.45,6344.05909894267
2022,february,import,republic of korea,30,pharmaceutical products,3004,"medicaments of mixed or unmixed products, for retail sale",3004909000,"medicaments, consisting of mixed or unmixed products for the therapeutic or prophylactic uses, put up in measured dosesor in the forms of packings for retail sale: other: other",309766.91,49115.5575639379
2022,february,import,singapore,30,pharmaceutical products,3002,"human blood; animal blood; antisera, etc; vaccines, toxins, etc",3002200000,vaccines for human medicine,4684.51,741.196481124015
2022,february,import,singapore,30,pharmaceutical products,3004,"medicaments of mixed or unmixed products, for retail sale",3004600000,"- other, containing antimalarial active principles described in subheading note 2 to this chapter",2504.36,410.033236733959
2022,february,import,slovenia,30,pharmaceutical products,3004,"medicaments of mixed or unmixed products, for retail sale",3004100000,medicaments of penicillins... or streptomycins for retail sale,98646.24,15358.9985520108
2022,february,import,slovenia,30,pharmaceutical products,3004,"medicaments of mixed or unmixed products, for retail sale",3004200000,"medicaments of other antibiotics, for retail sale",2088120.04,334046.82591854
2022,february,import,slovenia,30,pharmaceutical products,3004,"medicaments of mixed or unmixed products, for retail sale",3004600000,"- other, containing antimalarial active principles described in subheading note 2 to this chapter",533718.69,86076.7180066124
2022,february,import,slovenia,30,pharmaceutical products,3004,"medicaments of mixed or unmixed products, for retail sale",3004909000,"medicaments, consisting of mixed or unmixed products for the therapeutic or prophylactic uses, put up in measured dosesor in the forms of packings for retail sale: other: other",2707538.05,431561.347727212
2022,february,import,south africa,30,pharmaceutical products,3002,"human blood; animal blood; antisera, etc; vaccines, toxins, etc",3002150000,"antisera, other blood fractions and immunological products, whether or not modified or obtained by means of biotechnological processes -immunological products, put up in measured doses or in forms or packings for retail sale",95161.08,15090.0793511598
2022,february,import,south africa,30,pharmaceutical products,3002,"human blood; animal blood; antisera, etc; vaccines, toxins, etc",3002190000,"antisera, other blood fractions and immunological products, whether or not modified or obtained by means of biotechnological processes --  other",620.16,98.2820919175911
2022,february,import,south africa,30,pharmaceutical products,3002,"human blood; animal blood; antisera, etc; vaccines, toxins, etc",3002901000,ferments,25762.07,4089.63724396795
2022,february,import,south africa,30,pharmaceutical products,3002,"human blood; animal blood; antisera, etc; vaccines, toxins, etc",3002909000,other (vaccines for veterinary medicine),12618.35,2031.71140129132
2022,february,import,south africa,30,pharmaceutical products,3003,"medicaments with >=2 constituents mixed together, not for retail sale",3003200000,"medicaments of other antibiotics, not for retail sale",4507.03,701.756325418451
2022,february,import,south africa,30,pharmaceutical products,3004,"medicaments of mixed or unmixed products, for retail sale",3004100000,medicaments of penicillins... or streptomycins for retail sale,1952.34,316.948602227345
2022,february,import,south africa,30,pharmaceutical products,3004,"medicaments of mixed or unmixed products, for retail sale",3004909000,"medicaments, consisting of mixed or unmixed products for the therapeutic or prophylactic uses, put up in measured dosesor in the forms of packings for retail sale: other: other",796799.69,129663.642589137
2022,february,import,south africa,30,pharmaceutical products,3005,"wadding, gauze, etc with pharmaceutical substances or for retail sale",3005100000,adhesive dressings for medical... purposes,14124.9,2140.00666626265
2022,february,import,south africa,30,pharmaceutical products,3005,"wadding, gauze, etc with pharmaceutical substances or for retail sale",3005900000,"wadding, gauze, etc with pharmaceutical substances for retail sale, nes",319607.13,48422.3880370887
2022,february,import,spain,30,pharmaceutical products,3002,"human blood; animal blood; antisera, etc; vaccines, toxins, etc",3002300000,vaccines for veterinary medicine,65724.59,10233.1714076634
2022,february,import,spain,30,pharmaceutical products,3004,"medicaments of mixed or unmixed products, for retail sale",3004200000,"medicaments of other antibiotics, for retail sale",78717.01,12256.0620922665
2022,february,import,spain,30,pharmaceutical products,3004,"medicaments of mixed or unmixed products, for retail sale",3004500000,"medicaments of vitamins or other of 29.36 for retail sale - other, nes",152888.67,23804.4233733477
2022,february,import,spain,30,pharmaceutical products,3004,"medicaments of mixed or unmixed products, for retail sale",3004909000,"medicaments, consisting of mixed or unmixed products for the therapeutic or prophylactic uses, put up in measured dosesor in the forms of packings for retail sale: other: other",498353.1,78570.0815522492
2022,february,import,spain,30,pharmaceutical products,3006,pharmaceutical goods specified in note 3 to this chapter,3006100000,materials for surgical sutures; laminaria absorbable haemostatics,61835.94,9586.67018076959
2022,february,import,spain,30,pharmaceutical products,3006,pharmaceutical goods specified in note 3 to this chapter,3006500000,first-aid boxes and kits,593.67,93.932154045758
2022,february,import,sweden,30,pharmaceutical products,3004,"medicaments of mixed or unmixed products, for retail sale",3004320000,"medicaments of adrenal cortex hormones, for retail sale",143718.58,23425.1751247928
2022,february,import,sweden,30,pharmaceutical products,3004,"medicaments of mixed or unmixed products, for retail sale",3004909000,"medicaments, consisting of mixed or unmixed products for the therapeutic or prophylactic uses, put up in measured dosesor in the forms of packings for retail sale: other: other",1396391.96,222873.454346038
2022,february,import,switzerland,30,pharmaceutical products,3002,"human blood; animal blood; antisera, etc; vaccines, toxins, etc",3002120000,"antisera, other blood fractions and immunological products, whether or not modified or obtained by means of biotechnological processes-antisera and other blood fractions",9618.65,1526.28530625198
2022,february,import,switzerland,30,pharmaceutical products,3002,"human blood; animal blood; antisera, etc; vaccines, toxins, etc",3002150000,"antisera, other blood fractions and immunological products, whether or not modified or obtained by means of biotechnological processes -immunological products, put up in measured doses or in forms or packings for retail sale",1178297.15,186318.932265476
2022,february,import,switzerland,30,pharmaceutical products,3002,"human blood; animal blood; antisera, etc; vaccines, toxins, etc",3002909000,other (vaccines for veterinary medicine),217588.75,35654.5053828633
2022,february,import,switzerland,30,pharmaceutical products,3004,"medicaments of mixed or unmixed products, for retail sale",3004200000,"medicaments of other antibiotics, for retail sale",89770.59,13970.5868501195
2022,february,import,switzerland,30,pharmaceutical products,3004,"medicaments of mixed or unmixed products, for retail sale",3004320000,"medicaments of adrenal cortex hormones, for retail sale",111235.15,17650.7695969533
2022,february,import,switzerland,30,pharmaceutical products,3004,"medicaments of mixed or unmixed products, for retail sale",3004909000,"medicaments, consisting of mixed or unmixed products for the therapeutic or prophylactic uses, put up in measured dosesor in the forms of packings for retail sale: other: other",223311.66,34999.841852931
2022,february,import,thailand,30,pharmaceutical products,3002,"human blood; animal blood; antisera, etc; vaccines, toxins, etc",3002909000,other (vaccines for veterinary medicine),1129.7,179.033280507132
2022,february,import,thailand,30,pharmaceutical products,3004,"medicaments of mixed or unmixed products, for retail sale",3004500000,"medicaments of vitamins or other of 29.36 for retail sale - other, nes",366329.25,59978.265140724
2022,february,import,thailand,30,pharmaceutical products,3004,"medicaments of mixed or unmixed products, for retail sale",3004909000,"medicaments, consisting of mixed or unmixed products for the therapeutic or prophylactic uses, put up in measured dosesor in the forms of packings for retail sale: other: other",139550.89,22763.9699245991
2022,february,import,togo,30,pharmaceutical products,3003,"medicaments with >=2 constituents mixed together, not for retail sale",3003100000,medicaments ofpenicillins... or streptomycins not for retail sale,803.33,131.527416212322
2022,february,import,togo,30,pharmaceutical products,3003,"medicaments with >=2 constituents mixed together, not for retail sale",3003390000,"medicaments of other hormones, not for retail sale, nes",1232.97,194.638432431415
2022,february,import,togo,30,pharmaceutical products,3003,"medicaments with >=2 constituents mixed together, not for retail sale",3003490000,"medicaments (exc 30.02, 30.05 or 30.06) consisting of two or more constituents for therapeutic or prophylactic uses, not in measured doses or forms or packings, other containing alkaloids or derivatives thereof, other",1565.09,256.248669712003
2022,february,import,togo,30,pharmaceutical products,3004,"medicaments of mixed or unmixed products, for retail sale",3004200000,"medicaments of other antibiotics, for retail sale",53.59,8.11920489667293
2022,february,import,togo,30,pharmaceutical products,3004,"medicaments of mixed or unmixed products, for retail sale",3004390000,"medicaments of other hormones, for retail sale, nes",4979.03,790.105515773776
2022,february,import,togo,30,pharmaceutical products,3004,"medicaments of mixed or unmixed products, for retail sale",3004909000,"medicaments, consisting of mixed or unmixed products for the therapeutic or prophylactic uses, put up in measured dosesor in the forms of packings for retail sale: other: other",7319.36,1192.30405292289
2022,february,import,togo,30,pharmaceutical products,3005,"wadding, gauze, etc with pharmaceutical substances or for retail sale",3005900000,"wadding, gauze, etc with pharmaceutical substances for retail sale, nes",20.68,3.2198296666511
2022,february,import,türkiye,30,pharmaceutical products,3004,"medicaments of mixed or unmixed products, for retail sale",3004600000,"- other, containing antimalarial active principles described in subheading note 2 to this chapter",270719.37,42150.3993647531
2022,february,import,türkiye,30,pharmaceutical products,3004,"medicaments of mixed or unmixed products, for retail sale",3004909000,"medicaments, consisting of mixed or unmixed products for the therapeutic or prophylactic uses, put up in measured dosesor in the forms of packings for retail sale: other: other",59172.68,9569.28036968979
2022,february,import,türkiye,30,pharmaceutical products,3005,"wadding, gauze, etc with pharmaceutical substances or for retail sale",3005100000,adhesive dressings for medical... purposes,2326.74,380.951913158799
2022,february,import,türkiye,30,pharmaceutical products,3006,pharmaceutical goods specified in note 3 to this chapter,3006100000,materials for surgical sutures; laminaria absorbable haemostatics,4329.99,708.939535340636
2022,february,import,united arab emirates,30,pharmaceutical products,3004,"medicaments of mixed or unmixed products, for retail sale",3004909000,"medicaments, consisting of mixed or unmixed products for the therapeutic or prophylactic uses, put up in measured dosesor in the forms of packings for retail sale: other: other",2808.91,445.717232624564
2022,february,import,united kingdom,30,pharmaceutical products,3002,"human blood; animal blood; antisera, etc; vaccines, toxins, etc",3002110000,"antisera, other blood fractions and immunological products, whether or not modified or obtained by means of biotechnological processes :-  malaria diagnostic kits",662.72,106.881703088461
2022,february,import,united kingdom,30,pharmaceutical products,3002,"human blood; animal blood; antisera, etc; vaccines, toxins, etc",3002120000,"antisera, other blood fractions and immunological products, whether or not modified or obtained by means of biotechnological processes-antisera and other blood fractions",64733.38,10119.2002684509
2022,february,import,united kingdom,30,pharmaceutical products,3002,"human blood; animal blood; antisera, etc; vaccines, toxins, etc",3002901000,ferments,205.69,33.1731311990969
2022,february,import,united kingdom,30,pharmaceutical products,3002,"human blood; animal blood; antisera, etc; vaccines, toxins, etc",3002909000,other (vaccines for veterinary medicine),3991.15,652.571819181911
2022,february,import,united kingdom,30,pharmaceutical products,3003,"medicaments with >=2 constituents mixed together, not for retail sale",3003900000,"other medicaments with >=2 constituents, not for retail sale, nes",162.87,25.769754121705
2022,february,import,united kingdom,30,pharmaceutical products,3004,"medicaments of mixed or unmixed products, for retail sale",3004390000,"medicaments of other hormones, for retail sale, nes",45525.22,7459.84891933079
2022,february,import,united kingdom,30,pharmaceutical products,3004,"medicaments of mixed or unmixed products, for retail sale",3004902000,oral rehydration salt (ors),67204.96,10463.9875437914
2022,february,import,united kingdom,30,pharmaceutical products,3004,"medicaments of mixed or unmixed products, for retail sale",3004909000,"medicaments, consisting of mixed or unmixed products for the therapeutic or prophylactic uses, put up in measured dosesor in the forms of packings for retail sale: other: other",1399584.72,220271.82926339
2022,february,import,united kingdom,30,pharmaceutical products,3005,"wadding, gauze, etc with pharmaceutical substances or for retail sale",3005100000,adhesive dressings for medical... purposes,1081.41,174.908127925172
2022,february,import,united kingdom,30,pharmaceutical products,3006,pharmaceutical goods specified in note 3 to this chapter,3006500000,first-aid boxes and kits,1951.34,310.732656145069
2022,february,import,united states of america,30,pharmaceutical products,3002,"human blood; animal blood; antisera, etc; vaccines, toxins, etc",3002120000,"antisera, other blood fractions and immunological products, whether or not modified or obtained by means of biotechnological processes-antisera and other blood fractions",39411.89,6200.24578879746
2022,february,import,united states of america,30,pharmaceutical products,3002,"human blood; animal blood; antisera, etc; vaccines, toxins, etc",3002150000,"antisera, other blood fractions and immunological products, whether or not modified or obtained by means of biotechnological processes -immunological products, put up in measured doses or in forms or packings for retail sale",88769.78,13449.1515665717
2022,february,import,united states of america,30,pharmaceutical products,3002,"human blood; animal blood; antisera, etc; vaccines, toxins, etc",3002909000,other (vaccines for veterinary medicine),21380.94,3498.04881153272
2022,february,import,united states of america,30,pharmaceutical products,3004,"medicaments of mixed or unmixed products, for retail sale",3004200000,"medicaments of other antibiotics, for retail sale",85981.82,13026.758984304
2022,february,import,united states of america,30,pharmaceutical products,3004,"medicaments of mixed or unmixed products, for retail sale",3004500000,"medicaments of vitamins or other of 29.36 for retail sale - other, nes",125299.33,19882.155154631
2022,february,import,united states of america,30,pharmaceutical products,3004,"medicaments of mixed or unmixed products, for retail sale",3004909000,"medicaments, consisting of mixed or unmixed products for the therapeutic or prophylactic uses, put up in measured dosesor in the forms of packings for retail sale: other: other",858982.87,134475.093784576
2022,february,import,united states of america,30,pharmaceutical products,3005,"wadding, gauze, etc with pharmaceutical substances or for retail sale",3005900000,"wadding, gauze, etc with pharmaceutical substances for retail sale, nes",2411.2,378.599604432922
2022,february,import,united states of america,30,pharmaceutical products,3006,pharmaceutical goods specified in note 3 to this chapter,3006100000,materials for surgical sutures; laminaria absorbable haemostatics,2941.44,474.372248294547
2022,february,import,united states of america,30,pharmaceutical products,3006,pharmaceutical goods specified in note 3 to this chapter,3006500000,first-aid boxes and kits,5562.6,900.856829454152
2022,february,import,united states of america,30,pharmaceutical products,3006,pharmaceutical goods specified in note 3 to this chapter,3006700000,gel preparations designed to be used in human or vet medicine [?],1302.33,210.029512796942
2022,february,import,united states of america,30,pharmaceutical products,3006,pharmaceutical goods specified in note 3 to this chapter,3006910000,appliances identifiable for ostomy use,39261.68,6331.81415001532
2022,march,import,australia,30,pharmaceutical products,3004,"medicaments of mixed or unmixed products, for retail sale",3004200000,"medicaments of other antibiotics, for retail sale",776.79,110.496443812233
2022,march,import,australia,30,pharmaceutical products,3004,"medicaments of mixed or unmixed products, for retail sale",3004909000,"medicaments, consisting of mixed or unmixed products for the therapeutic or prophylactic uses, put up in measured dosesor in the forms of packings for retail sale: other: other",9415.21,1323.77397221754
2022,march,import,austria,30,pharmaceutical products,3002,"human blood; animal blood; antisera, etc; vaccines, toxins, etc",3002200000,vaccines for human medicine,98346.08,13827.4112817052
2022,march,import,belgium,30,pharmaceutical products,3002,"human blood; animal blood; antisera, etc; vaccines, toxins, etc",3002190000,"antisera, other blood fractions and immunological products, whether or not modified or obtained by means of biotechnological processes --  other",19806.82,2784.86846730312
2022,march,import,belgium,30,pharmaceutical products,3002,"human blood; animal blood; antisera, etc; vaccines, toxins, etc",3002200000,vaccines for human medicine,8716214.91,1225530.06242794
2022,march,import,belgium,30,pharmaceutical products,3003,"medicaments with >=2 constituents mixed together, not for retail sale",3003490000,"medicaments (exc 30.02, 30.05 or 30.06) consisting of two or more constituents for therapeutic or prophylactic uses, not in measured doses or forms or packings, other containing alkaloids or derivatives thereof, other",457147.22,64273.774340949
2022,march,import,belgium,30,pharmaceutical products,3004,"medicaments of mixed or unmixed products, for retail sale",3004100000,medicaments of penicillins... or streptomycins for retail sale,39941.9,5681.63584637269
2022,march,import,belgium,30,pharmaceutical products,3004,"medicaments of mixed or unmixed products, for retail sale",3004200000,"medicaments of other antibiotics, for retail sale",185196.3,26644.031833968
2022,march,import,belgium,30,pharmaceutical products,3004,"medicaments of mixed or unmixed products, for retail sale",3004320000,"medicaments of adrenal cortex hormones, for retail sale",323698.42,45885.2529101925
2022,march,import,belgium,30,pharmaceutical products,3004,"medicaments of mixed or unmixed products, for retail sale",3004390000,"medicaments of other hormones, for retail sale, nes",981391.49,138452.289234664
2022,march,import,belgium,30,pharmaceutical products,3004,"medicaments of mixed or unmixed products, for retail sale",3004500000,"medicaments of vitamins or other of 29.36 for retail sale - other, nes",218591.55,31094.1038406828
2022,march,import,belgium,30,pharmaceutical products,3004,"medicaments of mixed or unmixed products, for retail sale",3004909000,"medicaments, consisting of mixed or unmixed products for the therapeutic or prophylactic uses, put up in measured dosesor in the forms of packings for retail sale: other: other",5088129.4,721991.916053603
2022,march,import,canada,30,pharmaceutical products,3004,"medicaments of mixed or unmixed products, for retail sale",3004600000,"- other, containing antimalarial active principles described in subheading note 2 to this chapter",315646.78,44868.0568585643
2022,march,import,china,30,pharmaceutical products,3002,"human blood; animal blood; antisera, etc; vaccines, toxins, etc",3002110000,"antisera, other blood fractions and immunological products, whether or not modified or obtained by means of biotechnological processes :-  malaria diagnostic kits",5578.24,792.926794598436
2022,march,import,china,30,pharmaceutical products,3002,"human blood; animal blood; antisera, etc; vaccines, toxins, etc",3002120000,"antisera, other blood fractions and immunological products, whether or not modified or obtained by means of biotechnological processes-antisera and other blood fractions",11107.5,1578.89125799574
2022,march,import,china,30,pharmaceutical products,3002,"human blood; animal blood; antisera, etc; vaccines, toxins, etc",3002150000,"antisera, other blood fractions and immunological products, whether or not modified or obtained by means of biotechnological processes -immunological products, put up in measured doses or in forms or packings for retail sale",2085.72,296.688477951636
2022,march,import,china,30,pharmaceutical products,3002,"human blood; animal blood; antisera, etc; vaccines, toxins, etc",3002190000,"antisera, other blood fractions and immunological products, whether or not modified or obtained by means of biotechnological processes --  other",11264.01,1596.77929104478
2022,march,import,china,30,pharmaceutical products,3002,"human blood; animal blood; antisera, etc; vaccines, toxins, etc",3002901000,ferments,5517.17,784.245913290689
2022,march,import,china,30,pharmaceutical products,3004,"medicaments of mixed or unmixed products, for retail sale",3004100000,medicaments of penicillins... or streptomycins for retail sale,1234857.58,179109.180982532
2022,march,import,china,30,pharmaceutical products,3004,"medicaments of mixed or unmixed products, for retail sale",3004200000,"medicaments of other antibiotics, for retail sale",1370424.61,199808.460702645
2022,march,import,china,30,pharmaceutical products,3004,"medicaments of mixed or unmixed products, for retail sale",3004390000,"medicaments of other hormones, for retail sale, nes",862.48,123.035663338088
2022,march,import,china,30,pharmaceutical products,3004,"medicaments of mixed or unmixed products, for retail sale",3004500000,"medicaments of vitamins or other of 29.36 for retail sale - other, nes",1235342.65,176577.31150056
2022,march,import,china,30,pharmaceutical products,3004,"medicaments of mixed or unmixed products, for retail sale",3004600000,"- other, containing antimalarial active principles described in subheading note 2 to this chapter",769529.68,109385.882018479
2022,march,import,china,30,pharmaceutical products,3004,"medicaments of mixed or unmixed products, for retail sale",3004902000,oral rehydration salt (ors),3467.81,487.579264091785
2022,march,import,china,30,pharmaceutical products,3004,"medicaments of mixed or unmixed products, for retail sale",3004909000,"medicaments, consisting of mixed or unmixed products for the therapeutic or prophylactic uses, put up in measured dosesor in the forms of packings for retail sale: other: other",5849572.51,836732.829091756
2022,march,import,china,30,pharmaceutical products,3005,"wadding, gauze, etc with pharmaceutical substances or for retail sale",3005100000,adhesive dressings for medical... purposes,127939.02,18186.6725269836
2022,march,import,china,30,pharmaceutical products,3005,"wadding, gauze, etc with pharmaceutical substances or for retail sale",3005900000,"wadding, gauze, etc with pharmaceutical substances for retail sale, nes",546127.52,77684.6892168874
2022,march,import,china,30,pharmaceutical products,3006,pharmaceutical goods specified in note 3 to this chapter,3006500000,first-aid boxes and kits,64954.21,9687.42346921898
2022,march,import,denmark,30,pharmaceutical products,3006,pharmaceutical goods specified in note 3 to this chapter,3006600000,chemical contraceptive preparations based on hormones or spermicides,1385811.32,196988.105188344
2022,march,import,egypt,30,pharmaceutical products,3004,"medicaments of mixed or unmixed products, for retail sale",3004909000,"medicaments, consisting of mixed or unmixed products for the therapeutic or prophylactic uses, put up in measured dosesor in the forms of packings for retail sale: other: other",425633.47,60613.0861307466
2022,march,import,france,30,pharmaceutical products,3002,"human blood; animal blood; antisera, etc; vaccines, toxins, etc",3002120000,"antisera, other blood fractions and immunological products, whether or not modified or obtained by means of biotechnological processes-antisera and other blood fractions",75534.44,10626.8176752083
2022,march,import,france,30,pharmaceutical products,3002,"human blood; animal blood; antisera, etc; vaccines, toxins, etc",3002190000,"antisera, other blood fractions and immunological products, whether or not modified or obtained by means of biotechnological processes --  other",405.32,56.9869947275923
2022,march,import,france,30,pharmaceutical products,3002,"human blood; animal blood; antisera, etc; vaccines, toxins, etc",3002200000,vaccines for human medicine,16320437.33,2323474.34956937
2022,march,import,france,30,pharmaceutical products,3002,"human blood; animal blood; antisera, etc; vaccines, toxins, etc",3002300000,vaccines for veterinary medicine,1461213.96,205443.087521968
2022,march,import,france,30,pharmaceutical products,3004,"medicaments of mixed or unmixed products, for retail sale",3004100000,medicaments of penicillins... or streptomycins for retail sale,73490.53,10450.698712291
2022,march,import,france,30,pharmaceutical products,3004,"medicaments of mixed or unmixed products, for retail sale",3004200000,"medicaments of other antibiotics, for retail sale",1159044.56,163890.249348468
2022,march,import,france,30,pharmaceutical products,3004,"medicaments of mixed or unmixed products, for retail sale",3004310000,"medicaments of insulin, for retail sale",34212.29,4886.14376097916
2022,march,import,france,30,pharmaceutical products,3004,"medicaments of mixed or unmixed products, for retail sale",3004390000,"medicaments of other hormones, for retail sale, nes",677.79,95.2956063268893
2022,march,import,france,30,pharmaceutical products,3004,"medicaments of mixed or unmixed products, for retail sale",3004490000,"other, containing alkaloids or derivatives thereof :--  other",95296.9,13594.2283276986
2022,march,import,france,30,pharmaceutical products,3004,"medicaments of mixed or unmixed products, for retail sale",3004909000,"medicaments, consisting of mixed or unmixed products for the therapeutic or prophylactic uses, put up in measured dosesor in the forms of packings for retail sale: other: other",7217832.51,1021832.6507593
2022,march,import,france,30,pharmaceutical products,3005,"wadding, gauze, etc with pharmaceutical substances or for retail sale",3005900000,"wadding, gauze, etc with pharmaceutical substances for retail sale, nes",172.13,24.2010544815466
2022,march,import,georgia,30,pharmaceutical products,3004,"medicaments of mixed or unmixed products, for retail sale",3004100000,medicaments of penicillins... or streptomycins for retail sale,49222.66,7035.22568104508
2022,march,import,georgia,30,pharmaceutical products,3004,"medicaments of mixed or unmixed products, for retail sale",3004909000,"medicaments, consisting of mixed or unmixed products for the therapeutic or prophylactic uses, put up in measured dosesor in the forms of packings for retail sale: other: other",108850.13,15557.5751079096
2022,march,import,germany,30,pharmaceutical products,3002,"human blood; animal blood; antisera, etc; vaccines, toxins, etc",3002120000,"antisera, other blood fractions and immunological products, whether or not modified or obtained by means of biotechnological processes-antisera and other blood fractions",6420.04,914.934167821015
2022,march,import,germany,30,pharmaceutical products,3002,"human blood; animal blood; antisera, etc; vaccines, toxins, etc",3002150000,"antisera, other blood fractions and immunological products, whether or not modified or obtained by means of biotechnological processes -immunological products, put up in measured doses or in forms or packings for retail sale",555536.73,78886.5150854981
2022,march,import,germany,30,pharmaceutical products,3002,"human blood; animal blood; antisera, etc; vaccines, toxins, etc",3002901000,ferments,8101.68,1155.49530799711
2022,march,import,germany,30,pharmaceutical products,3002,"human blood; animal blood; antisera, etc; vaccines, toxins, etc",3002909000,other (vaccines for veterinary medicine),10052.44,1422.71506753366
2022,march,import,germany,30,pharmaceutical products,3003,"medicaments with >=2 constituents mixed together, not for retail sale",3003900000,"other medicaments with >=2 constituents, not for retail sale, nes",266769.45,37508.1830069035
2022,march,import,germany,30,pharmaceutical products,3004,"medicaments of mixed or unmixed products, for retail sale",3004200000,"medicaments of other antibiotics, for retail sale",540697.41,76020.8355211991
2022,march,import,germany,30,pharmaceutical products,3004,"medicaments of mixed or unmixed products, for retail sale",3004310000,"medicaments of insulin, for retail sale",124746.88,17539.3509926326
2022,march,import,germany,30,pharmaceutical products,3004,"medicaments of mixed or unmixed products, for retail sale",3004320000,"medicaments of adrenal cortex hormones, for retail sale",55945.92,7865.96929306563
2022,march,import,germany,30,pharmaceutical products,3004,"medicaments of mixed or unmixed products, for retail sale",3004390000,"medicaments of other hormones, for retail sale, nes",180810.77,26984.2655881563
2022,march,import,germany,30,pharmaceutical products,3004,"medicaments of mixed or unmixed products, for retail sale",3004500000,"medicaments of vitamins or other of 29.36 for retail sale - other, nes",672548.08,94558.8986437297
2022,march,import,germany,30,pharmaceutical products,3004,"medicaments of mixed or unmixed products, for retail sale",3004909000,"medicaments, consisting of mixed or unmixed products for the therapeutic or prophylactic uses, put up in measured dosesor in the forms of packings for retail sale: other: other",7373152.99,1039703.44270174
2022,march,import,germany,30,pharmaceutical products,3005,"wadding, gauze, etc with pharmaceutical substances or for retail sale",3005900000,"wadding, gauze, etc with pharmaceutical substances for retail sale, nes",29.84,4.2567760342368
2022,march,import,germany,30,pharmaceutical products,3006,pharmaceutical goods specified in note 3 to this chapter,3006500000,first-aid boxes and kits,12037.82,1719.22192547737
2022,march,import,guinea,30,pharmaceutical products,3004,"medicaments of mixed or unmixed products, for retail sale",3004909000,"medicaments, consisting of mixed or unmixed products for the therapeutic or prophylactic uses, put up in measured dosesor in the forms of packings for retail sale: other: other",10882.68,1548.03413940256
2022,march,import,hong kong,30,pharmaceutical products,3004,"medicaments of mixed or unmixed products, for retail sale",3004909000,"medicaments, consisting of mixed or unmixed products for the therapeutic or prophylactic uses, put up in measured dosesor in the forms of packings for retail sale: other: other",253943.93,35703.8917398945
2022,march,import,hungary,30,pharmaceutical products,3004,"medicaments of mixed or unmixed products, for retail sale",3004909000,"medicaments, consisting of mixed or unmixed products for the therapeutic or prophylactic uses, put up in measured dosesor in the forms of packings for retail sale: other: other",20111.9,2872.75921667214
2022,march,import,india,30,pharmaceutical products,3001,"glands, etc, dried; extracts of glands, etc; heparin and its salts; etc",3001200000,extracts of glands or other organs or of their secretions,41685.26,5929.62446657184
2022,march,import,india,30,pharmaceutical products,3002,"human blood; animal blood; antisera, etc; vaccines, toxins, etc",3002110000,"antisera, other blood fractions and immunological products, whether or not modified or obtained by means of biotechnological processes :-  malaria diagnostic kits",12530648.35,1761778.46243574
2022,march,import,india,30,pharmaceutical products,3002,"human blood; animal blood; antisera, etc; vaccines, toxins, etc",3002200000,vaccines for human medicine,2622671.86,387450.74093144
2022,march,import,india,30,pharmaceutical products,3002,"human blood; animal blood; antisera, etc; vaccines, toxins, etc",3002300000,vaccines for veterinary medicine,137362.79,19525.6275764037
2022,march,import,india,30,pharmaceutical products,3002,"human blood; animal blood; antisera, etc; vaccines, toxins, etc",3002901000,ferments,10058.62,1501.15213562965
2022,march,import,india,30,pharmaceutical products,3003,"medicaments with >=2 constituents mixed together, not for retail sale",3003900000,"other medicaments with >=2 constituents, not for retail sale, nes",1064521.54,149692.340569963
2022,march,import,india,30,pharmaceutical products,3004,"medicaments of mixed or unmixed products, for retail sale",3004100000,medicaments of penicillins... or streptomycins for retail sale,339689.91,47760.1767399849
2022,march,import,india,30,pharmaceutical products,3004,"medicaments of mixed or unmixed products, for retail sale",3004200000,"medicaments of other antibiotics, for retail sale",8200814.3,1163709.53184989
2022,march,import,india,30,pharmaceutical products,3004,"medicaments of mixed or unmixed products, for retail sale",3004320000,"medicaments of adrenal cortex hormones, for retail sale",154169.85,21955.8241049724
2022,march,import,india,30,pharmaceutical products,3004,"medicaments of mixed or unmixed products, for retail sale",3004390000,"medicaments of other hormones, for retail sale, nes",686297.34,96492.2573144316
2022,march,import,india,30,pharmaceutical products,3004,"medicaments of mixed or unmixed products, for retail sale",3004490000,"other, containing alkaloids or derivatives thereof :--  other",85593.0,12193.6399667063
2022,march,import,india,30,pharmaceutical products,3004,"medicaments of mixed or unmixed products, for retail sale",3004500000,"medicaments of vitamins or other of 29.36 for retail sale - other, nes",6471577.57,922053.815690311
2022,march,import,india,30,pharmaceutical products,3004,"medicaments of mixed or unmixed products, for retail sale",3004600000,"- other, containing antimalarial active principles described in subheading note 2 to this chapter",5097435.33,726696.707218201
2022,march,import,india,30,pharmaceutical products,3004,"medicaments of mixed or unmixed products, for retail sale",3004902000,oral rehydration salt (ors),120698.28,16970.1197907879
2022,march,import,india,30,pharmaceutical products,3004,"medicaments of mixed or unmixed products, for retail sale",3004909000,"medicaments, consisting of mixed or unmixed products for the therapeutic or prophylactic uses, put up in measured dosesor in the forms of packings for retail sale: other: other",82289293.84,11700091.215101
2022,march,import,india,30,pharmaceutical products,3005,"wadding, gauze, etc with pharmaceutical substances or for retail sale",3005100000,adhesive dressings for medical... purposes,2060.36,294.257273025893
2022,march,import,india,30,pharmaceutical products,3005,"wadding, gauze, etc with pharmaceutical substances or for retail sale",3005900000,"wadding, gauze, etc with pharmaceutical substances for retail sale, nes",5648.03,805.710413694722
2022,march,import,india,30,pharmaceutical products,3006,pharmaceutical goods specified in note 3 to this chapter,3006100000,materials for surgical sutures; laminaria absorbable haemostatics,27838.97,3915.52647666665
2022,march,import,india,30,pharmaceutical products,3006,pharmaceutical goods specified in note 3 to this chapter,3006200000,blood-grouping reagents,80301.1,11414.513148543
2022,march,import,india,30,pharmaceutical products,3006,pharmaceutical goods specified in note 3 to this chapter,3006400000,dental cements and other dental fillings; bone reconstruction cements,59984.3,8493.37845304
2022,march,import,india,30,pharmaceutical products,3006,pharmaceutical goods specified in note 3 to this chapter,3006600000,chemical contraceptive preparations based on hormones or spermicides,6567744.9,923424.400592887
2022,march,import,ireland,30,pharmaceutical products,3002,"human blood; animal blood; antisera, etc; vaccines, toxins, etc",3002120000,"antisera, other blood fractions and immunological products, whether or not modified or obtained by means of biotechnological processes-antisera and other blood fractions",10675.15,1525.76251322071
2022,march,import,ireland,30,pharmaceutical products,3002,"human blood; animal blood; antisera, etc; vaccines, toxins, etc",3002150000,"antisera, other blood fractions and immunological products, whether or not modified or obtained by means of biotechnological processes -immunological products, put up in measured doses or in forms or packings for retail sale",312815.31,44585.9661359327
2022,march,import,ireland,30,pharmaceutical products,3004,"medicaments of mixed or unmixed products, for retail sale",3004909000,"medicaments, consisting of mixed or unmixed products for the therapeutic or prophylactic uses, put up in measured dosesor in the forms of packings for retail sale: other: other",479429.5,67406.7725640084
2022,march,import,israel,30,pharmaceutical products,3006,pharmaceutical goods specified in note 3 to this chapter,3006500000,first-aid boxes and kits,1822.08,256.176363073981
2022,march,import,italy,30,pharmaceutical products,3002,"human blood; animal blood; antisera, etc; vaccines, toxins, etc",3002300000,vaccines for veterinary medicine,70979.4,9979.94994516465
2022,march,import,italy,30,pharmaceutical products,3004,"medicaments of mixed or unmixed products, for retail sale",3004200000,"medicaments of other antibiotics, for retail sale",1649489.45,232796.959142162
2022,march,import,italy,30,pharmaceutical products,3004,"medicaments of mixed or unmixed products, for retail sale",3004320000,"medicaments of adrenal cortex hormones, for retail sale",35134.62,4957.9379514282
2022,march,import,italy,30,pharmaceutical products,3004,"medicaments of mixed or unmixed products, for retail sale",3004490000,"other, containing alkaloids or derivatives thereof :--  other",105699.44,14901.8092375441
2022,march,import,italy,30,pharmaceutical products,3004,"medicaments of mixed or unmixed products, for retail sale",3004909000,"medicaments, consisting of mixed or unmixed products for the therapeutic or prophylactic uses, put up in measured dosesor in the forms of packings for retail sale: other: other",1749988.87,247880.13270257
2022,march,import,italy,30,pharmaceutical products,3006,pharmaceutical goods specified in note 3 to this chapter,3006300000,opacifying preparations for x-ray examinations; diagnostic reagents...,64221.57,9161.42225392297
2022,march,import,japan,30,pharmaceutical products,3002,"human blood; animal blood; antisera, etc; vaccines, toxins, etc",3002130000,"antisera, other blood fractions and immunological products, whether or not modified or obtained by means of biotechnological processes -immunological products, unmixed, not put up in measured doses or in forms or packings for retail sale",21332.17,2999.29278443282
2022,march,import,japan,30,pharmaceutical products,3002,"human blood; animal blood; antisera, etc; vaccines, toxins, etc",3002200000,vaccines for human medicine,8935765.83,1270187.04051173
2022,march,import,japan,30,pharmaceutical products,3004,"medicaments of mixed or unmixed products, for retail sale",3004909000,"medicaments, consisting of mixed or unmixed products for the therapeutic or prophylactic uses, put up in measured dosesor in the forms of packings for retail sale: other: other",27617.83,3883.09713866357
2022,march,import,jordan,30,pharmaceutical products,3004,"medicaments of mixed or unmixed products, for retail sale",3004200000,"medicaments of other antibiotics, for retail sale",467266.26,65697.4101569091
2022,march,import,jordan,30,pharmaceutical products,3004,"medicaments of mixed or unmixed products, for retail sale",3004500000,"medicaments of vitamins or other of 29.36 for retail sale - other, nes",518282.5,72870.2688262752
2022,march,import,jordan,30,pharmaceutical products,3004,"medicaments of mixed or unmixed products, for retail sale",3004909000,"medicaments, consisting of mixed or unmixed products for the therapeutic or prophylactic uses, put up in measured dosesor in the forms of packings for retail sale: other: other",413309.34,58111.093301839
2022,march,import,kenya,30,pharmaceutical products,3002,"human blood; animal blood; antisera, etc; vaccines, toxins, etc",3002190000,"antisera, other blood fractions and immunological products, whether or not modified or obtained by means of biotechnological processes --  other",38.6,5.50641940085592
2022,march,import,kenya,30,pharmaceutical products,3004,"medicaments of mixed or unmixed products, for retail sale",3004909000,"medicaments, consisting of mixed or unmixed products for the therapeutic or prophylactic uses, put up in measured dosesor in the forms of packings for retail sale: other: other",9134.28,1300.01236866996
2022,march,import,malaysia,30,pharmaceutical products,3004,"medicaments of mixed or unmixed products, for retail sale",3004909000,"medicaments, consisting of mixed or unmixed products for the therapeutic or prophylactic uses, put up in measured dosesor in the forms of packings for retail sale: other: other",18470.22,2596.90399865024
2022,march,import,malta,30,pharmaceutical products,3004,"medicaments of mixed or unmixed products, for retail sale",3004909000,"medicaments, consisting of mixed or unmixed products for the therapeutic or prophylactic uses, put up in measured dosesor in the forms of packings for retail sale: other: other",621.88,87.4360272200664
2022,march,import,mauritius,30,pharmaceutical products,3004,"medicaments of mixed or unmixed products, for retail sale",3004390000,"medicaments of other hormones, for retail sale, nes",3721.38,530.111111111111
2022,march,import,mexico,30,pharmaceutical products,3004,"medicaments of mixed or unmixed products, for retail sale",3004909000,"medicaments, consisting of mixed or unmixed products for the therapeutic or prophylactic uses, put up in measured dosesor in the forms of packings for retail sale: other: other",57606.97,8099.36679927456
2022,march,import,netherlands,30,pharmaceutical products,3002,"human blood; animal blood; antisera, etc; vaccines, toxins, etc",3002150000,"antisera, other blood fractions and immunological products, whether or not modified or obtained by means of biotechnological processes -immunological products, put up in measured doses or in forms or packings for retail sale",52778.64,7509.11403908419
2022,march,import,netherlands,30,pharmaceutical products,3002,"human blood; animal blood; antisera, etc; vaccines, toxins, etc",3002909000,other (vaccines for veterinary medicine),57894.07,8222.57831438745
2022,march,import,netherlands,30,pharmaceutical products,3004,"medicaments of mixed or unmixed products, for retail sale",3004390000,"medicaments of other hormones, for retail sale, nes",1467.13,206.274868189807
2022,march,import,netherlands,30,pharmaceutical products,3004,"medicaments of mixed or unmixed products, for retail sale",3004909000,"medicaments, consisting of mixed or unmixed products for the therapeutic or prophylactic uses, put up in measured dosesor in the forms of packings for retail sale: other: other",90410.72,12719.5787780227
2022,march,import,netherlands,30,pharmaceutical products,3005,"wadding, gauze, etc with pharmaceutical substances or for retail sale",3005900000,"wadding, gauze, etc with pharmaceutical substances for retail sale, nes",4584.89,651.72565742715
2022,march,import,nigeria,30,pharmaceutical products,3003,"medicaments with >=2 constituents mixed together, not for retail sale",3003900000,"other medicaments with >=2 constituents, not for retail sale, nes",516797.83,73864.1382957436
2022,march,import,nigeria,30,pharmaceutical products,3004,"medicaments of mixed or unmixed products, for retail sale",3004200000,"medicaments of other antibiotics, for retail sale",1323.46,186.085684959435
2022,march,import,nigeria,30,pharmaceutical products,3004,"medicaments of mixed or unmixed products, for retail sale",3004909000,"medicaments, consisting of mixed or unmixed products for the therapeutic or prophylactic uses, put up in measured dosesor in the forms of packings for retail sale: other: other",18052.57,2574.32977300732
2022,march,import,north macedonia,30,pharmaceutical products,3004,"medicaments of mixed or unmixed products, for retail sale",3004200000,"medicaments of other antibiotics, for retail sale",153120.18,21528.3205623902
2022,march,import,north macedonia,30,pharmaceutical products,3004,"medicaments of mixed or unmixed products, for retail sale",3004909000,"medicaments, consisting of mixed or unmixed products for the therapeutic or prophylactic uses, put up in measured dosesor in the forms of packings for retail sale: other: other",247543.03,34803.9409490334
2022,march,import,pakistan,30,pharmaceutical products,3004,"medicaments of mixed or unmixed products, for retail sale",3004909000,"medicaments, consisting of mixed or unmixed products for the therapeutic or prophylactic uses, put up in measured dosesor in the forms of packings for retail sale: other: other",253652.56,35664.4301341357
2022,march,import,poland,30,pharmaceutical products,3006,pharmaceutical goods specified in note 3 to this chapter,3006500000,first-aid boxes and kits,6004.28,853.486851457001
2022,march,import,portugal,30,pharmaceutical products,3004,"medicaments of mixed or unmixed products, for retail sale",3004909000,"medicaments, consisting of mixed or unmixed products for the therapeutic or prophylactic uses, put up in measured dosesor in the forms of packings for retail sale: other: other",274829.3,38689.7815960047
2022,march,import,puerto rico,30,pharmaceutical products,3004,"medicaments of mixed or unmixed products, for retail sale",3004909000,"medicaments, consisting of mixed or unmixed products for the therapeutic or prophylactic uses, put up in measured dosesor in the forms of packings for retail sale: other: other",1285175.56,182392.983748565
2022,march,import,republic of korea,30,pharmaceutical products,3002,"human blood; animal blood; antisera, etc; vaccines, toxins, etc",3002110000,"antisera, other blood fractions and immunological products, whether or not modified or obtained by means of biotechnological processes :-  malaria diagnostic kits",4715.51,673.971643369637
2022,march,import,republic of korea,30,pharmaceutical products,3006,pharmaceutical goods specified in note 3 to this chapter,3006400000,dental cements and other dental fillings; bone reconstruction cements,16796.31,2361.65267642469
2022,march,import,slovenia,30,pharmaceutical products,3004,"medicaments of mixed or unmixed products, for retail sale",3004200000,"medicaments of other antibiotics, for retail sale",1772162.25,249164.611271465
2022,march,import,slovenia,30,pharmaceutical products,3004,"medicaments of mixed or unmixed products, for retail sale",3004320000,"medicaments of adrenal cortex hormones, for retail sale",15487.41,2177.61420677437
2022,march,import,slovenia,30,pharmaceutical products,3004,"medicaments of mixed or unmixed products, for retail sale",3004600000,"- other, containing antimalarial active principles described in subheading note 2 to this chapter",2140466.1,300958.318100566
2022,march,import,slovenia,30,pharmaceutical products,3004,"medicaments of mixed or unmixed products, for retail sale",3004909000,"medicaments, consisting of mixed or unmixed products for the therapeutic or prophylactic uses, put up in measured dosesor in the forms of packings for retail sale: other: other",3986440.89,560500.974242464
2022,march,import,south africa,30,pharmaceutical products,3002,"human blood; animal blood; antisera, etc; vaccines, toxins, etc",3002120000,"antisera, other blood fractions and immunological products, whether or not modified or obtained by means of biotechnological processes-antisera and other blood fractions",11821.19,1686.33238231098
2022,march,import,south africa,30,pharmaceutical products,3002,"human blood; animal blood; antisera, etc; vaccines, toxins, etc",3002150000,"antisera, other blood fractions and immunological products, whether or not modified or obtained by means of biotechnological processes -immunological products, put up in measured doses or in forms or packings for retail sale",114696.25,16380.9182855499
2022,march,import,south africa,30,pharmaceutical products,3002,"human blood; animal blood; antisera, etc; vaccines, toxins, etc",3002190000,"antisera, other blood fractions and immunological products, whether or not modified or obtained by means of biotechnological processes --  other",311.96,44.3439943141436
2022,march,import,south africa,30,pharmaceutical products,3002,"human blood; animal blood; antisera, etc; vaccines, toxins, etc",3002200000,vaccines for human medicine,1100.55,156.997146932953
2022,march,import,south africa,30,pharmaceutical products,3002,"human blood; animal blood; antisera, etc; vaccines, toxins, etc",3002901000,ferments,21213.79,3030.13189723038
2022,march,import,south africa,30,pharmaceutical products,3002,"human blood; animal blood; antisera, etc; vaccines, toxins, etc",3002909000,other (vaccines for veterinary medicine),3905.02,556.501476236616
2022,march,import,south africa,30,pharmaceutical products,3003,"medicaments with >=2 constituents mixed together, not for retail sale",3003390000,"medicaments of other hormones, not for retail sale, nes",127458.94,17920.9555550136
2022,march,import,south africa,30,pharmaceutical products,3004,"medicaments of mixed or unmixed products, for retail sale",3004200000,"medicaments of other antibiotics, for retail sale",9716.31,1384.08974358974
2022,march,import,south africa,30,pharmaceutical products,3004,"medicaments of mixed or unmixed products, for retail sale",3004909000,"medicaments, consisting of mixed or unmixed products for the therapeutic or prophylactic uses, put up in measured dosesor in the forms of packings for retail sale: other: other",153919.88,21790.3934461848
2022,march,import,south africa,30,pharmaceutical products,3006,pharmaceutical goods specified in note 3 to this chapter,3006100000,materials for surgical sutures; laminaria absorbable haemostatics,315920.16,44418.2451394133
2022,march,import,spain,30,pharmaceutical products,3002,"human blood; animal blood; antisera, etc; vaccines, toxins, etc",3002909000,other (vaccines for veterinary medicine),29798.98,4254.74597417037
2022,march,import,spain,30,pharmaceutical products,3004,"medicaments of mixed or unmixed products, for retail sale",3004909000,"medicaments, consisting of mixed or unmixed products for the therapeutic or prophylactic uses, put up in measured dosesor in the forms of packings for retail sale: other: other",3315404.45,468032.855006187
2022,march,import,sweden,30,pharmaceutical products,3004,"medicaments of mixed or unmixed products, for retail sale",3004320000,"medicaments of adrenal cortex hormones, for retail sale",20797.87,3102.1222990331
2022,march,import,sweden,30,pharmaceutical products,3004,"medicaments of mixed or unmixed products, for retail sale",3004909000,"medicaments, consisting of mixed or unmixed products for the therapeutic or prophylactic uses, put up in measured dosesor in the forms of packings for retail sale: other: other",2155484.31,306829.471534346
2022,march,import,switzerland,30,pharmaceutical products,3002,"human blood; animal blood; antisera, etc; vaccines, toxins, etc",3002150000,"antisera, other blood fractions and immunological products, whether or not modified or obtained by means of biotechnological processes -immunological products, put up in measured doses or in forms or packings for retail sale",284492.94,41481.4679629547
2022,march,import,switzerland,30,pharmaceutical products,3002,"human blood; animal blood; antisera, etc; vaccines, toxins, etc",3002190000,"antisera, other blood fractions and immunological products, whether or not modified or obtained by means of biotechnological processes --  other",49943.19,7022.28455730375
2022,march,import,switzerland,30,pharmaceutical products,3002,"human blood; animal blood; antisera, etc; vaccines, toxins, etc",3002909000,other (vaccines for veterinary medicine),276726.07,39218.6886752708
2022,march,import,switzerland,30,pharmaceutical products,3004,"medicaments of mixed or unmixed products, for retail sale",3004200000,"medicaments of other antibiotics, for retail sale",2773070.27,394205.384587685
2022,march,import,switzerland,30,pharmaceutical products,3004,"medicaments of mixed or unmixed products, for retail sale",3004320000,"medicaments of adrenal cortex hormones, for retail sale",29393.54,4201.11768573307
2022,march,import,switzerland,30,pharmaceutical products,3004,"medicaments of mixed or unmixed products, for retail sale",3004390000,"medicaments of other hormones, for retail sale, nes",58629.38,8243.49427743877
2022,march,import,switzerland,30,pharmaceutical products,3004,"medicaments of mixed or unmixed products, for retail sale",3004909000,"medicaments, consisting of mixed or unmixed products for the therapeutic or prophylactic uses, put up in measured dosesor in the forms of packings for retail sale: other: other",2338231.71,330777.317160835
2022,march,import,thailand,30,pharmaceutical products,3004,"medicaments of mixed or unmixed products, for retail sale",3004500000,"medicaments of vitamins or other of 29.36 for retail sale - other, nes",97762.78,13745.2063268893
2022,march,import,thailand,30,pharmaceutical products,3004,"medicaments of mixed or unmixed products, for retail sale",3004909000,"medicaments, consisting of mixed or unmixed products for the therapeutic or prophylactic uses, put up in measured dosesor in the forms of packings for retail sale: other: other",422923.04,59823.4739313966
2022,march,import,thailand,30,pharmaceutical products,3006,pharmaceutical goods specified in note 3 to this chapter,3006700000,gel preparations designed to be used in human or vet medicine [?],73936.49,10395.1424233051
2022,march,import,togo,30,pharmaceutical products,3003,"medicaments with >=2 constituents mixed together, not for retail sale",3003490000,"medicaments (exc 30.02, 30.05 or 30.06) consisting of two or more constituents for therapeutic or prophylactic uses, not in measured doses or forms or packings, other containing alkaloids or derivatives thereof, other",87.08,12.3869132290185
2022,march,import,togo,30,pharmaceutical products,3003,"medicaments with >=2 constituents mixed together, not for retail sale",3003900000,"other medicaments with >=2 constituents, not for retail sale, nes",5361.17,758.215991652275
2022,march,import,togo,30,pharmaceutical products,3004,"medicaments of mixed or unmixed products, for retail sale",3004390000,"medicaments of other hormones, for retail sale, nes",12279.02,1740.96191290822
2022,march,import,togo,30,pharmaceutical products,3004,"medicaments of mixed or unmixed products, for retail sale",3004909000,"medicaments, consisting of mixed or unmixed products for the therapeutic or prophylactic uses, put up in measured dosesor in the forms of packings for retail sale: other: other",7847.36,1110.21742192813
2022,march,import,türkiye,30,pharmaceutical products,3001,"glands, etc, dried; extracts of glands, etc; heparin and its salts; etc",3001900000,"substances of human or animal origin,for prophylactic uses, nes",476.92,68.122669942436
2022,march,import,türkiye,30,pharmaceutical products,3004,"medicaments of mixed or unmixed products, for retail sale",3004600000,"- other, containing antimalarial active principles described in subheading note 2 to this chapter",856617.84,120440.053990214
2022,march,import,türkiye,30,pharmaceutical products,3004,"medicaments of mixed or unmixed products, for retail sale",3004909000,"medicaments, consisting of mixed or unmixed products for the therapeutic or prophylactic uses, put up in measured dosesor in the forms of packings for retail sale: other: other",151457.67,21664.334261128
2022,march,import,türkiye,30,pharmaceutical products,3005,"wadding, gauze, etc with pharmaceutical substances or for retail sale",3005100000,adhesive dressings for medical... purposes,468.53,66.9242525960948
2022,march,import,united arab emirates,30,pharmaceutical products,3004,"medicaments of mixed or unmixed products, for retail sale",3004909000,"medicaments, consisting of mixed or unmixed products for the therapeutic or prophylactic uses, put up in measured dosesor in the forms of packings for retail sale: other: other",7942.93,1133.08559201141
2022,march,import,united arab emirates,30,pharmaceutical products,3006,pharmaceutical goods specified in note 3 to this chapter,3006700000,gel preparations designed to be used in human or vet medicine [?],446.59,62.7894551845343
2022,march,import,united kingdom,30,pharmaceutical products,3001,"glands, etc, dried; extracts of glands, etc; heparin and its salts; etc",3001200000,extracts of glands or other organs or of their secretions,56114.94,8018.45995342429
2022,march,import,united kingdom,30,pharmaceutical products,3002,"human blood; animal blood; antisera, etc; vaccines, toxins, etc",3002110000,"antisera, other blood fractions and immunological products, whether or not modified or obtained by means of biotechnological processes :-  malaria diagnostic kits",2692.79,398.588677915126
2022,march,import,united kingdom,30,pharmaceutical products,3002,"human blood; animal blood; antisera, etc; vaccines, toxins, etc",3002120000,"antisera, other blood fractions and immunological products, whether or not modified or obtained by means of biotechnological processes-antisera and other blood fractions",4277.98,610.178285897898
2022,march,import,united kingdom,30,pharmaceutical products,3002,"human blood; animal blood; antisera, etc; vaccines, toxins, etc",3002150000,"antisera, other blood fractions and immunological products, whether or not modified or obtained by means of biotechnological processes -immunological products, put up in measured doses or in forms or packings for retail sale",76188.42,10853.0512820513
2022,march,import,united kingdom,30,pharmaceutical products,3002,"human blood; animal blood; antisera, etc; vaccines, toxins, etc",3002190000,"antisera, other blood fractions and immunological products, whether or not modified or obtained by means of biotechnological processes --  other",41078.1,5775.49100820259
2022,march,import,united kingdom,30,pharmaceutical products,3002,"human blood; animal blood; antisera, etc; vaccines, toxins, etc",3002909000,other (vaccines for veterinary medicine),5340.4,759.674108770025
2022,march,import,united kingdom,30,pharmaceutical products,3003,"medicaments with >=2 constituents mixed together, not for retail sale",3003390000,"medicaments of other hormones, not for retail sale, nes",13776.45,1969.0206671812
2022,march,import,united kingdom,30,pharmaceutical products,3003,"medicaments with >=2 constituents mixed together, not for retail sale",3003900000,"other medicaments with >=2 constituents, not for retail sale, nes",176561.54,25097.5891968728
2022,march,import,united kingdom,30,pharmaceutical products,3004,"medicaments of mixed or unmixed products, for retail sale",3004100000,medicaments of penicillins... or streptomycins for retail sale,71.73,10.0852033069006
2022,march,import,united kingdom,30,pharmaceutical products,3004,"medicaments of mixed or unmixed products, for retail sale",3004200000,"medicaments of other antibiotics, for retail sale",304442.09,42803.8087873462
2022,march,import,united kingdom,30,pharmaceutical products,3004,"medicaments of mixed or unmixed products, for retail sale",3004390000,"medicaments of other hormones, for retail sale, nes",1146571.63,164040.029493263
2022,march,import,united kingdom,30,pharmaceutical products,3004,"medicaments of mixed or unmixed products, for retail sale",3004500000,"medicaments of vitamins or other of 29.36 for retail sale - other, nes",40229.65,5656.18980667838
2022,march,import,united kingdom,30,pharmaceutical products,3004,"medicaments of mixed or unmixed products, for retail sale",3004600000,"- other, containing antimalarial active principles described in subheading note 2 to this chapter",112.35,15.7963556605365
2022,march,import,united kingdom,30,pharmaceutical products,3004,"medicaments of mixed or unmixed products, for retail sale",3004902000,oral rehydration salt (ors),1205.24,169.456161070806
2022,march,import,united kingdom,30,pharmaceutical products,3004,"medicaments of mixed or unmixed products, for retail sale",3004909000,"medicaments, consisting of mixed or unmixed products for the therapeutic or prophylactic uses, put up in measured dosesor in the forms of packings for retail sale: other: other",4400946.42,625274.206952312
2022,march,import,united kingdom,30,pharmaceutical products,3005,"wadding, gauze, etc with pharmaceutical substances or for retail sale",3005100000,adhesive dressings for medical... purposes,706.92,99.393938196687
2022,march,import,united kingdom,30,pharmaceutical products,3005,"wadding, gauze, etc with pharmaceutical substances or for retail sale",3005900000,"wadding, gauze, etc with pharmaceutical substances for retail sale, nes",580.53,81.622237219504
2022,march,import,united kingdom,30,pharmaceutical products,3006,pharmaceutical goods specified in note 3 to this chapter,3006500000,first-aid boxes and kits,5050.36,710.068189806678
2022,march,import,united republic of tanzania,30,pharmaceutical products,3002,"human blood; animal blood; antisera, etc; vaccines, toxins, etc",3002190000,"antisera, other blood fractions and immunological products, whether or not modified or obtained by means of biotechnological processes --  other",982.38,138.122152859794
2022,march,import,united states of america,30,pharmaceutical products,3002,"human blood; animal blood; antisera, etc; vaccines, toxins, etc",3002110000,"antisera, other blood fractions and immunological products, whether or not modified or obtained by means of biotechnological processes :-  malaria diagnostic kits",177426.21,24946.0393116248
2022,march,import,united states of america,30,pharmaceutical products,3002,"human blood; animal blood; antisera, etc; vaccines, toxins, etc",3002120000,"antisera, other blood fractions and immunological products, whether or not modified or obtained by means of biotechnological processes-antisera and other blood fractions",40137.41,5716.87339768919
2022,march,import,united states of america,30,pharmaceutical products,3002,"human blood; animal blood; antisera, etc; vaccines, toxins, etc",3002150000,"antisera, other blood fractions and immunological products, whether or not modified or obtained by means of biotechnological processes -immunological products, put up in measured doses or in forms or packings for retail sale",25898.24,3644.02348092913
2022,march,import,united states of america,30,pharmaceutical products,3002,"human blood; animal blood; antisera, etc; vaccines, toxins, etc",3002200000,vaccines for human medicine,8976672.8,1262098.10896309
2022,march,import,united states of america,30,pharmaceutical products,3002,"human blood; animal blood; antisera, etc; vaccines, toxins, etc",3002909000,other (vaccines for veterinary medicine),34575.91,4939.86626834055
2022,march,import,united states of america,30,pharmaceutical products,3004,"medicaments of mixed or unmixed products, for retail sale",3004100000,medicaments of penicillins... or streptomycins for retail sale,2781.77,391.289940282605
2022,march,import,united states of america,30,pharmaceutical products,3004,"medicaments of mixed or unmixed products, for retail sale",3004200000,"medicaments of other antibiotics, for retail sale",5985.31,841.531691130983
2022,march,import,united states of america,30,pharmaceutical products,3004,"medicaments of mixed or unmixed products, for retail sale",3004310000,"medicaments of insulin, for retail sale",281.42,39.5680722129269
2022,march,import,united states of america,30,pharmaceutical products,3004,"medicaments of mixed or unmixed products, for retail sale",3004390000,"medicaments of other hormones, for retail sale, nes",1318.47,185.37624430572
2022,march,import,united states of america,30,pharmaceutical products,3004,"medicaments of mixed or unmixed products, for retail sale",3004500000,"medicaments of vitamins or other of 29.36 for retail sale - other, nes",671.72,95.4825870646766
2022,march,import,united states of america,30,pharmaceutical products,3004,"medicaments of mixed or unmixed products, for retail sale",3004902000,oral rehydration salt (ors),2672.38,375.735335470446
2022,march,import,united states of america,30,pharmaceutical products,3004,"medicaments of mixed or unmixed products, for retail sale",3004909000,"medicaments, consisting of mixed or unmixed products for the therapeutic or prophylactic uses, put up in measured dosesor in the forms of packings for retail sale: other: other",1913614.23,270253.497449286
2022,march,import,united states of america,30,pharmaceutical products,3005,"wadding, gauze, etc with pharmaceutical substances or for retail sale",3005100000,adhesive dressings for medical... purposes,179.67,25.2622254717246
2022,march,import,united states of america,30,pharmaceutical products,3005,"wadding, gauze, etc with pharmaceutical substances or for retail sale",3005900000,"wadding, gauze, etc with pharmaceutical substances for retail sale, nes",2081.76,296.965806479223
2022,march,import,united states of america,30,pharmaceutical products,3006,pharmaceutical goods specified in note 3 to this chapter,3006300000,opacifying preparations for x-ray examinations; diagnostic reagents...,1782.14,250.564499121265
2022,march,import,united states of america,30,pharmaceutical products,3006,pharmaceutical goods specified in note 3 to this chapter,3006500000,first-aid boxes and kits,33503.32,4761.60775300629
2022,march,import,viet nam,30,pharmaceutical products,3002,"human blood; animal blood; antisera, etc; vaccines, toxins, etc",3002150000,"antisera, other blood fractions and immunological products, whether or not modified or obtained by means of biotechnological processes -immunological products, put up in measured doses or in forms or packings for retail sale",11320.1,1591.57820738137
2022,april,import,andorra,30,pharmaceutical products,3006,pharmaceutical goods specified in note 3 to this chapter,3006100000,materials for surgical sutures; laminaria absorbable haemostatics,572.41,80.4817007156616
2022,april,import,australia,30,pharmaceutical products,3005,"wadding, gauze, etc with pharmaceutical substances or for retail sale",3005900000,"wadding, gauze, etc with pharmaceutical substances for retail sale, nes",23656.42,3326.3150494242
2022,april,import,australia,30,pharmaceutical products,3006,pharmaceutical goods specified in note 3 to this chapter,3006500000,first-aid boxes and kits,6701.58,942.241614903852
2022,april,import,bangladesh,30,pharmaceutical products,3003,"medicaments with >=2 constituents mixed together, not for retail sale",3003200000,"medicaments of other antibiotics, not for retail sale",28793.77,4048.33321616872
2022,april,import,bangladesh,30,pharmaceutical products,3004,"medicaments of mixed or unmixed products, for retail sale",3004909000,"medicaments, consisting of mixed or unmixed products for the therapeutic or prophylactic uses, put up in measured dosesor in the forms of packings for retail sale: other: other",310346.2,43634.2685595382
2022,april,import,belgium,30,pharmaceutical products,3002,"human blood; animal blood; antisera, etc; vaccines, toxins, etc",3002200000,vaccines for human medicine,10168821.7,1429711.31107206
2022,april,import,belgium,30,pharmaceutical products,3002,"human blood; animal blood; antisera, etc; vaccines, toxins, etc",3002300000,vaccines for veterinary medicine,85744.59,12055.4783831283
2022,april,import,belgium,30,pharmaceutical products,3004,"medicaments of mixed or unmixed products, for retail sale",3004200000,"medicaments of other antibiotics, for retail sale",263343.32,37027.9541840976
2022,april,import,belgium,30,pharmaceutical products,3004,"medicaments of mixed or unmixed products, for retail sale",3004320000,"medicaments of adrenal cortex hormones, for retail sale",285436.39,40132.2183791688
2022,april,import,belgium,30,pharmaceutical products,3004,"medicaments of mixed or unmixed products, for retail sale",3004909000,"medicaments, consisting of mixed or unmixed products for the therapeutic or prophylactic uses, put up in measured dosesor in the forms of packings for retail sale: other: other",4315428.25,606766.951705316
2022,april,import,belgium,30,pharmaceutical products,3006,pharmaceutical goods specified in note 3 to this chapter,3006400000,dental cements and other dental fillings; bone reconstruction cements,30416.93,4276.54551845343
2022,april,import,brazil,30,pharmaceutical products,3006,pharmaceutical goods specified in note 3 to this chapter,3006100000,materials for surgical sutures; laminaria absorbable haemostatics,4537.23,637.941312936743
2022,april,import,burkina faso,30,pharmaceutical products,3002,"human blood; animal blood; antisera, etc; vaccines, toxins, etc",3002120000,"antisera, other blood fractions and immunological products, whether or not modified or obtained by means of biotechnological processes-antisera and other blood fractions",1149.95,161.684687091377
2022,april,import,china,30,pharmaceutical products,3002,"human blood; animal blood; antisera, etc; vaccines, toxins, etc",3002110000,"antisera, other blood fractions and immunological products, whether or not modified or obtained by means of biotechnological processes :-  malaria diagnostic kits",74488.11,10473.5767528969
2022,april,import,china,30,pharmaceutical products,3004,"medicaments of mixed or unmixed products, for retail sale",3004200000,"medicaments of other antibiotics, for retail sale",2699.37,379.533560224101
2022,april,import,china,30,pharmaceutical products,3004,"medicaments of mixed or unmixed products, for retail sale",3004490000,"other, containing alkaloids or derivatives thereof :--  other",1267765.99,178246.625096383
2022,april,import,china,30,pharmaceutical products,3004,"medicaments of mixed or unmixed products, for retail sale",3004600000,"- other, containing antimalarial active principles described in subheading note 2 to this chapter",207138.36,29123.5547668511
2022,april,import,china,30,pharmaceutical products,3004,"medicaments of mixed or unmixed products, for retail sale",3004902000,oral rehydration salt (ors),13216.5,1858.1880285351
2022,april,import,china,30,pharmaceutical products,3004,"medicaments of mixed or unmixed products, for retail sale",3004909000,"medicaments, consisting of mixed or unmixed products for the therapeutic or prophylactic uses, put up in measured dosesor in the forms of packings for retail sale: other: other",1133516.57,159371.801107117
2022,april,import,china,30,pharmaceutical products,3005,"wadding, gauze, etc with pharmaceutical substances or for retail sale",3005100000,adhesive dressings for medical... purposes,93136.05,13094.9746549507
2022,april,import,china,30,pharmaceutical products,3005,"wadding, gauze, etc with pharmaceutical substances or for retail sale",3005900000,"wadding, gauze, etc with pharmaceutical substances for retail sale, nes",766692.66,107796.446838625
2022,april,import,china,30,pharmaceutical products,3006,pharmaceutical goods specified in note 3 to this chapter,3006200000,blood-grouping reagents,9526.69,1339.42917398945
2022,april,import,china,30,pharmaceutical products,3006,pharmaceutical goods specified in note 3 to this chapter,3006400000,dental cements and other dental fillings; bone reconstruction cements,8966.02,1260.6357999522
2022,april,import,china,30,pharmaceutical products,3006,pharmaceutical goods specified in note 3 to this chapter,3006500000,first-aid boxes and kits,18557.44,2609.02434897694
2022,april,import,china,30,pharmaceutical products,3006,pharmaceutical goods specified in note 3 to this chapter,3006600000,chemical contraceptive preparations based on hormones or spermicides,3589.17,504.649756755997
2022,april,import,china,30,pharmaceutical products,3006,pharmaceutical goods specified in note 3 to this chapter,3006700000,gel preparations designed to be used in human or vet medicine [?],330.61,46.482299018643
2022,april,import,czech republic,30,pharmaceutical products,3005,"wadding, gauze, etc with pharmaceutical substances or for retail sale",3005100000,adhesive dressings for medical... purposes,10789.15,1516.99192936082
2022,april,import,czech republic,30,pharmaceutical products,3005,"wadding, gauze, etc with pharmaceutical substances or for retail sale",3005900000,"wadding, gauze, etc with pharmaceutical substances for retail sale, nes",11106.9,1561.66868198307
2022,april,import,côte d’ivoire,30,pharmaceutical products,3004,"medicaments of mixed or unmixed products, for retail sale",3004909000,"medicaments, consisting of mixed or unmixed products for the therapeutic or prophylactic uses, put up in measured dosesor in the forms of packings for retail sale: other: other",12998.71,1827.61233901355
2022,april,import,denmark,30,pharmaceutical products,3002,"human blood; animal blood; antisera, etc; vaccines, toxins, etc",3002190000,"antisera, other blood fractions and immunological products, whether or not modified or obtained by means of biotechnological processes --  other",9010.17,1266.91460791068
2022,april,import,denmark,30,pharmaceutical products,3004,"medicaments of mixed or unmixed products, for retail sale",3004310000,"medicaments of insulin, for retail sale",1103601.42,155168.00753624
2022,april,import,denmark,30,pharmaceutical products,3004,"medicaments of mixed or unmixed products, for retail sale",3004909000,"medicaments, consisting of mixed or unmixed products for the therapeutic or prophylactic uses, put up in measured dosesor in the forms of packings for retail sale: other: other",201750.24,28365.5873462214
2022,april,import,denmark,30,pharmaceutical products,3005,"wadding, gauze, etc with pharmaceutical substances or for retail sale",3005900000,"wadding, gauze, etc with pharmaceutical substances for retail sale, nes",1041.3,146.414510686164
2022,april,import,dominican republic,30,pharmaceutical products,3006,pharmaceutical goods specified in note 3 to this chapter,3006100000,materials for surgical sutures; laminaria absorbable haemostatics,35398.79,4977.09793201124
2022,april,import,egypt,30,pharmaceutical products,3002,"human blood; animal blood; antisera, etc; vaccines, toxins, etc",3002909000,other (vaccines for veterinary medicine),172.5,24.253416568247
2022,april,import,egypt,30,pharmaceutical products,3003,"medicaments with >=2 constituents mixed together, not for retail sale",3003900000,"other medicaments with >=2 constituents, not for retail sale, nes",38271.63,5380.97266745402
2022,april,import,egypt,30,pharmaceutical products,3004,"medicaments of mixed or unmixed products, for retail sale",3004909000,"medicaments, consisting of mixed or unmixed products for the therapeutic or prophylactic uses, put up in measured dosesor in the forms of packings for retail sale: other: other",1231931.79,173206.687343229
2022,april,import,france,30,pharmaceutical products,3002,"human blood; animal blood; antisera, etc; vaccines, toxins, etc",3002120000,"antisera, other blood fractions and immunological products, whether or not modified or obtained by means of biotechnological processes-antisera and other blood fractions",3679.54,517.334270650264
2022,april,import,france,30,pharmaceutical products,3002,"human blood; animal blood; antisera, etc; vaccines, toxins, etc",3002909000,other (vaccines for veterinary medicine),162407.18,22834.5785532661
2022,april,import,france,30,pharmaceutical products,3004,"medicaments of mixed or unmixed products, for retail sale",3004100000,medicaments of penicillins... or streptomycins for retail sale,331975.43,46676.4491145362
2022,april,import,france,30,pharmaceutical products,3004,"medicaments of mixed or unmixed products, for retail sale",3004200000,"medicaments of other antibiotics, for retail sale",2144329.29,301504.716145134
2022,april,import,france,30,pharmaceutical products,3004,"medicaments of mixed or unmixed products, for retail sale",3004310000,"medicaments of insulin, for retail sale",77610.84,10912.0465665598
2022,april,import,france,30,pharmaceutical products,3004,"medicaments of mixed or unmixed products, for retail sale",3004320000,"medicaments of adrenal cortex hormones, for retail sale",410543.73,57722.2498734604
2022,april,import,france,30,pharmaceutical products,3004,"medicaments of mixed or unmixed products, for retail sale",3004600000,"- other, containing antimalarial active principles described in subheading note 2 to this chapter",6811312.09,957694.115744777
2022,april,import,france,30,pharmaceutical products,3004,"medicaments of mixed or unmixed products, for retail sale",3004909000,"medicaments, consisting of mixed or unmixed products for the therapeutic or prophylactic uses, put up in measured dosesor in the forms of packings for retail sale: other: other",10125758.37,1423704.14994236
2022,april,import,germany,30,pharmaceutical products,3002,"human blood; animal blood; antisera, etc; vaccines, toxins, etc",3002150000,"antisera, other blood fractions and immunological products, whether or not modified or obtained by means of biotechnological processes -immunological products, put up in measured doses or in forms or packings for retail sale",52973.38,7448.25274907824
2022,april,import,germany,30,pharmaceutical products,3002,"human blood; animal blood; antisera, etc; vaccines, toxins, etc",3002909000,other (vaccines for veterinary medicine),1821.59,256.129077615298
2022,april,import,germany,30,pharmaceutical products,3004,"medicaments of mixed or unmixed products, for retail sale",3004200000,"medicaments of other antibiotics, for retail sale",331051.93,46548.7915949774
2022,april,import,germany,30,pharmaceutical products,3004,"medicaments of mixed or unmixed products, for retail sale",3004390000,"medicaments of other hormones, for retail sale, nes",82480.62,11596.8983310603
2022,april,import,germany,30,pharmaceutical products,3004,"medicaments of mixed or unmixed products, for retail sale",3004600000,"- other, containing antimalarial active principles described in subheading note 2 to this chapter",16924.12,2379.59000028121
2022,april,import,germany,30,pharmaceutical products,3004,"medicaments of mixed or unmixed products, for retail sale",3004909000,"medicaments, consisting of mixed or unmixed products for the therapeutic or prophylactic uses, put up in measured dosesor in the forms of packings for retail sale: other: other",2846673.38,400258.852949623
2022,april,import,germany,30,pharmaceutical products,3006,pharmaceutical goods specified in note 3 to this chapter,3006500000,first-aid boxes and kits,1664.57,234.024575413339
2022,april,import,germany,30,pharmaceutical products,3006,pharmaceutical goods specified in note 3 to this chapter,3006600000,chemical contraceptive preparations based on hormones or spermicides,7080043.65,995506.590785182
2022,april,import,hong kong,30,pharmaceutical products,3002,"human blood; animal blood; antisera, etc; vaccines, toxins, etc",3002110000,"antisera, other blood fractions and immunological products, whether or not modified or obtained by means of biotechnological processes :-  malaria diagnostic kits",1780.35,250.323387981215
2022,april,import,hong kong,30,pharmaceutical products,3002,"human blood; animal blood; antisera, etc; vaccines, toxins, etc",3002120000,"antisera, other blood fractions and immunological products, whether or not modified or obtained by means of biotechnological processes-antisera and other blood fractions",4233.02,595.177300975788
2022,april,import,hong kong,30,pharmaceutical products,3002,"human blood; animal blood; antisera, etc; vaccines, toxins, etc",3002140000,"antisera, other blood fractions and immunological products, whether or not modified or obtained by means of biotechnological processes -immunological products, mixed, not put up in measured doses or in forms or packings for retail sale",718.72,101.050263620387
2022,april,import,india,30,pharmaceutical products,3002,"human blood; animal blood; antisera, etc; vaccines, toxins, etc",3002110000,"antisera, other blood fractions and immunological products, whether or not modified or obtained by means of biotechnological processes :-  malaria diagnostic kits",7528.95,1058.59649616153
2022,april,import,india,30,pharmaceutical products,3002,"human blood; animal blood; antisera, etc; vaccines, toxins, etc",3002200000,vaccines for human medicine,5591442.16,786168.141079235
2022,april,import,india,30,pharmaceutical products,3002,"human blood; animal blood; antisera, etc; vaccines, toxins, etc",3002909000,other (vaccines for veterinary medicine),64656.07,9090.87718941989
2022,april,import,india,30,pharmaceutical products,3003,"medicaments with >=2 constituents mixed together, not for retail sale",3003900000,"other medicaments with >=2 constituents, not for retail sale, nes",970176.57,136407.337480749
2022,april,import,india,30,pharmaceutical products,3004,"medicaments of mixed or unmixed products, for retail sale",3004100000,medicaments of penicillins... or streptomycins for retail sale,456378.87,64167.5621834914
2022,april,import,india,30,pharmaceutical products,3004,"medicaments of mixed or unmixed products, for retail sale",3004200000,"medicaments of other antibiotics, for retail sale",10706195.25,1505308.37141223
2022,april,import,india,30,pharmaceutical products,3004,"medicaments of mixed or unmixed products, for retail sale",3004320000,"medicaments of adrenal cortex hormones, for retail sale",317282.16,44609.9581392722
2022,april,import,india,30,pharmaceutical products,3004,"medicaments of mixed or unmixed products, for retail sale",3004390000,"medicaments of other hormones, for retail sale, nes",222896.66,31340.9781234705
2022,april,import,india,30,pharmaceutical products,3004,"medicaments of mixed or unmixed products, for retail sale",3004420000,"other, containing alkaloids or derivatives thereof :--  containing pseudoephedrine (inn) or its salts",39327.49,5529.27059022017
2022,april,import,india,30,pharmaceutical products,3004,"medicaments of mixed or unmixed products, for retail sale",3004500000,"medicaments of vitamins or other of 29.36 for retail sale - other, nes",5572582.7,783504.562150914
2022,april,import,india,30,pharmaceutical products,3004,"medicaments of mixed or unmixed products, for retail sale",3004600000,"- other, containing antimalarial active principles described in subheading note 2 to this chapter",10058980.37,1414307.5997194
2022,april,import,india,30,pharmaceutical products,3004,"medicaments of mixed or unmixed products, for retail sale",3004902000,oral rehydration salt (ors),36379.15,5114.74706858252
2022,april,import,india,30,pharmaceutical products,3004,"medicaments of mixed or unmixed products, for retail sale",3004909000,"medicaments, consisting of mixed or unmixed products for the therapeutic or prophylactic uses, put up in measured dosesor in the forms of packings for retail sale: other: other",51368051.58,7222488.86084272
2022,april,import,india,30,pharmaceutical products,3005,"wadding, gauze, etc with pharmaceutical substances or for retail sale",3005900000,"wadding, gauze, etc with pharmaceutical substances for retail sale, nes",161826.31,22753.2990270433
2022,april,import,india,30,pharmaceutical products,3006,pharmaceutical goods specified in note 3 to this chapter,3006100000,materials for surgical sutures; laminaria absorbable haemostatics,195893.94,27544.4347763134
2022,april,import,india,30,pharmaceutical products,3006,pharmaceutical goods specified in note 3 to this chapter,3006400000,dental cements and other dental fillings; bone reconstruction cements,14682.2,2064.33924328276
2022,april,import,india,30,pharmaceutical products,3006,pharmaceutical goods specified in note 3 to this chapter,3006600000,chemical contraceptive preparations based on hormones or spermicides,2519388.47,354244.723003375
2022,april,import,india,30,pharmaceutical products,3006,pharmaceutical goods specified in note 3 to this chapter,3006700000,gel preparations designed to be used in human or vet medicine [?],3906.9,549.315973735641
2022,april,import,iran (islamic republic of),30,pharmaceutical products,3002,"human blood; animal blood; antisera, etc; vaccines, toxins, etc",3002150000,"antisera, other blood fractions and immunological products, whether or not modified or obtained by means of biotechnological processes -immunological products, put up in measured doses or in forms or packings for retail sale",6834.75,961.01659167604
2022,april,import,ireland,30,pharmaceutical products,3002,"human blood; animal blood; antisera, etc; vaccines, toxins, etc",3002150000,"antisera, other blood fractions and immunological products, whether or not modified or obtained by means of biotechnological processes -immunological products, put up in measured doses or in forms or packings for retail sale",35150.77,4942.15807154393
2022,april,import,ireland,30,pharmaceutical products,3004,"medicaments of mixed or unmixed products, for retail sale",3004200000,"medicaments of other antibiotics, for retail sale",42887.78,6030.59465388023
2022,april,import,ireland,30,pharmaceutical products,3004,"medicaments of mixed or unmixed products, for retail sale",3004909000,"medicaments, consisting of mixed or unmixed products for the therapeutic or prophylactic uses, put up in measured dosesor in the forms of packings for retail sale: other: other",83686.93,11766.5454584964
2022,april,import,italy,30,pharmaceutical products,3002,"human blood; animal blood; antisera, etc; vaccines, toxins, etc",3002130000,"antisera, other blood fractions and immunological products, whether or not modified or obtained by means of biotechnological processes -immunological products, unmixed, not put up in measured doses or in forms or packings for retail sale",583.36,82.0247469066367
2022,april,import,italy,30,pharmaceutical products,3002,"human blood; animal blood; antisera, etc; vaccines, toxins, etc",3002150000,"antisera, other blood fractions and immunological products, whether or not modified or obtained by means of biotechnological processes -immunological products, put up in measured doses or in forms or packings for retail sale",2788.11,392.001405975395
2022,april,import,italy,30,pharmaceutical products,3002,"human blood; animal blood; antisera, etc; vaccines, toxins, etc",3002300000,vaccines for veterinary medicine,124703.84,17533.0530755712
2022,april,import,italy,30,pharmaceutical products,3004,"medicaments of mixed or unmixed products, for retail sale",3004200000,"medicaments of other antibiotics, for retail sale",1425105.1,200388.809989173
2022,april,import,italy,30,pharmaceutical products,3004,"medicaments of mixed or unmixed products, for retail sale",3004320000,"medicaments of adrenal cortex hormones, for retail sale",43202.51,6074.84989524305
2022,april,import,italy,30,pharmaceutical products,3004,"medicaments of mixed or unmixed products, for retail sale",3004390000,"medicaments of other hormones, for retail sale, nes",1038790.65,146049.356072322
2022,april,import,italy,30,pharmaceutical products,3004,"medicaments of mixed or unmixed products, for retail sale",3004490000,"other, containing alkaloids or derivatives thereof :--  other",55263.44,7769.79444928718
2022,april,import,italy,30,pharmaceutical products,3004,"medicaments of mixed or unmixed products, for retail sale",3004909000,"medicaments, consisting of mixed or unmixed products for the therapeutic or prophylactic uses, put up in measured dosesor in the forms of packings for retail sale: other: other",1591658.02,223793.017359846
2022,april,import,italy,30,pharmaceutical products,3006,pharmaceutical goods specified in note 3 to this chapter,3006700000,gel preparations designed to be used in human or vet medicine [?],1129.81,158.850739553456
2022,april,import,japan,30,pharmaceutical products,3004,"medicaments of mixed or unmixed products, for retail sale",3004200000,"medicaments of other antibiotics, for retail sale",124.95,17.5684035882006
2022,april,import,japan,30,pharmaceutical products,3004,"medicaments of mixed or unmixed products, for retail sale",3004909000,"medicaments, consisting of mixed or unmixed products for the therapeutic or prophylactic uses, put up in measured dosesor in the forms of packings for retail sale: other: other",107259.39,15080.4066779779
2022,april,import,malta,30,pharmaceutical products,3004,"medicaments of mixed or unmixed products, for retail sale",3004909000,"medicaments, consisting of mixed or unmixed products for the therapeutic or prophylactic uses, put up in measured dosesor in the forms of packings for retail sale: other: other",309976.62,43583.1756253251
2022,april,import,netherlands,30,pharmaceutical products,3002,"human blood; animal blood; antisera, etc; vaccines, toxins, etc",3002300000,vaccines for veterinary medicine,1219087.7,171405.550946951
2022,april,import,netherlands,30,pharmaceutical products,3004,"medicaments of mixed or unmixed products, for retail sale",3004390000,"medicaments of other hormones, for retail sale, nes",144010.54,20246.6736025194
2022,april,import,netherlands,30,pharmaceutical products,3004,"medicaments of mixed or unmixed products, for retail sale",3004909000,"medicaments, consisting of mixed or unmixed products for the therapeutic or prophylactic uses, put up in measured dosesor in the forms of packings for retail sale: other: other",582499.61,81899.4455174361
2022,april,import,netherlands,30,pharmaceutical products,3005,"wadding, gauze, etc with pharmaceutical substances or for retail sale",3005900000,"wadding, gauze, etc with pharmaceutical substances for retail sale, nes",431.8,60.7074569789675
2022,april,import,netherlands,30,pharmaceutical products,3006,pharmaceutical goods specified in note 3 to this chapter,3006600000,chemical contraceptive preparations based on hormones or spermicides,2149281.43,302217.673692647
2022,april,import,nigeria,30,pharmaceutical products,3003,"medicaments with >=2 constituents mixed together, not for retail sale",3003900000,"other medicaments with >=2 constituents, not for retail sale, nes",1151.41,161.887689106349
2022,april,import,nigeria,30,pharmaceutical products,3004,"medicaments of mixed or unmixed products, for retail sale",3004200000,"medicaments of other antibiotics, for retail sale",520.73,73.2143861425117
2022,april,import,nigeria,30,pharmaceutical products,3004,"medicaments of mixed or unmixed products, for retail sale",3004390000,"medicaments of other hormones, for retail sale, nes",503.01,70.7269403824522
2022,april,import,nigeria,30,pharmaceutical products,3004,"medicaments of mixed or unmixed products, for retail sale",3004600000,"- other, containing antimalarial active principles described in subheading note 2 to this chapter",170.73,24.0045554243293
2022,april,import,nigeria,30,pharmaceutical products,3004,"medicaments of mixed or unmixed products, for retail sale",3004909000,"medicaments, consisting of mixed or unmixed products for the therapeutic or prophylactic uses, put up in measured dosesor in the forms of packings for retail sale: other: other",8350.56,1174.08469714864
2022,april,import,norway,30,pharmaceutical products,3002,"human blood; animal blood; antisera, etc; vaccines, toxins, etc",3002150000,"antisera, other blood fractions and immunological products, whether or not modified or obtained by means of biotechnological processes -immunological products, put up in measured doses or in forms or packings for retail sale",1292.9,181.799007269711
2022,april,import,pakistan,30,pharmaceutical products,3003,"medicaments with >=2 constituents mixed together, not for retail sale",3003900000,"other medicaments with >=2 constituents, not for retail sale, nes",58890.24,8280.10292092167
2022,april,import,pakistan,30,pharmaceutical products,3004,"medicaments of mixed or unmixed products, for retail sale",3004909000,"medicaments, consisting of mixed or unmixed products for the therapeutic or prophylactic uses, put up in measured dosesor in the forms of packings for retail sale: other: other",610231.39,85800.7430094114
2022,april,import,portugal,30,pharmaceutical products,3004,"medicaments of mixed or unmixed products, for retail sale",3004909000,"medicaments, consisting of mixed or unmixed products for the therapeutic or prophylactic uses, put up in measured dosesor in the forms of packings for retail sale: other: other",67920.64,9550.14623172104
2022,april,import,puerto rico,30,pharmaceutical products,3004,"medicaments of mixed or unmixed products, for retail sale",3004909000,"medicaments, consisting of mixed or unmixed products for the therapeutic or prophylactic uses, put up in measured dosesor in the forms of packings for retail sale: other: other",540087.5,75939.841746704
2022,april,import,republic of korea,30,pharmaceutical products,3002,"human blood; animal blood; antisera, etc; vaccines, toxins, etc",3002110000,"antisera, other blood fractions and immunological products, whether or not modified or obtained by means of biotechnological processes :-  malaria diagnostic kits",10885227.0,1530543.72890889
2022,april,import,singapore,30,pharmaceutical products,3002,"human blood; animal blood; antisera, etc; vaccines, toxins, etc",3002200000,vaccines for human medicine,41102.17,5778.86397188049
2022,april,import,slovenia,30,pharmaceutical products,3004,"medicaments of mixed or unmixed products, for retail sale",3004100000,medicaments of penicillins... or streptomycins for retail sale,153696.96,21610.9336332958
2022,april,import,slovenia,30,pharmaceutical products,3004,"medicaments of mixed or unmixed products, for retail sale",3004200000,"medicaments of other antibiotics, for retail sale",1157167.1,162699.844799445
2022,april,import,slovenia,30,pharmaceutical products,3004,"medicaments of mixed or unmixed products, for retail sale",3004600000,"- other, containing antimalarial active principles described in subheading note 2 to this chapter",431347.67,60651.5375638015
2022,april,import,slovenia,30,pharmaceutical products,3004,"medicaments of mixed or unmixed products, for retail sale",3004909000,"medicaments, consisting of mixed or unmixed products for the therapeutic or prophylactic uses, put up in measured dosesor in the forms of packings for retail sale: other: other",3330392.76,468254.474850716
2022,april,import,south africa,30,pharmaceutical products,3002,"human blood; animal blood; antisera, etc; vaccines, toxins, etc",3002150000,"antisera, other blood fractions and immunological products, whether or not modified or obtained by means of biotechnological processes -immunological products, put up in measured doses or in forms or packings for retail sale",176767.14,24854.772215973
2022,april,import,south africa,30,pharmaceutical products,3002,"human blood; animal blood; antisera, etc; vaccines, toxins, etc",3002300000,vaccines for veterinary medicine,77423.57,10885.7575131828
2022,april,import,south africa,30,pharmaceutical products,3002,"human blood; animal blood; antisera, etc; vaccines, toxins, etc",3002901000,ferments,25972.45,3651.91929133858
2022,april,import,south africa,30,pharmaceutical products,3003,"medicaments with >=2 constituents mixed together, not for retail sale",3003900000,"other medicaments with >=2 constituents, not for retail sale, nes",140375.39,19736.4344463972
2022,april,import,south africa,30,pharmaceutical products,3004,"medicaments of mixed or unmixed products, for retail sale",3004909000,"medicaments, consisting of mixed or unmixed products for the therapeutic or prophylactic uses, put up in measured dosesor in the forms of packings for retail sale: other: other",535792.25,75336.6687819503
2022,april,import,south africa,30,pharmaceutical products,3005,"wadding, gauze, etc with pharmaceutical substances or for retail sale",3005100000,adhesive dressings for medical... purposes,15085.45,2121.06661792413
2022,april,import,south africa,30,pharmaceutical products,3006,pharmaceutical goods specified in note 3 to this chapter,3006100000,materials for surgical sutures; laminaria absorbable haemostatics,272334.07,38290.0385242675
2022,april,import,south africa,30,pharmaceutical products,3006,pharmaceutical goods specified in note 3 to this chapter,3006500000,first-aid boxes and kits,683.03,96.039088863892
2022,april,import,spain,30,pharmaceutical products,3002,"human blood; animal blood; antisera, etc; vaccines, toxins, etc",3002120000,"antisera, other blood fractions and immunological products, whether or not modified or obtained by means of biotechnological processes-antisera and other blood fractions",16943.77,2382.28586693662
2022,april,import,spain,30,pharmaceutical products,3004,"medicaments of mixed or unmixed products, for retail sale",3004200000,"medicaments of other antibiotics, for retail sale",413139.94,58084.0091103363
2022,april,import,spain,30,pharmaceutical products,3004,"medicaments of mixed or unmixed products, for retail sale",3004500000,"medicaments of vitamins or other of 29.36 for retail sale - other, nes",533560.76,75014.1660105725
2022,april,import,spain,30,pharmaceutical products,3004,"medicaments of mixed or unmixed products, for retail sale",3004909000,"medicaments, consisting of mixed or unmixed products for the therapeutic or prophylactic uses, put up in measured dosesor in the forms of packings for retail sale: other: other",69575.54,9781.73714992689
2022,april,import,sweden,30,pharmaceutical products,3004,"medicaments of mixed or unmixed products, for retail sale",3004100000,medicaments of penicillins... or streptomycins for retail sale,49943.85,7022.27861983634
2022,april,import,sweden,30,pharmaceutical products,3004,"medicaments of mixed or unmixed products, for retail sale",3004320000,"medicaments of adrenal cortex hormones, for retail sale",39312.77,5527.66732283465
2022,april,import,sweden,30,pharmaceutical products,3004,"medicaments of mixed or unmixed products, for retail sale",3004909000,"medicaments, consisting of mixed or unmixed products for the therapeutic or prophylactic uses, put up in measured dosesor in the forms of packings for retail sale: other: other",1831166.03,257469.199902431
2022,april,import,switzerland,30,pharmaceutical products,3002,"human blood; animal blood; antisera, etc; vaccines, toxins, etc",3002120000,"antisera, other blood fractions and immunological products, whether or not modified or obtained by means of biotechnological processes-antisera and other blood fractions",15030.61,2113.17765155776
2022,april,import,switzerland,30,pharmaceutical products,3002,"human blood; animal blood; antisera, etc; vaccines, toxins, etc",3002150000,"antisera, other blood fractions and immunological products, whether or not modified or obtained by means of biotechnological processes -immunological products, put up in measured doses or in forms or packings for retail sale",182444.68,25650.4448319394
2022,april,import,switzerland,30,pharmaceutical products,3004,"medicaments of mixed or unmixed products, for retail sale",3004200000,"medicaments of other antibiotics, for retail sale",340054.06,47814.1031073031
2022,april,import,switzerland,30,pharmaceutical products,3004,"medicaments of mixed or unmixed products, for retail sale",3004909000,"medicaments, consisting of mixed or unmixed products for the therapeutic or prophylactic uses, put up in measured dosesor in the forms of packings for retail sale: other: other",748996.9,105312.682905603
2022,april,import,thailand,30,pharmaceutical products,3004,"medicaments of mixed or unmixed products, for retail sale",3004500000,"medicaments of vitamins or other of 29.36 for retail sale - other, nes",783192.73,110119.492515541
2022,april,import,thailand,30,pharmaceutical products,3004,"medicaments of mixed or unmixed products, for retail sale",3004909000,"medicaments, consisting of mixed or unmixed products for the therapeutic or prophylactic uses, put up in measured dosesor in the forms of packings for retail sale: other: other",367389.61,51656.0972084346
2022,april,import,togo,30,pharmaceutical products,3003,"medicaments with >=2 constituents mixed together, not for retail sale",3003900000,"other medicaments with >=2 constituents, not for retail sale, nes",1770.89,248.997218611022
2022,april,import,togo,30,pharmaceutical products,3004,"medicaments of mixed or unmixed products, for retail sale",3004390000,"medicaments of other hormones, for retail sale, nes",7740.74,1088.34113296236
2022,april,import,togo,30,pharmaceutical products,3004,"medicaments of mixed or unmixed products, for retail sale",3004909000,"medicaments, consisting of mixed or unmixed products for the therapeutic or prophylactic uses, put up in measured dosesor in the forms of packings for retail sale: other: other",331.75,46.6412664492183
2022,april,import,türkiye,30,pharmaceutical products,3002,"human blood; animal blood; antisera, etc; vaccines, toxins, etc",3002300000,vaccines for veterinary medicine,2336.75,328.527443482173
2022,april,import,türkiye,30,pharmaceutical products,3004,"medicaments of mixed or unmixed products, for retail sale",3004909000,"medicaments, consisting of mixed or unmixed products for the therapeutic or prophylactic uses, put up in measured dosesor in the forms of packings for retail sale: other: other",7758.76,1090.9392575928
2022,april,import,united arab emirates,30,pharmaceutical products,3006,pharmaceutical goods specified in note 3 to this chapter,3006500000,first-aid boxes and kits,2026.6,284.967026168145
2022,april,import,united kingdom,30,pharmaceutical products,3002,"human blood; animal blood; antisera, etc; vaccines, toxins, etc",3002120000,"antisera, other blood fractions and immunological products, whether or not modified or obtained by means of biotechnological processes-antisera and other blood fractions",21930.41,3083.62181695468
2022,april,import,united kingdom,30,pharmaceutical products,3002,"human blood; animal blood; antisera, etc; vaccines, toxins, etc",3002190000,"antisera, other blood fractions and immunological products, whether or not modified or obtained by means of biotechnological processes --  other",2479.67,348.635500878735
2022,april,import,united kingdom,30,pharmaceutical products,3002,"human blood; animal blood; antisera, etc; vaccines, toxins, etc",3002909000,other (vaccines for veterinary medicine),426.32,59.9387003346174
2022,april,import,united kingdom,30,pharmaceutical products,3004,"medicaments of mixed or unmixed products, for retail sale",3004100000,medicaments of penicillins... or streptomycins for retail sale,8144.02,1145.06137255178
2022,april,import,united kingdom,30,pharmaceutical products,3004,"medicaments of mixed or unmixed products, for retail sale",3004200000,"medicaments of other antibiotics, for retail sale",205.15,28.8431797092484
2022,april,import,united kingdom,30,pharmaceutical products,3004,"medicaments of mixed or unmixed products, for retail sale",3004390000,"medicaments of other hormones, for retail sale, nes",238692.37,33561.4258449184
2022,april,import,united kingdom,30,pharmaceutical products,3004,"medicaments of mixed or unmixed products, for retail sale",3004902000,oral rehydration salt (ors),392.73,55.2160953800298
2022,april,import,united kingdom,30,pharmaceutical products,3004,"medicaments of mixed or unmixed products, for retail sale",3004909000,"medicaments, consisting of mixed or unmixed products for the therapeutic or prophylactic uses, put up in measured dosesor in the forms of packings for retail sale: other: other",2294641.08,322627.596301218
2022,april,import,united kingdom,30,pharmaceutical products,3005,"wadding, gauze, etc with pharmaceutical substances or for retail sale",3005100000,adhesive dressings for medical... purposes,8518.63,1197.74759602503
2022,april,import,united kingdom,30,pharmaceutical products,3006,pharmaceutical goods specified in note 3 to this chapter,3006400000,dental cements and other dental fillings; bone reconstruction cements,3400.41,478.104173314858
2022,april,import,united kingdom,30,pharmaceutical products,3006,pharmaceutical goods specified in note 3 to this chapter,3006500000,first-aid boxes and kits,3667.24,515.641031147205
2022,april,import,united kingdom,30,pharmaceutical products,3006,pharmaceutical goods specified in note 3 to this chapter,3006700000,gel preparations designed to be used in human or vet medicine [?],42216.16,5935.40477462531
2022,april,import,united states of america,30,pharmaceutical products,3001,"glands, etc, dried; extracts of glands, etc; heparin and its salts; etc",3001900000,"substances of human or animal origin,for prophylactic uses, nes",2161.45,303.904578730004
2022,april,import,united states of america,30,pharmaceutical products,3002,"human blood; animal blood; antisera, etc; vaccines, toxins, etc",3002120000,"antisera, other blood fractions and immunological products, whether or not modified or obtained by means of biotechnological processes-antisera and other blood fractions",9808.18,1379.10824161618
2022,april,import,united states of america,30,pharmaceutical products,3002,"human blood; animal blood; antisera, etc; vaccines, toxins, etc",3002140000,"antisera, other blood fractions and immunological products, whether or not modified or obtained by means of biotechnological processes -immunological products, mixed, not put up in measured doses or in forms or packings for retail sale",7951.56,1118.0169286578
2022,april,import,united states of america,30,pharmaceutical products,3002,"human blood; animal blood; antisera, etc; vaccines, toxins, etc",3002150000,"antisera, other blood fractions and immunological products, whether or not modified or obtained by means of biotechnological processes -immunological products, put up in measured doses or in forms or packings for retail sale",111460.0,15672.2170216688
2022,april,import,united states of america,30,pharmaceutical products,3002,"human blood; animal blood; antisera, etc; vaccines, toxins, etc",3002909000,other (vaccines for veterinary medicine),23498.11,3304.00871766029
2022,april,import,united states of america,30,pharmaceutical products,3004,"medicaments of mixed or unmixed products, for retail sale",3004909000,"medicaments, consisting of mixed or unmixed products for the therapeutic or prophylactic uses, put up in measured dosesor in the forms of packings for retail sale: other: other",6041746.55,849510.668530535
2022,april,import,united states of america,30,pharmaceutical products,3005,"wadding, gauze, etc with pharmaceutical substances or for retail sale",3005100000,adhesive dressings for medical... purposes,322875.3,45396.0957456093
2022,april,import,united states of america,30,pharmaceutical products,3005,"wadding, gauze, etc with pharmaceutical substances or for retail sale",3005900000,"wadding, gauze, etc with pharmaceutical substances for retail sale, nes",106433.81,14964.3312640254
2022,april,import,united states of america,30,pharmaceutical products,3006,pharmaceutical goods specified in note 3 to this chapter,3006100000,materials for surgical sutures; laminaria absorbable haemostatics,16377.59,2302.71626793043
2022,may,import,australia,30,pharmaceutical products,3006,pharmaceutical goods specified in note 3 to this chapter,3006500000,first-aid boxes and kits,18552.32,2601.07654807404
2022,may,import,austria,30,pharmaceutical products,3002,"human blood; animal blood; antisera, etc; vaccines, toxins, etc",3002110000,"antisera, other blood fractions and immunological products, whether or not modified or obtained by means of biotechnological processes :-  malaria diagnostic kits",65478.08,9204.63337831759
2022,may,import,austria,30,pharmaceutical products,3002,"human blood; animal blood; antisera, etc; vaccines, toxins, etc",3002909000,other (vaccines for veterinary medicine),37022.95,5204.82342686836
2022,may,import,bangladesh,30,pharmaceutical products,3004,"medicaments of mixed or unmixed products, for retail sale",3004909000,"medicaments, consisting of mixed or unmixed products for the therapeutic or prophylactic uses, put up in measured dosesor in the forms of packings for retail sale: other: other",335547.58,47013.237498774
2022,may,import,belgium,30,pharmaceutical products,3002,"human blood; animal blood; antisera, etc; vaccines, toxins, etc",3002120000,"antisera, other blood fractions and immunological products, whether or not modified or obtained by means of biotechnological processes-antisera and other blood fractions",299171.04,42059.1640775471
2022,may,import,belgium,30,pharmaceutical products,3002,"human blood; animal blood; antisera, etc; vaccines, toxins, etc",3002300000,vaccines for veterinary medicine,162198.84,22802.5136366192
2022,may,import,belgium,30,pharmaceutical products,3004,"medicaments of mixed or unmixed products, for retail sale",3004200000,"medicaments of other antibiotics, for retail sale",40440.43,5670.0405198884
2022,may,import,belgium,30,pharmaceutical products,3004,"medicaments of mixed or unmixed products, for retail sale",3004390000,"medicaments of other hormones, for retail sale, nes",53130.47,7469.17323886241
2022,may,import,belgium,30,pharmaceutical products,3004,"medicaments of mixed or unmixed products, for retail sale",3004909000,"medicaments, consisting of mixed or unmixed products for the therapeutic or prophylactic uses, put up in measured dosesor in the forms of packings for retail sale: other: other",5484034.37,769685.852195738
2022,may,import,bulgaria,30,pharmaceutical products,3004,"medicaments of mixed or unmixed products, for retail sale",3004909000,"medicaments, consisting of mixed or unmixed products for the therapeutic or prophylactic uses, put up in measured dosesor in the forms of packings for retail sale: other: other",19231.36,2702.43806472465
2022,may,import,bulgaria,30,pharmaceutical products,3006,pharmaceutical goods specified in note 3 to this chapter,3006500000,first-aid boxes and kits,3120.39,438.675982680088
2022,may,import,canada,30,pharmaceutical products,3004,"medicaments of mixed or unmixed products, for retail sale",3004390000,"medicaments of other hormones, for retail sale, nes",157051.37,22078.5528517003
2022,may,import,canada,30,pharmaceutical products,3004,"medicaments of mixed or unmixed products, for retail sale",3004909000,"medicaments, consisting of mixed or unmixed products for the therapeutic or prophylactic uses, put up in measured dosesor in the forms of packings for retail sale: other: other",8805.54,1237.8980220151
2022,may,import,china,30,pharmaceutical products,3002,"human blood; animal blood; antisera, etc; vaccines, toxins, etc",3002110000,"antisera, other blood fractions and immunological products, whether or not modified or obtained by means of biotechnological processes :-  malaria diagnostic kits",36912.77,5174.71156407273
2022,may,import,china,30,pharmaceutical products,3002,"human blood; animal blood; antisera, etc; vaccines, toxins, etc",3002120000,"antisera, other blood fractions and immunological products, whether or not modified or obtained by means of biotechnological processes-antisera and other blood fractions",1415.04,198.920377867746
2022,may,import,china,30,pharmaceutical products,3002,"human blood; animal blood; antisera, etc; vaccines, toxins, etc",3002200000,vaccines for human medicine,35684.32,5001.44144311532
2022,may,import,china,30,pharmaceutical products,3002,"human blood; animal blood; antisera, etc; vaccines, toxins, etc",3002909000,other (vaccines for veterinary medicine),577.58,81.1937696806118
2022,may,import,china,30,pharmaceutical products,3004,"medicaments of mixed or unmixed products, for retail sale",3004100000,medicaments of penicillins... or streptomycins for retail sale,454573.0,63905.5558679638
2022,may,import,china,30,pharmaceutical products,3004,"medicaments of mixed or unmixed products, for retail sale",3004200000,"medicaments of other antibiotics, for retail sale",404959.54,56921.9093937562
2022,may,import,china,30,pharmaceutical products,3004,"medicaments of mixed or unmixed products, for retail sale",3004500000,"medicaments of vitamins or other of 29.36 for retail sale - other, nes",729946.92,102602.774693224
2022,may,import,china,30,pharmaceutical products,3004,"medicaments of mixed or unmixed products, for retail sale",3004600000,"- other, containing antimalarial active principles described in subheading note 2 to this chapter",384463.65,54049.3260652721
2022,may,import,china,30,pharmaceutical products,3004,"medicaments of mixed or unmixed products, for retail sale",3004909000,"medicaments, consisting of mixed or unmixed products for the therapeutic or prophylactic uses, put up in measured dosesor in the forms of packings for retail sale: other: other",3051844.65,428046.071349763
2022,may,import,china,30,pharmaceutical products,3005,"wadding, gauze, etc with pharmaceutical substances or for retail sale",3005100000,adhesive dressings for medical... purposes,37676.0,5292.70233234494
2022,may,import,china,30,pharmaceutical products,3005,"wadding, gauze, etc with pharmaceutical substances or for retail sale",3005900000,"wadding, gauze, etc with pharmaceutical substances for retail sale, nes",190944.79,26833.1502960292
2022,may,import,china,30,pharmaceutical products,3006,pharmaceutical goods specified in note 3 to this chapter,3006500000,first-aid boxes and kits,2438.87,342.860556984803
2022,may,import,czech republic,30,pharmaceutical products,3002,"human blood; animal blood; antisera, etc; vaccines, toxins, etc",3002300000,vaccines for veterinary medicine,165170.22,23219.9148074733
2022,may,import,denmark,30,pharmaceutical products,3004,"medicaments of mixed or unmixed products, for retail sale",3004310000,"medicaments of insulin, for retail sale",1722292.99,242067.144276328
2022,may,import,denmark,30,pharmaceutical products,3004,"medicaments of mixed or unmixed products, for retail sale",3004909000,"medicaments, consisting of mixed or unmixed products for the therapeutic or prophylactic uses, put up in measured dosesor in the forms of packings for retail sale: other: other",183573.02,25796.1328218316
2022,may,import,egypt,30,pharmaceutical products,3004,"medicaments of mixed or unmixed products, for retail sale",3004909000,"medicaments, consisting of mixed or unmixed products for the therapeutic or prophylactic uses, put up in measured dosesor in the forms of packings for retail sale: other: other",73138.96,10259.3408125681
2022,may,import,france,30,pharmaceutical products,3002,"human blood; animal blood; antisera, etc; vaccines, toxins, etc",3002120000,"antisera, other blood fractions and immunological products, whether or not modified or obtained by means of biotechnological processes-antisera and other blood fractions",77075.41,10817.0175579633
2022,may,import,france,30,pharmaceutical products,3002,"human blood; animal blood; antisera, etc; vaccines, toxins, etc",3002200000,vaccines for human medicine,5611576.92,785792.071471581
2022,may,import,france,30,pharmaceutical products,3002,"human blood; animal blood; antisera, etc; vaccines, toxins, etc",3002300000,vaccines for veterinary medicine,1483437.15,208457.901148765
2022,may,import,france,30,pharmaceutical products,3002,"human blood; animal blood; antisera, etc; vaccines, toxins, etc",3002909000,other (vaccines for veterinary medicine),354006.1,49698.4484619895
2022,may,import,france,30,pharmaceutical products,3004,"medicaments of mixed or unmixed products, for retail sale",3004100000,medicaments of penicillins... or streptomycins for retail sale,237064.94,33300.2025023742
2022,may,import,france,30,pharmaceutical products,3004,"medicaments of mixed or unmixed products, for retail sale",3004200000,"medicaments of other antibiotics, for retail sale",154522.14,21668.917705942
2022,may,import,france,30,pharmaceutical products,3004,"medicaments of mixed or unmixed products, for retail sale",3004500000,"medicaments of vitamins or other of 29.36 for retail sale - other, nes",483863.16,67976.4338300611
2022,may,import,france,30,pharmaceutical products,3004,"medicaments of mixed or unmixed products, for retail sale",3004909000,"medicaments, consisting of mixed or unmixed products for the therapeutic or prophylactic uses, put up in measured dosesor in the forms of packings for retail sale: other: other",7365649.46,1034116.58974079
2022,may,import,germany,30,pharmaceutical products,3002,"human blood; animal blood; antisera, etc; vaccines, toxins, etc",3002150000,"antisera, other blood fractions and immunological products, whether or not modified or obtained by means of biotechnological processes -immunological products, put up in measured doses or in forms or packings for retail sale",25139.92,3529.6151651249
2022,may,import,germany,30,pharmaceutical products,3002,"human blood; animal blood; antisera, etc; vaccines, toxins, etc",3002190000,"antisera, other blood fractions and immunological products, whether or not modified or obtained by means of biotechnological processes --  other",2023.98,283.876125557519
2022,may,import,germany,30,pharmaceutical products,3002,"human blood; animal blood; antisera, etc; vaccines, toxins, etc",3002909000,other (vaccines for veterinary medicine),9667.42,1354.4925952391
2022,may,import,germany,30,pharmaceutical products,3004,"medicaments of mixed or unmixed products, for retail sale",3004100000,medicaments of penicillins... or streptomycins for retail sale,110801.05,15523.1373812659
2022,may,import,germany,30,pharmaceutical products,3004,"medicaments of mixed or unmixed products, for retail sale",3004200000,"medicaments of other antibiotics, for retail sale",1216413.43,170566.09813989
2022,may,import,germany,30,pharmaceutical products,3004,"medicaments of mixed or unmixed products, for retail sale",3004310000,"medicaments of insulin, for retail sale",207347.81,29148.0839518668
2022,may,import,germany,30,pharmaceutical products,3004,"medicaments of mixed or unmixed products, for retail sale",3004390000,"medicaments of other hormones, for retail sale, nes",270654.29,37984.9676504849
2022,may,import,germany,30,pharmaceutical products,3004,"medicaments of mixed or unmixed products, for retail sale",3004500000,"medicaments of vitamins or other of 29.36 for retail sale - other, nes",217954.2,30627.4608996248
2022,may,import,germany,30,pharmaceutical products,3004,"medicaments of mixed or unmixed products, for retail sale",3004909000,"medicaments, consisting of mixed or unmixed products for the therapeutic or prophylactic uses, put up in measured dosesor in the forms of packings for retail sale: other: other",5705384.46,801684.566939658
2022,may,import,germany,30,pharmaceutical products,3005,"wadding, gauze, etc with pharmaceutical substances or for retail sale",3005100000,adhesive dressings for medical... purposes,368.34,51.7745948301309
2022,may,import,germany,30,pharmaceutical products,3006,pharmaceutical goods specified in note 3 to this chapter,3006500000,first-aid boxes and kits,8239.67,1158.19057067133
2022,may,import,germany,30,pharmaceutical products,3006,pharmaceutical goods specified in note 3 to this chapter,3006600000,chemical contraceptive preparations based on hormones or spermicides,4679719.27,657901.266914879
2022,may,import,germany,30,pharmaceutical products,3006,pharmaceutical goods specified in note 3 to this chapter,3006700000,gel preparations designed to be used in human or vet medicine [?],3426.98,481.770767435649
2022,may,import,greece,30,pharmaceutical products,3004,"medicaments of mixed or unmixed products, for retail sale",3004909000,"medicaments, consisting of mixed or unmixed products for the therapeutic or prophylactic uses, put up in measured dosesor in the forms of packings for retail sale: other: other",141948.09,19952.5027058179
2022,may,import,hungary,30,pharmaceutical products,3004,"medicaments of mixed or unmixed products, for retail sale",3004909000,"medicaments, consisting of mixed or unmixed products for the therapeutic or prophylactic uses, put up in measured dosesor in the forms of packings for retail sale: other: other",190566.52,26718.8031911165
2022,may,import,india,30,pharmaceutical products,3001,"glands, etc, dried; extracts of glands, etc; heparin and its salts; etc",3001200000,extracts of glands or other organs or of their secretions,87006.96,12212.1398835792
2022,may,import,india,30,pharmaceutical products,3002,"human blood; animal blood; antisera, etc; vaccines, toxins, etc",3002110000,"antisera, other blood fractions and immunological products, whether or not modified or obtained by means of biotechnological processes :-  malaria diagnostic kits",160244.89,22430.3817135818
2022,may,import,india,30,pharmaceutical products,3002,"human blood; animal blood; antisera, etc; vaccines, toxins, etc",3002120000,"antisera, other blood fractions and immunological products, whether or not modified or obtained by means of biotechnological processes-antisera and other blood fractions",2072.12,290.160054891966
2022,may,import,india,30,pharmaceutical products,3002,"human blood; animal blood; antisera, etc; vaccines, toxins, etc",3002140000,"antisera, other blood fractions and immunological products, whether or not modified or obtained by means of biotechnological processes -immunological products, mixed, not put up in measured doses or in forms or packings for retail sale",269037.91,37715.7711017341
2022,may,import,india,30,pharmaceutical products,3002,"human blood; animal blood; antisera, etc; vaccines, toxins, etc",3002150000,"antisera, other blood fractions and immunological products, whether or not modified or obtained by means of biotechnological processes -immunological products, put up in measured doses or in forms or packings for retail sale",6436224.16,901267.858793217
2022,may,import,india,30,pharmaceutical products,3003,"medicaments with >=2 constituents mixed together, not for retail sale",3003200000,"medicaments of other antibiotics, not for retail sale",109812.92,15401.9635894415
2022,may,import,india,30,pharmaceutical products,3003,"medicaments with >=2 constituents mixed together, not for retail sale",3003900000,"other medicaments with >=2 constituents, not for retail sale, nes",15668.76,2197.07207065221
2022,may,import,india,30,pharmaceutical products,3004,"medicaments of mixed or unmixed products, for retail sale",3004100000,medicaments of penicillins... or streptomycins for retail sale,228005.33,32049.2299257659
2022,may,import,india,30,pharmaceutical products,3004,"medicaments of mixed or unmixed products, for retail sale",3004200000,"medicaments of other antibiotics, for retail sale",1907950.36,268034.248477074
2022,may,import,india,30,pharmaceutical products,3004,"medicaments of mixed or unmixed products, for retail sale",3004390000,"medicaments of other hormones, for retail sale, nes",657.09,92.3618627271833
2022,may,import,india,30,pharmaceutical products,3004,"medicaments of mixed or unmixed products, for retail sale",3004500000,"medicaments of vitamins or other of 29.36 for retail sale - other, nes",3968643.18,556488.692725751
2022,may,import,india,30,pharmaceutical products,3004,"medicaments of mixed or unmixed products, for retail sale",3004600000,"- other, containing antimalarial active principles described in subheading note 2 to this chapter",2652383.0,372863.123164718
2022,may,import,india,30,pharmaceutical products,3004,"medicaments of mixed or unmixed products, for retail sale",3004902000,oral rehydration salt (ors),294721.5,41432.457509173
2022,may,import,india,30,pharmaceutical products,3004,"medicaments of mixed or unmixed products, for retail sale",3004909000,"medicaments, consisting of mixed or unmixed products for the therapeutic or prophylactic uses, put up in measured dosesor in the forms of packings for retail sale: other: other",61481516.3,8629567.61263625
2022,may,import,india,30,pharmaceutical products,3005,"wadding, gauze, etc with pharmaceutical substances or for retail sale",3005100000,adhesive dressings for medical... purposes,78737.78,11069.2487206883
2022,may,import,india,30,pharmaceutical products,3005,"wadding, gauze, etc with pharmaceutical substances or for retail sale",3005900000,"wadding, gauze, etc with pharmaceutical substances for retail sale, nes",41529.03,5833.41229386631
2022,may,import,india,30,pharmaceutical products,3006,pharmaceutical goods specified in note 3 to this chapter,3006100000,materials for surgical sutures; laminaria absorbable haemostatics,479303.27,67383.1761116813
2022,may,import,india,30,pharmaceutical products,3006,pharmaceutical goods specified in note 3 to this chapter,3006200000,blood-grouping reagents,2773.9,389.965135241523
2022,may,import,india,30,pharmaceutical products,3006,pharmaceutical goods specified in note 3 to this chapter,3006400000,dental cements and other dental fillings; bone reconstruction cements,28904.38,4049.7639163269
2022,may,import,india,30,pharmaceutical products,3006,pharmaceutical goods specified in note 3 to this chapter,3006500000,first-aid boxes and kits,2728.64,383.219808154151
2022,may,import,india,30,pharmaceutical products,3006,pharmaceutical goods specified in note 3 to this chapter,3006600000,chemical contraceptive preparations based on hormones or spermicides,265023.18,37171.1941428932
2022,may,import,ireland,30,pharmaceutical products,3002,"human blood; animal blood; antisera, etc; vaccines, toxins, etc",3002110000,"antisera, other blood fractions and immunological products, whether or not modified or obtained by means of biotechnological processes :-  malaria diagnostic kits",1970.29,276.34576004937
2022,may,import,ireland,30,pharmaceutical products,3002,"human blood; animal blood; antisera, etc; vaccines, toxins, etc",3002120000,"antisera, other blood fractions and immunological products, whether or not modified or obtained by means of biotechnological processes-antisera and other blood fractions",1273.48,179.030534780408
2022,may,import,ireland,30,pharmaceutical products,3002,"human blood; animal blood; antisera, etc; vaccines, toxins, etc",3002200000,vaccines for human medicine,88687.25,12425.0119084312
2022,may,import,ireland,30,pharmaceutical products,3004,"medicaments of mixed or unmixed products, for retail sale",3004200000,"medicaments of other antibiotics, for retail sale",30968.31,4341.37215594465
2022,may,import,ireland,30,pharmaceutical products,3004,"medicaments of mixed or unmixed products, for retail sale",3004909000,"medicaments, consisting of mixed or unmixed products for the therapeutic or prophylactic uses, put up in measured dosesor in the forms of packings for retail sale: other: other",656590.49,91978.257058141
2022,may,import,ireland,30,pharmaceutical products,3005,"wadding, gauze, etc with pharmaceutical substances or for retail sale",3005900000,"wadding, gauze, etc with pharmaceutical substances for retail sale, nes",6007.93,842.001037097249
2022,may,import,italy,30,pharmaceutical products,3002,"human blood; animal blood; antisera, etc; vaccines, toxins, etc",3002120000,"antisera, other blood fractions and immunological products, whether or not modified or obtained by means of biotechnological processes-antisera and other blood fractions",5373.61,755.112909798631
2022,may,import,italy,30,pharmaceutical products,3002,"human blood; animal blood; antisera, etc; vaccines, toxins, etc",3002909000,other (vaccines for veterinary medicine),15856.3,2226.9145962951
2022,may,import,italy,30,pharmaceutical products,3004,"medicaments of mixed or unmixed products, for retail sale",3004200000,"medicaments of other antibiotics, for retail sale",242435.2,33986.4018056159
2022,may,import,italy,30,pharmaceutical products,3004,"medicaments of mixed or unmixed products, for retail sale",3004320000,"medicaments of adrenal cortex hormones, for retail sale",6542.48,917.302973795269
2022,may,import,italy,30,pharmaceutical products,3004,"medicaments of mixed or unmixed products, for retail sale",3004390000,"medicaments of other hormones, for retail sale, nes",11728.49,1644.18852424544
2022,may,import,italy,30,pharmaceutical products,3004,"medicaments of mixed or unmixed products, for retail sale",3004490000,"other, containing alkaloids or derivatives thereof :--  other",144466.79,20252.448375927
2022,may,import,italy,30,pharmaceutical products,3004,"medicaments of mixed or unmixed products, for retail sale",3004909000,"medicaments, consisting of mixed or unmixed products for the therapeutic or prophylactic uses, put up in measured dosesor in the forms of packings for retail sale: other: other",1399327.13,196269.569284
2022,may,import,italy,30,pharmaceutical products,3006,pharmaceutical goods specified in note 3 to this chapter,3006300000,opacifying preparations for x-ray examinations; diagnostic reagents...,73471.51,10293.2990557315
2022,may,import,japan,30,pharmaceutical products,3004,"medicaments of mixed or unmixed products, for retail sale",3004909000,"medicaments, consisting of mixed or unmixed products for the therapeutic or prophylactic uses, put up in measured dosesor in the forms of packings for retail sale: other: other",319341.05,44717.4954140003
2022,may,import,malaysia,30,pharmaceutical products,3004,"medicaments of mixed or unmixed products, for retail sale",3004500000,"medicaments of vitamins or other of 29.36 for retail sale - other, nes",34188.75,4801.58841621842
2022,may,import,malaysia,30,pharmaceutical products,3004,"medicaments of mixed or unmixed products, for retail sale",3004909000,"medicaments, consisting of mixed or unmixed products for the therapeutic or prophylactic uses, put up in measured dosesor in the forms of packings for retail sale: other: other",323735.01,45433.6244350022
2022,may,import,malta,30,pharmaceutical products,3004,"medicaments of mixed or unmixed products, for retail sale",3004909000,"medicaments, consisting of mixed or unmixed products for the therapeutic or prophylactic uses, put up in measured dosesor in the forms of packings for retail sale: other: other",328.56,46.1441231408789
2022,may,import,morocco,30,pharmaceutical products,3004,"medicaments of mixed or unmixed products, for retail sale",3004909000,"medicaments, consisting of mixed or unmixed products for the therapeutic or prophylactic uses, put up in measured dosesor in the forms of packings for retail sale: other: other",2759.39,387.022076355578
2022,may,import,netherlands,30,pharmaceutical products,3004,"medicaments of mixed or unmixed products, for retail sale",3004200000,"medicaments of other antibiotics, for retail sale",863006.05,120948.810841871
2022,may,import,netherlands,30,pharmaceutical products,3004,"medicaments of mixed or unmixed products, for retail sale",3004390000,"medicaments of other hormones, for retail sale, nes",20231.61,2844.23466231794
2022,may,import,netherlands,30,pharmaceutical products,3004,"medicaments of mixed or unmixed products, for retail sale",3004909000,"medicaments, consisting of mixed or unmixed products for the therapeutic or prophylactic uses, put up in measured dosesor in the forms of packings for retail sale: other: other",1822845.72,255468.686670497
2022,may,import,netherlands,30,pharmaceutical products,3005,"wadding, gauze, etc with pharmaceutical substances or for retail sale",3005900000,"wadding, gauze, etc with pharmaceutical substances for retail sale, nes",5352.99,752.543159196986
2022,may,import,nigeria,30,pharmaceutical products,3003,"medicaments with >=2 constituents mixed together, not for retail sale",3003900000,"other medicaments with >=2 constituents, not for retail sale, nes",1759206.36,247026.029429395
2022,may,import,pakistan,30,pharmaceutical products,3003,"medicaments with >=2 constituents mixed together, not for retail sale",3003900000,"other medicaments with >=2 constituents, not for retail sale, nes",36548.76,5138.0878073468
2022,may,import,pakistan,30,pharmaceutical products,3004,"medicaments of mixed or unmixed products, for retail sale",3004909000,"medicaments, consisting of mixed or unmixed products for the therapeutic or prophylactic uses, put up in measured dosesor in the forms of packings for retail sale: other: other",634647.18,89040.1151784727
2022,may,import,portugal,30,pharmaceutical products,3004,"medicaments of mixed or unmixed products, for retail sale",3004909000,"medicaments, consisting of mixed or unmixed products for the therapeutic or prophylactic uses, put up in measured dosesor in the forms of packings for retail sale: other: other",89574.17,12592.6685598605
2022,may,import,puerto rico,30,pharmaceutical products,3004,"medicaments of mixed or unmixed products, for retail sale",3004909000,"medicaments, consisting of mixed or unmixed products for the therapeutic or prophylactic uses, put up in measured dosesor in the forms of packings for retail sale: other: other",1174555.71,165065.980215198
2022,may,import,saudi arabia,30,pharmaceutical products,3004,"medicaments of mixed or unmixed products, for retail sale",3004909000,"medicaments, consisting of mixed or unmixed products for the therapeutic or prophylactic uses, put up in measured dosesor in the forms of packings for retail sale: other: other",26031.78,3649.8436689427
2022,may,import,senegal,30,pharmaceutical products,3002,"human blood; animal blood; antisera, etc; vaccines, toxins, etc",3002300000,vaccines for veterinary medicine,4271.52,599.907307276379
2022,may,import,slovenia,30,pharmaceutical products,3004,"medicaments of mixed or unmixed products, for retail sale",3004200000,"medicaments of other antibiotics, for retail sale",1241881.84,174138.138016148
2022,may,import,slovenia,30,pharmaceutical products,3004,"medicaments of mixed or unmixed products, for retail sale",3004600000,"- other, containing antimalarial active principles described in subheading note 2 to this chapter",605400.05,84747.3084096933
2022,may,import,slovenia,30,pharmaceutical products,3004,"medicaments of mixed or unmixed products, for retail sale",3004909000,"medicaments, consisting of mixed or unmixed products for the therapeutic or prophylactic uses, put up in measured dosesor in the forms of packings for retail sale: other: other",4612345.01,647416.863153592
2022,may,import,south africa,30,pharmaceutical products,3002,"human blood; animal blood; antisera, etc; vaccines, toxins, etc",3002120000,"antisera, other blood fractions and immunological products, whether or not modified or obtained by means of biotechnological processes-antisera and other blood fractions",12457.58,1745.90837105658
2022,may,import,south africa,30,pharmaceutical products,3002,"human blood; animal blood; antisera, etc; vaccines, toxins, etc",3002150000,"antisera, other blood fractions and immunological products, whether or not modified or obtained by means of biotechnological processes -immunological products, put up in measured doses or in forms or packings for retail sale",67960.84,9534.92464025451
2022,may,import,south africa,30,pharmaceutical products,3002,"human blood; animal blood; antisera, etc; vaccines, toxins, etc",3002190000,"antisera, other blood fractions and immunological products, whether or not modified or obtained by means of biotechnological processes --  other",774.95,108.943809483643
2022,may,import,south africa,30,pharmaceutical products,3002,"human blood; animal blood; antisera, etc; vaccines, toxins, etc",3002300000,vaccines for veterinary medicine,1519.09,212.718972736056
2022,may,import,south africa,30,pharmaceutical products,3002,"human blood; animal blood; antisera, etc; vaccines, toxins, etc",3002901000,ferments,14323.46,2013.62258514536
2022,may,import,south africa,30,pharmaceutical products,3002,"human blood; animal blood; antisera, etc; vaccines, toxins, etc",3002909000,other (vaccines for veterinary medicine),16587.33,2322.17164419829
2022,may,import,south africa,30,pharmaceutical products,3003,"medicaments with >=2 constituents mixed together, not for retail sale",3003390000,"medicaments of other hormones, not for retail sale, nes",138337.29,19439.4966485393
2022,may,import,south africa,30,pharmaceutical products,3004,"medicaments of mixed or unmixed products, for retail sale",3004200000,"medicaments of other antibiotics, for retail sale",56931.93,7982.26799209231
2022,may,import,south africa,30,pharmaceutical products,3004,"medicaments of mixed or unmixed products, for retail sale",3004909000,"medicaments, consisting of mixed or unmixed products for the therapeutic or prophylactic uses, put up in measured dosesor in the forms of packings for retail sale: other: other",550990.63,77382.4757941601
2022,may,import,spain,30,pharmaceutical products,3002,"human blood; animal blood; antisera, etc; vaccines, toxins, etc",3002200000,vaccines for human medicine,2584.16,362.444949367444
2022,may,import,spain,30,pharmaceutical products,3002,"human blood; animal blood; antisera, etc; vaccines, toxins, etc",3002909000,other (vaccines for veterinary medicine),1295.82,181.747033577379
2022,may,import,spain,30,pharmaceutical products,3004,"medicaments of mixed or unmixed products, for retail sale",3004909000,"medicaments, consisting of mixed or unmixed products for the therapeutic or prophylactic uses, put up in measured dosesor in the forms of packings for retail sale: other: other",2194760.52,307817.550176867
2022,may,import,sweden,30,pharmaceutical products,3002,"human blood; animal blood; antisera, etc; vaccines, toxins, etc",3002909000,other (vaccines for veterinary medicine),1682.08,235.922466268338
2022,may,import,sweden,30,pharmaceutical products,3004,"medicaments of mixed or unmixed products, for retail sale",3004320000,"medicaments of adrenal cortex hormones, for retail sale",169988.16,23847.8221272428
2022,may,import,sweden,30,pharmaceutical products,3004,"medicaments of mixed or unmixed products, for retail sale",3004909000,"medicaments, consisting of mixed or unmixed products for the therapeutic or prophylactic uses, put up in measured dosesor in the forms of packings for retail sale: other: other",1576310.09,220966.51965073
2022,may,import,sweden,30,pharmaceutical products,3005,"wadding, gauze, etc with pharmaceutical substances or for retail sale",3005900000,"wadding, gauze, etc with pharmaceutical substances for retail sale, nes",152.94,21.4508120844904
2022,may,import,switzerland,30,pharmaceutical products,3002,"human blood; animal blood; antisera, etc; vaccines, toxins, etc",3002150000,"antisera, other blood fractions and immunological products, whether or not modified or obtained by means of biotechnological processes -immunological products, put up in measured doses or in forms or packings for retail sale",1679.4,235.860848559752
2022,may,import,switzerland,30,pharmaceutical products,3002,"human blood; animal blood; antisera, etc; vaccines, toxins, etc",3002909000,other (vaccines for veterinary medicine),266334.16,37355.067463323
2022,may,import,switzerland,30,pharmaceutical products,3004,"medicaments of mixed or unmixed products, for retail sale",3004200000,"medicaments of other antibiotics, for retail sale",5494709.21,770532.093317797
2022,may,import,switzerland,30,pharmaceutical products,3004,"medicaments of mixed or unmixed products, for retail sale",3004390000,"medicaments of other hormones, for retail sale, nes",4955.45,694.789899471419
2022,may,import,switzerland,30,pharmaceutical products,3004,"medicaments of mixed or unmixed products, for retail sale",3004909000,"medicaments, consisting of mixed or unmixed products for the therapeutic or prophylactic uses, put up in measured dosesor in the forms of packings for retail sale: other: other",1810503.36,253881.363503849
2022,may,import,togo,30,pharmaceutical products,3003,"medicaments with >=2 constituents mixed together, not for retail sale",3003900000,"other medicaments with >=2 constituents, not for retail sale, nes",18326.0,2571.25407393081
2022,may,import,togo,30,pharmaceutical products,3004,"medicaments of mixed or unmixed products, for retail sale",3004390000,"medicaments of other hormones, for retail sale, nes",22183.25,3105.78428151413
2022,may,import,togo,30,pharmaceutical products,3004,"medicaments of mixed or unmixed products, for retail sale",3004909000,"medicaments, consisting of mixed or unmixed products for the therapeutic or prophylactic uses, put up in measured dosesor in the forms of packings for retail sale: other: other",665.93,93.2505286152381
2022,may,import,türkiye,30,pharmaceutical products,3002,"human blood; animal blood; antisera, etc; vaccines, toxins, etc",3002120000,"antisera, other blood fractions and immunological products, whether or not modified or obtained by means of biotechnological processes-antisera and other blood fractions",8579.36,1204.91552322234
2022,may,import,türkiye,30,pharmaceutical products,3004,"medicaments of mixed or unmixed products, for retail sale",3004390000,"medicaments of other hormones, for retail sale, nes",9738.57,1368.87255246475
2022,may,import,türkiye,30,pharmaceutical products,3004,"medicaments of mixed or unmixed products, for retail sale",3004909000,"medicaments, consisting of mixed or unmixed products for the therapeutic or prophylactic uses, put up in measured dosesor in the forms of packings for retail sale: other: other",379466.56,53252.0248743012
2022,may,import,türkiye,30,pharmaceutical products,3006,pharmaceutical goods specified in note 3 to this chapter,3006700000,gel preparations designed to be used in human or vet medicine [?],32788.67,4608.83994208847
2022,may,import,united arab emirates,30,pharmaceutical products,3006,pharmaceutical goods specified in note 3 to this chapter,3006500000,first-aid boxes and kits,573.15,80.3879491710847
2022,may,import,united arab emirates,30,pharmaceutical products,3006,pharmaceutical goods specified in note 3 to this chapter,3006700000,gel preparations designed to be used in human or vet medicine [?],7580.68,1065.66014394962
2022,may,import,united kingdom,30,pharmaceutical products,3001,"glands, etc, dried; extracts of glands, etc; heparin and its salts; etc",3001900000,"substances of human or animal origin,for prophylactic uses, nes",220.58,30.9572930262585
2022,may,import,united kingdom,30,pharmaceutical products,3002,"human blood; animal blood; antisera, etc; vaccines, toxins, etc",3002110000,"antisera, other blood fractions and immunological products, whether or not modified or obtained by means of biotechnological processes :-  malaria diagnostic kits",19854.85,2781.84327406722
2022,may,import,united kingdom,30,pharmaceutical products,3002,"human blood; animal blood; antisera, etc; vaccines, toxins, etc",3002120000,"antisera, other blood fractions and immunological products, whether or not modified or obtained by means of biotechnological processes-antisera and other blood fractions",38378.39,5374.48560113967
2022,may,import,united kingdom,30,pharmaceutical products,3002,"human blood; animal blood; antisera, etc; vaccines, toxins, etc",3002150000,"antisera, other blood fractions and immunological products, whether or not modified or obtained by means of biotechnological processes -immunological products, put up in measured doses or in forms or packings for retail sale",1912.2,268.367647677993
2022,may,import,united kingdom,30,pharmaceutical products,3002,"human blood; animal blood; antisera, etc; vaccines, toxins, etc",3002190000,"antisera, other blood fractions and immunological products, whether or not modified or obtained by means of biotechnological processes --  other",2426.81,340.590571625054
2022,may,import,united kingdom,30,pharmaceutical products,3002,"human blood; animal blood; antisera, etc; vaccines, toxins, etc",3002909000,other (vaccines for veterinary medicine),1207.9,169.387505730621
2022,may,import,united kingdom,30,pharmaceutical products,3004,"medicaments of mixed or unmixed products, for retail sale",3004390000,"medicaments of other hormones, for retail sale, nes",589985.32,82743.3361333869
2022,may,import,united kingdom,30,pharmaceutical products,3004,"medicaments of mixed or unmixed products, for retail sale",3004902000,oral rehydration salt (ors),909.07,127.728339920657
2022,may,import,united kingdom,30,pharmaceutical products,3004,"medicaments of mixed or unmixed products, for retail sale",3004909000,"medicaments, consisting of mixed or unmixed products for the therapeutic or prophylactic uses, put up in measured dosesor in the forms of packings for retail sale: other: other",1770854.3,248451.38758062
2022,may,import,united kingdom,30,pharmaceutical products,3005,"wadding, gauze, etc with pharmaceutical substances or for retail sale",3005900000,"wadding, gauze, etc with pharmaceutical substances for retail sale, nes",690.79,96.7858994297564
2022,may,import,united kingdom,30,pharmaceutical products,3006,pharmaceutical goods specified in note 3 to this chapter,3006400000,dental cements and other dental fillings; bone reconstruction cements,5354.16,750.166029170695
2022,may,import,united kingdom,30,pharmaceutical products,3006,pharmaceutical goods specified in note 3 to this chapter,3006500000,first-aid boxes and kits,361.1,50.7619208277103
2022,may,import,united states of america,30,pharmaceutical products,3002,"human blood; animal blood; antisera, etc; vaccines, toxins, etc",3002120000,"antisera, other blood fractions and immunological products, whether or not modified or obtained by means of biotechnological processes-antisera and other blood fractions",21877.52,3068.25222894305
2022,may,import,united states of america,30,pharmaceutical products,3002,"human blood; animal blood; antisera, etc; vaccines, toxins, etc",3002150000,"antisera, other blood fractions and immunological products, whether or not modified or obtained by means of biotechnological processes -immunological products, put up in measured doses or in forms or packings for retail sale",17299.75,2431.35062825047
2022,may,import,united states of america,30,pharmaceutical products,3002,"human blood; animal blood; antisera, etc; vaccines, toxins, etc",3002909000,other (vaccines for veterinary medicine),118084.69,16598.7171075972
2022,may,import,united states of america,30,pharmaceutical products,3004,"medicaments of mixed or unmixed products, for retail sale",3004320000,"medicaments of adrenal cortex hormones, for retail sale",434.46,60.935790625263
2022,may,import,united states of america,30,pharmaceutical products,3004,"medicaments of mixed or unmixed products, for retail sale",3004490000,"other, containing alkaloids or derivatives thereof :--  other",948.76,133.38206970238
2022,may,import,united states of america,30,pharmaceutical products,3004,"medicaments of mixed or unmixed products, for retail sale",3004500000,"medicaments of vitamins or other of 29.36 for retail sale - other, nes",23335.12,3274.96666807012
2022,may,import,united states of america,30,pharmaceutical products,3004,"medicaments of mixed or unmixed products, for retail sale",3004909000,"medicaments, consisting of mixed or unmixed products for the therapeutic or prophylactic uses, put up in measured dosesor in the forms of packings for retail sale: other: other",682239.35,95811.0845166802
2022,may,import,united states of america,30,pharmaceutical products,3005,"wadding, gauze, etc with pharmaceutical substances or for retail sale",3005100000,adhesive dressings for medical... purposes,4650.35,652.936160410986
2022,may,import,united states of america,30,pharmaceutical products,3005,"wadding, gauze, etc with pharmaceutical substances or for retail sale",3005900000,"wadding, gauze, etc with pharmaceutical substances for retail sale, nes",5575.38,782.519964837685
2022,may,import,united states of america,30,pharmaceutical products,3006,pharmaceutical goods specified in note 3 to this chapter,3006100000,materials for surgical sutures; laminaria absorbable haemostatics,12032.03,1686.38355521214
2022,may,import,united states of america,30,pharmaceutical products,3006,pharmaceutical goods specified in note 3 to this chapter,3006500000,first-aid boxes and kits,187985.24,26425.9719166266
2022,may,import,united states of america,30,pharmaceutical products,3006,pharmaceutical goods specified in note 3 to this chapter,3006700000,gel preparations designed to be used in human or vet medicine [?],1188.89,166.97189725152
2022,may,import,united states of america,30,pharmaceutical products,3006,pharmaceutical goods specified in note 3 to this chapter,3006910000,appliances identifiable for ostomy use,3040.68,425.996805738463
2022,may,import,united states of america,30,pharmaceutical products,3006,pharmaceutical goods specified in note 3 to this chapter,3006920000,waste pharmaceuticals,407.76,57.16288393871
2022,may,import,viet nam,30,pharmaceutical products,3004,"medicaments of mixed or unmixed products, for retail sale",3004909000,"medicaments, consisting of mixed or unmixed products for the therapeutic or prophylactic uses, put up in measured dosesor in the forms of packings for retail sale: other: other",20125.18,2829.31211426804
2022,june,import,argentina,30,pharmaceutical products,3004,"medicaments of mixed or unmixed products, for retail sale",3004909000,"medicaments, consisting of mixed or unmixed products for the therapeutic or prophylactic uses, put up in measured dosesor in the forms of packings for retail sale: other: other",16199.2,2249.5764477156
2022,june,import,australia,30,pharmaceutical products,3006,pharmaceutical goods specified in note 3 to this chapter,3006500000,first-aid boxes and kits,936.95,130.077745383868
2022,june,import,bangladesh,30,pharmaceutical products,3004,"medicaments of mixed or unmixed products, for retail sale",3004200000,"medicaments of other antibiotics, for retail sale",6201.2,867.774030590112
2022,june,import,bangladesh,30,pharmaceutical products,3004,"medicaments of mixed or unmixed products, for retail sale",3004909000,"medicaments, consisting of mixed or unmixed products for the therapeutic or prophylactic uses, put up in measured dosesor in the forms of packings for retail sale: other: other",215795.51,30174.2245404709
2022,june,import,belgium,30,pharmaceutical products,3002,"human blood; animal blood; antisera, etc; vaccines, toxins, etc",3002120000,"antisera, other blood fractions and immunological products, whether or not modified or obtained by means of biotechnological processes-antisera and other blood fractions",9604.81,1332.89064668332
2022,june,import,belgium,30,pharmaceutical products,3002,"human blood; animal blood; antisera, etc; vaccines, toxins, etc",3002150000,"antisera, other blood fractions and immunological products, whether or not modified or obtained by means of biotechnological processes -immunological products, put up in measured doses or in forms or packings for retail sale",24091.58,3336.78393351801
2022,june,import,belgium,30,pharmaceutical products,3002,"human blood; animal blood; antisera, etc; vaccines, toxins, etc",3002200000,vaccines for human medicine,15949496.33,2212089.53706487
2022,june,import,belgium,30,pharmaceutical products,3003,"medicaments with >=2 constituents mixed together, not for retail sale",3003410000,"medicaments (excluding heading 30.02, 30.05, 30.06)  of two or more mixed together for therapeutic or prophylactic use, not in measured dose or in forms or packing for retail, other containing alkaloids or derivatives thereof, ephedrine or its salts",5976.78,829.417152373023
2022,june,import,belgium,30,pharmaceutical products,3004,"medicaments of mixed or unmixed products, for retail sale",3004200000,"medicaments of other antibiotics, for retail sale",50562.95,7003.17867036011
2022,june,import,belgium,30,pharmaceutical products,3004,"medicaments of mixed or unmixed products, for retail sale",3004320000,"medicaments of adrenal cortex hormones, for retail sale",54933.75,7618.04881431147
2022,june,import,belgium,30,pharmaceutical products,3004,"medicaments of mixed or unmixed products, for retail sale",3004390000,"medicaments of other hormones, for retail sale, nes",540393.49,75270.7703422245
2022,june,import,belgium,30,pharmaceutical products,3004,"medicaments of mixed or unmixed products, for retail sale",3004490000,"other, containing alkaloids or derivatives thereof :--  other",113964.51,15815.2248126561
2022,june,import,belgium,30,pharmaceutical products,3004,"medicaments of mixed or unmixed products, for retail sale",3004909000,"medicaments, consisting of mixed or unmixed products for the therapeutic or prophylactic uses, put up in measured dosesor in the forms of packings for retail sale: other: other",4036666.3,563350.74459187
2022,june,import,belgium,30,pharmaceutical products,3006,pharmaceutical goods specified in note 3 to this chapter,3006600000,chemical contraceptive preparations based on hormones or spermicides,1919924.12,266249.357925392
2022,june,import,brazil,30,pharmaceutical products,3006,pharmaceutical goods specified in note 3 to this chapter,3006100000,materials for surgical sutures; laminaria absorbable haemostatics,2332.18,322.904811353409
2022,june,import,china,30,pharmaceutical products,3002,"human blood; animal blood; antisera, etc; vaccines, toxins, etc",3002110000,"antisera, other blood fractions and immunological products, whether or not modified or obtained by means of biotechnological processes :-  malaria diagnostic kits",360066.66,49798.7501186207
2022,june,import,china,30,pharmaceutical products,3003,"medicaments with >=2 constituents mixed together, not for retail sale",3003900000,"other medicaments with >=2 constituents, not for retail sale, nes",609.53,84.369852584954
2022,june,import,china,30,pharmaceutical products,3004,"medicaments of mixed or unmixed products, for retail sale",3004100000,medicaments of penicillins... or streptomycins for retail sale,456694.52,63376.9802941993
2022,june,import,china,30,pharmaceutical products,3004,"medicaments of mixed or unmixed products, for retail sale",3004200000,"medicaments of other antibiotics, for retail sale",333267.01,46162.3791221634
2022,june,import,china,30,pharmaceutical products,3004,"medicaments of mixed or unmixed products, for retail sale",3004310000,"medicaments of insulin, for retail sale",49577.34,6856.69594080631
2022,june,import,china,30,pharmaceutical products,3004,"medicaments of mixed or unmixed products, for retail sale",3004490000,"other, containing alkaloids or derivatives thereof :--  other",7439.45,1031.68076549716
2022,june,import,china,30,pharmaceutical products,3004,"medicaments of mixed or unmixed products, for retail sale",3004500000,"medicaments of vitamins or other of 29.36 for retail sale - other, nes",904916.39,125152.671322868
2022,june,import,china,30,pharmaceutical products,3004,"medicaments of mixed or unmixed products, for retail sale",3004909000,"medicaments, consisting of mixed or unmixed products for the therapeutic or prophylactic uses, put up in measured dosesor in the forms of packings for retail sale: other: other",1539575.39,215057.529241813
2022,june,import,china,30,pharmaceutical products,3005,"wadding, gauze, etc with pharmaceutical substances or for retail sale",3005100000,adhesive dressings for medical... purposes,284707.42,39480.0915588935
2022,june,import,china,30,pharmaceutical products,3005,"wadding, gauze, etc with pharmaceutical substances or for retail sale",3005900000,"wadding, gauze, etc with pharmaceutical substances for retail sale, nes",1004940.15,139360.817801075
2022,june,import,china,30,pharmaceutical products,3006,pharmaceutical goods specified in note 3 to this chapter,3006100000,materials for surgical sutures; laminaria absorbable haemostatics,35093.94,4857.62890165409
2022,june,import,china,30,pharmaceutical products,3006,pharmaceutical goods specified in note 3 to this chapter,3006500000,first-aid boxes and kits,657.7,92.0233381371465
2022,june,import,china,30,pharmaceutical products,3006,pharmaceutical goods specified in note 3 to this chapter,3006700000,gel preparations designed to be used in human or vet medicine [?],12018.67,1665.78932778933
2022,june,import,czech republic,30,pharmaceutical products,3002,"human blood; animal blood; antisera, etc; vaccines, toxins, etc",3002300000,vaccines for veterinary medicine,210222.31,29421.8849281326
2022,june,import,czech republic,30,pharmaceutical products,3002,"human blood; animal blood; antisera, etc; vaccines, toxins, etc",3002901000,ferments,135398.82,18789.7335553705
2022,june,import,czech republic,30,pharmaceutical products,3005,"wadding, gauze, etc with pharmaceutical substances or for retail sale",3005100000,adhesive dressings for medical... purposes,3402.35,476.179479643392
2022,june,import,côte d’ivoire,30,pharmaceutical products,3004,"medicaments of mixed or unmixed products, for retail sale",3004909000,"medicaments, consisting of mixed or unmixed products for the therapeutic or prophylactic uses, put up in measured dosesor in the forms of packings for retail sale: other: other",24200.47,3356.04909166551
2022,june,import,denmark,30,pharmaceutical products,3004,"medicaments of mixed or unmixed products, for retail sale",3004909000,"medicaments, consisting of mixed or unmixed products for the therapeutic or prophylactic uses, put up in measured dosesor in the forms of packings for retail sale: other: other",252429.1,35333.9258968939
2022,june,import,dominican republic,30,pharmaceutical products,3006,pharmaceutical goods specified in note 3 to this chapter,3006100000,materials for surgical sutures; laminaria absorbable haemostatics,15562.75,2177.8157843629
2022,june,import,egypt,30,pharmaceutical products,3004,"medicaments of mixed or unmixed products, for retail sale",3004909000,"medicaments, consisting of mixed or unmixed products for the therapeutic or prophylactic uses, put up in measured dosesor in the forms of packings for retail sale: other: other",554091.09,76718.7887979086
2022,june,import,france,30,pharmaceutical products,3002,"human blood; animal blood; antisera, etc; vaccines, toxins, etc",3002110000,"antisera, other blood fractions and immunological products, whether or not modified or obtained by means of biotechnological processes :-  malaria diagnostic kits",18594.61,2587.9642677478
2022,june,import,france,30,pharmaceutical products,3002,"human blood; animal blood; antisera, etc; vaccines, toxins, etc",3002150000,"antisera, other blood fractions and immunological products, whether or not modified or obtained by means of biotechnological processes -immunological products, put up in measured doses or in forms or packings for retail sale",8584.0,1201.04657833247
2022,june,import,france,30,pharmaceutical products,3002,"human blood; animal blood; antisera, etc; vaccines, toxins, etc",3002200000,vaccines for human medicine,368781.45,51176.9983347211
2022,june,import,france,30,pharmaceutical products,3002,"human blood; animal blood; antisera, etc; vaccines, toxins, etc",3002909000,other (vaccines for veterinary medicine),40846.51,5717.51655211993
2022,june,import,france,30,pharmaceutical products,3004,"medicaments of mixed or unmixed products, for retail sale",3004100000,medicaments of penicillins... or streptomycins for retail sale,5927.27,823.117622552423
2022,june,import,france,30,pharmaceutical products,3004,"medicaments of mixed or unmixed products, for retail sale",3004200000,"medicaments of other antibiotics, for retail sale",664869.27,92175.9129688018
2022,june,import,france,30,pharmaceutical products,3004,"medicaments of mixed or unmixed products, for retail sale",3004310000,"medicaments of insulin, for retail sale",92247.63,12882.8475665107
2022,june,import,france,30,pharmaceutical products,3004,"medicaments of mixed or unmixed products, for retail sale",3004420000,"other, containing alkaloids or derivatives thereof :--  containing pseudoephedrine (inn) or its salts",128980.9,17911.5261769199
2022,june,import,france,30,pharmaceutical products,3004,"medicaments of mixed or unmixed products, for retail sale",3004500000,"medicaments of vitamins or other of 29.36 for retail sale - other, nes",369669.67,51300.2595059672
2022,june,import,france,30,pharmaceutical products,3004,"medicaments of mixed or unmixed products, for retail sale",3004600000,"- other, containing antimalarial active principles described in subheading note 2 to this chapter",814038.77,113811.781894443
2022,june,import,france,30,pharmaceutical products,3004,"medicaments of mixed or unmixed products, for retail sale",3004909000,"medicaments, consisting of mixed or unmixed products for the therapeutic or prophylactic uses, put up in measured dosesor in the forms of packings for retail sale: other: other",5995883.62,833937.518851851
2022,june,import,germany,30,pharmaceutical products,3001,"glands, etc, dried; extracts of glands, etc; heparin and its salts; etc",3001200000,extracts of glands or other organs or of their secretions,43828.43,6082.21343325007
2022,june,import,germany,30,pharmaceutical products,3002,"human blood; animal blood; antisera, etc; vaccines, toxins, etc",3002150000,"antisera, other blood fractions and immunological products, whether or not modified or obtained by means of biotechnological processes -immunological products, put up in measured doses or in forms or packings for retail sale",98343.78,13650.9264302969
2022,june,import,germany,30,pharmaceutical products,3002,"human blood; animal blood; antisera, etc; vaccines, toxins, etc",3002901000,ferments,17593.69,2443.66470495591
2022,june,import,germany,30,pharmaceutical products,3004,"medicaments of mixed or unmixed products, for retail sale",3004100000,medicaments of penicillins... or streptomycins for retail sale,33974.01,4754.2029918417
2022,june,import,germany,30,pharmaceutical products,3004,"medicaments of mixed or unmixed products, for retail sale",3004200000,"medicaments of other antibiotics, for retail sale",280859.84,38959.946204944
2022,june,import,germany,30,pharmaceutical products,3004,"medicaments of mixed or unmixed products, for retail sale",3004310000,"medicaments of insulin, for retail sale",110010.08,15255.8701983081
2022,june,import,germany,30,pharmaceutical products,3004,"medicaments of mixed or unmixed products, for retail sale",3004390000,"medicaments of other hormones, for retail sale, nes",44328.04,6155.10213675214
2022,june,import,germany,30,pharmaceutical products,3004,"medicaments of mixed or unmixed products, for retail sale",3004500000,"medicaments of vitamins or other of 29.36 for retail sale - other, nes",909399.2,126864.73526204
2022,june,import,germany,30,pharmaceutical products,3004,"medicaments of mixed or unmixed products, for retail sale",3004600000,"- other, containing antimalarial active principles described in subheading note 2 to this chapter",4174.93,584.224961867312
2022,june,import,germany,30,pharmaceutical products,3004,"medicaments of mixed or unmixed products, for retail sale",3004909000,"medicaments, consisting of mixed or unmixed products for the therapeutic or prophylactic uses, put up in measured dosesor in the forms of packings for retail sale: other: other",13090398.59,1816460.99671535
2022,june,import,germany,30,pharmaceutical products,3006,pharmaceutical goods specified in note 3 to this chapter,3006600000,chemical contraceptive preparations based on hormones or spermicides,18636.09,2582.96465696466
2022,june,import,greece,30,pharmaceutical products,3004,"medicaments of mixed or unmixed products, for retail sale",3004909000,"medicaments, consisting of mixed or unmixed products for the therapeutic or prophylactic uses, put up in measured dosesor in the forms of packings for retail sale: other: other",4552.38,629.607910932854
2022,june,import,greece,30,pharmaceutical products,3006,pharmaceutical goods specified in note 3 to this chapter,3006500000,first-aid boxes and kits,1041.85,144.580904801554
2022,june,import,hungary,30,pharmaceutical products,3004,"medicaments of mixed or unmixed products, for retail sale",3004909000,"medicaments, consisting of mixed or unmixed products for the therapeutic or prophylactic uses, put up in measured dosesor in the forms of packings for retail sale: other: other",155628.92,21544.0824198047
2022,june,import,india,30,pharmaceutical products,3001,"glands, etc, dried; extracts of glands, etc; heparin and its salts; etc",3001200000,extracts of glands or other organs or of their secretions,39524.25,5489.65039653139
2022,june,import,india,30,pharmaceutical products,3002,"human blood; animal blood; antisera, etc; vaccines, toxins, etc",3002120000,"antisera, other blood fractions and immunological products, whether or not modified or obtained by means of biotechnological processes-antisera and other blood fractions",1422.36,198.861936385879
2022,june,import,india,30,pharmaceutical products,3002,"human blood; animal blood; antisera, etc; vaccines, toxins, etc",3002140000,"antisera, other blood fractions and immunological products, whether or not modified or obtained by means of biotechnological processes -immunological products, mixed, not put up in measured doses or in forms or packings for retail sale",6172.5,862.984970290108
2022,june,import,india,30,pharmaceutical products,3002,"human blood; animal blood; antisera, etc; vaccines, toxins, etc",3002150000,"antisera, other blood fractions and immunological products, whether or not modified or obtained by means of biotechnological processes -immunological products, put up in measured doses or in forms or packings for retail sale",10330.89,1434.64657686432
2022,june,import,india,30,pharmaceutical products,3002,"human blood; animal blood; antisera, etc; vaccines, toxins, etc",3002200000,vaccines for human medicine,7656820.95,1065260.56616225
2022,june,import,india,30,pharmaceutical products,3002,"human blood; animal blood; antisera, etc; vaccines, toxins, etc",3002300000,vaccines for veterinary medicine,126568.05,17711.4859853626
2022,june,import,india,30,pharmaceutical products,3003,"medicaments with >=2 constituents mixed together, not for retail sale",3003390000,"medicaments of other hormones, not for retail sale, nes",22068.27,3063.76093294461
2022,june,import,india,30,pharmaceutical products,3003,"medicaments with >=2 constituents mixed together, not for retail sale",3003900000,"other medicaments with >=2 constituents, not for retail sale, nes",59140.53,8207.12323064113
2022,june,import,india,30,pharmaceutical products,3004,"medicaments of mixed or unmixed products, for retail sale",3004100000,medicaments of penicillins... or streptomycins for retail sale,1078855.12,150215.04361017
2022,june,import,india,30,pharmaceutical products,3004,"medicaments of mixed or unmixed products, for retail sale",3004200000,"medicaments of other antibiotics, for retail sale",3351365.57,466680.367360236
2022,june,import,india,30,pharmaceutical products,3004,"medicaments of mixed or unmixed products, for retail sale",3004320000,"medicaments of adrenal cortex hormones, for retail sale",82270.54,11421.7048452034
2022,june,import,india,30,pharmaceutical products,3004,"medicaments of mixed or unmixed products, for retail sale",3004390000,"medicaments of other hormones, for retail sale, nes",163858.52,22704.7216758714
2022,june,import,india,30,pharmaceutical products,3004,"medicaments of mixed or unmixed products, for retail sale",3004490000,"other, containing alkaloids or derivatives thereof :--  other",245299.16,34048.1287501536
2022,june,import,india,30,pharmaceutical products,3004,"medicaments of mixed or unmixed products, for retail sale",3004500000,"medicaments of vitamins or other of 29.36 for retail sale - other, nes",4510583.06,627922.220980373
2022,june,import,india,30,pharmaceutical products,3004,"medicaments of mixed or unmixed products, for retail sale",3004600000,"- other, containing antimalarial active principles described in subheading note 2 to this chapter",4460714.89,621192.165406632
2022,june,import,india,30,pharmaceutical products,3004,"medicaments of mixed or unmixed products, for retail sale",3004902000,oral rehydration salt (ors),202508.51,28143.7278646108
2022,june,import,india,30,pharmaceutical products,3004,"medicaments of mixed or unmixed products, for retail sale",3004909000,"medicaments, consisting of mixed or unmixed products for the therapeutic or prophylactic uses, put up in measured dosesor in the forms of packings for retail sale: other: other",46593923.65,6486831.5940261
2022,june,import,india,30,pharmaceutical products,3005,"wadding, gauze, etc with pharmaceutical substances or for retail sale",3005900000,"wadding, gauze, etc with pharmaceutical substances for retail sale, nes",76734.07,10653.0709426628
2022,june,import,india,30,pharmaceutical products,3006,pharmaceutical goods specified in note 3 to this chapter,3006400000,dental cements and other dental fillings; bone reconstruction cements,14381.9,2013.11571786509
2022,june,import,india,30,pharmaceutical products,3006,pharmaceutical goods specified in note 3 to this chapter,3006500000,first-aid boxes and kits,3506.72,490.718014021634
2022,june,import,india,30,pharmaceutical products,3006,pharmaceutical goods specified in note 3 to this chapter,3006700000,gel preparations designed to be used in human or vet medicine [?],3978.0,556.745182012848
2022,june,import,ireland,30,pharmaceutical products,3002,"human blood; animal blood; antisera, etc; vaccines, toxins, etc",3002120000,"antisera, other blood fractions and immunological products, whether or not modified or obtained by means of biotechnological processes-antisera and other blood fractions",21225.47,2969.80173776777
2022,june,import,ireland,30,pharmaceutical products,3002,"human blood; animal blood; antisera, etc; vaccines, toxins, etc",3002150000,"antisera, other blood fractions and immunological products, whether or not modified or obtained by means of biotechnological processes -immunological products, put up in measured doses or in forms or packings for retail sale",13171.97,1842.98106924487
2022,june,import,ireland,30,pharmaceutical products,3002,"human blood; animal blood; antisera, etc; vaccines, toxins, etc",3002200000,vaccines for human medicine,3569.92,499.492101691595
2022,june,import,ireland,30,pharmaceutical products,3004,"medicaments of mixed or unmixed products, for retail sale",3004200000,"medicaments of other antibiotics, for retail sale",16781.0,2325.84892584893
2022,june,import,ireland,30,pharmaceutical products,3004,"medicaments of mixed or unmixed products, for retail sale",3004909000,"medicaments, consisting of mixed or unmixed products for the therapeutic or prophylactic uses, put up in measured dosesor in the forms of packings for retail sale: other: other",101295.65,14062.9807024851
2022,june,import,italy,30,pharmaceutical products,3002,"human blood; animal blood; antisera, etc; vaccines, toxins, etc",3002300000,vaccines for veterinary medicine,17065.52,2369.22393447175
2022,june,import,italy,30,pharmaceutical products,3004,"medicaments of mixed or unmixed products, for retail sale",3004100000,medicaments of penicillins... or streptomycins for retail sale,2678.11,371.804803554075
2022,june,import,italy,30,pharmaceutical products,3004,"medicaments of mixed or unmixed products, for retail sale",3004200000,"medicaments of other antibiotics, for retail sale",292990.24,40580.3656509695
2022,june,import,italy,30,pharmaceutical products,3004,"medicaments of mixed or unmixed products, for retail sale",3004390000,"medicaments of other hormones, for retail sale, nes",1361.66,190.545892164957
2022,june,import,italy,30,pharmaceutical products,3004,"medicaments of mixed or unmixed products, for retail sale",3004909000,"medicaments, consisting of mixed or unmixed products for the therapeutic or prophylactic uses, put up in measured dosesor in the forms of packings for retail sale: other: other",1097857.38,152146.042983288
2022,june,import,japan,30,pharmaceutical products,3002,"human blood; animal blood; antisera, etc; vaccines, toxins, etc",3002150000,"antisera, other blood fractions and immunological products, whether or not modified or obtained by means of biotechnological processes -immunological products, put up in measured doses or in forms or packings for retail sale",39166.59,5469.81216395503
2022,june,import,japan,30,pharmaceutical products,3005,"wadding, gauze, etc with pharmaceutical substances or for retail sale",3005100000,adhesive dressings for medical... purposes,2918.52,408.407383048096
2022,june,import,jordan,30,pharmaceutical products,3004,"medicaments of mixed or unmixed products, for retail sale",3004200000,"medicaments of other antibiotics, for retail sale",291000.76,40304.8144044321
2022,june,import,jordan,30,pharmaceutical products,3004,"medicaments of mixed or unmixed products, for retail sale",3004500000,"medicaments of vitamins or other of 29.36 for retail sale - other, nes",188936.03,26168.4252077562
2022,june,import,jordan,30,pharmaceutical products,3004,"medicaments of mixed or unmixed products, for retail sale",3004909000,"medicaments, consisting of mixed or unmixed products for the therapeutic or prophylactic uses, put up in measured dosesor in the forms of packings for retail sale: other: other",284253.67,39370.3144044321
2022,june,import,kenya,30,pharmaceutical products,3004,"medicaments of mixed or unmixed products, for retail sale",3004909000,"medicaments, consisting of mixed or unmixed products for the therapeutic or prophylactic uses, put up in measured dosesor in the forms of packings for retail sale: other: other",302282.41,41867.3698060942
2022,june,import,liberia,30,pharmaceutical products,3004,"medicaments of mixed or unmixed products, for retail sale",3004909000,"medicaments, consisting of mixed or unmixed products for the therapeutic or prophylactic uses, put up in measured dosesor in the forms of packings for retail sale: other: other",5018.24,694.614160149491
2022,june,import,malawi,30,pharmaceutical products,3002,"human blood; animal blood; antisera, etc; vaccines, toxins, etc",3002120000,"antisera, other blood fractions and immunological products, whether or not modified or obtained by means of biotechnological processes-antisera and other blood fractions",960.92,134.505396061085
2022,june,import,mexico,30,pharmaceutical products,3004,"medicaments of mixed or unmixed products, for retail sale",3004909000,"medicaments, consisting of mixed or unmixed products for the therapeutic or prophylactic uses, put up in measured dosesor in the forms of packings for retail sale: other: other",76906.95,10636.4635917295
2022,june,import,mexico,30,pharmaceutical products,3006,pharmaceutical goods specified in note 3 to this chapter,3006100000,materials for surgical sutures; laminaria absorbable haemostatics,2927.5,405.330564209069
2022,june,import,morocco,30,pharmaceutical products,3004,"medicaments of mixed or unmixed products, for retail sale",3004909000,"medicaments, consisting of mixed or unmixed products for the therapeutic or prophylactic uses, put up in measured dosesor in the forms of packings for retail sale: other: other",8275.46,1148.89073996946
2022,june,import,netherlands,30,pharmaceutical products,3004,"medicaments of mixed or unmixed products, for retail sale",3004909000,"medicaments, consisting of mixed or unmixed products for the therapeutic or prophylactic uses, put up in measured dosesor in the forms of packings for retail sale: other: other",51145.15,7081.36379370024
2022,june,import,niger,30,pharmaceutical products,3002,"human blood; animal blood; antisera, etc; vaccines, toxins, etc",3002120000,"antisera, other blood fractions and immunological products, whether or not modified or obtained by means of biotechnological processes-antisera and other blood fractions",543.38,75.8857621674464
2022,june,import,nigeria,30,pharmaceutical products,3003,"medicaments with >=2 constituents mixed together, not for retail sale",3003390000,"medicaments of other hormones, not for retail sale, nes",671.94,93.0664819944598
2022,june,import,nigeria,30,pharmaceutical products,3003,"medicaments with >=2 constituents mixed together, not for retail sale",3003490000,"medicaments (exc 30.02, 30.05 or 30.06) consisting of two or more constituents for therapeutic or prophylactic uses, not in measured doses or forms or packings, other containing alkaloids or derivatives thereof, other",224.35,31.0626514364832
2022,june,import,nigeria,30,pharmaceutical products,3003,"medicaments with >=2 constituents mixed together, not for retail sale",3003900000,"other medicaments with >=2 constituents, not for retail sale, nes",3140.58,435.210387936802
2022,june,import,nigeria,30,pharmaceutical products,3004,"medicaments of mixed or unmixed products, for retail sale",3004310000,"medicaments of insulin, for retail sale",224.35,31.0626514364832
2022,june,import,nigeria,30,pharmaceutical products,3004,"medicaments of mixed or unmixed products, for retail sale",3004390000,"medicaments of other hormones, for retail sale, nes",3511.6,486.50483076598
2022,june,import,nigeria,30,pharmaceutical products,3004,"medicaments of mixed or unmixed products, for retail sale",3004909000,"medicaments, consisting of mixed or unmixed products for the therapeutic or prophylactic uses, put up in measured dosesor in the forms of packings for retail sale: other: other",359.97,49.9195673276938
2022,june,import,norway,30,pharmaceutical products,3002,"human blood; animal blood; antisera, etc; vaccines, toxins, etc",3002150000,"antisera, other blood fractions and immunological products, whether or not modified or obtained by means of biotechnological processes -immunological products, put up in measured doses or in forms or packings for retail sale",7409.69,1037.17613135314
2022,june,import,pakistan,30,pharmaceutical products,3002,"human blood; animal blood; antisera, etc; vaccines, toxins, etc",3002140000,"antisera, other blood fractions and immunological products, whether or not modified or obtained by means of biotechnological processes -immunological products, mixed, not put up in measured doses or in forms or packings for retail sale",143.12,19.8474552766607
2022,june,import,pakistan,30,pharmaceutical products,3004,"medicaments of mixed or unmixed products, for retail sale",3004200000,"medicaments of other antibiotics, for retail sale",31464.83,4363.44889751768
2022,june,import,pakistan,30,pharmaceutical products,3004,"medicaments of mixed or unmixed products, for retail sale",3004909000,"medicaments, consisting of mixed or unmixed products for the therapeutic or prophylactic uses, put up in measured dosesor in the forms of packings for retail sale: other: other",436181.22,60667.0960426582
2022,june,import,portugal,30,pharmaceutical products,3004,"medicaments of mixed or unmixed products, for retail sale",3004909000,"medicaments, consisting of mixed or unmixed products for the therapeutic or prophylactic uses, put up in measured dosesor in the forms of packings for retail sale: other: other",304505.66,42199.6964423221
2022,june,import,puerto rico,30,pharmaceutical products,3004,"medicaments of mixed or unmixed products, for retail sale",3004909000,"medicaments, consisting of mixed or unmixed products for the therapeutic or prophylactic uses, put up in measured dosesor in the forms of packings for retail sale: other: other",444585.64,61530.9735798082
2022,june,import,republic of korea,30,pharmaceutical products,3002,"human blood; animal blood; antisera, etc; vaccines, toxins, etc",3002110000,"antisera, other blood fractions and immunological products, whether or not modified or obtained by means of biotechnological processes :-  malaria diagnostic kits",10076.15,1399.34955137404
2022,june,import,republic of korea,30,pharmaceutical products,3004,"medicaments of mixed or unmixed products, for retail sale",3004500000,"medicaments of vitamins or other of 29.36 for retail sale - other, nes",37621.9,5225.26388888889
2022,june,import,republic of korea,30,pharmaceutical products,3005,"wadding, gauze, etc with pharmaceutical substances or for retail sale",3005900000,"wadding, gauze, etc with pharmaceutical substances for retail sale, nes",26869.28,3761.04477820859
2022,june,import,serbia,30,pharmaceutical products,3006,pharmaceutical goods specified in note 3 to this chapter,3006100000,materials for surgical sutures; laminaria absorbable haemostatics,13171.23,1839.42881083723
2022,june,import,singapore,30,pharmaceutical products,3004,"medicaments of mixed or unmixed products, for retail sale",3004600000,"- other, containing antimalarial active principles described in subheading note 2 to this chapter",158.88,22.1483542236302
2022,june,import,slovenia,30,pharmaceutical products,3004,"medicaments of mixed or unmixed products, for retail sale",3004100000,medicaments of penicillins... or streptomycins for retail sale,1594130.27,221533.688810083
2022,june,import,slovenia,30,pharmaceutical products,3004,"medicaments of mixed or unmixed products, for retail sale",3004200000,"medicaments of other antibiotics, for retail sale",1361012.17,189691.013774023
2022,june,import,slovenia,30,pharmaceutical products,3004,"medicaments of mixed or unmixed products, for retail sale",3004600000,"- other, containing antimalarial active principles described in subheading note 2 to this chapter",616930.55,85428.1740365162
2022,june,import,slovenia,30,pharmaceutical products,3004,"medicaments of mixed or unmixed products, for retail sale",3004909000,"medicaments, consisting of mixed or unmixed products for the therapeutic or prophylactic uses, put up in measured dosesor in the forms of packings for retail sale: other: other",6384644.89,888993.085573769
2022,june,import,south africa,30,pharmaceutical products,3002,"human blood; animal blood; antisera, etc; vaccines, toxins, etc",3002150000,"antisera, other blood fractions and immunological products, whether or not modified or obtained by means of biotechnological processes -immunological products, put up in measured doses or in forms or packings for retail sale",47649.68,6621.03355330792
2022,june,import,south africa,30,pharmaceutical products,3002,"human blood; animal blood; antisera, etc; vaccines, toxins, etc",3002200000,vaccines for human medicine,21142.09,2955.90213212164
2022,june,import,south africa,30,pharmaceutical products,3002,"human blood; animal blood; antisera, etc; vaccines, toxins, etc",3002909000,other (vaccines for veterinary medicine),4691.62,656.528735953877
2022,june,import,south africa,30,pharmaceutical products,3004,"medicaments of mixed or unmixed products, for retail sale",3004200000,"medicaments of other antibiotics, for retail sale",23892.03,3305.20154194576
2022,june,import,south africa,30,pharmaceutical products,3004,"medicaments of mixed or unmixed products, for retail sale",3004909000,"medicaments, consisting of mixed or unmixed products for the therapeutic or prophylactic uses, put up in measured dosesor in the forms of packings for retail sale: other: other",723872.49,100466.327653186
2022,june,import,south africa,30,pharmaceutical products,3005,"wadding, gauze, etc with pharmaceutical substances or for retail sale",3005100000,adhesive dressings for medical... purposes,127165.6,17602.597459544
2022,june,import,south africa,30,pharmaceutical products,3006,pharmaceutical goods specified in note 3 to this chapter,3006100000,materials for surgical sutures; laminaria absorbable haemostatics,306528.23,42573.3652777778
2022,june,import,spain,30,pharmaceutical products,3002,"human blood; animal blood; antisera, etc; vaccines, toxins, etc",3002300000,vaccines for veterinary medicine,51924.96,7265.17888374306
2022,june,import,spain,30,pharmaceutical products,3004,"medicaments of mixed or unmixed products, for retail sale",3004909000,"medicaments, consisting of mixed or unmixed products for the therapeutic or prophylactic uses, put up in measured dosesor in the forms of packings for retail sale: other: other",2390736.22,331311.977422209
2022,june,import,sweden,30,pharmaceutical products,3004,"medicaments of mixed or unmixed products, for retail sale",3004909000,"medicaments, consisting of mixed or unmixed products for the therapeutic or prophylactic uses, put up in measured dosesor in the forms of packings for retail sale: other: other",2661387.3,369018.567380131
2022,june,import,switzerland,30,pharmaceutical products,3002,"human blood; animal blood; antisera, etc; vaccines, toxins, etc",3002150000,"antisera, other blood fractions and immunological products, whether or not modified or obtained by means of biotechnological processes -immunological products, put up in measured doses or in forms or packings for retail sale",2931844.68,407183.494011979
2022,june,import,switzerland,30,pharmaceutical products,3002,"human blood; animal blood; antisera, etc; vaccines, toxins, etc",3002200000,vaccines for human medicine,122308.35,16984.9118178031
2022,june,import,switzerland,30,pharmaceutical products,3002,"human blood; animal blood; antisera, etc; vaccines, toxins, etc",3002909000,other (vaccines for veterinary medicine),277834.77,38529.2982942726
2022,june,import,switzerland,30,pharmaceutical products,3004,"medicaments of mixed or unmixed products, for retail sale",3004200000,"medicaments of other antibiotics, for retail sale",1622755.67,225017.587142981
2022,june,import,switzerland,30,pharmaceutical products,3004,"medicaments of mixed or unmixed products, for retail sale",3004390000,"medicaments of other hormones, for retail sale, nes",27905.04,3864.96398891967
2022,june,import,switzerland,30,pharmaceutical products,3004,"medicaments of mixed or unmixed products, for retail sale",3004909000,"medicaments, consisting of mixed or unmixed products for the therapeutic or prophylactic uses, put up in measured dosesor in the forms of packings for retail sale: other: other",1800646.94,249057.823292084
2022,june,import,switzerland,30,pharmaceutical products,3006,pharmaceutical goods specified in note 3 to this chapter,3006100000,materials for surgical sutures; laminaria absorbable haemostatics,46845.68,6486.07545863621
2022,june,import,thailand,30,pharmaceutical products,3004,"medicaments of mixed or unmixed products, for retail sale",3004500000,"medicaments of vitamins or other of 29.36 for retail sale - other, nes",63374.62,8870.90326283227
2022,june,import,thailand,30,pharmaceutical products,3004,"medicaments of mixed or unmixed products, for retail sale",3004909000,"medicaments, consisting of mixed or unmixed products for the therapeutic or prophylactic uses, put up in measured dosesor in the forms of packings for retail sale: other: other",562936.9,78631.3580376698
2022,june,import,togo,30,pharmaceutical products,3003,"medicaments with >=2 constituents mixed together, not for retail sale",3003100000,medicaments ofpenicillins... or streptomycins not for retail sale,436.56,60.6080799666805
2022,june,import,togo,30,pharmaceutical products,3003,"medicaments with >=2 constituents mixed together, not for retail sale",3003900000,"other medicaments with >=2 constituents, not for retail sale, nes",1167.69,162.179166666667
2022,june,import,togo,30,pharmaceutical products,3004,"medicaments of mixed or unmixed products, for retail sale",3004390000,"medicaments of other hormones, for retail sale, nes",22246.19,3107.18653372932
2022,june,import,togo,30,pharmaceutical products,3004,"medicaments of mixed or unmixed products, for retail sale",3004909000,"medicaments, consisting of mixed or unmixed products for the therapeutic or prophylactic uses, put up in measured dosesor in the forms of packings for retail sale: other: other",3814.37,532.731262843752
2022,june,import,türkiye,30,pharmaceutical products,3004,"medicaments of mixed or unmixed products, for retail sale",3004909000,"medicaments, consisting of mixed or unmixed products for the therapeutic or prophylactic uses, put up in measured dosesor in the forms of packings for retail sale: other: other",34765.37,4859.73641310889
2022,june,import,türkiye,30,pharmaceutical products,3005,"wadding, gauze, etc with pharmaceutical substances or for retail sale",3005100000,adhesive dressings for medical... purposes,4340.97,601.992788794897
2022,june,import,türkiye,30,pharmaceutical products,3006,pharmaceutical goods specified in note 3 to this chapter,3006500000,first-aid boxes and kits,165672.41,22990.897862892
2022,june,import,united arab emirates,30,pharmaceutical products,3004,"medicaments of mixed or unmixed products, for retail sale",3004909000,"medicaments, consisting of mixed or unmixed products for the therapeutic or prophylactic uses, put up in measured dosesor in the forms of packings for retail sale: other: other",846142.44,117205.57442507
2022,june,import,united arab emirates,30,pharmaceutical products,3006,pharmaceutical goods specified in note 3 to this chapter,3006500000,first-aid boxes and kits,1457.8,201.785590698318
2022,june,import,united kingdom,30,pharmaceutical products,3001,"glands, etc, dried; extracts of glands, etc; heparin and its salts; etc",3001900000,"substances of human or animal origin,for prophylactic uses, nes",194.84,27.004851004851
2022,june,import,united kingdom,30,pharmaceutical products,3004,"medicaments of mixed or unmixed products, for retail sale",3004200000,"medicaments of other antibiotics, for retail sale",2688.55,373.357866962922
2022,june,import,united kingdom,30,pharmaceutical products,3004,"medicaments of mixed or unmixed products, for retail sale",3004310000,"medicaments of insulin, for retail sale",502.28,69.5437867774316
2022,june,import,united kingdom,30,pharmaceutical products,3004,"medicaments of mixed or unmixed products, for retail sale",3004490000,"other, containing alkaloids or derivatives thereof :--  other",1250.38,173.122879889235
2022,june,import,united kingdom,30,pharmaceutical products,3004,"medicaments of mixed or unmixed products, for retail sale",3004500000,"medicaments of vitamins or other of 29.36 for retail sale - other, nes",4259.94,590.755789765636
2022,june,import,united kingdom,30,pharmaceutical products,3004,"medicaments of mixed or unmixed products, for retail sale",3004600000,"- other, containing antimalarial active principles described in subheading note 2 to this chapter",3842.6,532.216066481995
2022,june,import,united kingdom,30,pharmaceutical products,3004,"medicaments of mixed or unmixed products, for retail sale",3004909000,"medicaments, consisting of mixed or unmixed products for the therapeutic or prophylactic uses, put up in measured dosesor in the forms of packings for retail sale: other: other",3814473.61,533225.359607063
2022,june,import,united kingdom,30,pharmaceutical products,3005,"wadding, gauze, etc with pharmaceutical substances or for retail sale",3005100000,adhesive dressings for medical... purposes,14952.11,2075.81702068583
2022,june,import,united kingdom,30,pharmaceutical products,3006,pharmaceutical goods specified in note 3 to this chapter,3006700000,gel preparations designed to be used in human or vet medicine [?],1079.56,149.710165025655
2022,june,import,united states of america,30,pharmaceutical products,3001,"glands, etc, dried; extracts of glands, etc; heparin and its salts; etc",3001900000,"substances of human or animal origin,for prophylactic uses, nes",3645.39,504.901662049861
2022,june,import,united states of america,30,pharmaceutical products,3002,"human blood; animal blood; antisera, etc; vaccines, toxins, etc",3002110000,"antisera, other blood fractions and immunological products, whether or not modified or obtained by means of biotechnological processes :-  malaria diagnostic kits",1388.99,192.514206514207
2022,june,import,united states of america,30,pharmaceutical products,3002,"human blood; animal blood; antisera, etc; vaccines, toxins, etc",3002120000,"antisera, other blood fractions and immunological products, whether or not modified or obtained by means of biotechnological processes-antisera and other blood fractions",14952.23,2092.39589750322
2022,june,import,united states of america,30,pharmaceutical products,3002,"human blood; animal blood; antisera, etc; vaccines, toxins, etc",3002150000,"antisera, other blood fractions and immunological products, whether or not modified or obtained by means of biotechnological processes -immunological products, put up in measured doses or in forms or packings for retail sale",16658.88,2329.51961666822
2022,june,import,united states of america,30,pharmaceutical products,3002,"human blood; animal blood; antisera, etc; vaccines, toxins, etc",3002190000,"antisera, other blood fractions and immunological products, whether or not modified or obtained by means of biotechnological processes --  other",1903.39,266.115344285215
2022,june,import,united states of america,30,pharmaceutical products,3002,"human blood; animal blood; antisera, etc; vaccines, toxins, etc",3002200000,vaccines for human medicine,39385.39,5476.03769622486
2022,june,import,united states of america,30,pharmaceutical products,3004,"medicaments of mixed or unmixed products, for retail sale",3004100000,medicaments of penicillins... or streptomycins for retail sale,4830.73,669.911246706421
2022,june,import,united states of america,30,pharmaceutical products,3004,"medicaments of mixed or unmixed products, for retail sale",3004200000,"medicaments of other antibiotics, for retail sale",13518.08,1876.72914063585
2022,june,import,united states of america,30,pharmaceutical products,3004,"medicaments of mixed or unmixed products, for retail sale",3004390000,"medicaments of other hormones, for retail sale, nes",1896.53,265.39371125509
2022,june,import,united states of america,30,pharmaceutical products,3004,"medicaments of mixed or unmixed products, for retail sale",3004490000,"other, containing alkaloids or derivatives thereof :--  other",14652.32,2031.94009152683
2022,june,import,united states of america,30,pharmaceutical products,3004,"medicaments of mixed or unmixed products, for retail sale",3004600000,"- other, containing antimalarial active principles described in subheading note 2 to this chapter",144.37,20.1255895120102
2022,june,import,united states of america,30,pharmaceutical products,3004,"medicaments of mixed or unmixed products, for retail sale",3004902000,oral rehydration salt (ors),9905.77,1373.70267646651
2022,june,import,united states of america,30,pharmaceutical products,3004,"medicaments of mixed or unmixed products, for retail sale",3004909000,"medicaments, consisting of mixed or unmixed products for the therapeutic or prophylactic uses, put up in measured dosesor in the forms of packings for retail sale: other: other",3375356.77,469175.149734135
2022,june,import,united states of america,30,pharmaceutical products,3005,"wadding, gauze, etc with pharmaceutical substances or for retail sale",3005100000,adhesive dressings for medical... purposes,3440.36,477.098876716128
2022,june,import,united states of america,30,pharmaceutical products,3005,"wadding, gauze, etc with pharmaceutical substances or for retail sale",3005900000,"wadding, gauze, etc with pharmaceutical substances for retail sale, nes",8851.96,1231.04266604652
2022,june,import,united states of america,30,pharmaceutical products,3006,pharmaceutical goods specified in note 3 to this chapter,3006100000,materials for surgical sutures; laminaria absorbable haemostatics,9393.41,1300.57597784701
2022,june,import,united states of america,30,pharmaceutical products,3006,pharmaceutical goods specified in note 3 to this chapter,3006500000,first-aid boxes and kits,16964.7,2352.84732926263
2022,june,import,united states of america,30,pharmaceutical products,3006,pharmaceutical goods specified in note 3 to this chapter,3006700000,gel preparations designed to be used in human or vet medicine [?],8574.1,1189.41237360252
2022,july,import,bangladesh,30,pharmaceutical products,3002,"human blood; animal blood; antisera, etc; vaccines, toxins, etc",3002150000,"antisera, other blood fractions and immunological products, whether or not modified or obtained by means of biotechnological processes -immunological products, put up in measured doses or in forms or packings for retail sale",1422.02,195.211750978104
2022,july,import,bangladesh,30,pharmaceutical products,3004,"medicaments of mixed or unmixed products, for retail sale",3004909000,"medicaments, consisting of mixed or unmixed products for the therapeutic or prophylactic uses, put up in measured dosesor in the forms of packings for retail sale: other: other",206881.81,28015.6828492112
2022,july,import,belgium,30,pharmaceutical products,3002,"human blood; animal blood; antisera, etc; vaccines, toxins, etc",3002150000,"antisera, other blood fractions and immunological products, whether or not modified or obtained by means of biotechnological processes -immunological products, put up in measured doses or in forms or packings for retail sale",7745.62,1060.39017044288
2022,july,import,belgium,30,pharmaceutical products,3002,"human blood; animal blood; antisera, etc; vaccines, toxins, etc",3002300000,vaccines for veterinary medicine,98596.64,12952.7903310562
2022,july,import,belgium,30,pharmaceutical products,3003,"medicaments with >=2 constituents mixed together, not for retail sale",3003410000,"medicaments (excluding heading 30.02, 30.05, 30.06)  of two or more mixed together for therapeutic or prophylactic use, not in measured dose or in forms or packing for retail, other containing alkaloids or derivatives thereof, ephedrine or its salts",40284.01,5499.89896921292
2022,july,import,belgium,30,pharmaceutical products,3004,"medicaments of mixed or unmixed products, for retail sale",3004200000,"medicaments of other antibiotics, for retail sale",344925.53,46623.4362746681
2022,july,import,belgium,30,pharmaceutical products,3004,"medicaments of mixed or unmixed products, for retail sale",3004390000,"medicaments of other hormones, for retail sale, nes",79881.97,11041.809385583
2022,july,import,belgium,30,pharmaceutical products,3004,"medicaments of mixed or unmixed products, for retail sale",3004909000,"medicaments, consisting of mixed or unmixed products for the therapeutic or prophylactic uses, put up in measured dosesor in the forms of packings for retail sale: other: other",2317597.16,312748.245202257
2022,july,import,brazil,30,pharmaceutical products,3006,pharmaceutical goods specified in note 3 to this chapter,3006100000,materials for surgical sutures; laminaria absorbable haemostatics,10238.1,1344.99474513925
2022,july,import,bulgaria,30,pharmaceutical products,3004,"medicaments of mixed or unmixed products, for retail sale",3004909000,"medicaments, consisting of mixed or unmixed products for the therapeutic or prophylactic uses, put up in measured dosesor in the forms of packings for retail sale: other: other",207863.0,27715.0666666667
2022,july,import,canada,30,pharmaceutical products,3002,"human blood; animal blood; antisera, etc; vaccines, toxins, etc",3002150000,"antisera, other blood fractions and immunological products, whether or not modified or obtained by means of biotechnological processes -immunological products, put up in measured doses or in forms or packings for retail sale",5468.35,748.627558354439
2022,july,import,canada,30,pharmaceutical products,3004,"medicaments of mixed or unmixed products, for retail sale",3004390000,"medicaments of other hormones, for retail sale, nes",64959.93,8979.18722786647
2022,july,import,china,30,pharmaceutical products,3002,"human blood; animal blood; antisera, etc; vaccines, toxins, etc",3002110000,"antisera, other blood fractions and immunological products, whether or not modified or obtained by means of biotechnological processes :-  malaria diagnostic kits",70329.16,9562.7384594466
2022,july,import,china,30,pharmaceutical products,3002,"human blood; animal blood; antisera, etc; vaccines, toxins, etc",3002120000,"antisera, other blood fractions and immunological products, whether or not modified or obtained by means of biotechnological processes-antisera and other blood fractions",1721.5,229.533333333333
2022,july,import,china,30,pharmaceutical products,3002,"human blood; animal blood; antisera, etc; vaccines, toxins, etc",3002150000,"antisera, other blood fractions and immunological products, whether or not modified or obtained by means of biotechnological processes -immunological products, put up in measured doses or in forms or packings for retail sale",2214.38,301.912877496762
2022,july,import,china,30,pharmaceutical products,3004,"medicaments of mixed or unmixed products, for retail sale",3004100000,medicaments of penicillins... or streptomycins for retail sale,462967.26,63686.2590274434
2022,july,import,china,30,pharmaceutical products,3004,"medicaments of mixed or unmixed products, for retail sale",3004490000,"other, containing alkaloids or derivatives thereof :--  other",366.44,49.6228586905004
2022,july,import,china,30,pharmaceutical products,3004,"medicaments of mixed or unmixed products, for retail sale",3004600000,"- other, containing antimalarial active principles described in subheading note 2 to this chapter",1348926.04,184166.296675541
2022,july,import,china,30,pharmaceutical products,3004,"medicaments of mixed or unmixed products, for retail sale",3004902000,oral rehydration salt (ors),24068.43,3217.83096967623
2022,july,import,china,30,pharmaceutical products,3004,"medicaments of mixed or unmixed products, for retail sale",3004909000,"medicaments, consisting of mixed or unmixed products for the therapeutic or prophylactic uses, put up in measured dosesor in the forms of packings for retail sale: other: other",4286163.61,583689.468141449
2022,july,import,china,30,pharmaceutical products,3005,"wadding, gauze, etc with pharmaceutical substances or for retail sale",3005100000,adhesive dressings for medical... purposes,209852.04,28955.3444501756
2022,july,import,china,30,pharmaceutical products,3005,"wadding, gauze, etc with pharmaceutical substances or for retail sale",3005900000,"wadding, gauze, etc with pharmaceutical substances for retail sale, nes",477044.3,64976.3444085084
2022,july,import,china,30,pharmaceutical products,3006,pharmaceutical goods specified in note 3 to this chapter,3006500000,first-aid boxes and kits,38281.52,5165.03482359542
2022,july,import,côte d’ivoire,30,pharmaceutical products,3004,"medicaments of mixed or unmixed products, for retail sale",3004600000,"- other, containing antimalarial active principles described in subheading note 2 to this chapter",248980.99,32925.282993917
2022,july,import,denmark,30,pharmaceutical products,3004,"medicaments of mixed or unmixed products, for retail sale",3004909000,"medicaments, consisting of mixed or unmixed products for the therapeutic or prophylactic uses, put up in measured dosesor in the forms of packings for retail sale: other: other",652661.96,89758.1968981811
2022,july,import,denmark,30,pharmaceutical products,3006,pharmaceutical goods specified in note 3 to this chapter,3006600000,chemical contraceptive preparations based on hormones or spermicides,613127.58,83367.6769324903
2022,july,import,egypt,30,pharmaceutical products,3003,"medicaments with >=2 constituents mixed together, not for retail sale",3003900000,"other medicaments with >=2 constituents, not for retail sale, nes",774554.51,103273.934666667
2022,july,import,egypt,30,pharmaceutical products,3004,"medicaments of mixed or unmixed products, for retail sale",3004909000,"medicaments, consisting of mixed or unmixed products for the therapeutic or prophylactic uses, put up in measured dosesor in the forms of packings for retail sale: other: other",967326.81,131224.870210744
2022,july,import,france,30,pharmaceutical products,3002,"human blood; animal blood; antisera, etc; vaccines, toxins, etc",3002120000,"antisera, other blood fractions and immunological products, whether or not modified or obtained by means of biotechnological processes-antisera and other blood fractions",61606.93,8515.71359458152
2022,july,import,france,30,pharmaceutical products,3002,"human blood; animal blood; antisera, etc; vaccines, toxins, etc",3002150000,"antisera, other blood fractions and immunological products, whether or not modified or obtained by means of biotechnological processes -immunological products, put up in measured doses or in forms or packings for retail sale",2825.32,390.534245628585
2022,july,import,france,30,pharmaceutical products,3002,"human blood; animal blood; antisera, etc; vaccines, toxins, etc",3002300000,vaccines for veterinary medicine,1409179.98,194786.091644205
2022,july,import,france,30,pharmaceutical products,3004,"medicaments of mixed or unmixed products, for retail sale",3004100000,medicaments of penicillins... or streptomycins for retail sale,147161.87,20107.7593677787
2022,july,import,france,30,pharmaceutical products,3004,"medicaments of mixed or unmixed products, for retail sale",3004200000,"medicaments of other antibiotics, for retail sale",585642.53,79376.1506694485
2022,july,import,france,30,pharmaceutical products,3004,"medicaments of mixed or unmixed products, for retail sale",3004310000,"medicaments of insulin, for retail sale",152611.14,20181.3197566781
2022,july,import,france,30,pharmaceutical products,3004,"medicaments of mixed or unmixed products, for retail sale",3004500000,"medicaments of vitamins or other of 29.36 for retail sale - other, nes",410068.57,54242.2619721238
2022,july,import,france,30,pharmaceutical products,3004,"medicaments of mixed or unmixed products, for retail sale",3004909000,"medicaments, consisting of mixed or unmixed products for the therapeutic or prophylactic uses, put up in measured dosesor in the forms of packings for retail sale: other: other",8659865.41,1174727.61071095
2022,july,import,georgia,30,pharmaceutical products,3004,"medicaments of mixed or unmixed products, for retail sale",3004909000,"medicaments, consisting of mixed or unmixed products for the therapeutic or prophylactic uses, put up in measured dosesor in the forms of packings for retail sale: other: other",5095.4,700.928537038311
2022,july,import,germany,30,pharmaceutical products,3002,"human blood; animal blood; antisera, etc; vaccines, toxins, etc",3002150000,"antisera, other blood fractions and immunological products, whether or not modified or obtained by means of biotechnological processes -immunological products, put up in measured doses or in forms or packings for retail sale",41639.97,5716.74740993992
2022,july,import,germany,30,pharmaceutical products,3002,"human blood; animal blood; antisera, etc; vaccines, toxins, etc",3002901000,ferments,1532.86,210.861819932595
2022,july,import,germany,30,pharmaceutical products,3004,"medicaments of mixed or unmixed products, for retail sale",3004200000,"medicaments of other antibiotics, for retail sale",880515.54,117271.549572658
2022,july,import,germany,30,pharmaceutical products,3004,"medicaments of mixed or unmixed products, for retail sale",3004320000,"medicaments of adrenal cortex hormones, for retail sale",47669.18,6262.3725696269
2022,july,import,germany,30,pharmaceutical products,3004,"medicaments of mixed or unmixed products, for retail sale",3004390000,"medicaments of other hormones, for retail sale, nes",1075717.32,144642.117714825
2022,july,import,germany,30,pharmaceutical products,3004,"medicaments of mixed or unmixed products, for retail sale",3004500000,"medicaments of vitamins or other of 29.36 for retail sale - other, nes",468048.79,61488.2803468208
2022,july,import,germany,30,pharmaceutical products,3004,"medicaments of mixed or unmixed products, for retail sale",3004909000,"medicaments, consisting of mixed or unmixed products for the therapeutic or prophylactic uses, put up in measured dosesor in the forms of packings for retail sale: other: other",10966026.52,1465133.01321167
2022,july,import,germany,30,pharmaceutical products,3005,"wadding, gauze, etc with pharmaceutical substances or for retail sale",3005100000,adhesive dressings for medical... purposes,40113.02,5535.79977730368
2022,july,import,germany,30,pharmaceutical products,3005,"wadding, gauze, etc with pharmaceutical substances or for retail sale",3005900000,"wadding, gauze, etc with pharmaceutical substances for retail sale, nes",1557.27,215.256064690027
2022,july,import,germany,30,pharmaceutical products,3006,pharmaceutical goods specified in note 3 to this chapter,3006100000,materials for surgical sutures; laminaria absorbable haemostatics,1512.16,209.020664869721
2022,july,import,germany,30,pharmaceutical products,3006,pharmaceutical goods specified in note 3 to this chapter,3006300000,opacifying preparations for x-ray examinations; diagnostic reagents...,1632.48,225.652083765291
2022,july,import,germany,30,pharmaceutical products,3006,pharmaceutical goods specified in note 3 to this chapter,3006600000,chemical contraceptive preparations based on hormones or spermicides,5626444.17,769794.254618821
2022,july,import,germany,30,pharmaceutical products,3006,pharmaceutical goods specified in note 3 to this chapter,3006700000,gel preparations designed to be used in human or vet medicine [?],3189.75,440.908148455318
2022,july,import,hong kong,30,pharmaceutical products,3004,"medicaments of mixed or unmixed products, for retail sale",3004390000,"medicaments of other hormones, for retail sale, nes",15360.22,2066.07303786401
2022,july,import,hong kong,30,pharmaceutical products,3004,"medicaments of mixed or unmixed products, for retail sale",3004909000,"medicaments, consisting of mixed or unmixed products for the therapeutic or prophylactic uses, put up in measured dosesor in the forms of packings for retail sale: other: other",305705.58,42198.2993995445
2022,july,import,hungary,30,pharmaceutical products,3004,"medicaments of mixed or unmixed products, for retail sale",3004909000,"medicaments, consisting of mixed or unmixed products for the therapeutic or prophylactic uses, put up in measured dosesor in the forms of packings for retail sale: other: other",115928.78,15805.9554161838
2022,july,import,india,30,pharmaceutical products,3001,"glands, etc, dried; extracts of glands, etc; heparin and its salts; etc",3001200000,extracts of glands or other organs or of their secretions,39522.01,5388.50773740541
2022,july,import,india,30,pharmaceutical products,3002,"human blood; animal blood; antisera, etc; vaccines, toxins, etc",3002200000,vaccines for human medicine,106558.54,14313.7269124857
2022,july,import,india,30,pharmaceutical products,3003,"medicaments with >=2 constituents mixed together, not for retail sale",3003900000,"other medicaments with >=2 constituents, not for retail sale, nes",20640.47,2849.12278280075
2022,july,import,india,30,pharmaceutical products,3004,"medicaments of mixed or unmixed products, for retail sale",3004100000,medicaments of penicillins... or streptomycins for retail sale,257524.77,35236.9359778158
2022,july,import,india,30,pharmaceutical products,3004,"medicaments of mixed or unmixed products, for retail sale",3004200000,"medicaments of other antibiotics, for retail sale",2483569.85,332077.747006844
2022,july,import,india,30,pharmaceutical products,3004,"medicaments of mixed or unmixed products, for retail sale",3004320000,"medicaments of adrenal cortex hormones, for retail sale",273710.86,35979.6384277779
2022,july,import,india,30,pharmaceutical products,3004,"medicaments of mixed or unmixed products, for retail sale",3004500000,"medicaments of vitamins or other of 29.36 for retail sale - other, nes",4283561.27,578162.632034805
2022,july,import,india,30,pharmaceutical products,3004,"medicaments of mixed or unmixed products, for retail sale",3004600000,"- other, containing antimalarial active principles described in subheading note 2 to this chapter",1592420.74,216906.228972436
2022,july,import,india,30,pharmaceutical products,3004,"medicaments of mixed or unmixed products, for retail sale",3004909000,"medicaments, consisting of mixed or unmixed products for the therapeutic or prophylactic uses, put up in measured dosesor in the forms of packings for retail sale: other: other",49766521.29,6706360.89531987
2022,july,import,india,30,pharmaceutical products,3005,"wadding, gauze, etc with pharmaceutical substances or for retail sale",3005900000,"wadding, gauze, etc with pharmaceutical substances for retail sale, nes",201.26,27.071087497478
2022,july,import,india,30,pharmaceutical products,3006,pharmaceutical goods specified in note 3 to this chapter,3006200000,blood-grouping reagents,9475.72,1283.19046651771
2022,july,import,india,30,pharmaceutical products,3006,pharmaceutical goods specified in note 3 to this chapter,3006600000,chemical contraceptive preparations based on hormones or spermicides,1443646.02,197043.306807539
2022,july,import,india,30,pharmaceutical products,3006,pharmaceutical goods specified in note 3 to this chapter,3006700000,gel preparations designed to be used in human or vet medicine [?],2151.02,293.274251823574
2022,july,import,indonesia,30,pharmaceutical products,3002,"human blood; animal blood; antisera, etc; vaccines, toxins, etc",3002200000,vaccines for human medicine,2179433.45,297553.887637381
2022,july,import,ireland,30,pharmaceutical products,3002,"human blood; animal blood; antisera, etc; vaccines, toxins, etc",3002120000,"antisera, other blood fractions and immunological products, whether or not modified or obtained by means of biotechnological processes-antisera and other blood fractions",7167.74,990.771995300297
2022,july,import,ireland,30,pharmaceutical products,3004,"medicaments of mixed or unmixed products, for retail sale",3004909000,"medicaments, consisting of mixed or unmixed products for the therapeutic or prophylactic uses, put up in measured dosesor in the forms of packings for retail sale: other: other",122538.86,16581.9690940837
2022,july,import,ireland,30,pharmaceutical products,3006,pharmaceutical goods specified in note 3 to this chapter,3006300000,opacifying preparations for x-ray examinations; diagnostic reagents...,871144.65,120415.322413436
2022,july,import,italy,30,pharmaceutical products,3004,"medicaments of mixed or unmixed products, for retail sale",3004200000,"medicaments of other antibiotics, for retail sale",553090.16,75402.7282211093
2022,july,import,italy,30,pharmaceutical products,3004,"medicaments of mixed or unmixed products, for retail sale",3004320000,"medicaments of adrenal cortex hormones, for retail sale",54516.68,7209.2938376091
2022,july,import,italy,30,pharmaceutical products,3004,"medicaments of mixed or unmixed products, for retail sale",3004390000,"medicaments of other hormones, for retail sale, nes",79712.63,10750.2719478235
2022,july,import,italy,30,pharmaceutical products,3004,"medicaments of mixed or unmixed products, for retail sale",3004909000,"medicaments, consisting of mixed or unmixed products for the therapeutic or prophylactic uses, put up in measured dosesor in the forms of packings for retail sale: other: other",1353667.51,184056.741056529
2022,july,import,japan,30,pharmaceutical products,3002,"human blood; animal blood; antisera, etc; vaccines, toxins, etc",3002200000,vaccines for human medicine,361.46,48.5019623521933
2022,july,import,japan,30,pharmaceutical products,3004,"medicaments of mixed or unmixed products, for retail sale",3004909000,"medicaments, consisting of mixed or unmixed products for the therapeutic or prophylactic uses, put up in measured dosesor in the forms of packings for retail sale: other: other",70.43,9.42270385978995
2022,july,import,kenya,30,pharmaceutical products,3004,"medicaments of mixed or unmixed products, for retail sale",3004909000,"medicaments, consisting of mixed or unmixed products for the therapeutic or prophylactic uses, put up in measured dosesor in the forms of packings for retail sale: other: other",18010.33,2438.93696255671
2022,july,import,malaysia,30,pharmaceutical products,3004,"medicaments of mixed or unmixed products, for retail sale",3004909000,"medicaments, consisting of mixed or unmixed products for the therapeutic or prophylactic uses, put up in measured dosesor in the forms of packings for retail sale: other: other",193958.47,25649.0967997884
2022,july,import,mali,30,pharmaceutical products,3002,"human blood; animal blood; antisera, etc; vaccines, toxins, etc",3002300000,vaccines for veterinary medicine,26.21,3.54932629155664
2022,july,import,mexico,30,pharmaceutical products,3004,"medicaments of mixed or unmixed products, for retail sale",3004909000,"medicaments, consisting of mixed or unmixed products for the therapeutic or prophylactic uses, put up in measured dosesor in the forms of packings for retail sale: other: other",113501.61,15613.3998211706
2022,july,import,morocco,30,pharmaceutical products,3004,"medicaments of mixed or unmixed products, for retail sale",3004909000,"medicaments, consisting of mixed or unmixed products for the therapeutic or prophylactic uses, put up in measured dosesor in the forms of packings for retail sale: other: other",634.94,84.3213811420983
2022,july,import,netherlands,30,pharmaceutical products,3004,"medicaments of mixed or unmixed products, for retail sale",3004909000,"medicaments, consisting of mixed or unmixed products for the therapeutic or prophylactic uses, put up in measured dosesor in the forms of packings for retail sale: other: other",37378665.09,5117186.88489196
2022,july,import,nigeria,30,pharmaceutical products,3004,"medicaments of mixed or unmixed products, for retail sale",3004909000,"medicaments, consisting of mixed or unmixed products for the therapeutic or prophylactic uses, put up in measured dosesor in the forms of packings for retail sale: other: other",13706.56,1869.94202484332
2022,july,import,nigeria,30,pharmaceutical products,3005,"wadding, gauze, etc with pharmaceutical substances or for retail sale",3005900000,"wadding, gauze, etc with pharmaceutical substances for retail sale, nes",121.24,16.735454482711
2022,july,import,norway,30,pharmaceutical products,3002,"human blood; animal blood; antisera, etc; vaccines, toxins, etc",3002150000,"antisera, other blood fractions and immunological products, whether or not modified or obtained by means of biotechnological processes -immunological products, put up in measured doses or in forms or packings for retail sale",4474.81,601.897908400027
2022,july,import,pakistan,30,pharmaceutical products,3003,"medicaments with >=2 constituents mixed together, not for retail sale",3003900000,"other medicaments with >=2 constituents, not for retail sale, nes",62792.33,8637.77838916019
2022,july,import,pakistan,30,pharmaceutical products,3004,"medicaments of mixed or unmixed products, for retail sale",3004902000,oral rehydration salt (ors),41669.74,5704.66698610446
2022,july,import,pakistan,30,pharmaceutical products,3004,"medicaments of mixed or unmixed products, for retail sale",3004909000,"medicaments, consisting of mixed or unmixed products for the therapeutic or prophylactic uses, put up in measured dosesor in the forms of packings for retail sale: other: other",564913.37,77035.315952168
2022,july,import,pakistan,30,pharmaceutical products,3006,pharmaceutical goods specified in note 3 to this chapter,3006100000,materials for surgical sutures; laminaria absorbable haemostatics,6157.41,840.659430677862
2022,july,import,portugal,30,pharmaceutical products,3004,"medicaments of mixed or unmixed products, for retail sale",3004909000,"medicaments, consisting of mixed or unmixed products for the therapeutic or prophylactic uses, put up in measured dosesor in the forms of packings for retail sale: other: other",148632.29,20544.9291588914
2022,july,import,puerto rico,30,pharmaceutical products,3004,"medicaments of mixed or unmixed products, for retail sale",3004909000,"medicaments, consisting of mixed or unmixed products for the therapeutic or prophylactic uses, put up in measured dosesor in the forms of packings for retail sale: other: other",1249058.72,165844.742309132
2022,july,import,singapore,30,pharmaceutical products,3006,pharmaceutical goods specified in note 3 to this chapter,3006400000,dental cements and other dental fillings; bone reconstruction cements,32175.7,4304.72941333868
2022,july,import,slovenia,30,pharmaceutical products,3004,"medicaments of mixed or unmixed products, for retail sale",3004100000,medicaments of penicillins... or streptomycins for retail sale,299230.68,39570.3094419466
2022,july,import,slovenia,30,pharmaceutical products,3004,"medicaments of mixed or unmixed products, for retail sale",3004200000,"medicaments of other antibiotics, for retail sale",1258304.52,170318.891986599
2022,july,import,slovenia,30,pharmaceutical products,3004,"medicaments of mixed or unmixed products, for retail sale",3004909000,"medicaments, consisting of mixed or unmixed products for the therapeutic or prophylactic uses, put up in measured dosesor in the forms of packings for retail sale: other: other",3177373.84,426106.995555748
2022,july,import,south africa,30,pharmaceutical products,3002,"human blood; animal blood; antisera, etc; vaccines, toxins, etc",3002110000,"antisera, other blood fractions and immunological products, whether or not modified or obtained by means of biotechnological processes :-  malaria diagnostic kits",266.3,36.7589205604252
2022,july,import,south africa,30,pharmaceutical products,3002,"human blood; animal blood; antisera, etc; vaccines, toxins, etc",3002150000,"antisera, other blood fractions and immunological products, whether or not modified or obtained by means of biotechnological processes -immunological products, put up in measured doses or in forms or packings for retail sale",158222.14,21601.7666734931
2022,july,import,south africa,30,pharmaceutical products,3002,"human blood; animal blood; antisera, etc; vaccines, toxins, etc",3002901000,ferments,9583.32,1277.776
2022,july,import,south africa,30,pharmaceutical products,3004,"medicaments of mixed or unmixed products, for retail sale",3004200000,"medicaments of other antibiotics, for retail sale",87227.36,11931.0455251826
2022,july,import,south africa,30,pharmaceutical products,3004,"medicaments of mixed or unmixed products, for retail sale",3004390000,"medicaments of other hormones, for retail sale, nes",48286.88,6674.52899301956
2022,july,import,south africa,30,pharmaceutical products,3004,"medicaments of mixed or unmixed products, for retail sale",3004902000,oral rehydration salt (ors),108.88,14.3037309511298
2022,july,import,south africa,30,pharmaceutical products,3004,"medicaments of mixed or unmixed products, for retail sale",3004909000,"medicaments, consisting of mixed or unmixed products for the therapeutic or prophylactic uses, put up in measured dosesor in the forms of packings for retail sale: other: other",122652.2,16627.2806651609
2022,july,import,south africa,30,pharmaceutical products,3005,"wadding, gauze, etc with pharmaceutical substances or for retail sale",3005100000,adhesive dressings for medical... purposes,504.64,68.900544364688
2022,july,import,south africa,30,pharmaceutical products,3005,"wadding, gauze, etc with pharmaceutical substances or for retail sale",3005900000,"wadding, gauze, etc with pharmaceutical substances for retail sale, nes",341.45,45.6664190694848
2022,july,import,south africa,30,pharmaceutical products,3006,pharmaceutical goods specified in note 3 to this chapter,3006100000,materials for surgical sutures; laminaria absorbable haemostatics,284350.82,39250.5790599765
2022,july,import,spain,30,pharmaceutical products,3004,"medicaments of mixed or unmixed products, for retail sale",3004909000,"medicaments, consisting of mixed or unmixed products for the therapeutic or prophylactic uses, put up in measured dosesor in the forms of packings for retail sale: other: other",1019998.27,136286.447021384
2022,july,import,spain,30,pharmaceutical products,3005,"wadding, gauze, etc with pharmaceutical substances or for retail sale",3005100000,adhesive dressings for medical... purposes,11857.19,1638.97850577096
2022,july,import,spain,30,pharmaceutical products,3006,pharmaceutical goods specified in note 3 to this chapter,3006500000,first-aid boxes and kits,1936.26,258.168
2022,july,import,sweden,30,pharmaceutical products,3004,"medicaments of mixed or unmixed products, for retail sale",3004909000,"medicaments, consisting of mixed or unmixed products for the therapeutic or prophylactic uses, put up in measured dosesor in the forms of packings for retail sale: other: other",963499.22,130947.9122621
2022,july,import,sweden,30,pharmaceutical products,3005,"wadding, gauze, etc with pharmaceutical substances or for retail sale",3005100000,adhesive dressings for medical... purposes,35611.48,4855.33846887995
2022,july,import,sweden,30,pharmaceutical products,3005,"wadding, gauze, etc with pharmaceutical substances or for retail sale",3005900000,"wadding, gauze, etc with pharmaceutical substances for retail sale, nes",88299.36,12038.9065375963
2022,july,import,switzerland,30,pharmaceutical products,3002,"human blood; animal blood; antisera, etc; vaccines, toxins, etc",3002120000,"antisera, other blood fractions and immunological products, whether or not modified or obtained by means of biotechnological processes-antisera and other blood fractions",419.64,56.8271379240301
2022,july,import,switzerland,30,pharmaceutical products,3002,"human blood; animal blood; antisera, etc; vaccines, toxins, etc",3002150000,"antisera, other blood fractions and immunological products, whether or not modified or obtained by means of biotechnological processes -immunological products, put up in measured doses or in forms or packings for retail sale",580785.9,78767.9084390744
2022,july,import,switzerland,30,pharmaceutical products,3004,"medicaments of mixed or unmixed products, for retail sale",3004200000,"medicaments of other antibiotics, for retail sale",2563601.29,349311.640083146
2022,july,import,switzerland,30,pharmaceutical products,3004,"medicaments of mixed or unmixed products, for retail sale",3004909000,"medicaments, consisting of mixed or unmixed products for the therapeutic or prophylactic uses, put up in measured dosesor in the forms of packings for retail sale: other: other",1486034.56,200892.83452368
2022,july,import,thailand,30,pharmaceutical products,3004,"medicaments of mixed or unmixed products, for retail sale",3004909000,"medicaments, consisting of mixed or unmixed products for the therapeutic or prophylactic uses, put up in measured dosesor in the forms of packings for retail sale: other: other",1840971.9,247849.627629023
2022,july,import,togo,30,pharmaceutical products,3003,"medicaments with >=2 constituents mixed together, not for retail sale",3003310000,"medicaments of insulin, not for retail sale",3407.07,461.381271582368
2022,july,import,togo,30,pharmaceutical products,3003,"medicaments with >=2 constituents mixed together, not for retail sale",3003900000,"other medicaments with >=2 constituents, not for retail sale, nes",6303.97,843.396882734631
2022,july,import,togo,30,pharmaceutical products,3004,"medicaments of mixed or unmixed products, for retail sale",3004100000,medicaments of penicillins... or streptomycins for retail sale,448.7,62.0222544750847
2022,july,import,togo,30,pharmaceutical products,3004,"medicaments of mixed or unmixed products, for retail sale",3004320000,"medicaments of adrenal cortex hormones, for retail sale",456.92,60.026274303731
2022,july,import,togo,30,pharmaceutical products,3004,"medicaments of mixed or unmixed products, for retail sale",3004390000,"medicaments of other hormones, for retail sale, nes",4732.2,636.951407352634
2022,july,import,togo,30,pharmaceutical products,3004,"medicaments of mixed or unmixed products, for retail sale",3004909000,"medicaments, consisting of mixed or unmixed products for the therapeutic or prophylactic uses, put up in measured dosesor in the forms of packings for retail sale: other: other",1138.36,154.095076877692
2022,july,import,türkiye,30,pharmaceutical products,3004,"medicaments of mixed or unmixed products, for retail sale",3004600000,"- other, containing antimalarial active principles described in subheading note 2 to this chapter",734763.21,97165.1957154192
2022,july,import,türkiye,30,pharmaceutical products,3004,"medicaments of mixed or unmixed products, for retail sale",3004909000,"medicaments, consisting of mixed or unmixed products for the therapeutic or prophylactic uses, put up in measured dosesor in the forms of packings for retail sale: other: other",84902.64,11498.1130345915
2022,july,import,türkiye,30,pharmaceutical products,3006,pharmaceutical goods specified in note 3 to this chapter,3006400000,dental cements and other dental fillings; bone reconstruction cements,14447.48,1926.33066666667
2022,july,import,united arab emirates,30,pharmaceutical products,3004,"medicaments of mixed or unmixed products, for retail sale",3004909000,"medicaments, consisting of mixed or unmixed products for the therapeutic or prophylactic uses, put up in measured dosesor in the forms of packings for retail sale: other: other",42131.24,5783.68316288009
2022,july,import,united arab emirates,30,pharmaceutical products,3006,pharmaceutical goods specified in note 3 to this chapter,3006500000,first-aid boxes and kits,12971.02,1729.46933333333
2022,july,import,united kingdom,30,pharmaceutical products,3002,"human blood; animal blood; antisera, etc; vaccines, toxins, etc",3002120000,"antisera, other blood fractions and immunological products, whether or not modified or obtained by means of biotechnological processes-antisera and other blood fractions",124334.67,16743.7730547462
2022,july,import,united kingdom,30,pharmaceutical products,3002,"human blood; animal blood; antisera, etc; vaccines, toxins, etc",3002190000,"antisera, other blood fractions and immunological products, whether or not modified or obtained by means of biotechnological processes --  other",8824.91,1195.05856862347
2022,july,import,united kingdom,30,pharmaceutical products,3002,"human blood; animal blood; antisera, etc; vaccines, toxins, etc",3002909000,other (vaccines for veterinary medicine),13919.88,1884.39537164302
2022,july,import,united kingdom,30,pharmaceutical products,3004,"medicaments of mixed or unmixed products, for retail sale",3004390000,"medicaments of other hormones, for retail sale, nes",172911.04,23671.8515983298
2022,july,import,united kingdom,30,pharmaceutical products,3004,"medicaments of mixed or unmixed products, for retail sale",3004420000,"other, containing alkaloids or derivatives thereof :--  containing pseudoephedrine (inn) or its salts",883.2,116.214776668418
2022,july,import,united kingdom,30,pharmaceutical products,3004,"medicaments of mixed or unmixed products, for retail sale",3004600000,"- other, containing antimalarial active principles described in subheading note 2 to this chapter",2662.28,349.747766684183
2022,july,import,united kingdom,30,pharmaceutical products,3004,"medicaments of mixed or unmixed products, for retail sale",3004909000,"medicaments, consisting of mixed or unmixed products for the therapeutic or prophylactic uses, put up in measured dosesor in the forms of packings for retail sale: other: other",1715020.16,232334.348250422
2022,july,import,united kingdom,30,pharmaceutical products,3005,"wadding, gauze, etc with pharmaceutical substances or for retail sale",3005100000,adhesive dressings for medical... purposes,508.5,67.1116580837274
2022,july,import,united kingdom,30,pharmaceutical products,3005,"wadding, gauze, etc with pharmaceutical substances or for retail sale",3005900000,"wadding, gauze, etc with pharmaceutical substances for retail sale, nes",3233.86,428.879516552811
2022,july,import,united kingdom,30,pharmaceutical products,3006,pharmaceutical goods specified in note 3 to this chapter,3006500000,first-aid boxes and kits,22309.02,2986.01949187568
2022,july,import,united states of america,30,pharmaceutical products,3001,"glands, etc, dried; extracts of glands, etc; heparin and its salts; etc",3001900000,"substances of human or animal origin,for prophylactic uses, nes",18465.06,2474.56620756496
2022,july,import,united states of america,30,pharmaceutical products,3002,"human blood; animal blood; antisera, etc; vaccines, toxins, etc",3002110000,"antisera, other blood fractions and immunological products, whether or not modified or obtained by means of biotechnological processes :-  malaria diagnostic kits",15286.72,2113.03061718156
2022,july,import,united states of america,30,pharmaceutical products,3002,"human blood; animal blood; antisera, etc; vaccines, toxins, etc",3002120000,"antisera, other blood fractions and immunological products, whether or not modified or obtained by means of biotechnological processes-antisera and other blood fractions",35895.99,4961.77897574124
2022,july,import,united states of america,30,pharmaceutical products,3002,"human blood; animal blood; antisera, etc; vaccines, toxins, etc",3002150000,"antisera, other blood fractions and immunological products, whether or not modified or obtained by means of biotechnological processes -immunological products, put up in measured doses or in forms or packings for retail sale",67876.01,9182.29305494515
2022,july,import,united states of america,30,pharmaceutical products,3002,"human blood; animal blood; antisera, etc; vaccines, toxins, etc",3002200000,vaccines for human medicine,577499.37,78835.3843026974
2022,july,import,united states of america,30,pharmaceutical products,3002,"human blood; animal blood; antisera, etc; vaccines, toxins, etc",3002901000,ferments,17724.22,2449.95784090124
2022,july,import,united states of america,30,pharmaceutical products,3002,"human blood; animal blood; antisera, etc; vaccines, toxins, etc",3002909000,other (vaccines for veterinary medicine),4729.15,628.041168658698
2022,july,import,united states of america,30,pharmaceutical products,3003,"medicaments with >=2 constituents mixed together, not for retail sale",3003430000,"medicaments (exc 30.02, 30.05 or 30.06) consisting of two or more constituents for therapeutic or prophylactic uses, not in measured doses or forms or packings, other containing alkaloids or derivatives thereof, containing norephedrine or its salts",3516.94,470.525118737039
2022,july,import,united states of america,30,pharmaceutical products,3004,"medicaments of mixed or unmixed products, for retail sale",3004909000,"medicaments, consisting of mixed or unmixed products for the therapeutic or prophylactic uses, put up in measured dosesor in the forms of packings for retail sale: other: other",890243.11,120669.335683788
2022,july,import,united states of america,30,pharmaceutical products,3005,"wadding, gauze, etc with pharmaceutical substances or for retail sale",3005100000,adhesive dressings for medical... purposes,5655.41,764.312564676311
2022,july,import,united states of america,30,pharmaceutical products,3005,"wadding, gauze, etc with pharmaceutical substances or for retail sale",3005900000,"wadding, gauze, etc with pharmaceutical substances for retail sale, nes",33005.49,4444.45417107498
2022,july,import,united states of america,30,pharmaceutical products,3006,pharmaceutical goods specified in note 3 to this chapter,3006100000,materials for surgical sutures; laminaria absorbable haemostatics,7474.35,999.680734808039
2022,july,import,united states of america,30,pharmaceutical products,3006,pharmaceutical goods specified in note 3 to this chapter,3006300000,opacifying preparations for x-ray examinations; diagnostic reagents...,1019.4,140.908148455318
2022,july,import,united states of america,30,pharmaceutical products,3006,pharmaceutical goods specified in note 3 to this chapter,3006700000,gel preparations designed to be used in human or vet medicine [?],8755.15,1187.93251011931
2022,august,import,australia,30,pharmaceutical products,3004,"medicaments of mixed or unmixed products, for retail sale",3004909000,"medicaments, consisting of mixed or unmixed products for the therapeutic or prophylactic uses, put up in measured dosesor in the forms of packings for retail sale: other: other",980.33,119.187608661293
2022,august,import,australia,30,pharmaceutical products,3006,pharmaceutical goods specified in note 3 to this chapter,3006500000,first-aid boxes and kits,10004.66,1217.00919770409
2022,august,import,bangladesh,30,pharmaceutical products,3004,"medicaments of mixed or unmixed products, for retail sale",3004909000,"medicaments, consisting of mixed or unmixed products for the therapeutic or prophylactic uses, put up in measured dosesor in the forms of packings for retail sale: other: other",8776.52,1097.05128685891
2022,august,import,belgium,30,pharmaceutical products,3002,"human blood; animal blood; antisera, etc; vaccines, toxins, etc",3002110000,"antisera, other blood fractions and immunological products, whether or not modified or obtained by means of biotechnological processes :-  malaria diagnostic kits",338885.9,41842.4145892754
2022,august,import,belgium,30,pharmaceutical products,3002,"human blood; animal blood; antisera, etc; vaccines, toxins, etc",3002150000,"antisera, other blood fractions and immunological products, whether or not modified or obtained by means of biotechnological processes -immunological products, put up in measured doses or in forms or packings for retail sale",52740.85,6588.40614108506
2022,august,import,belgium,30,pharmaceutical products,3002,"human blood; animal blood; antisera, etc; vaccines, toxins, etc",3002300000,vaccines for veterinary medicine,132044.27,16279.3756955391
2022,august,import,belgium,30,pharmaceutical products,3003,"medicaments with >=2 constituents mixed together, not for retail sale",3003900000,"other medicaments with >=2 constituents, not for retail sale, nes",57207.6,7483.9874411303
2022,august,import,belgium,30,pharmaceutical products,3004,"medicaments of mixed or unmixed products, for retail sale",3004200000,"medicaments of other antibiotics, for retail sale",56791.58,7081.15609531053
2022,august,import,belgium,30,pharmaceutical products,3004,"medicaments of mixed or unmixed products, for retail sale",3004320000,"medicaments of adrenal cortex hormones, for retail sale",203999.31,25935.9480342173
2022,august,import,belgium,30,pharmaceutical products,3004,"medicaments of mixed or unmixed products, for retail sale",3004390000,"medicaments of other hormones, for retail sale, nes",194494.91,25126.6610129253
2022,august,import,belgium,30,pharmaceutical products,3004,"medicaments of mixed or unmixed products, for retail sale",3004909000,"medicaments, consisting of mixed or unmixed products for the therapeutic or prophylactic uses, put up in measured dosesor in the forms of packings for retail sale: other: other",2091552.64,263260.684634646
2022,august,import,bulgaria,30,pharmaceutical products,3004,"medicaments of mixed or unmixed products, for retail sale",3004909000,"medicaments, consisting of mixed or unmixed products for the therapeutic or prophylactic uses, put up in measured dosesor in the forms of packings for retail sale: other: other",14296.59,1869.56845821891
2022,august,import,canada,30,pharmaceutical products,3003,"medicaments with >=2 constituents mixed together, not for retail sale",3003900000,"other medicaments with >=2 constituents, not for retail sale, nes",120.89,15.0041578235345
2022,august,import,canada,30,pharmaceutical products,3004,"medicaments of mixed or unmixed products, for retail sale",3004909000,"medicaments, consisting of mixed or unmixed products for the therapeutic or prophylactic uses, put up in measured dosesor in the forms of packings for retail sale: other: other",6841.6,841.615343466277
2022,august,import,canada,30,pharmaceutical products,3005,"wadding, gauze, etc with pharmaceutical substances or for retail sale",3005100000,adhesive dressings for medical... purposes,6422.3,797.098211515309
2022,august,import,canada,30,pharmaceutical products,3005,"wadding, gauze, etc with pharmaceutical substances or for retail sale",3005900000,"wadding, gauze, etc with pharmaceutical substances for retail sale, nes",65856.42,8173.71262613099
2022,august,import,canada,30,pharmaceutical products,3006,pharmaceutical goods specified in note 3 to this chapter,3006500000,first-aid boxes and kits,15054.36,1868.45887478125
2022,august,import,china,30,pharmaceutical products,3002,"human blood; animal blood; antisera, etc; vaccines, toxins, etc",3002200000,vaccines for human medicine,19222.95,2513.7897214594
2022,august,import,china,30,pharmaceutical products,3003,"medicaments with >=2 constituents mixed together, not for retail sale",3003390000,"medicaments of other hormones, not for retail sale, nes",53.38,6.65577735938455
2022,august,import,china,30,pharmaceutical products,3004,"medicaments of mixed or unmixed products, for retail sale",3004100000,medicaments of penicillins... or streptomycins for retail sale,1686133.73,213196.936490976
2022,august,import,china,30,pharmaceutical products,3004,"medicaments of mixed or unmixed products, for retail sale",3004200000,"medicaments of other antibiotics, for retail sale",335165.44,41312.5762771812
2022,august,import,china,30,pharmaceutical products,3004,"medicaments of mixed or unmixed products, for retail sale",3004310000,"medicaments of insulin, for retail sale",79915.71,9716.07761607762
2022,august,import,china,30,pharmaceutical products,3004,"medicaments of mixed or unmixed products, for retail sale",3004390000,"medicaments of other hormones, for retail sale, nes",1845.9,224.221075007592
2022,august,import,china,30,pharmaceutical products,3004,"medicaments of mixed or unmixed products, for retail sale",3004490000,"other, containing alkaloids or derivatives thereof :--  other",795851.56,99416.5946814992
2022,august,import,china,30,pharmaceutical products,3004,"medicaments of mixed or unmixed products, for retail sale",3004600000,"- other, containing antimalarial active principles described in subheading note 2 to this chapter",5756.08,699.818847187268
2022,august,import,china,30,pharmaceutical products,3004,"medicaments of mixed or unmixed products, for retail sale",3004902000,oral rehydration salt (ors),54.98,6.85527611875164
2022,august,import,china,30,pharmaceutical products,3004,"medicaments of mixed or unmixed products, for retail sale",3004909000,"medicaments, consisting of mixed or unmixed products for the therapeutic or prophylactic uses, put up in measured dosesor in the forms of packings for retail sale: other: other",12567941.95,1549937.12715719
2022,august,import,china,30,pharmaceutical products,3005,"wadding, gauze, etc with pharmaceutical substances or for retail sale",3005100000,adhesive dressings for medical... purposes,203374.94,25549.1068350906
2022,august,import,china,30,pharmaceutical products,3005,"wadding, gauze, etc with pharmaceutical substances or for retail sale",3005900000,"wadding, gauze, etc with pharmaceutical substances for retail sale, nes",1098944.42,134045.35451257
2022,august,import,china,30,pharmaceutical products,3006,pharmaceutical goods specified in note 3 to this chapter,3006100000,materials for surgical sutures; laminaria absorbable haemostatics,40886.2,4991.51843981489
2022,august,import,china,30,pharmaceutical products,3006,pharmaceutical goods specified in note 3 to this chapter,3006500000,first-aid boxes and kits,2821.9,370.619910690833
2022,august,import,czech republic,30,pharmaceutical products,3002,"human blood; animal blood; antisera, etc; vaccines, toxins, etc",3002120000,"antisera, other blood fractions and immunological products, whether or not modified or obtained by means of biotechnological processes-antisera and other blood fractions",155298.15,18875.4968094804
2022,august,import,czech republic,30,pharmaceutical products,3002,"human blood; animal blood; antisera, etc; vaccines, toxins, etc",3002300000,vaccines for veterinary medicine,312616.13,38930.5400929005
2022,august,import,czech republic,30,pharmaceutical products,3004,"medicaments of mixed or unmixed products, for retail sale",3004909000,"medicaments, consisting of mixed or unmixed products for the therapeutic or prophylactic uses, put up in measured dosesor in the forms of packings for retail sale: other: other",42360.89,5275.26307268901
2022,august,import,côte d’ivoire,30,pharmaceutical products,3006,pharmaceutical goods specified in note 3 to this chapter,3006500000,first-aid boxes and kits,257.11,33.6355311355311
2022,august,import,denmark,30,pharmaceutical products,3004,"medicaments of mixed or unmixed products, for retail sale",3004500000,"medicaments of vitamins or other of 29.36 for retail sale - other, nes",612735.88,76400.0299248139
2022,august,import,denmark,30,pharmaceutical products,3004,"medicaments of mixed or unmixed products, for retail sale",3004909000,"medicaments, consisting of mixed or unmixed products for the therapeutic or prophylactic uses, put up in measured dosesor in the forms of packings for retail sale: other: other",1107116.08,134562.878152537
2022,august,import,dominican republic,30,pharmaceutical products,3006,pharmaceutical goods specified in note 3 to this chapter,3006100000,materials for surgical sutures; laminaria absorbable haemostatics,3962.2,481.580066848982
2022,august,import,egypt,30,pharmaceutical products,3004,"medicaments of mixed or unmixed products, for retail sale",3004909000,"medicaments, consisting of mixed or unmixed products for the therapeutic or prophylactic uses, put up in measured dosesor in the forms of packings for retail sale: other: other",66526.72,8191.80631615588
2022,august,import,france,30,pharmaceutical products,3002,"human blood; animal blood; antisera, etc; vaccines, toxins, etc",3002200000,vaccines for human medicine,364917.96,44366.3858190174
2022,august,import,france,30,pharmaceutical products,3002,"human blood; animal blood; antisera, etc; vaccines, toxins, etc",3002300000,vaccines for veterinary medicine,217433.86,27077.3539557415
2022,august,import,france,30,pharmaceutical products,3002,"human blood; animal blood; antisera, etc; vaccines, toxins, etc",3002901000,ferments,1408.48,171.087761919223
2022,august,import,france,30,pharmaceutical products,3004,"medicaments of mixed or unmixed products, for retail sale",3004100000,medicaments of penicillins... or streptomycins for retail sale,697395.55,85105.0906002754
2022,august,import,france,30,pharmaceutical products,3004,"medicaments of mixed or unmixed products, for retail sale",3004200000,"medicaments of other antibiotics, for retail sale",949623.82,116346.357114756
2022,august,import,france,30,pharmaceutical products,3004,"medicaments of mixed or unmixed products, for retail sale",3004310000,"medicaments of insulin, for retail sale",119699.99,14553.1902735562
2022,august,import,france,30,pharmaceutical products,3004,"medicaments of mixed or unmixed products, for retail sale",3004320000,"medicaments of adrenal cortex hormones, for retail sale",138218.04,16789.315517765
2022,august,import,france,30,pharmaceutical products,3004,"medicaments of mixed or unmixed products, for retail sale",3004390000,"medicaments of other hormones, for retail sale, nes",340547.64,42461.769803369
2022,august,import,france,30,pharmaceutical products,3004,"medicaments of mixed or unmixed products, for retail sale",3004500000,"medicaments of vitamins or other of 29.36 for retail sale - other, nes",215042.24,26779.5220482933
2022,august,import,france,30,pharmaceutical products,3004,"medicaments of mixed or unmixed products, for retail sale",3004600000,"- other, containing antimalarial active principles described in subheading note 2 to this chapter",416043.84,51369.1447197837
2022,august,import,france,30,pharmaceutical products,3004,"medicaments of mixed or unmixed products, for retail sale",3004909000,"medicaments, consisting of mixed or unmixed products for the therapeutic or prophylactic uses, put up in measured dosesor in the forms of packings for retail sale: other: other",11801309.89,1470206.5246471
2022,august,import,germany,30,pharmaceutical products,3002,"human blood; animal blood; antisera, etc; vaccines, toxins, etc",3002150000,"antisera, other blood fractions and immunological products, whether or not modified or obtained by means of biotechnological processes -immunological products, put up in measured doses or in forms or packings for retail sale",5664.77,701.130611308925
2022,august,import,germany,30,pharmaceutical products,3002,"human blood; animal blood; antisera, etc; vaccines, toxins, etc",3002901000,ferments,3122.73,379.663221884499
2022,august,import,germany,30,pharmaceutical products,3004,"medicaments of mixed or unmixed products, for retail sale",3004200000,"medicaments of other antibiotics, for retail sale",30179.41,3922.47503137489
2022,august,import,germany,30,pharmaceutical products,3004,"medicaments of mixed or unmixed products, for retail sale",3004320000,"medicaments of adrenal cortex hormones, for retail sale",588.55,73.56783040212
2022,august,import,germany,30,pharmaceutical products,3004,"medicaments of mixed or unmixed products, for retail sale",3004390000,"medicaments of other hormones, for retail sale, nes",432285.15,53625.2529050397
2022,august,import,germany,30,pharmaceutical products,3004,"medicaments of mixed or unmixed products, for retail sale",3004490000,"other, containing alkaloids or derivatives thereof :--  other",47.73,5.82421202913936
2022,august,import,germany,30,pharmaceutical products,3004,"medicaments of mixed or unmixed products, for retail sale",3004909000,"medicaments, consisting of mixed or unmixed products for the therapeutic or prophylactic uses, put up in measured dosesor in the forms of packings for retail sale: other: other",4559772.45,567597.686332337
2022,august,import,greece,30,pharmaceutical products,3003,"medicaments with >=2 constituents mixed together, not for retail sale",3003200000,"medicaments of other antibiotics, not for retail sale",359038.01,44440.3473159139
2022,august,import,greece,30,pharmaceutical products,3004,"medicaments of mixed or unmixed products, for retail sale",3004909000,"medicaments, consisting of mixed or unmixed products for the therapeutic or prophylactic uses, put up in measured dosesor in the forms of packings for retail sale: other: other",311697.97,37889.4997872728
2022,august,import,india,30,pharmaceutical products,3001,"glands, etc, dried; extracts of glands, etc; heparin and its salts; etc",3001200000,extracts of glands or other organs or of their secretions,57628.64,7143.66253052522
2022,august,import,india,30,pharmaceutical products,3002,"human blood; animal blood; antisera, etc; vaccines, toxins, etc",3002200000,vaccines for human medicine,41456.47,5192.40696771778
2022,august,import,india,30,pharmaceutical products,3003,"medicaments with >=2 constituents mixed together, not for retail sale",3003200000,"medicaments of other antibiotics, not for retail sale",55932.44,6933.40109828811
2022,august,import,india,30,pharmaceutical products,3003,"medicaments with >=2 constituents mixed together, not for retail sale",3003900000,"other medicaments with >=2 constituents, not for retail sale, nes",207608.89,25713.1522677053
2022,august,import,india,30,pharmaceutical products,3004,"medicaments of mixed or unmixed products, for retail sale",3004100000,medicaments of penicillins... or streptomycins for retail sale,622828.59,79188.5381856253
2022,august,import,india,30,pharmaceutical products,3004,"medicaments of mixed or unmixed products, for retail sale",3004200000,"medicaments of other antibiotics, for retail sale",1983336.49,247318.717637697
2022,august,import,india,30,pharmaceutical products,3004,"medicaments of mixed or unmixed products, for retail sale",3004320000,"medicaments of adrenal cortex hormones, for retail sale",550855.3,67597.0720693083
2022,august,import,india,30,pharmaceutical products,3004,"medicaments of mixed or unmixed products, for retail sale",3004390000,"medicaments of other hormones, for retail sale, nes",304660.95,37180.5262322891
2022,august,import,india,30,pharmaceutical products,3004,"medicaments of mixed or unmixed products, for retail sale",3004500000,"medicaments of vitamins or other of 29.36 for retail sale - other, nes",3948561.01,489553.8698255
2022,august,import,india,30,pharmaceutical products,3004,"medicaments of mixed or unmixed products, for retail sale",3004600000,"- other, containing antimalarial active principles described in subheading note 2 to this chapter",6356194.96,784897.755470531
2022,august,import,india,30,pharmaceutical products,3004,"medicaments of mixed or unmixed products, for retail sale",3004902000,oral rehydration salt (ors),324841.94,40108.399698732
2022,august,import,india,30,pharmaceutical products,3004,"medicaments of mixed or unmixed products, for retail sale",3004909000,"medicaments, consisting of mixed or unmixed products for the therapeutic or prophylactic uses, put up in measured dosesor in the forms of packings for retail sale: other: other",72625698.81,8961942.1174109
2022,august,import,india,30,pharmaceutical products,3005,"wadding, gauze, etc with pharmaceutical substances or for retail sale",3005900000,"wadding, gauze, etc with pharmaceutical substances for retail sale, nes",293196.78,35643.2938882559
2022,august,import,india,30,pharmaceutical products,3006,pharmaceutical goods specified in note 3 to this chapter,3006400000,dental cements and other dental fillings; bone reconstruction cements,36344.6,4607.87963428083
2022,august,import,india,30,pharmaceutical products,3006,pharmaceutical goods specified in note 3 to this chapter,3006600000,chemical contraceptive preparations based on hormones or spermicides,305499.21,37131.4749316317
2022,august,import,indonesia,30,pharmaceutical products,3002,"human blood; animal blood; antisera, etc; vaccines, toxins, etc",3002200000,vaccines for human medicine,1216275.16,147873.601536759
2022,august,import,ireland,30,pharmaceutical products,3004,"medicaments of mixed or unmixed products, for retail sale",3004909000,"medicaments, consisting of mixed or unmixed products for the therapeutic or prophylactic uses, put up in measured dosesor in the forms of packings for retail sale: other: other",445940.34,54705.9063477194
2022,august,import,israel,30,pharmaceutical products,3004,"medicaments of mixed or unmixed products, for retail sale",3004909000,"medicaments, consisting of mixed or unmixed products for the therapeutic or prophylactic uses, put up in measured dosesor in the forms of packings for retail sale: other: other",64644.61,7859.04929791502
2022,august,import,italy,30,pharmaceutical products,3002,"human blood; animal blood; antisera, etc; vaccines, toxins, etc",3002150000,"antisera, other blood fractions and immunological products, whether or not modified or obtained by means of biotechnological processes -immunological products, put up in measured doses or in forms or packings for retail sale",1726.92,210.72592158729
2022,august,import,italy,30,pharmaceutical products,3004,"medicaments of mixed or unmixed products, for retail sale",3004100000,medicaments of penicillins... or streptomycins for retail sale,231044.32,28085.3728803258
2022,august,import,italy,30,pharmaceutical products,3004,"medicaments of mixed or unmixed products, for retail sale",3004200000,"medicaments of other antibiotics, for retail sale",86868.67,10752.2706737137
2022,august,import,italy,30,pharmaceutical products,3004,"medicaments of mixed or unmixed products, for retail sale",3004909000,"medicaments, consisting of mixed or unmixed products for the therapeutic or prophylactic uses, put up in measured dosesor in the forms of packings for retail sale: other: other",1306419.74,164013.082137078
2022,august,import,italy,30,pharmaceutical products,3006,pharmaceutical goods specified in note 3 to this chapter,3006300000,opacifying preparations for x-ray examinations; diagnostic reagents...,77050.33,10075.8898914607
2022,august,import,japan,30,pharmaceutical products,3002,"human blood; animal blood; antisera, etc; vaccines, toxins, etc",3002150000,"antisera, other blood fractions and immunological products, whether or not modified or obtained by means of biotechnological processes -immunological products, put up in measured doses or in forms or packings for retail sale",8864.45,1103.90281565609
2022,august,import,japan,30,pharmaceutical products,3002,"human blood; animal blood; antisera, etc; vaccines, toxins, etc",3002200000,vaccines for human medicine,156921.48,19078.3674362622
2022,august,import,lebanon,30,pharmaceutical products,3005,"wadding, gauze, etc with pharmaceutical substances or for retail sale",3005100000,adhesive dressings for medical... purposes,2084.71,253.460182370821
2022,august,import,lebanon,30,pharmaceutical products,3005,"wadding, gauze, etc with pharmaceutical substances or for retail sale",3005900000,"wadding, gauze, etc with pharmaceutical substances for retail sale, nes",4254.37,517.248632218845
2022,august,import,malaysia,30,pharmaceutical products,3004,"medicaments of mixed or unmixed products, for retail sale",3004909000,"medicaments, consisting of mixed or unmixed products for the therapeutic or prophylactic uses, put up in measured dosesor in the forms of packings for retail sale: other: other",314231.66,38343.8469329233
2022,august,import,mali,30,pharmaceutical products,3002,"human blood; animal blood; antisera, etc; vaccines, toxins, etc",3002300000,vaccines for veterinary medicine,3576.01,443.283212058856
2022,august,import,malta,30,pharmaceutical products,3004,"medicaments of mixed or unmixed products, for retail sale",3004909000,"medicaments, consisting of mixed or unmixed products for the therapeutic or prophylactic uses, put up in measured dosesor in the forms of packings for retail sale: other: other",352.65,46.1161239701844
2022,august,import,mexico,30,pharmaceutical products,3004,"medicaments of mixed or unmixed products, for retail sale",3004909000,"medicaments, consisting of mixed or unmixed products for the therapeutic or prophylactic uses, put up in measured dosesor in the forms of packings for retail sale: other: other",15029.94,1966.24018838305
2022,august,import,morocco,30,pharmaceutical products,3004,"medicaments of mixed or unmixed products, for retail sale",3004909000,"medicaments, consisting of mixed or unmixed products for the therapeutic or prophylactic uses, put up in measured dosesor in the forms of packings for retail sale: other: other",6946.7,859.835872807615
2022,august,import,netherlands,30,pharmaceutical products,3002,"human blood; animal blood; antisera, etc; vaccines, toxins, etc",3002120000,"antisera, other blood fractions and immunological products, whether or not modified or obtained by means of biotechnological processes-antisera and other blood fractions",42784.03,5326.63064453879
2022,august,import,netherlands,30,pharmaceutical products,3004,"medicaments of mixed or unmixed products, for retail sale",3004200000,"medicaments of other antibiotics, for retail sale",99564.14,12105.0626139818
2022,august,import,netherlands,30,pharmaceutical products,3004,"medicaments of mixed or unmixed products, for retail sale",3004909000,"medicaments, consisting of mixed or unmixed products for the therapeutic or prophylactic uses, put up in measured dosesor in the forms of packings for retail sale: other: other",911941.96,112113.161239729
2022,august,import,netherlands,30,pharmaceutical products,3005,"wadding, gauze, etc with pharmaceutical substances or for retail sale",3005900000,"wadding, gauze, etc with pharmaceutical substances for retail sale, nes",832.01,109.273706330444
2022,august,import,netherlands,30,pharmaceutical products,3006,pharmaceutical goods specified in note 3 to this chapter,3006500000,first-aid boxes and kits,2678.68,337.118602152633
2022,august,import,nigeria,30,pharmaceutical products,3002,"human blood; animal blood; antisera, etc; vaccines, toxins, etc",3002300000,vaccines for veterinary medicine,10291.11,1286.37267034162
2022,august,import,nigeria,30,pharmaceutical products,3003,"medicaments with >=2 constituents mixed together, not for retail sale",3003900000,"other medicaments with >=2 constituents, not for retail sale, nes",1390366.19,173144.318252575
2022,august,import,pakistan,30,pharmaceutical products,3004,"medicaments of mixed or unmixed products, for retail sale",3004909000,"medicaments, consisting of mixed or unmixed products for the therapeutic or prophylactic uses, put up in measured dosesor in the forms of packings for retail sale: other: other",1779657.93,219613.647852303
2022,august,import,puerto rico,30,pharmaceutical products,3004,"medicaments of mixed or unmixed products, for retail sale",3004909000,"medicaments, consisting of mixed or unmixed products for the therapeutic or prophylactic uses, put up in measured dosesor in the forms of packings for retail sale: other: other",94988.66,11843.824889964
2022,august,import,republic of korea,30,pharmaceutical products,3004,"medicaments of mixed or unmixed products, for retail sale",3004909000,"medicaments, consisting of mixed or unmixed products for the therapeutic or prophylactic uses, put up in measured dosesor in the forms of packings for retail sale: other: other",16517.22,2159.96076892899
2022,august,import,russian federation,30,pharmaceutical products,3004,"medicaments of mixed or unmixed products, for retail sale",3004100000,medicaments of penicillins... or streptomycins for retail sale,54514.35,6625.87055606199
2022,august,import,senegal,30,pharmaceutical products,3002,"human blood; animal blood; antisera, etc; vaccines, toxins, etc",3002190000,"antisera, other blood fractions and immunological products, whether or not modified or obtained by means of biotechnological processes --  other",1911.74,232.359769067153
2022,august,import,senegal,30,pharmaceutical products,3006,pharmaceutical goods specified in note 3 to this chapter,3006500000,first-aid boxes and kits,504.71,62.4710673218552
2022,august,import,singapore,30,pharmaceutical products,3002,"human blood; animal blood; antisera, etc; vaccines, toxins, etc",3002200000,vaccines for human medicine,15359.62,1906.3459557409
2022,august,import,singapore,30,pharmaceutical products,3004,"medicaments of mixed or unmixed products, for retail sale",3004909000,"medicaments, consisting of mixed or unmixed products for the therapeutic or prophylactic uses, put up in measured dosesor in the forms of packings for retail sale: other: other",28534.93,3555.53886627618
2022,august,import,slovenia,30,pharmaceutical products,3004,"medicaments of mixed or unmixed products, for retail sale",3004100000,medicaments of penicillins... or streptomycins for retail sale,2034897.44,250161.388189097
2022,august,import,slovenia,30,pharmaceutical products,3004,"medicaments of mixed or unmixed products, for retail sale",3004200000,"medicaments of other antibiotics, for retail sale",2061943.51,250937.72771859
2022,august,import,slovenia,30,pharmaceutical products,3004,"medicaments of mixed or unmixed products, for retail sale",3004600000,"- other, containing antimalarial active principles described in subheading note 2 to this chapter",74569.3,9063.42145244607
2022,august,import,slovenia,30,pharmaceutical products,3004,"medicaments of mixed or unmixed products, for retail sale",3004909000,"medicaments, consisting of mixed or unmixed products for the therapeutic or prophylactic uses, put up in measured dosesor in the forms of packings for retail sale: other: other",2448494.73,305931.347001771
2022,august,import,south africa,30,pharmaceutical products,3002,"human blood; animal blood; antisera, etc; vaccines, toxins, etc",3002110000,"antisera, other blood fractions and immunological products, whether or not modified or obtained by means of biotechnological processes :-  malaria diagnostic kits",8108.47,1013.54608067399
2022,august,import,south africa,30,pharmaceutical products,3002,"human blood; animal blood; antisera, etc; vaccines, toxins, etc",3002150000,"antisera, other blood fractions and immunological products, whether or not modified or obtained by means of biotechnological processes -immunological products, put up in measured doses or in forms or packings for retail sale",27675.11,3456.98438604011
2022,august,import,south africa,30,pharmaceutical products,3002,"human blood; animal blood; antisera, etc; vaccines, toxins, etc",3002300000,vaccines for veterinary medicine,12701.13,1544.19155998103
2022,august,import,south africa,30,pharmaceutical products,3003,"medicaments with >=2 constituents mixed together, not for retail sale",3003900000,"other medicaments with >=2 constituents, not for retail sale, nes",703835.7,92076.8838304552
2022,august,import,south africa,30,pharmaceutical products,3004,"medicaments of mixed or unmixed products, for retail sale",3004490000,"other, containing alkaloids or derivatives thereof :--  other",188.87,23.6084548943138
2022,august,import,south africa,30,pharmaceutical products,3004,"medicaments of mixed or unmixed products, for retail sale",3004909000,"medicaments, consisting of mixed or unmixed products for the therapeutic or prophylactic uses, put up in measured dosesor in the forms of packings for retail sale: other: other",1673945.65,210551.390173047
2022,august,import,south africa,30,pharmaceutical products,3005,"wadding, gauze, etc with pharmaceutical substances or for retail sale",3005100000,adhesive dressings for medical... purposes,505.85,63.0332382636337
2022,august,import,south africa,30,pharmaceutical products,3005,"wadding, gauze, etc with pharmaceutical substances or for retail sale",3005900000,"wadding, gauze, etc with pharmaceutical substances for retail sale, nes",298638.12,36306.3789435293
2022,august,import,south africa,30,pharmaceutical products,3006,pharmaceutical goods specified in note 3 to this chapter,3006500000,first-aid boxes and kits,8120.04,987.226903016377
2022,august,import,spain,30,pharmaceutical products,3004,"medicaments of mixed or unmixed products, for retail sale",3004909000,"medicaments, consisting of mixed or unmixed products for the therapeutic or prophylactic uses, put up in measured dosesor in the forms of packings for retail sale: other: other",1810622.06,230483.957299075
2022,august,import,spain,30,pharmaceutical products,3005,"wadding, gauze, etc with pharmaceutical substances or for retail sale",3005100000,adhesive dressings for medical... purposes,52587.84,6557.0055236219
2022,august,import,spain,30,pharmaceutical products,3006,pharmaceutical goods specified in note 3 to this chapter,3006500000,first-aid boxes and kits,332.58,40.4229717411121
2022,august,import,sweden,30,pharmaceutical products,3004,"medicaments of mixed or unmixed products, for retail sale",3004909000,"medicaments, consisting of mixed or unmixed products for the therapeutic or prophylactic uses, put up in measured dosesor in the forms of packings for retail sale: other: other",4397294.41,546585.469810351
2022,august,import,switzerland,30,pharmaceutical products,3002,"human blood; animal blood; antisera, etc; vaccines, toxins, etc",3002150000,"antisera, other blood fractions and immunological products, whether or not modified or obtained by means of biotechnological processes -immunological products, put up in measured doses or in forms or packings for retail sale",3070551.49,379879.829343597
2022,august,import,switzerland,30,pharmaceutical products,3002,"human blood; animal blood; antisera, etc; vaccines, toxins, etc",3002909000,other (vaccines for veterinary medicine),289912.41,35795.6328480942
2022,august,import,switzerland,30,pharmaceutical products,3004,"medicaments of mixed or unmixed products, for retail sale",3004200000,"medicaments of other antibiotics, for retail sale",2396416.84,292420.695293529
2022,august,import,switzerland,30,pharmaceutical products,3004,"medicaments of mixed or unmixed products, for retail sale",3004909000,"medicaments, consisting of mixed or unmixed products for the therapeutic or prophylactic uses, put up in measured dosesor in the forms of packings for retail sale: other: other",267558.98,32527.9897878548
2022,august,import,syrian arab republic,30,pharmaceutical products,3004,"medicaments of mixed or unmixed products, for retail sale",3004909000,"medicaments, consisting of mixed or unmixed products for the therapeutic or prophylactic uses, put up in measured dosesor in the forms of packings for retail sale: other: other",197029.41,24423.8214476082
2022,august,import,togo,30,pharmaceutical products,3003,"medicaments with >=2 constituents mixed together, not for retail sale",3003390000,"medicaments of other hormones, not for retail sale, nes",879.57,109.167070037607
2022,august,import,togo,30,pharmaceutical products,3003,"medicaments with >=2 constituents mixed together, not for retail sale",3003900000,"other medicaments with >=2 constituents, not for retail sale, nes",1820.92,229.664256518093
2022,august,import,togo,30,pharmaceutical products,3004,"medicaments of mixed or unmixed products, for retail sale",3004390000,"medicaments of other hormones, for retail sale, nes",8624.67,1068.55603022434
2022,august,import,togo,30,pharmaceutical products,3006,pharmaceutical goods specified in note 3 to this chapter,3006500000,first-aid boxes and kits,228.37,27.740054661403
2022,august,import,türkiye,30,pharmaceutical products,3004,"medicaments of mixed or unmixed products, for retail sale",3004200000,"medicaments of other antibiotics, for retail sale",4411.68,551.453106836165
2022,august,import,türkiye,30,pharmaceutical products,3004,"medicaments of mixed or unmixed products, for retail sale",3004600000,"- other, containing antimalarial active principles described in subheading note 2 to this chapter",177461.16,21575.5626071416
2022,august,import,türkiye,30,pharmaceutical products,3004,"medicaments of mixed or unmixed products, for retail sale",3004909000,"medicaments, consisting of mixed or unmixed products for the therapeutic or prophylactic uses, put up in measured dosesor in the forms of packings for retail sale: other: other",249953.13,31659.629545377
2022,august,import,türkiye,30,pharmaceutical products,3005,"wadding, gauze, etc with pharmaceutical substances or for retail sale",3005100000,adhesive dressings for medical... purposes,8088.26,1001.13378965479
2022,august,import,türkiye,30,pharmaceutical products,3006,pharmaceutical goods specified in note 3 to this chapter,3006100000,materials for surgical sutures; laminaria absorbable haemostatics,14551.52,1902.90571465934
2022,august,import,türkiye,30,pharmaceutical products,3006,pharmaceutical goods specified in note 3 to this chapter,3006300000,opacifying preparations for x-ray examinations; diagnostic reagents...,6924.84,841.772321157236
2022,august,import,united arab emirates,30,pharmaceutical products,3004,"medicaments of mixed or unmixed products, for retail sale",3004909000,"medicaments, consisting of mixed or unmixed products for the therapeutic or prophylactic uses, put up in measured dosesor in the forms of packings for retail sale: other: other",45716.84,5966.5791595193
2022,august,import,united kingdom,30,pharmaceutical products,3002,"human blood; animal blood; antisera, etc; vaccines, toxins, etc",3002110000,"antisera, other blood fractions and immunological products, whether or not modified or obtained by means of biotechnological processes :-  malaria diagnostic kits",15342.91,1873.43281213376
2022,august,import,united kingdom,30,pharmaceutical products,3002,"human blood; animal blood; antisera, etc; vaccines, toxins, etc",3002909000,other (vaccines for veterinary medicine),30171.87,3947.69451289994
2022,august,import,united kingdom,30,pharmaceutical products,3003,"medicaments with >=2 constituents mixed together, not for retail sale",3003390000,"medicaments of other hormones, not for retail sale, nes",6849.2,896.023024594453
2022,august,import,united kingdom,30,pharmaceutical products,3003,"medicaments with >=2 constituents mixed together, not for retail sale",3003900000,"other medicaments with >=2 constituents, not for retail sale, nes",7878.47,969.483760654094
2022,august,import,united kingdom,30,pharmaceutical products,3004,"medicaments of mixed or unmixed products, for retail sale",3004390000,"medicaments of other hormones, for retail sale, nes",570495.65,69846.3718998301
2022,august,import,united kingdom,30,pharmaceutical products,3004,"medicaments of mixed or unmixed products, for retail sale",3004909000,"medicaments, consisting of mixed or unmixed products for the therapeutic or prophylactic uses, put up in measured dosesor in the forms of packings for retail sale: other: other",1930477.65,237155.979525069
2022,august,import,united kingdom,30,pharmaceutical products,3005,"wadding, gauze, etc with pharmaceutical substances or for retail sale",3005100000,adhesive dressings for medical... purposes,19212.22,2401.45916009681
2022,august,import,united kingdom,30,pharmaceutical products,3005,"wadding, gauze, etc with pharmaceutical substances or for retail sale",3005900000,"wadding, gauze, etc with pharmaceutical substances for retail sale, nes",724.23,87.97206194959
2022,august,import,united kingdom,30,pharmaceutical products,3006,pharmaceutical goods specified in note 3 to this chapter,3006500000,first-aid boxes and kits,7137.5,871.158953327006
2022,august,import,united kingdom,30,pharmaceutical products,3006,pharmaceutical goods specified in note 3 to this chapter,3006700000,gel preparations designed to be used in human or vet medicine [?],29774.78,3652.5970212183
2022,august,import,united states of america,30,pharmaceutical products,3001,"glands, etc, dried; extracts of glands, etc; heparin and its salts; etc",3001900000,"substances of human or animal origin,for prophylactic uses, nes",13207.54,1712.19013485466
2022,august,import,united states of america,30,pharmaceutical products,3002,"human blood; animal blood; antisera, etc; vaccines, toxins, etc",3002120000,"antisera, other blood fractions and immunological products, whether or not modified or obtained by means of biotechnological processes-antisera and other blood fractions",17579.8,2240.16586599202
2022,august,import,united states of america,30,pharmaceutical products,3002,"human blood; animal blood; antisera, etc; vaccines, toxins, etc",3002140000,"antisera, other blood fractions and immunological products, whether or not modified or obtained by means of biotechnological processes -immunological products, mixed, not put up in measured doses or in forms or packings for retail sale",10596.27,1287.12663225023
2022,august,import,united states of america,30,pharmaceutical products,3002,"human blood; animal blood; antisera, etc; vaccines, toxins, etc",3002150000,"antisera, other blood fractions and immunological products, whether or not modified or obtained by means of biotechnological processes -immunological products, put up in measured doses or in forms or packings for retail sale",37514.27,4620.33433021419
2022,august,import,united states of america,30,pharmaceutical products,3002,"human blood; animal blood; antisera, etc; vaccines, toxins, etc",3002190000,"antisera, other blood fractions and immunological products, whether or not modified or obtained by means of biotechnological processes --  other",8761.1,1065.11458270014
2022,august,import,united states of america,30,pharmaceutical products,3002,"human blood; animal blood; antisera, etc; vaccines, toxins, etc",3002200000,vaccines for human medicine,22854.52,2856.77929025887
2022,august,import,united states of america,30,pharmaceutical products,3002,"human blood; animal blood; antisera, etc; vaccines, toxins, etc",3002901000,ferments,18831.31,2352.41408602016
2022,august,import,united states of america,30,pharmaceutical products,3004,"medicaments of mixed or unmixed products, for retail sale",3004500000,"medicaments of vitamins or other of 29.36 for retail sale - other, nes",729.37,95.3798875375964
2022,august,import,united states of america,30,pharmaceutical products,3004,"medicaments of mixed or unmixed products, for retail sale",3004909000,"medicaments, consisting of mixed or unmixed products for the therapeutic or prophylactic uses, put up in measured dosesor in the forms of packings for retail sale: other: other",2618864.49,322965.991132912
2022,august,import,united states of america,30,pharmaceutical products,3005,"wadding, gauze, etc with pharmaceutical substances or for retail sale",3005100000,adhesive dressings for medical... purposes,113679.62,13951.3524440648
2022,august,import,united states of america,30,pharmaceutical products,3005,"wadding, gauze, etc with pharmaceutical substances or for retail sale",3005900000,"wadding, gauze, etc with pharmaceutical substances for retail sale, nes",25009.21,3051.88743308998
2022,august,import,united states of america,30,pharmaceutical products,3006,pharmaceutical goods specified in note 3 to this chapter,3006100000,materials for surgical sutures; laminaria absorbable haemostatics,2496.68,303.45548465512
2022,august,import,united states of america,30,pharmaceutical products,3006,pharmaceutical goods specified in note 3 to this chapter,3006500000,first-aid boxes and kits,38083.2,4634.87891658775
2022,august,import,viet nam,30,pharmaceutical products,3004,"medicaments of mixed or unmixed products, for retail sale",3004909000,"medicaments, consisting of mixed or unmixed products for the therapeutic or prophylactic uses, put up in measured dosesor in the forms of packings for retail sale: other: other",15746.28,1914.44133738602
2022,september,import,argentina,30,pharmaceutical products,3004,"medicaments of mixed or unmixed products, for retail sale",3004909000,"medicaments, consisting of mixed or unmixed products for the therapeutic or prophylactic uses, put up in measured dosesor in the forms of packings for retail sale: other: other",2436.21,295.925903431521
2022,september,import,australia,30,pharmaceutical products,3004,"medicaments of mixed or unmixed products, for retail sale",3004909000,"medicaments, consisting of mixed or unmixed products for the therapeutic or prophylactic uses, put up in measured dosesor in the forms of packings for retail sale: other: other",17942.09,2174.74980118377
2022,september,import,austria,30,pharmaceutical products,3004,"medicaments of mixed or unmixed products, for retail sale",3004909000,"medicaments, consisting of mixed or unmixed products for the therapeutic or prophylactic uses, put up in measured dosesor in the forms of packings for retail sale: other: other",636278.46,77204.2055451071
2022,september,import,bangladesh,30,pharmaceutical products,3004,"medicaments of mixed or unmixed products, for retail sale",3004909000,"medicaments, consisting of mixed or unmixed products for the therapeutic or prophylactic uses, put up in measured dosesor in the forms of packings for retail sale: other: other",153630.83,18661.5037959308
2022,september,import,belgium,30,pharmaceutical products,3002,"human blood; animal blood; antisera, etc; vaccines, toxins, etc",3002110000,"antisera, other blood fractions and immunological products, whether or not modified or obtained by means of biotechnological processes :-  malaria diagnostic kits",6418.97,779.143047884931
2022,september,import,belgium,30,pharmaceutical products,3002,"human blood; animal blood; antisera, etc; vaccines, toxins, etc",3002150000,"antisera, other blood fractions and immunological products, whether or not modified or obtained by means of biotechnological processes -immunological products, put up in measured doses or in forms or packings for retail sale",672.23,81.6457156737718
2022,september,import,belgium,30,pharmaceutical products,3002,"human blood; animal blood; antisera, etc; vaccines, toxins, etc",3002300000,vaccines for veterinary medicine,27332.39,2845.70110777944
2022,september,import,belgium,30,pharmaceutical products,3004,"medicaments of mixed or unmixed products, for retail sale",3004200000,"medicaments of other antibiotics, for retail sale",444615.07,50217.1795401347
2022,september,import,belgium,30,pharmaceutical products,3004,"medicaments of mixed or unmixed products, for retail sale",3004390000,"medicaments of other hormones, for retail sale, nes",176534.81,21410.4876169504
2022,september,import,belgium,30,pharmaceutical products,3004,"medicaments of mixed or unmixed products, for retail sale",3004500000,"medicaments of vitamins or other of 29.36 for retail sale - other, nes",822393.89,96446.8756422849
2022,september,import,belgium,30,pharmaceutical products,3004,"medicaments of mixed or unmixed products, for retail sale",3004909000,"medicaments, consisting of mixed or unmixed products for the therapeutic or prophylactic uses, put up in measured dosesor in the forms of packings for retail sale: other: other",2871651.84,339620.101729656
2022,september,import,belgium,30,pharmaceutical products,3006,pharmaceutical goods specified in note 3 to this chapter,3006400000,dental cements and other dental fillings; bone reconstruction cements,3592.37,434.401489775929
2022,september,import,canada,30,pharmaceutical products,3002,"human blood; animal blood; antisera, etc; vaccines, toxins, etc",3002120000,"antisera, other blood fractions and immunological products, whether or not modified or obtained by means of biotechnological processes-antisera and other blood fractions",3735.82,391.537929444316
2022,september,import,canada,30,pharmaceutical products,3004,"medicaments of mixed or unmixed products, for retail sale",3004100000,medicaments of penicillins... or streptomycins for retail sale,10142.07,1125.64594894562
2022,september,import,china,30,pharmaceutical products,3002,"human blood; animal blood; antisera, etc; vaccines, toxins, etc",3002110000,"antisera, other blood fractions and immunological products, whether or not modified or obtained by means of biotechnological processes :-  malaria diagnostic kits",1816.2,219.647586682308
2022,september,import,china,30,pharmaceutical products,3002,"human blood; animal blood; antisera, etc; vaccines, toxins, etc",3002120000,"antisera, other blood fractions and immunological products, whether or not modified or obtained by means of biotechnological processes-antisera and other blood fractions",26992.64,2823.94099492598
2022,september,import,china,30,pharmaceutical products,3003,"medicaments with >=2 constituents mixed together, not for retail sale",3003100000,medicaments ofpenicillins... or streptomycins not for retail sale,51.09,5.35456012744461
2022,september,import,china,30,pharmaceutical products,3004,"medicaments of mixed or unmixed products, for retail sale",3004390000,"medicaments of other hormones, for retail sale, nes",9211.03,963.648061934404
2022,september,import,china,30,pharmaceutical products,3004,"medicaments of mixed or unmixed products, for retail sale",3004909000,"medicaments, consisting of mixed or unmixed products for the therapeutic or prophylactic uses, put up in measured dosesor in the forms of packings for retail sale: other: other",1977704.33,231172.458585357
2022,september,import,china,30,pharmaceutical products,3005,"wadding, gauze, etc with pharmaceutical substances or for retail sale",3005100000,adhesive dressings for medical... purposes,722733.64,78351.8623201655
2022,september,import,china,30,pharmaceutical products,3005,"wadding, gauze, etc with pharmaceutical substances or for retail sale",3005900000,"wadding, gauze, etc with pharmaceutical substances for retail sale, nes",1021514.65,110592.099876687
2022,september,import,china,30,pharmaceutical products,3006,pharmaceutical goods specified in note 3 to this chapter,3006100000,materials for surgical sutures; laminaria absorbable haemostatics,404169.61,42359.5709225061
2022,september,import,china,30,pharmaceutical products,3006,pharmaceutical goods specified in note 3 to this chapter,3006500000,first-aid boxes and kits,923.43,96.7813947638711
2022,september,import,china,30,pharmaceutical products,3006,pharmaceutical goods specified in note 3 to this chapter,3006700000,gel preparations designed to be used in human or vet medicine [?],51275.42,5374.16323737269
2022,september,import,egypt,30,pharmaceutical products,3004,"medicaments of mixed or unmixed products, for retail sale",3004909000,"medicaments, consisting of mixed or unmixed products for the therapeutic or prophylactic uses, put up in measured dosesor in the forms of packings for retail sale: other: other",239284.0,26268.5256731052
2022,september,import,france,30,pharmaceutical products,3002,"human blood; animal blood; antisera, etc; vaccines, toxins, etc",3002120000,"antisera, other blood fractions and immunological products, whether or not modified or obtained by means of biotechnological processes-antisera and other blood fractions",112448.42,13597.6419942682
2022,september,import,france,30,pharmaceutical products,3002,"human blood; animal blood; antisera, etc; vaccines, toxins, etc",3002190000,"antisera, other blood fractions and immunological products, whether or not modified or obtained by means of biotechnological processes --  other",216.07,22.6455237176934
2022,september,import,france,30,pharmaceutical products,3002,"human blood; animal blood; antisera, etc; vaccines, toxins, etc",3002300000,vaccines for veterinary medicine,1555005.88,188565.558721882
2022,september,import,france,30,pharmaceutical products,3002,"human blood; animal blood; antisera, etc; vaccines, toxins, etc",3002909000,other (vaccines for veterinary medicine),29069.61,3515.19523078225
2022,september,import,france,30,pharmaceutical products,3004,"medicaments of mixed or unmixed products, for retail sale",3004100000,medicaments of penicillins... or streptomycins for retail sale,231964.88,27905.5977431788
2022,september,import,france,30,pharmaceutical products,3004,"medicaments of mixed or unmixed products, for retail sale",3004200000,"medicaments of other antibiotics, for retail sale",2735827.15,295437.18775709
2022,september,import,france,30,pharmaceutical products,3004,"medicaments of mixed or unmixed products, for retail sale",3004310000,"medicaments of insulin, for retail sale",446411.66,53988.1311451619
2022,september,import,france,30,pharmaceutical products,3004,"medicaments of mixed or unmixed products, for retail sale",3004500000,"medicaments of vitamins or other of 29.36 for retail sale - other, nes",539942.98,56852.7000961099
2022,september,import,france,30,pharmaceutical products,3004,"medicaments of mixed or unmixed products, for retail sale",3004909000,"medicaments, consisting of mixed or unmixed products for the therapeutic or prophylactic uses, put up in measured dosesor in the forms of packings for retail sale: other: other",8785440.12,1035585.35096994
2022,september,import,france,30,pharmaceutical products,3005,"wadding, gauze, etc with pharmaceutical substances or for retail sale",3005100000,adhesive dressings for medical... purposes,12115.7,1269.57867348761
2022,september,import,france,30,pharmaceutical products,3005,"wadding, gauze, etc with pharmaceutical substances or for retail sale",3005900000,"wadding, gauze, etc with pharmaceutical substances for retail sale, nes",7460.53,781.91145953424
2022,september,import,france,30,pharmaceutical products,3006,pharmaceutical goods specified in note 3 to this chapter,3006500000,first-aid boxes and kits,17306.18,1810.55395721086
2022,september,import,georgia,30,pharmaceutical products,3004,"medicaments of mixed or unmixed products, for retail sale",3004909000,"medicaments, consisting of mixed or unmixed products for the therapeutic or prophylactic uses, put up in measured dosesor in the forms of packings for retail sale: other: other",6346.17,770.774275824376
2022,september,import,germany,30,pharmaceutical products,3002,"human blood; animal blood; antisera, etc; vaccines, toxins, etc",3002110000,"antisera, other blood fractions and immunological products, whether or not modified or obtained by means of biotechnological processes :-  malaria diagnostic kits",592.66,65.7780244173141
2022,september,import,germany,30,pharmaceutical products,3002,"human blood; animal blood; antisera, etc; vaccines, toxins, etc",3002120000,"antisera, other blood fractions and immunological products, whether or not modified or obtained by means of biotechnological processes-antisera and other blood fractions",4868.16,589.615454490401
2022,september,import,germany,30,pharmaceutical products,3002,"human blood; animal blood; antisera, etc; vaccines, toxins, etc",3002150000,"antisera, other blood fractions and immunological products, whether or not modified or obtained by means of biotechnological processes -immunological products, put up in measured doses or in forms or packings for retail sale",880.4,106.605315735303
2022,september,import,germany,30,pharmaceutical products,3004,"medicaments of mixed or unmixed products, for retail sale",3004100000,medicaments of penicillins... or streptomycins for retail sale,663611.74,69551.5013677382
2022,september,import,germany,30,pharmaceutical products,3004,"medicaments of mixed or unmixed products, for retail sale",3004200000,"medicaments of other antibiotics, for retail sale",1952094.15,208556.038082593
2022,september,import,germany,30,pharmaceutical products,3004,"medicaments of mixed or unmixed products, for retail sale",3004390000,"medicaments of other hormones, for retail sale, nes",387278.86,47008.4190083146
2022,september,import,germany,30,pharmaceutical products,3004,"medicaments of mixed or unmixed products, for retail sale",3004909000,"medicaments, consisting of mixed or unmixed products for the therapeutic or prophylactic uses, put up in measured dosesor in the forms of packings for retail sale: other: other",11544536.52,1363498.58824837
2022,september,import,germany,30,pharmaceutical products,3005,"wadding, gauze, etc with pharmaceutical substances or for retail sale",3005900000,"wadding, gauze, etc with pharmaceutical substances for retail sale, nes",1553.78,188.526679797021
2022,september,import,germany,30,pharmaceutical products,3006,pharmaceutical goods specified in note 3 to this chapter,3006100000,materials for surgical sutures; laminaria absorbable haemostatics,2130.41,257.965732275837
2022,september,import,greece,30,pharmaceutical products,3006,pharmaceutical goods specified in note 3 to this chapter,3006500000,first-aid boxes and kits,329.81,36.6048834628191
2022,september,import,hong kong,30,pharmaceutical products,3003,"medicaments with >=2 constituents mixed together, not for retail sale",3003900000,"other medicaments with >=2 constituents, not for retail sale, nes",275299.09,29790.0825641414
2022,september,import,hong kong,30,pharmaceutical products,3004,"medicaments of mixed or unmixed products, for retail sale",3004909000,"medicaments, consisting of mixed or unmixed products for the therapeutic or prophylactic uses, put up in measured dosesor in the forms of packings for retail sale: other: other",19486.76,2360.17198570823
2022,september,import,hungary,30,pharmaceutical products,3004,"medicaments of mixed or unmixed products, for retail sale",3004909000,"medicaments, consisting of mixed or unmixed products for the therapeutic or prophylactic uses, put up in measured dosesor in the forms of packings for retail sale: other: other",23134.52,2408.64151257704
2022,september,import,india,30,pharmaceutical products,3001,"glands, etc, dried; extracts of glands, etc; heparin and its salts; etc",3001200000,extracts of glands or other organs or of their secretions,51105.31,5530.09966130306
2022,september,import,india,30,pharmaceutical products,3002,"human blood; animal blood; antisera, etc; vaccines, toxins, etc",3002150000,"antisera, other blood fractions and immunological products, whether or not modified or obtained by means of biotechnological processes -immunological products, put up in measured doses or in forms or packings for retail sale",834.32,100.90098806342
2022,september,import,india,30,pharmaceutical products,3002,"human blood; animal blood; antisera, etc; vaccines, toxins, etc",3002200000,vaccines for human medicine,1731971.76,189742.323789292
2022,september,import,india,30,pharmaceutical products,3002,"human blood; animal blood; antisera, etc; vaccines, toxins, etc",3002300000,vaccines for veterinary medicine,294022.47,35675.8442031184
2022,september,import,india,30,pharmaceutical products,3003,"medicaments with >=2 constituents mixed together, not for retail sale",3003900000,"other medicaments with >=2 constituents, not for retail sale, nes",543673.38,59897.6900977562
2022,september,import,india,30,pharmaceutical products,3004,"medicaments of mixed or unmixed products, for retail sale",3004200000,"medicaments of other antibiotics, for retail sale",3821204.57,454574.997160906
2022,september,import,india,30,pharmaceutical products,3004,"medicaments of mixed or unmixed products, for retail sale",3004310000,"medicaments of insulin, for retail sale",105894.45,12806.6624741495
2022,september,import,india,30,pharmaceutical products,3004,"medicaments of mixed or unmixed products, for retail sale",3004320000,"medicaments of adrenal cortex hormones, for retail sale",277774.85,31460.4287051126
2022,september,import,india,30,pharmaceutical products,3004,"medicaments of mixed or unmixed products, for retail sale",3004390000,"medicaments of other hormones, for retail sale, nes",336208.34,36381.0654345168
2022,september,import,india,30,pharmaceutical products,3004,"medicaments of mixed or unmixed products, for retail sale",3004410000,"other, containing alkaloids or derivatives thereof :--  containing ephedrine or its salts",105014.69,10998.2604233214
2022,september,import,india,30,pharmaceutical products,3004,"medicaments of mixed or unmixed products, for retail sale",3004490000,"other, containing alkaloids or derivatives thereof :--  other",43.35,4.54245386815881
2022,september,import,india,30,pharmaceutical products,3004,"medicaments of mixed or unmixed products, for retail sale",3004500000,"medicaments of vitamins or other of 29.36 for retail sale - other, nes",6610229.14,751990.580517906
2022,september,import,india,30,pharmaceutical products,3004,"medicaments of mixed or unmixed products, for retail sale",3004600000,"- other, containing antimalarial active principles described in subheading note 2 to this chapter",5574881.28,645367.171343392
2022,september,import,india,30,pharmaceutical products,3004,"medicaments of mixed or unmixed products, for retail sale",3004909000,"medicaments, consisting of mixed or unmixed products for the therapeutic or prophylactic uses, put up in measured dosesor in the forms of packings for retail sale: other: other",74720891.25,8717432.48118881
2022,september,import,india,30,pharmaceutical products,3005,"wadding, gauze, etc with pharmaceutical substances or for retail sale",3005100000,adhesive dressings for medical... purposes,639.93,67.0694769056628
2022,september,import,india,30,pharmaceutical products,3006,pharmaceutical goods specified in note 3 to this chapter,3006600000,chemical contraceptive preparations based on hormones or spermicides,4295256.83,503717.731843346
2022,september,import,indonesia,30,pharmaceutical products,3002,"human blood; animal blood; antisera, etc; vaccines, toxins, etc",3002200000,vaccines for human medicine,2215325.11,268638.223488753
2022,september,import,ireland,30,pharmaceutical products,3004,"medicaments of mixed or unmixed products, for retail sale",3004909000,"medicaments, consisting of mixed or unmixed products for the therapeutic or prophylactic uses, put up in measured dosesor in the forms of packings for retail sale: other: other",1079777.68,130984.725913272
2022,september,import,italy,30,pharmaceutical products,3002,"human blood; animal blood; antisera, etc; vaccines, toxins, etc",3002909000,other (vaccines for veterinary medicine),1164.95,141.489038683427
2022,september,import,italy,30,pharmaceutical products,3004,"medicaments of mixed or unmixed products, for retail sale",3004200000,"medicaments of other antibiotics, for retail sale",100166.25,12158.3115858469
2022,september,import,italy,30,pharmaceutical products,3004,"medicaments of mixed or unmixed products, for retail sale",3004909000,"medicaments, consisting of mixed or unmixed products for the therapeutic or prophylactic uses, put up in measured dosesor in the forms of packings for retail sale: other: other",910078.5,95823.5327880352
2022,september,import,japan,30,pharmaceutical products,3002,"human blood; animal blood; antisera, etc; vaccines, toxins, etc",3002150000,"antisera, other blood fractions and immunological products, whether or not modified or obtained by means of biotechnological processes -immunological products, put up in measured doses or in forms or packings for retail sale",26810.17,3143.64112559056
2022,september,import,japan,30,pharmaceutical products,3002,"human blood; animal blood; antisera, etc; vaccines, toxins, etc",3002909000,other (vaccines for veterinary medicine),9866.05,1164.04690994213
2022,september,import,japan,30,pharmaceutical products,3004,"medicaments of mixed or unmixed products, for retail sale",3004909000,"medicaments, consisting of mixed or unmixed products for the therapeutic or prophylactic uses, put up in measured dosesor in the forms of packings for retail sale: other: other",37783.48,4569.45831871999
2022,september,import,kenya,30,pharmaceutical products,3004,"medicaments of mixed or unmixed products, for retail sale",3004909000,"medicaments, consisting of mixed or unmixed products for the therapeutic or prophylactic uses, put up in measured dosesor in the forms of packings for retail sale: other: other",34223.83,3798.42730299667
2022,september,import,mali,30,pharmaceutical products,3002,"human blood; animal blood; antisera, etc; vaccines, toxins, etc",3002300000,vaccines for veterinary medicine,2936.26,325.889012208657
2022,september,import,mexico,30,pharmaceutical products,3004,"medicaments of mixed or unmixed products, for retail sale",3004909000,"medicaments, consisting of mixed or unmixed products for the therapeutic or prophylactic uses, put up in measured dosesor in the forms of packings for retail sale: other: other",100067.65,11146.7284299632
2022,september,import,morocco,30,pharmaceutical products,3004,"medicaments of mixed or unmixed products, for retail sale",3004909000,"medicaments, consisting of mixed or unmixed products for the therapeutic or prophylactic uses, put up in measured dosesor in the forms of packings for retail sale: other: other",40768.39,4948.52096862293
2022,september,import,netherlands,30,pharmaceutical products,3002,"human blood; animal blood; antisera, etc; vaccines, toxins, etc",3002300000,vaccines for veterinary medicine,2605562.82,280004.520463041
2022,september,import,netherlands,30,pharmaceutical products,3004,"medicaments of mixed or unmixed products, for retail sale",3004909000,"medicaments, consisting of mixed or unmixed products for the therapeutic or prophylactic uses, put up in measured dosesor in the forms of packings for retail sale: other: other",674694.16,73008.5767153972
2022,september,import,netherlands,30,pharmaceutical products,3005,"wadding, gauze, etc with pharmaceutical substances or for retail sale",3005900000,"wadding, gauze, etc with pharmaceutical substances for retail sale, nes",49657.44,5515.56491600343
2022,september,import,netherlands,30,pharmaceutical products,3006,pharmaceutical goods specified in note 3 to this chapter,3006600000,chemical contraceptive preparations based on hormones or spermicides,1265024.8,132556.327475821
2022,september,import,nigeria,30,pharmaceutical products,3004,"medicaments of mixed or unmixed products, for retail sale",3004909000,"medicaments, consisting of mixed or unmixed products for the therapeutic or prophylactic uses, put up in measured dosesor in the forms of packings for retail sale: other: other",9728.38,1103.11398543364
2022,september,import,puerto rico,30,pharmaceutical products,3004,"medicaments of mixed or unmixed products, for retail sale",3004909000,"medicaments, consisting of mixed or unmixed products for the therapeutic or prophylactic uses, put up in measured dosesor in the forms of packings for retail sale: other: other",1874279.46,226964.676930196
2022,september,import,republic of korea,30,pharmaceutical products,3002,"human blood; animal blood; antisera, etc; vaccines, toxins, etc",3002110000,"antisera, other blood fractions and immunological products, whether or not modified or obtained by means of biotechnological processes :-  malaria diagnostic kits",58541.7,7104.56935554837
2022,september,import,saudi arabia,30,pharmaceutical products,3003,"medicaments with >=2 constituents mixed together, not for retail sale",3003900000,"other medicaments with >=2 constituents, not for retail sale, nes",1677.65,202.867093123088
2022,september,import,senegal,30,pharmaceutical products,3006,pharmaceutical goods specified in note 3 to this chapter,3006500000,first-aid boxes and kits,4230.25,457.754861329034
2022,september,import,singapore,30,pharmaceutical products,3004,"medicaments of mixed or unmixed products, for retail sale",3004909000,"medicaments, consisting of mixed or unmixed products for the therapeutic or prophylactic uses, put up in measured dosesor in the forms of packings for retail sale: other: other",1452645.26,152310.348015367
2022,september,import,slovenia,30,pharmaceutical products,3004,"medicaments of mixed or unmixed products, for retail sale",3004200000,"medicaments of other antibiotics, for retail sale",2103969.11,228154.230925971
2022,september,import,slovenia,30,pharmaceutical products,3004,"medicaments of mixed or unmixed products, for retail sale",3004600000,"- other, containing antimalarial active principles described in subheading note 2 to this chapter",3509505.39,390443.319258765
2022,september,import,slovenia,30,pharmaceutical products,3004,"medicaments of mixed or unmixed products, for retail sale",3004909000,"medicaments, consisting of mixed or unmixed products for the therapeutic or prophylactic uses, put up in measured dosesor in the forms of packings for retail sale: other: other",2852688.07,328152.100641604
2022,september,import,south africa,30,pharmaceutical products,3002,"human blood; animal blood; antisera, etc; vaccines, toxins, etc",3002110000,"antisera, other blood fractions and immunological products, whether or not modified or obtained by means of biotechnological processes :-  malaria diagnostic kits",6188.76,669.685001027994
2022,september,import,south africa,30,pharmaceutical products,3002,"human blood; animal blood; antisera, etc; vaccines, toxins, etc",3002120000,"antisera, other blood fractions and immunological products, whether or not modified or obtained by means of biotechnological processes-antisera and other blood fractions",73395.65,8329.99569355627
2022,september,import,south africa,30,pharmaceutical products,3002,"human blood; animal blood; antisera, etc; vaccines, toxins, etc",3002150000,"antisera, other blood fractions and immunological products, whether or not modified or obtained by means of biotechnological processes -immunological products, put up in measured doses or in forms or packings for retail sale",112523.72,12581.7024653955
2022,september,import,south africa,30,pharmaceutical products,3004,"medicaments of mixed or unmixed products, for retail sale",3004390000,"medicaments of other hormones, for retail sale, nes",56642.49,5936.55895947093
2022,september,import,south africa,30,pharmaceutical products,3004,"medicaments of mixed or unmixed products, for retail sale",3004909000,"medicaments, consisting of mixed or unmixed products for the therapeutic or prophylactic uses, put up in measured dosesor in the forms of packings for retail sale: other: other",1057567.0,126003.865036386
2022,september,import,south africa,30,pharmaceutical products,3005,"wadding, gauze, etc with pharmaceutical substances or for retail sale",3005100000,adhesive dressings for medical... purposes,123.05,12.8871107945917
2022,september,import,south africa,30,pharmaceutical products,3006,pharmaceutical goods specified in note 3 to this chapter,3006100000,materials for surgical sutures; laminaria absorbable haemostatics,412068.42,49896.2789852879
2022,september,import,spain,30,pharmaceutical products,3004,"medicaments of mixed or unmixed products, for retail sale",3004200000,"medicaments of other antibiotics, for retail sale",18890.86,1966.81450941196
2022,september,import,spain,30,pharmaceutical products,3004,"medicaments of mixed or unmixed products, for retail sale",3004909000,"medicaments, consisting of mixed or unmixed products for the therapeutic or prophylactic uses, put up in measured dosesor in the forms of packings for retail sale: other: other",1599459.28,176740.059507102
2022,september,import,spain,30,pharmaceutical products,3005,"wadding, gauze, etc with pharmaceutical substances or for retail sale",3005100000,adhesive dressings for medical... purposes,43303.75,4531.05260859712
2022,september,import,sweden,30,pharmaceutical products,3004,"medicaments of mixed or unmixed products, for retail sale",3004320000,"medicaments of adrenal cortex hormones, for retail sale",540299.48,65584.108273169
2022,september,import,sweden,30,pharmaceutical products,3004,"medicaments of mixed or unmixed products, for retail sale",3004909000,"medicaments, consisting of mixed or unmixed products for the therapeutic or prophylactic uses, put up in measured dosesor in the forms of packings for retail sale: other: other",1028434.31,116040.628597917
2022,september,import,sweden,30,pharmaceutical products,3006,pharmaceutical goods specified in note 3 to this chapter,3006500000,first-aid boxes and kits,474.33,57.616762830246
2022,september,import,switzerland,30,pharmaceutical products,3002,"human blood; animal blood; antisera, etc; vaccines, toxins, etc",3002150000,"antisera, other blood fractions and immunological products, whether or not modified or obtained by means of biotechnological processes -immunological products, put up in measured doses or in forms or packings for retail sale",509956.38,53436.0629970765
2022,september,import,switzerland,30,pharmaceutical products,3002,"human blood; animal blood; antisera, etc; vaccines, toxins, etc",3002909000,other (vaccines for veterinary medicine),61091.77,6757.93915929204
2022,september,import,switzerland,30,pharmaceutical products,3004,"medicaments of mixed or unmixed products, for retail sale",3004200000,"medicaments of other antibiotics, for retail sale",3440367.47,372057.667125002
2022,september,import,switzerland,30,pharmaceutical products,3004,"medicaments of mixed or unmixed products, for retail sale",3004909000,"medicaments, consisting of mixed or unmixed products for the therapeutic or prophylactic uses, put up in measured dosesor in the forms of packings for retail sale: other: other",1915096.71,200400.81366547
2022,september,import,switzerland,30,pharmaceutical products,3006,pharmaceutical goods specified in note 3 to this chapter,3006500000,first-aid boxes and kits,3400.22,412.572953952557
2022,september,import,thailand,30,pharmaceutical products,3004,"medicaments of mixed or unmixed products, for retail sale",3004909000,"medicaments, consisting of mixed or unmixed products for the therapeutic or prophylactic uses, put up in measured dosesor in the forms of packings for retail sale: other: other",293289.99,35466.3650100073
2022,september,import,togo,30,pharmaceutical products,3003,"medicaments with >=2 constituents mixed together, not for retail sale",3003900000,"other medicaments with >=2 constituents, not for retail sale, nes",12344.33,1316.72543117134
2022,september,import,togo,30,pharmaceutical products,3004,"medicaments of mixed or unmixed products, for retail sale",3004390000,"medicaments of other hormones, for retail sale, nes",4588.27,542.749852603477
2022,september,import,togo,30,pharmaceutical products,3004,"medicaments of mixed or unmixed products, for retail sale",3004909000,"medicaments, consisting of mixed or unmixed products for the therapeutic or prophylactic uses, put up in measured dosesor in the forms of packings for retail sale: other: other",535.64,56.0557541510522
2022,september,import,togo,30,pharmaceutical products,3006,pharmaceutical goods specified in note 3 to this chapter,3006500000,first-aid boxes and kits,530.29,55.5667326815672
2022,september,import,türkiye,30,pharmaceutical products,3002,"human blood; animal blood; antisera, etc; vaccines, toxins, etc",3002190000,"antisera, other blood fractions and immunological products, whether or not modified or obtained by means of biotechnological processes --  other",1190.58,128.832523562702
2022,september,import,türkiye,30,pharmaceutical products,3004,"medicaments of mixed or unmixed products, for retail sale",3004600000,"- other, containing antimalarial active principles described in subheading note 2 to this chapter",686879.0,71989.3307061857
2022,september,import,türkiye,30,pharmaceutical products,3004,"medicaments of mixed or unmixed products, for retail sale",3004909000,"medicaments, consisting of mixed or unmixed products for the therapeutic or prophylactic uses, put up in measured dosesor in the forms of packings for retail sale: other: other",189549.54,22881.6639724908
2022,september,import,türkiye,30,pharmaceutical products,3006,pharmaceutical goods specified in note 3 to this chapter,3006500000,first-aid boxes and kits,159900.13,19361.8853302658
2022,september,import,united kingdom,30,pharmaceutical products,3002,"human blood; animal blood; antisera, etc; vaccines, toxins, etc",3002120000,"antisera, other blood fractions and immunological products, whether or not modified or obtained by means of biotechnological processes-antisera and other blood fractions",49211.78,5325.20099985933
2022,september,import,united kingdom,30,pharmaceutical products,3002,"human blood; animal blood; antisera, etc; vaccines, toxins, etc",3002140000,"antisera, other blood fractions and immunological products, whether or not modified or obtained by means of biotechnological processes -immunological products, mixed, not put up in measured doses or in forms or packings for retail sale",20199.99,2116.66719059445
2022,september,import,united kingdom,30,pharmaceutical products,3002,"human blood; animal blood; antisera, etc; vaccines, toxins, etc",3002909000,other (vaccines for veterinary medicine),8038.71,946.296926555206
2022,september,import,united kingdom,30,pharmaceutical products,3004,"medicaments of mixed or unmixed products, for retail sale",3004100000,medicaments of penicillins... or streptomycins for retail sale,30303.26,3664.47855627915
2022,september,import,united kingdom,30,pharmaceutical products,3004,"medicaments of mixed or unmixed products, for retail sale",3004200000,"medicaments of other antibiotics, for retail sale",2447.75,256.542609497658
2022,september,import,united kingdom,30,pharmaceutical products,3004,"medicaments of mixed or unmixed products, for retail sale",3004310000,"medicaments of insulin, for retail sale",166731.34,18443.732300885
2022,september,import,united kingdom,30,pharmaceutical products,3004,"medicaments of mixed or unmixed products, for retail sale",3004320000,"medicaments of adrenal cortex hormones, for retail sale",23888.79,2899.65284942647
2022,september,import,united kingdom,30,pharmaceutical products,3004,"medicaments of mixed or unmixed products, for retail sale",3004390000,"medicaments of other hormones, for retail sale, nes",561677.84,67928.1918560354
2022,september,import,united kingdom,30,pharmaceutical products,3004,"medicaments of mixed or unmixed products, for retail sale",3004600000,"- other, containing antimalarial active principles described in subheading note 2 to this chapter",7525.15,913.412635795351
2022,september,import,united kingdom,30,pharmaceutical products,3004,"medicaments of mixed or unmixed products, for retail sale",3004909000,"medicaments, consisting of mixed or unmixed products for the therapeutic or prophylactic uses, put up in measured dosesor in the forms of packings for retail sale: other: other",3003826.12,351057.088332994
2022,september,import,united kingdom,30,pharmaceutical products,3006,pharmaceutical goods specified in note 3 to this chapter,3006500000,first-aid boxes and kits,11837.47,1397.58713047314
2022,september,import,united kingdom,30,pharmaceutical products,3006,pharmaceutical goods specified in note 3 to this chapter,3006700000,gel preparations designed to be used in human or vet medicine [?],3671.32,384.499858613575
2022,september,import,united states of america,30,pharmaceutical products,3001,"glands, etc, dried; extracts of glands, etc; heparin and its salts; etc",3001900000,"substances of human or animal origin,for prophylactic uses, nes",5031.18,580.734551647011
2022,september,import,united states of america,30,pharmaceutical products,3002,"human blood; animal blood; antisera, etc; vaccines, toxins, etc",3002120000,"antisera, other blood fractions and immunological products, whether or not modified or obtained by means of biotechnological processes-antisera and other blood fractions",43611.21,4901.04666051775
2022,september,import,united states of america,30,pharmaceutical products,3002,"human blood; animal blood; antisera, etc; vaccines, toxins, etc",3002140000,"antisera, other blood fractions and immunological products, whether or not modified or obtained by means of biotechnological processes -immunological products, mixed, not put up in measured doses or in forms or packings for retail sale",4171.61,504.445143112809
2022,september,import,united states of america,30,pharmaceutical products,3002,"human blood; animal blood; antisera, etc; vaccines, toxins, etc",3002150000,"antisera, other blood fractions and immunological products, whether or not modified or obtained by means of biotechnological processes -immunological products, put up in measured doses or in forms or packings for retail sale",6152.01,746.829412945378
2022,september,import,united states of america,30,pharmaceutical products,3002,"human blood; animal blood; antisera, etc; vaccines, toxins, etc",3002901000,ferments,30448.18,3191.19826438745
2022,september,import,united states of america,30,pharmaceutical products,3003,"medicaments with >=2 constituents mixed together, not for retail sale",3003200000,"medicaments of other antibiotics, not for retail sale",342.76,41.6046610426655
2022,september,import,united states of america,30,pharmaceutical products,3003,"medicaments with >=2 constituents mixed together, not for retail sale",3003900000,"other medicaments with >=2 constituents, not for retail sale, nes",1811.77,220.04858201251
2022,september,import,united states of america,30,pharmaceutical products,3004,"medicaments of mixed or unmixed products, for retail sale",3004100000,medicaments of penicillins... or streptomycins for retail sale,13906.92,1454.92702829942
2022,september,import,united states of america,30,pharmaceutical products,3004,"medicaments of mixed or unmixed products, for retail sale",3004200000,"medicaments of other antibiotics, for retail sale",9218.53,1117.87182441036
2022,september,import,united states of america,30,pharmaceutical products,3004,"medicaments of mixed or unmixed products, for retail sale",3004500000,"medicaments of vitamins or other of 29.36 for retail sale - other, nes",1308.76,136.921065020662
2022,september,import,united states of america,30,pharmaceutical products,3004,"medicaments of mixed or unmixed products, for retail sale",3004909000,"medicaments, consisting of mixed or unmixed products for the therapeutic or prophylactic uses, put up in measured dosesor in the forms of packings for retail sale: other: other",669322.36,76116.1245237532
2022,september,import,united states of america,30,pharmaceutical products,3005,"wadding, gauze, etc with pharmaceutical substances or for retail sale",3005100000,adhesive dressings for medical... purposes,7998.05,971.403412886379
2022,september,import,united states of america,30,pharmaceutical products,3005,"wadding, gauze, etc with pharmaceutical substances or for retail sale",3005900000,"wadding, gauze, etc with pharmaceutical substances for retail sale, nes",96699.86,11744.6845205563
2022,september,import,united states of america,30,pharmaceutical products,3006,pharmaceutical goods specified in note 3 to this chapter,3006100000,materials for surgical sutures; laminaria absorbable haemostatics,47840.29,5010.34634437544
2022,september,import,united states of america,30,pharmaceutical products,3006,pharmaceutical goods specified in note 3 to this chapter,3006500000,first-aid boxes and kits,16772.11,2006.72621908992
2022,september,import,zambia,30,pharmaceutical products,3002,"human blood; animal blood; antisera, etc; vaccines, toxins, etc",3002120000,"antisera, other blood fractions and immunological products, whether or not modified or obtained by means of biotechnological processes-antisera and other blood fractions",2370.79,286.718589379225
2022,october,import,australia,30,pharmaceutical products,3006,pharmaceutical goods specified in note 3 to this chapter,3006500000,first-aid boxes and kits,4479.77,418.220604023713
2022,october,import,austria,30,pharmaceutical products,3002,"human blood; animal blood; antisera, etc; vaccines, toxins, etc",3002300000,vaccines for veterinary medicine,47104.64,4887.64098573281
2022,october,import,austria,30,pharmaceutical products,3004,"medicaments of mixed or unmixed products, for retail sale",3004909000,"medicaments, consisting of mixed or unmixed products for the therapeutic or prophylactic uses, put up in measured dosesor in the forms of packings for retail sale: other: other",108752.9,11284.3476005188
2022,october,import,bangladesh,30,pharmaceutical products,3004,"medicaments of mixed or unmixed products, for retail sale",3004909000,"medicaments, consisting of mixed or unmixed products for the therapeutic or prophylactic uses, put up in measured dosesor in the forms of packings for retail sale: other: other",90146.83,9271.98045770121
2022,october,import,belgium,30,pharmaceutical products,3002,"human blood; animal blood; antisera, etc; vaccines, toxins, etc",3002300000,vaccines for veterinary medicine,74399.66,5719.04743602555
2022,october,import,belgium,30,pharmaceutical products,3004,"medicaments of mixed or unmixed products, for retail sale",3004200000,"medicaments of other antibiotics, for retail sale",766848.17,59457.8307548423
2022,october,import,belgium,30,pharmaceutical products,3004,"medicaments of mixed or unmixed products, for retail sale",3004390000,"medicaments of other hormones, for retail sale, nes",196475.44,15102.6911517145
2022,october,import,belgium,30,pharmaceutical products,3004,"medicaments of mixed or unmixed products, for retail sale",3004909000,"medicaments, consisting of mixed or unmixed products for the therapeutic or prophylactic uses, put up in measured dosesor in the forms of packings for retail sale: other: other",6055697.38,541924.69780413
2022,october,import,belgium,30,pharmaceutical products,3005,"wadding, gauze, etc with pharmaceutical substances or for retail sale",3005100000,adhesive dressings for medical... purposes,1844.46,169.669484587293
2022,october,import,belgium,30,pharmaceutical products,3005,"wadding, gauze, etc with pharmaceutical substances or for retail sale",3005900000,"wadding, gauze, etc with pharmaceutical substances for retail sale, nes",6195.46,569.912334765291
2022,october,import,brazil,30,pharmaceutical products,3006,pharmaceutical goods specified in note 3 to this chapter,3006100000,materials for surgical sutures; laminaria absorbable haemostatics,18328.97,1409.02116341105
2022,october,import,brazil,30,pharmaceutical products,3006,pharmaceutical goods specified in note 3 to this chapter,3006400000,dental cements and other dental fillings; bone reconstruction cements,23100.38,1775.77756253555
2022,october,import,canada,30,pharmaceutical products,3002,"human blood; animal blood; antisera, etc; vaccines, toxins, etc",3002150000,"antisera, other blood fractions and immunological products, whether or not modified or obtained by means of biotechnological processes -immunological products, put up in measured doses or in forms or packings for retail sale",7492.1,597.899558683872
2022,october,import,china,30,pharmaceutical products,3002,"human blood; animal blood; antisera, etc; vaccines, toxins, etc",3002190000,"antisera, other blood fractions and immunological products, whether or not modified or obtained by means of biotechnological processes --  other",1401.62,128.93320700218
2022,october,import,china,30,pharmaceutical products,3002,"human blood; animal blood; antisera, etc; vaccines, toxins, etc",3002300000,vaccines for veterinary medicine,4475.81,411.723960297675
2022,october,import,china,30,pharmaceutical products,3004,"medicaments of mixed or unmixed products, for retail sale",3004310000,"medicaments of insulin, for retail sale",234161.2,18682.5279047687
2022,october,import,china,30,pharmaceutical products,3004,"medicaments of mixed or unmixed products, for retail sale",3004909000,"medicaments, consisting of mixed or unmixed products for the therapeutic or prophylactic uses, put up in measured dosesor in the forms of packings for retail sale: other: other",1389561.89,134782.660342835
2022,october,import,china,30,pharmaceutical products,3005,"wadding, gauze, etc with pharmaceutical substances or for retail sale",3005100000,adhesive dressings for medical... purposes,330403.72,27468.4166908423
2022,october,import,china,30,pharmaceutical products,3005,"wadding, gauze, etc with pharmaceutical substances or for retail sale",3005900000,"wadding, gauze, etc with pharmaceutical substances for retail sale, nes",907225.18,84982.0269419639
2022,october,import,china,30,pharmaceutical products,3006,pharmaceutical goods specified in note 3 to this chapter,3006500000,first-aid boxes and kits,4085.25,417.202818627451
2022,october,import,czech republic,30,pharmaceutical products,3002,"human blood; animal blood; antisera, etc; vaccines, toxins, etc",3002120000,"antisera, other blood fractions and immunological products, whether or not modified or obtained by means of biotechnological processes-antisera and other blood fractions",244627.94,18805.5272403004
2022,october,import,czech republic,30,pharmaceutical products,3005,"wadding, gauze, etc with pharmaceutical substances or for retail sale",3005900000,"wadding, gauze, etc with pharmaceutical substances for retail sale, nes",4037.91,419.087701089777
2022,october,import,denmark,30,pharmaceutical products,3006,pharmaceutical goods specified in note 3 to this chapter,3006600000,chemical contraceptive preparations based on hormones or spermicides,2176003.59,173653.793483205
2022,october,import,egypt,30,pharmaceutical products,3004,"medicaments of mixed or unmixed products, for retail sale",3004909000,"medicaments, consisting of mixed or unmixed products for the therapeutic or prophylactic uses, put up in measured dosesor in the forms of packings for retail sale: other: other",131417.12,11789.2643291711
2022,october,import,france,30,pharmaceutical products,3002,"human blood; animal blood; antisera, etc; vaccines, toxins, etc",3002120000,"antisera, other blood fractions and immunological products, whether or not modified or obtained by means of biotechnological processes-antisera and other blood fractions",13099.69,1158.8452477919
2022,october,import,france,30,pharmaceutical products,3002,"human blood; animal blood; antisera, etc; vaccines, toxins, etc",3002200000,vaccines for human medicine,9779884.27,913026.585445549
2022,october,import,france,30,pharmaceutical products,3002,"human blood; animal blood; antisera, etc; vaccines, toxins, etc",3002901000,ferments,21238.81,1921.85712622397
2022,october,import,france,30,pharmaceutical products,3002,"human blood; animal blood; antisera, etc; vaccines, toxins, etc",3002909000,other (vaccines for veterinary medicine),10794.57,992.978502239925
2022,october,import,france,30,pharmaceutical products,3004,"medicaments of mixed or unmixed products, for retail sale",3004100000,medicaments of penicillins... or streptomycins for retail sale,261215.77,22956.265888758
2022,october,import,france,30,pharmaceutical products,3004,"medicaments of mixed or unmixed products, for retail sale",3004200000,"medicaments of other antibiotics, for retail sale",633450.16,55297.6181671794
2022,october,import,france,30,pharmaceutical products,3004,"medicaments of mixed or unmixed products, for retail sale",3004600000,"- other, containing antimalarial active principles described in subheading note 2 to this chapter",338723.98,35155.5765438505
2022,october,import,france,30,pharmaceutical products,3004,"medicaments of mixed or unmixed products, for retail sale",3004909000,"medicaments, consisting of mixed or unmixed products for the therapeutic or prophylactic uses, put up in measured dosesor in the forms of packings for retail sale: other: other",10845319.97,1016413.8663313
2022,october,import,germany,30,pharmaceutical products,3002,"human blood; animal blood; antisera, etc; vaccines, toxins, etc",3002150000,"antisera, other blood fractions and immunological products, whether or not modified or obtained by means of biotechnological processes -immunological products, put up in measured doses or in forms or packings for retail sale",25157.58,2607.92090951769
2022,october,import,germany,30,pharmaceutical products,3002,"human blood; animal blood; antisera, etc; vaccines, toxins, etc",3002300000,vaccines for veterinary medicine,137081.75,12116.8668735029
2022,october,import,germany,30,pharmaceutical products,3002,"human blood; animal blood; antisera, etc; vaccines, toxins, etc",3002909000,other (vaccines for veterinary medicine),2538.49,262.225758306231
2022,october,import,germany,30,pharmaceutical products,3004,"medicaments of mixed or unmixed products, for retail sale",3004310000,"medicaments of insulin, for retail sale",292898.11,26943.3174806134
2022,october,import,germany,30,pharmaceutical products,3004,"medicaments of mixed or unmixed products, for retail sale",3004390000,"medicaments of other hormones, for retail sale, nes",1032146.35,81545.7102147386
2022,october,import,germany,30,pharmaceutical products,3004,"medicaments of mixed or unmixed products, for retail sale",3004909000,"medicaments, consisting of mixed or unmixed products for the therapeutic or prophylactic uses, put up in measured dosesor in the forms of packings for retail sale: other: other",9420872.38,726456.993253597
2022,october,import,germany,30,pharmaceutical products,3006,pharmaceutical goods specified in note 3 to this chapter,3006500000,first-aid boxes and kits,1073.86,100.252999113103
2022,october,import,germany,30,pharmaceutical products,3006,pharmaceutical goods specified in note 3 to this chapter,3006600000,chemical contraceptive preparations based on hormones or spermicides,24838.16,1998.66092329754
2022,october,import,hong kong,30,pharmaceutical products,3006,pharmaceutical goods specified in note 3 to this chapter,3006700000,gel preparations designed to be used in human or vet medicine [?],29775.37,2288.95166931882
2022,october,import,hungary,30,pharmaceutical products,3004,"medicaments of mixed or unmixed products, for retail sale",3004909000,"medicaments, consisting of mixed or unmixed products for the therapeutic or prophylactic uses, put up in measured dosesor in the forms of packings for retail sale: other: other",91162.15,7007.83712313393
2022,october,import,india,30,pharmaceutical products,3001,"glands, etc, dried; extracts of glands, etc; heparin and its salts; etc",3001200000,extracts of glands or other organs or of their secretions,5276.17,492.570601689773
2022,october,import,india,30,pharmaceutical products,3001,"glands, etc, dried; extracts of glands, etc; heparin and its salts; etc",3001900000,"substances of human or animal origin,for prophylactic uses, nes",81365.46,6254.50338609128
2022,october,import,india,30,pharmaceutical products,3002,"human blood; animal blood; antisera, etc; vaccines, toxins, etc",3002110000,"antisera, other blood fractions and immunological products, whether or not modified or obtained by means of biotechnological processes :-  malaria diagnostic kits",21978.57,2280.52607003891
2022,october,import,india,30,pharmaceutical products,3002,"human blood; animal blood; antisera, etc; vaccines, toxins, etc",3002200000,vaccines for human medicine,4981587.18,456870.787636625
2022,october,import,india,30,pharmaceutical products,3002,"human blood; animal blood; antisera, etc; vaccines, toxins, etc",3002909000,other (vaccines for veterinary medicine),1433.82,148.813700051894
2022,october,import,india,30,pharmaceutical products,3003,"medicaments with >=2 constituents mixed together, not for retail sale",3003900000,"other medicaments with >=2 constituents, not for retail sale, nes",291894.89,23815.6201693036
2022,october,import,india,30,pharmaceutical products,3004,"medicaments of mixed or unmixed products, for retail sale",3004100000,medicaments of penicillins... or streptomycins for retail sale,315074.3,27658.0778526947
2022,october,import,india,30,pharmaceutical products,3004,"medicaments of mixed or unmixed products, for retail sale",3004200000,"medicaments of other antibiotics, for retail sale",7885599.91,708343.902359816
2022,october,import,india,30,pharmaceutical products,3004,"medicaments of mixed or unmixed products, for retail sale",3004310000,"medicaments of insulin, for retail sale",120759.69,10674.1348678105
2022,october,import,india,30,pharmaceutical products,3004,"medicaments of mixed or unmixed products, for retail sale",3004320000,"medicaments of adrenal cortex hormones, for retail sale",123990.98,12868.2468941246
2022,october,import,india,30,pharmaceutical products,3004,"medicaments of mixed or unmixed products, for retail sale",3004390000,"medicaments of other hormones, for retail sale, nes",1569315.13,132095.894889207
2022,october,import,india,30,pharmaceutical products,3004,"medicaments of mixed or unmixed products, for retail sale",3004500000,"medicaments of vitamins or other of 29.36 for retail sale - other, nes",7336942.92,650788.792205265
2022,october,import,india,30,pharmaceutical products,3004,"medicaments of mixed or unmixed products, for retail sale",3004600000,"- other, containing antimalarial active principles described in subheading note 2 to this chapter",1351753.44,119860.531145235
2022,october,import,india,30,pharmaceutical products,3004,"medicaments of mixed or unmixed products, for retail sale",3004902000,oral rehydration salt (ors),160448.72,14540.9956639429
2022,october,import,india,30,pharmaceutical products,3004,"medicaments of mixed or unmixed products, for retail sale",3004909000,"medicaments, consisting of mixed or unmixed products for the therapeutic or prophylactic uses, put up in measured dosesor in the forms of packings for retail sale: other: other",69353434.9,6214107.43675619
2022,october,import,india,30,pharmaceutical products,3006,pharmaceutical goods specified in note 3 to this chapter,3006400000,dental cements and other dental fillings; bone reconstruction cements,3187.47,330.393366157035
2022,october,import,india,30,pharmaceutical products,3006,pharmaceutical goods specified in note 3 to this chapter,3006600000,chemical contraceptive preparations based on hormones or spermicides,4425585.82,340191.544380472
2022,october,import,indonesia,30,pharmaceutical products,3002,"human blood; animal blood; antisera, etc; vaccines, toxins, etc",3002200000,vaccines for human medicine,7600392.17,709554.420015871
2022,october,import,ireland,30,pharmaceutical products,3002,"human blood; animal blood; antisera, etc; vaccines, toxins, etc",3002120000,"antisera, other blood fractions and immunological products, whether or not modified or obtained by means of biotechnological processes-antisera and other blood fractions",689.91,71.5117906193314
2022,october,import,ireland,30,pharmaceutical products,3002,"human blood; animal blood; antisera, etc; vaccines, toxins, etc",3002150000,"antisera, other blood fractions and immunological products, whether or not modified or obtained by means of biotechnological processes -immunological products, put up in measured doses or in forms or packings for retail sale",4293.64,394.966378128766
2022,october,import,ireland,30,pharmaceutical products,3004,"medicaments of mixed or unmixed products, for retail sale",3004909000,"medicaments, consisting of mixed or unmixed products for the therapeutic or prophylactic uses, put up in measured dosesor in the forms of packings for retail sale: other: other",128955.85,13384.1048261546
2022,october,import,italy,30,pharmaceutical products,3002,"human blood; animal blood; antisera, etc; vaccines, toxins, etc",3002300000,vaccines for veterinary medicine,26037.18,2395.12643847336
2022,october,import,italy,30,pharmaceutical products,3004,"medicaments of mixed or unmixed products, for retail sale",3004100000,medicaments of penicillins... or streptomycins for retail sale,329286.37,33628.1015114379
2022,october,import,italy,30,pharmaceutical products,3004,"medicaments of mixed or unmixed products, for retail sale",3004200000,"medicaments of other antibiotics, for retail sale",176222.86,18266.168437419
2022,october,import,italy,30,pharmaceutical products,3004,"medicaments of mixed or unmixed products, for retail sale",3004320000,"medicaments of adrenal cortex hormones, for retail sale",8814.32,913.637729981861
2022,october,import,italy,30,pharmaceutical products,3004,"medicaments of mixed or unmixed products, for retail sale",3004909000,"medicaments, consisting of mixed or unmixed products for the therapeutic or prophylactic uses, put up in measured dosesor in the forms of packings for retail sale: other: other",1530601.46,146719.694832878
2022,october,import,jordan,30,pharmaceutical products,3002,"human blood; animal blood; antisera, etc; vaccines, toxins, etc",3002909000,other (vaccines for veterinary medicine),1809.87,168.965130934043
2022,october,import,jordan,30,pharmaceutical products,3004,"medicaments of mixed or unmixed products, for retail sale",3004500000,"medicaments of vitamins or other of 29.36 for retail sale - other, nes",837007.6,64342.6348723152
2022,october,import,jordan,30,pharmaceutical products,3004,"medicaments of mixed or unmixed products, for retail sale",3004909000,"medicaments, consisting of mixed or unmixed products for the therapeutic or prophylactic uses, put up in measured dosesor in the forms of packings for retail sale: other: other",466942.72,35894.9248958381
2022,october,import,kenya,30,pharmaceutical products,3004,"medicaments of mixed or unmixed products, for retail sale",3004909000,"medicaments, consisting of mixed or unmixed products for the therapeutic or prophylactic uses, put up in measured dosesor in the forms of packings for retail sale: other: other",1364868.63,140626.039991792
2022,october,import,lebanon,30,pharmaceutical products,3004,"medicaments of mixed or unmixed products, for retail sale",3004500000,"medicaments of vitamins or other of 29.36 for retail sale - other, nes",619.57,47.6258926443797
2022,october,import,liberia,30,pharmaceutical products,3004,"medicaments of mixed or unmixed products, for retail sale",3004909000,"medicaments, consisting of mixed or unmixed products for the therapeutic or prophylactic uses, put up in measured dosesor in the forms of packings for retail sale: other: other",3519.23,328.54688885777
2022,october,import,malaysia,30,pharmaceutical products,3004,"medicaments of mixed or unmixed products, for retail sale",3004909000,"medicaments, consisting of mixed or unmixed products for the therapeutic or prophylactic uses, put up in measured dosesor in the forms of packings for retail sale: other: other",6024038.93,480742.411038489
2022,october,import,namibia,30,pharmaceutical products,3004,"medicaments of mixed or unmixed products, for retail sale",3004909000,"medicaments, consisting of mixed or unmixed products for the therapeutic or prophylactic uses, put up in measured dosesor in the forms of packings for retail sale: other: other",43116.75,3440.88917618329
2022,october,import,netherlands,30,pharmaceutical products,3002,"human blood; animal blood; antisera, etc; vaccines, toxins, etc",3002300000,vaccines for veterinary medicine,11065.49,1148.17016861219
2022,october,import,netherlands,30,pharmaceutical products,3004,"medicaments of mixed or unmixed products, for retail sale",3004200000,"medicaments of other antibiotics, for retail sale",450245.01,34611.33480928
2022,october,import,netherlands,30,pharmaceutical products,3004,"medicaments of mixed or unmixed products, for retail sale",3004909000,"medicaments, consisting of mixed or unmixed products for the therapeutic or prophylactic uses, put up in measured dosesor in the forms of packings for retail sale: other: other",8871.97,912.519413731036
2022,october,import,netherlands,30,pharmaceutical products,3005,"wadding, gauze, etc with pharmaceutical substances or for retail sale",3005900000,"wadding, gauze, etc with pharmaceutical substances for retail sale, nes",700.69,53.8648401405257
2022,october,import,north macedonia,30,pharmaceutical products,3004,"medicaments of mixed or unmixed products, for retail sale",3004200000,"medicaments of other antibiotics, for retail sale",101079.43,8934.56639530464
2022,october,import,north macedonia,30,pharmaceutical products,3004,"medicaments of mixed or unmixed products, for retail sale",3004909000,"medicaments, consisting of mixed or unmixed products for the therapeutic or prophylactic uses, put up in measured dosesor in the forms of packings for retail sale: other: other",235548.79,20820.5200958164
2022,october,import,pakistan,30,pharmaceutical products,3004,"medicaments of mixed or unmixed products, for retail sale",3004909000,"medicaments, consisting of mixed or unmixed products for the therapeutic or prophylactic uses, put up in measured dosesor in the forms of packings for retail sale: other: other",269733.32,24818.7473101073
2022,october,import,portugal,30,pharmaceutical products,3004,"medicaments of mixed or unmixed products, for retail sale",3004200000,"medicaments of other antibiotics, for retail sale",93309.86,7412.25076656658
2022,october,import,portugal,30,pharmaceutical products,3004,"medicaments of mixed or unmixed products, for retail sale",3004909000,"medicaments, consisting of mixed or unmixed products for the therapeutic or prophylactic uses, put up in measured dosesor in the forms of packings for retail sale: other: other",1305757.51,104109.478110027
2022,october,import,singapore,30,pharmaceutical products,3002,"human blood; animal blood; antisera, etc; vaccines, toxins, etc",3002200000,vaccines for human medicine,5380.14,429.253931400943
2022,october,import,singapore,30,pharmaceutical products,3005,"wadding, gauze, etc with pharmaceutical substances or for retail sale",3005900000,"wadding, gauze, etc with pharmaceutical substances for retail sale, nes",52358.65,5427.17284270536
2022,october,import,slovenia,30,pharmaceutical products,3004,"medicaments of mixed or unmixed products, for retail sale",3004200000,"medicaments of other antibiotics, for retail sale",2032157.75,186935.557313562
2022,october,import,slovenia,30,pharmaceutical products,3004,"medicaments of mixed or unmixed products, for retail sale",3004909000,"medicaments, consisting of mixed or unmixed products for the therapeutic or prophylactic uses, put up in measured dosesor in the forms of packings for retail sale: other: other",4708539.76,403280.869728638
2022,october,import,south africa,30,pharmaceutical products,3002,"human blood; animal blood; antisera, etc; vaccines, toxins, etc",3002150000,"antisera, other blood fractions and immunological products, whether or not modified or obtained by means of biotechnological processes -immunological products, put up in measured doses or in forms or packings for retail sale",56400.6,4985.33584365305
2022,october,import,south africa,30,pharmaceutical products,3002,"human blood; animal blood; antisera, etc; vaccines, toxins, etc",3002190000,"antisera, other blood fractions and immunological products, whether or not modified or obtained by means of biotechnological processes --  other",4731.9,441.758857302899
2022,october,import,south africa,30,pharmaceutical products,3003,"medicaments with >=2 constituents mixed together, not for retail sale",3003600000,"medicaments (exc 30.02, 30.05, 30.06) consisting of two or more constituents for therapeutic or prophylactic uses, not in measured doses or forms or packings, other containing antimalarial active principles described in this chapter subheading note 2",12822.79,1329.13086291785
2022,october,import,south africa,30,pharmaceutical products,3004,"medicaments of mixed or unmixed products, for retail sale",3004100000,medicaments of penicillins... or streptomycins for retail sale,1707.83,157.101067988851
2022,october,import,south africa,30,pharmaceutical products,3004,"medicaments of mixed or unmixed products, for retail sale",3004310000,"medicaments of insulin, for retail sale",206229.71,20316.9947318136
2022,october,import,south africa,30,pharmaceutical products,3004,"medicaments of mixed or unmixed products, for retail sale",3004500000,"medicaments of vitamins or other of 29.36 for retail sale - other, nes",287.08,26.4081170832222
2022,october,import,south africa,30,pharmaceutical products,3004,"medicaments of mixed or unmixed products, for retail sale",3004600000,"- other, containing antimalarial active principles described in subheading note 2 to this chapter",98.8,9.08848393417288
2022,october,import,south africa,30,pharmaceutical products,3004,"medicaments of mixed or unmixed products, for retail sale",3004902000,oral rehydration salt (ors),441.2,40.5854161109016
2022,october,import,south africa,30,pharmaceutical products,3004,"medicaments of mixed or unmixed products, for retail sale",3004909000,"medicaments, consisting of mixed or unmixed products for the therapeutic or prophylactic uses, put up in measured dosesor in the forms of packings for retail sale: other: other",2784390.45,221369.487248609
2022,october,import,south africa,30,pharmaceutical products,3005,"wadding, gauze, etc with pharmaceutical substances or for retail sale",3005100000,adhesive dressings for medical... purposes,4467.23,410.934697219181
2022,october,import,south africa,30,pharmaceutical products,3006,pharmaceutical goods specified in note 3 to this chapter,3006100000,materials for surgical sutures; laminaria absorbable haemostatics,430127.06,40155.6327311768
2022,october,import,spain,30,pharmaceutical products,3004,"medicaments of mixed or unmixed products, for retail sale",3004909000,"medicaments, consisting of mixed or unmixed products for the therapeutic or prophylactic uses, put up in measured dosesor in the forms of packings for retail sale: other: other",2550352.99,248863.53893991
2022,october,import,spain,30,pharmaceutical products,3005,"wadding, gauze, etc with pharmaceutical substances or for retail sale",3005900000,"wadding, gauze, etc with pharmaceutical substances for retail sale, nes",1060.61,81.5270614099145
2022,october,import,sweden,30,pharmaceutical products,3004,"medicaments of mixed or unmixed products, for retail sale",3004320000,"medicaments of adrenal cortex hormones, for retail sale",466482.78,46296.9359305932
2022,october,import,sweden,30,pharmaceutical products,3004,"medicaments of mixed or unmixed products, for retail sale",3004909000,"medicaments, consisting of mixed or unmixed products for the therapeutic or prophylactic uses, put up in measured dosesor in the forms of packings for retail sale: other: other",2069446.83,175447.951928073
2022,october,import,switzerland,30,pharmaceutical products,3002,"human blood; animal blood; antisera, etc; vaccines, toxins, etc",3002150000,"antisera, other blood fractions and immunological products, whether or not modified or obtained by means of biotechnological processes -immunological products, put up in measured doses or in forms or packings for retail sale",205295.4,15781.0504221175
2022,october,import,switzerland,30,pharmaceutical products,3002,"human blood; animal blood; antisera, etc; vaccines, toxins, etc",3002200000,vaccines for human medicine,39053.78,4053.32433834977
2022,october,import,switzerland,30,pharmaceutical products,3004,"medicaments of mixed or unmixed products, for retail sale",3004200000,"medicaments of other antibiotics, for retail sale",587313.87,56470.9138698435
2022,october,import,switzerland,30,pharmaceutical products,3004,"medicaments of mixed or unmixed products, for retail sale",3004909000,"medicaments, consisting of mixed or unmixed products for the therapeutic or prophylactic uses, put up in measured dosesor in the forms of packings for retail sale: other: other",1829149.06,182497.627213053
2022,october,import,thailand,30,pharmaceutical products,3004,"medicaments of mixed or unmixed products, for retail sale",3004909000,"medicaments, consisting of mixed or unmixed products for the therapeutic or prophylactic uses, put up in measured dosesor in the forms of packings for retail sale: other: other",2782121.05,221789.690917805
2022,october,import,togo,30,pharmaceutical products,3003,"medicaments with >=2 constituents mixed together, not for retail sale",3003900000,"other medicaments with >=2 constituents, not for retail sale, nes",12366.24,1109.66958602906
2022,october,import,togo,30,pharmaceutical products,3004,"medicaments of mixed or unmixed products, for retail sale",3004390000,"medicaments of other hormones, for retail sale, nes",34993.78,3330.90563310587
2022,october,import,togo,30,pharmaceutical products,3004,"medicaments of mixed or unmixed products, for retail sale",3004500000,"medicaments of vitamins or other of 29.36 for retail sale - other, nes",1070.29,99.9197124585726
2022,october,import,togo,30,pharmaceutical products,3004,"medicaments of mixed or unmixed products, for retail sale",3004909000,"medicaments, consisting of mixed or unmixed products for the therapeutic or prophylactic uses, put up in measured dosesor in the forms of packings for retail sale: other: other",1594.56,145.695863499976
2022,october,import,togo,30,pharmaceutical products,3006,pharmaceutical goods specified in note 3 to this chapter,3006700000,gel preparations designed to be used in human or vet medicine [?],154.94,13.6953850777404
2022,october,import,türkiye,30,pharmaceutical products,3004,"medicaments of mixed or unmixed products, for retail sale",3004909000,"medicaments, consisting of mixed or unmixed products for the therapeutic or prophylactic uses, put up in measured dosesor in the forms of packings for retail sale: other: other",113189.48,9511.02962678538
2022,october,import,united arab emirates,30,pharmaceutical products,3004,"medicaments of mixed or unmixed products, for retail sale",3004909000,"medicaments, consisting of mixed or unmixed products for the therapeutic or prophylactic uses, put up in measured dosesor in the forms of packings for retail sale: other: other",111439.65,11566.1286974572
2022,october,import,united kingdom,30,pharmaceutical products,3002,"human blood; animal blood; antisera, etc; vaccines, toxins, etc",3002120000,"antisera, other blood fractions and immunological products, whether or not modified or obtained by means of biotechnological processes-antisera and other blood fractions",20191.69,2093.98006106788
2022,october,import,united kingdom,30,pharmaceutical products,3002,"human blood; animal blood; antisera, etc; vaccines, toxins, etc",3002150000,"antisera, other blood fractions and immunological products, whether or not modified or obtained by means of biotechnological processes -immunological products, put up in measured doses or in forms or packings for retail sale",3799.13,292.047568531587
2022,october,import,united kingdom,30,pharmaceutical products,3002,"human blood; animal blood; antisera, etc; vaccines, toxins, etc",3002190000,"antisera, other blood fractions and immunological products, whether or not modified or obtained by means of biotechnological processes --  other",496.01,50.6546160130719
2022,october,import,united kingdom,30,pharmaceutical products,3002,"human blood; animal blood; antisera, etc; vaccines, toxins, etc",3002300000,vaccines for veterinary medicine,16893.73,1298.60866624132
2022,october,import,united kingdom,30,pharmaceutical products,3003,"medicaments with >=2 constituents mixed together, not for retail sale",3003900000,"other medicaments with >=2 constituents, not for retail sale, nes",23958.12,1841.6148447649
2022,october,import,united kingdom,30,pharmaceutical products,3004,"medicaments of mixed or unmixed products, for retail sale",3004200000,"medicaments of other antibiotics, for retail sale",210.98,21.7001799948573
2022,october,import,united kingdom,30,pharmaceutical products,3004,"medicaments of mixed or unmixed products, for retail sale",3004390000,"medicaments of other hormones, for retail sale, nes",949935.31,78850.7623594266
2022,october,import,united kingdom,30,pharmaceutical products,3004,"medicaments of mixed or unmixed products, for retail sale",3004490000,"other, containing alkaloids or derivatives thereof :--  other",2226.88,207.83916541943
2022,october,import,united kingdom,30,pharmaceutical products,3004,"medicaments of mixed or unmixed products, for retail sale",3004902000,oral rehydration salt (ors),16252.54,1659.77736928105
2022,october,import,united kingdom,30,pharmaceutical products,3004,"medicaments of mixed or unmixed products, for retail sale",3004909000,"medicaments, consisting of mixed or unmixed products for the therapeutic or prophylactic uses, put up in measured dosesor in the forms of packings for retail sale: other: other",3301118.46,283891.500613204
2022,october,import,united states of america,30,pharmaceutical products,3001,"glands, etc, dried; extracts of glands, etc; heparin and its salts; etc",3001900000,"substances of human or animal origin,for prophylactic uses, nes",18149.11,1447.74507037887
2022,october,import,united states of america,30,pharmaceutical products,3002,"human blood; animal blood; antisera, etc; vaccines, toxins, etc",3002110000,"antisera, other blood fractions and immunological products, whether or not modified or obtained by means of biotechnological processes :-  malaria diagnostic kits",4869.36,505.251361867704
2022,october,import,united states of america,30,pharmaceutical products,3002,"human blood; animal blood; antisera, etc; vaccines, toxins, etc",3002120000,"antisera, other blood fractions and immunological products, whether or not modified or obtained by means of biotechnological processes-antisera and other blood fractions",88778.06,8280.25863588425
2022,october,import,united states of america,30,pharmaceutical products,3002,"human blood; animal blood; antisera, etc; vaccines, toxins, etc",3002130000,"antisera, other blood fractions and immunological products, whether or not modified or obtained by means of biotechnological processes -immunological products, unmixed, not put up in measured doses or in forms or packings for retail sale",2552.61,264.862256809339
2022,october,import,united states of america,30,pharmaceutical products,3002,"human blood; animal blood; antisera, etc; vaccines, toxins, etc",3002150000,"antisera, other blood fractions and immunological products, whether or not modified or obtained by means of biotechnological processes -immunological products, put up in measured doses or in forms or packings for retail sale",954028.1,97603.7868111395
2022,october,import,united states of america,30,pharmaceutical products,3002,"human blood; animal blood; antisera, etc; vaccines, toxins, etc",3002200000,vaccines for human medicine,19626.32,1826.04641139533
2022,october,import,united states of america,30,pharmaceutical products,3002,"human blood; animal blood; antisera, etc; vaccines, toxins, etc",3002909000,other (vaccines for veterinary medicine),4407.62,389.596315840648
2022,october,import,united states of america,30,pharmaceutical products,3004,"medicaments of mixed or unmixed products, for retail sale",3004909000,"medicaments, consisting of mixed or unmixed products for the therapeutic or prophylactic uses, put up in measured dosesor in the forms of packings for retail sale: other: other",755623.27,66395.0790644995
2022,october,import,united states of america,30,pharmaceutical products,3005,"wadding, gauze, etc with pharmaceutical substances or for retail sale",3005900000,"wadding, gauze, etc with pharmaceutical substances for retail sale, nes",32404.51,2503.59520549159
2022,october,import,united states of america,30,pharmaceutical products,3006,pharmaceutical goods specified in note 3 to this chapter,3006100000,materials for surgical sutures; laminaria absorbable haemostatics,15811.54,1224.47244924966
2022,october,import,united states of america,30,pharmaceutical products,3006,pharmaceutical goods specified in note 3 to this chapter,3006400000,dental cements and other dental fillings; bone reconstruction cements,31207.61,2479.03738302909
2022,october,import,united states of america,30,pharmaceutical products,3006,pharmaceutical goods specified in note 3 to this chapter,3006500000,first-aid boxes and kits,592.12,45.5151314828623
2022,october,import,united states of america,30,pharmaceutical products,3006,pharmaceutical goods specified in note 3 to this chapter,3006910000,appliances identifiable for ostomy use,321.95,25.6928982419178
2022,november,import,austria,30,pharmaceutical products,3002,"human blood; animal blood; antisera, etc; vaccines, toxins, etc",3002190000,"antisera, other blood fractions and immunological products, whether or not modified or obtained by means of biotechnological processes --  other",3275.64,249.961082368023
2022,november,import,bangladesh,30,pharmaceutical products,3004,"medicaments of mixed or unmixed products, for retail sale",3004909000,"medicaments, consisting of mixed or unmixed products for the therapeutic or prophylactic uses, put up in measured dosesor in the forms of packings for retail sale: other: other",21655.63,1663.52714339486
2022,november,import,belarus,30,pharmaceutical products,3005,"wadding, gauze, etc with pharmaceutical substances or for retail sale",3005900000,"wadding, gauze, etc with pharmaceutical substances for retail sale, nes",2226.55,169.896911936392
2022,november,import,belgium,30,pharmaceutical products,3002,"human blood; animal blood; antisera, etc; vaccines, toxins, etc",3002110000,"antisera, other blood fractions and immunological products, whether or not modified or obtained by means of biotechnological processes :-  malaria diagnostic kits",547171.4,42063.5752832829
2022,november,import,belgium,30,pharmaceutical products,3002,"human blood; animal blood; antisera, etc; vaccines, toxins, etc",3002300000,vaccines for veterinary medicine,215080.32,16412.3313595019
2022,november,import,belgium,30,pharmaceutical products,3004,"medicaments of mixed or unmixed products, for retail sale",3004909000,"medicaments, consisting of mixed or unmixed products for the therapeutic or prophylactic uses, put up in measured dosesor in the forms of packings for retail sale: other: other",6772693.33,517572.583976653
2022,november,import,belgium,30,pharmaceutical products,3006,pharmaceutical goods specified in note 3 to this chapter,3006600000,chemical contraceptive preparations based on hormones or spermicides,2339246.48,179518.043011222
2022,november,import,canada,30,pharmaceutical products,3004,"medicaments of mixed or unmixed products, for retail sale",3004390000,"medicaments of other hormones, for retail sale, nes",713261.79,54817.2120352107
2022,november,import,canada,30,pharmaceutical products,3005,"wadding, gauze, etc with pharmaceutical substances or for retail sale",3005900000,"wadding, gauze, etc with pharmaceutical substances for retail sale, nes",2485.05,190.339233603199
2022,november,import,china,30,pharmaceutical products,3002,"human blood; animal blood; antisera, etc; vaccines, toxins, etc",3002200000,vaccines for human medicine,924.65,70.687032237843
2022,november,import,china,30,pharmaceutical products,3004,"medicaments of mixed or unmixed products, for retail sale",3004100000,medicaments of penicillins... or streptomycins for retail sale,113689.19,8694.55945671044
2022,november,import,china,30,pharmaceutical products,3004,"medicaments of mixed or unmixed products, for retail sale",3004500000,"medicaments of vitamins or other of 29.36 for retail sale - other, nes",1393.02,106.293588902285
2022,november,import,china,30,pharmaceutical products,3004,"medicaments of mixed or unmixed products, for retail sale",3004909000,"medicaments, consisting of mixed or unmixed products for the therapeutic or prophylactic uses, put up in measured dosesor in the forms of packings for retail sale: other: other",3357611.05,257838.076363079
2022,november,import,china,30,pharmaceutical products,3005,"wadding, gauze, etc with pharmaceutical substances or for retail sale",3005100000,adhesive dressings for medical... purposes,111915.67,8540.33225042373
2022,november,import,china,30,pharmaceutical products,3005,"wadding, gauze, etc with pharmaceutical substances or for retail sale",3005900000,"wadding, gauze, etc with pharmaceutical substances for retail sale, nes",1170497.19,89484.5341599345
2022,november,import,côte d’ivoire,30,pharmaceutical products,3004,"medicaments of mixed or unmixed products, for retail sale",3004909000,"medicaments, consisting of mixed or unmixed products for the therapeutic or prophylactic uses, put up in measured dosesor in the forms of packings for retail sale: other: other",16717.97,1275.75241903483
2022,november,import,denmark,30,pharmaceutical products,3004,"medicaments of mixed or unmixed products, for retail sale",3004909000,"medicaments, consisting of mixed or unmixed products for the therapeutic or prophylactic uses, put up in measured dosesor in the forms of packings for retail sale: other: other",9613.0,733.531220669816
2022,november,import,egypt,30,pharmaceutical products,3002,"human blood; animal blood; antisera, etc; vaccines, toxins, etc",3002909000,other (vaccines for veterinary medicine),1617.25,123.400505123725
2022,november,import,egypt,30,pharmaceutical products,3004,"medicaments of mixed or unmixed products, for retail sale",3004909000,"medicaments, consisting of mixed or unmixed products for the therapeutic or prophylactic uses, put up in measured dosesor in the forms of packings for retail sale: other: other",110686.33,8459.5943219871
2022,november,import,france,30,pharmaceutical products,3002,"human blood; animal blood; antisera, etc; vaccines, toxins, etc",3002190000,"antisera, other blood fractions and immunological products, whether or not modified or obtained by means of biotechnological processes --  other",33793.46,2584.40795662249
2022,november,import,france,30,pharmaceutical products,3002,"human blood; animal blood; antisera, etc; vaccines, toxins, etc",3002200000,vaccines for human medicine,16278.56,1242.10719081919
2022,november,import,france,30,pharmaceutical products,3002,"human blood; animal blood; antisera, etc; vaccines, toxins, etc",3002300000,vaccines for veterinary medicine,2413446.25,184854.835744759
2022,november,import,france,30,pharmaceutical products,3004,"medicaments of mixed or unmixed products, for retail sale",3004100000,medicaments of penicillins... or streptomycins for retail sale,307691.5,23522.5561323171
2022,november,import,france,30,pharmaceutical products,3004,"medicaments of mixed or unmixed products, for retail sale",3004200000,"medicaments of other antibiotics, for retail sale",3559803.98,272460.801842186
2022,november,import,france,30,pharmaceutical products,3004,"medicaments of mixed or unmixed products, for retail sale",3004310000,"medicaments of insulin, for retail sale",333958.18,25482.2921674106
2022,november,import,france,30,pharmaceutical products,3004,"medicaments of mixed or unmixed products, for retail sale",3004500000,"medicaments of vitamins or other of 29.36 for retail sale - other, nes",933923.84,71263.0645616659
2022,november,import,france,30,pharmaceutical products,3004,"medicaments of mixed or unmixed products, for retail sale",3004909000,"medicaments, consisting of mixed or unmixed products for the therapeutic or prophylactic uses, put up in measured dosesor in the forms of packings for retail sale: other: other",11736026.92,899207.001330722
2022,november,import,france,30,pharmaceutical products,3006,pharmaceutical goods specified in note 3 to this chapter,3006500000,first-aid boxes and kits,47781.99,3673.22073768853
2022,november,import,germany,30,pharmaceutical products,3002,"human blood; animal blood; antisera, etc; vaccines, toxins, etc",3002150000,"antisera, other blood fractions and immunological products, whether or not modified or obtained by means of biotechnological processes -immunological products, put up in measured doses or in forms or packings for retail sale",11855.35,909.459969891094
2022,november,import,germany,30,pharmaceutical products,3002,"human blood; animal blood; antisera, etc; vaccines, toxins, etc",3002901000,ferments,53899.06,4114.78234107835
2022,november,import,germany,30,pharmaceutical products,3004,"medicaments of mixed or unmixed products, for retail sale",3004200000,"medicaments of other antibiotics, for retail sale",664348.23,50955.1561217681
2022,november,import,germany,30,pharmaceutical products,3004,"medicaments of mixed or unmixed products, for retail sale",3004310000,"medicaments of insulin, for retail sale",227729.58,17376.5092784764
2022,november,import,germany,30,pharmaceutical products,3004,"medicaments of mixed or unmixed products, for retail sale",3004390000,"medicaments of other hormones, for retail sale, nes",12222.17,932.662576499855
2022,november,import,germany,30,pharmaceutical products,3004,"medicaments of mixed or unmixed products, for retail sale",3004909000,"medicaments, consisting of mixed or unmixed products for the therapeutic or prophylactic uses, put up in measured dosesor in the forms of packings for retail sale: other: other",4264139.57,326020.695361482
2022,november,import,germany,30,pharmaceutical products,3005,"wadding, gauze, etc with pharmaceutical substances or for retail sale",3005100000,adhesive dressings for medical... purposes,2348.22,179.360472349416
2022,november,import,germany,30,pharmaceutical products,3005,"wadding, gauze, etc with pharmaceutical substances or for retail sale",3005900000,"wadding, gauze, etc with pharmaceutical substances for retail sale, nes",3926.21,300.201401882386
2022,november,import,germany,30,pharmaceutical products,3006,pharmaceutical goods specified in note 3 to this chapter,3006500000,first-aid boxes and kits,1772.92,135.586842970656
2022,november,import,germany,30,pharmaceutical products,3006,pharmaceutical goods specified in note 3 to this chapter,3006600000,chemical contraceptive preparations based on hormones or spermicides,1561902.09,119179.130136202
2022,november,import,hong kong,30,pharmaceutical products,3002,"human blood; animal blood; antisera, etc; vaccines, toxins, etc",3002300000,vaccines for veterinary medicine,6091.84,464.83079623059
2022,november,import,hong kong,30,pharmaceutical products,3004,"medicaments of mixed or unmixed products, for retail sale",3004320000,"medicaments of adrenal cortex hormones, for retail sale",28423.01,2173.69435373473
2022,november,import,hungary,30,pharmaceutical products,3004,"medicaments of mixed or unmixed products, for retail sale",3004909000,"medicaments, consisting of mixed or unmixed products for the therapeutic or prophylactic uses, put up in measured dosesor in the forms of packings for retail sale: other: other",38899.6,2990.39067665011
2022,november,import,india,30,pharmaceutical products,3001,"glands, etc, dried; extracts of glands, etc; heparin and its salts; etc",3001200000,extracts of glands or other organs or of their secretions,88428.37,6782.40897690579
2022,november,import,india,30,pharmaceutical products,3002,"human blood; animal blood; antisera, etc; vaccines, toxins, etc",3002200000,vaccines for human medicine,374341.56,28565.6609129619
2022,november,import,india,30,pharmaceutical products,3003,"medicaments with >=2 constituents mixed together, not for retail sale",3003200000,"medicaments of other antibiotics, not for retail sale",1430.26,109.133500183128
2022,november,import,india,30,pharmaceutical products,3003,"medicaments with >=2 constituents mixed together, not for retail sale",3003490000,"medicaments (exc 30.02, 30.05 or 30.06) consisting of two or more constituents for therapeutic or prophylactic uses, not in measured doses or forms or packings, other containing alkaloids or derivatives thereof, other",665752.1,51174.696757729
2022,november,import,india,30,pharmaceutical products,3003,"medicaments with >=2 constituents mixed together, not for retail sale",3003900000,"other medicaments with >=2 constituents, not for retail sale, nes",700418.39,53445.9166531367
2022,november,import,india,30,pharmaceutical products,3004,"medicaments of mixed or unmixed products, for retail sale",3004100000,medicaments of penicillins... or streptomycins for retail sale,1458192.35,111393.248407
2022,november,import,india,30,pharmaceutical products,3004,"medicaments of mixed or unmixed products, for retail sale",3004200000,"medicaments of other antibiotics, for retail sale",7818210.64,597211.196544422
2022,november,import,india,30,pharmaceutical products,3004,"medicaments of mixed or unmixed products, for retail sale",3004320000,"medicaments of adrenal cortex hormones, for retail sale",49460.59,3793.60096334532
2022,november,import,india,30,pharmaceutical products,3004,"medicaments of mixed or unmixed products, for retail sale",3004390000,"medicaments of other hormones, for retail sale, nes",412518.26,31596.309714382
2022,november,import,india,30,pharmaceutical products,3004,"medicaments of mixed or unmixed products, for retail sale",3004490000,"other, containing alkaloids or derivatives thereof :--  other",2593.59,197.897861235951
2022,november,import,india,30,pharmaceutical products,3004,"medicaments of mixed or unmixed products, for retail sale",3004500000,"medicaments of vitamins or other of 29.36 for retail sale - other, nes",7256388.93,555380.809259833
2022,november,import,india,30,pharmaceutical products,3004,"medicaments of mixed or unmixed products, for retail sale",3004600000,"- other, containing antimalarial active principles described in subheading note 2 to this chapter",3030710.09,231838.658795785
2022,november,import,india,30,pharmaceutical products,3004,"medicaments of mixed or unmixed products, for retail sale",3004902000,oral rehydration salt (ors),60041.42,4590.00680381319
2022,november,import,india,30,pharmaceutical products,3004,"medicaments of mixed or unmixed products, for retail sale",3004909000,"medicaments, consisting of mixed or unmixed products for the therapeutic or prophylactic uses, put up in measured dosesor in the forms of packings for retail sale: other: other",172956071.49,13227944.6385282
2022,november,import,india,30,pharmaceutical products,3006,pharmaceutical goods specified in note 3 to this chapter,3006500000,first-aid boxes and kits,1413.6,107.863110907634
2022,november,import,india,30,pharmaceutical products,3006,pharmaceutical goods specified in note 3 to this chapter,3006600000,chemical contraceptive preparations based on hormones or spermicides,3490349.13,266474.968791622
2022,november,import,ireland,30,pharmaceutical products,3002,"human blood; animal blood; antisera, etc; vaccines, toxins, etc",3002150000,"antisera, other blood fractions and immunological products, whether or not modified or obtained by means of biotechnological processes -immunological products, put up in measured doses or in forms or packings for retail sale",2461.74,189.104233401701
2022,november,import,ireland,30,pharmaceutical products,3004,"medicaments of mixed or unmixed products, for retail sale",3004909000,"medicaments, consisting of mixed or unmixed products for the therapeutic or prophylactic uses, put up in measured dosesor in the forms of packings for retail sale: other: other",655279.7,50002.6676790609
2022,november,import,ireland,30,pharmaceutical products,3006,pharmaceutical goods specified in note 3 to this chapter,3006300000,opacifying preparations for x-ray examinations; diagnostic reagents...,1822103.59,139137.548202845
2022,november,import,italy,30,pharmaceutical products,3002,"human blood; animal blood; antisera, etc; vaccines, toxins, etc",3002300000,vaccines for veterinary medicine,166372.29,12753.5321613422
2022,november,import,italy,30,pharmaceutical products,3004,"medicaments of mixed or unmixed products, for retail sale",3004100000,medicaments of penicillins... or streptomycins for retail sale,598282.36,45992.0020909566
2022,november,import,italy,30,pharmaceutical products,3004,"medicaments of mixed or unmixed products, for retail sale",3004200000,"medicaments of other antibiotics, for retail sale",679009.62,52007.993984984
2022,november,import,italy,30,pharmaceutical products,3004,"medicaments of mixed or unmixed products, for retail sale",3004390000,"medicaments of other hormones, for retail sale, nes",395914.28,30239.4089195523
2022,november,import,italy,30,pharmaceutical products,3004,"medicaments of mixed or unmixed products, for retail sale",3004909000,"medicaments, consisting of mixed or unmixed products for the therapeutic or prophylactic uses, put up in measured dosesor in the forms of packings for retail sale: other: other",2472176.93,189349.152279155
2022,november,import,italy,30,pharmaceutical products,3006,pharmaceutical goods specified in note 3 to this chapter,3006300000,opacifying preparations for x-ray examinations; diagnostic reagents...,93438.73,7130.22373822932
2022,november,import,japan,30,pharmaceutical products,3004,"medicaments of mixed or unmixed products, for retail sale",3004909000,"medicaments, consisting of mixed or unmixed products for the therapeutic or prophylactic uses, put up in measured dosesor in the forms of packings for retail sale: other: other",365803.34,27914.5432068618
2022,november,import,japan,30,pharmaceutical products,3005,"wadding, gauze, etc with pharmaceutical substances or for retail sale",3005100000,adhesive dressings for medical... purposes,70.68,5.40536406671816
2022,november,import,jordan,30,pharmaceutical products,3004,"medicaments of mixed or unmixed products, for retail sale",3004200000,"medicaments of other antibiotics, for retail sale",823623.13,62849.9252170993
2022,november,import,jordan,30,pharmaceutical products,3004,"medicaments of mixed or unmixed products, for retail sale",3004500000,"medicaments of vitamins or other of 29.36 for retail sale - other, nes",333070.64,25416.3148817972
2022,november,import,jordan,30,pharmaceutical products,3004,"medicaments of mixed or unmixed products, for retail sale",3004909000,"medicaments, consisting of mixed or unmixed products for the therapeutic or prophylactic uses, put up in measured dosesor in the forms of packings for retail sale: other: other",158497.34,12094.7865634968
2022,november,import,liberia,30,pharmaceutical products,3004,"medicaments of mixed or unmixed products, for retail sale",3004909000,"medicaments, consisting of mixed or unmixed products for the therapeutic or prophylactic uses, put up in measured dosesor in the forms of packings for retail sale: other: other",27211.71,2076.50061810357
2022,november,import,malaysia,30,pharmaceutical products,3004,"medicaments of mixed or unmixed products, for retail sale",3004909000,"medicaments, consisting of mixed or unmixed products for the therapeutic or prophylactic uses, put up in measured dosesor in the forms of packings for retail sale: other: other",1198660.86,91578.2981133749
2022,november,import,mexico,30,pharmaceutical products,3004,"medicaments of mixed or unmixed products, for retail sale",3004909000,"medicaments, consisting of mixed or unmixed products for the therapeutic or prophylactic uses, put up in measured dosesor in the forms of packings for retail sale: other: other",173944.98,13347.5011675429
2022,november,import,netherlands,30,pharmaceutical products,3004,"medicaments of mixed or unmixed products, for retail sale",3004200000,"medicaments of other antibiotics, for retail sale",464765.0,35462.8138901394
2022,november,import,netherlands,30,pharmaceutical products,3004,"medicaments of mixed or unmixed products, for retail sale",3004909000,"medicaments, consisting of mixed or unmixed products for the therapeutic or prophylactic uses, put up in measured dosesor in the forms of packings for retail sale: other: other",30965.43,2375.23117270536
2022,november,import,netherlands,30,pharmaceutical products,3006,pharmaceutical goods specified in note 3 to this chapter,3006100000,materials for surgical sutures; laminaria absorbable haemostatics,18353.29,1410.87989299222
2022,november,import,netherlands,30,pharmaceutical products,3006,pharmaceutical goods specified in note 3 to this chapter,3006600000,chemical contraceptive preparations based on hormones or spermicides,907918.54,69279.258614901
2022,november,import,nigeria,30,pharmaceutical products,3004,"medicaments of mixed or unmixed products, for retail sale",3004909000,"medicaments, consisting of mixed or unmixed products for the therapeutic or prophylactic uses, put up in measured dosesor in the forms of packings for retail sale: other: other",12181.29,935.733874127164
2022,november,import,pakistan,30,pharmaceutical products,3004,"medicaments of mixed or unmixed products, for retail sale",3004909000,"medicaments, consisting of mixed or unmixed products for the therapeutic or prophylactic uses, put up in measured dosesor in the forms of packings for retail sale: other: other",838629.57,63999.9483872947
2022,november,import,qatar,30,pharmaceutical products,3004,"medicaments of mixed or unmixed products, for retail sale",3004909000,"medicaments, consisting of mixed or unmixed products for the therapeutic or prophylactic uses, put up in measured dosesor in the forms of packings for retail sale: other: other",563140.08,42973.1764646941
2022,november,import,singapore,30,pharmaceutical products,3004,"medicaments of mixed or unmixed products, for retail sale",3004909000,"medicaments, consisting of mixed or unmixed products for the therapeutic or prophylactic uses, put up in measured dosesor in the forms of packings for retail sale: other: other",556560.32,42769.4577635429
2022,november,import,singapore,30,pharmaceutical products,3006,pharmaceutical goods specified in note 3 to this chapter,3006500000,first-aid boxes and kits,1564.53,120.270748131976
2022,november,import,slovenia,30,pharmaceutical products,3004,"medicaments of mixed or unmixed products, for retail sale",3004200000,"medicaments of other antibiotics, for retail sale",5784306.74,443450.390423607
2022,november,import,slovenia,30,pharmaceutical products,3004,"medicaments of mixed or unmixed products, for retail sale",3004600000,"- other, containing antimalarial active principles described in subheading note 2 to this chapter",2354962.36,179707.759225909
2022,november,import,slovenia,30,pharmaceutical products,3004,"medicaments of mixed or unmixed products, for retail sale",3004909000,"medicaments, consisting of mixed or unmixed products for the therapeutic or prophylactic uses, put up in measured dosesor in the forms of packings for retail sale: other: other",3342931.8,255434.162795687
2022,november,import,south africa,30,pharmaceutical products,3002,"human blood; animal blood; antisera, etc; vaccines, toxins, etc",3002120000,"antisera, other blood fractions and immunological products, whether or not modified or obtained by means of biotechnological processes-antisera and other blood fractions",15124.97,1162.72581909872
2022,november,import,south africa,30,pharmaceutical products,3002,"human blood; animal blood; antisera, etc; vaccines, toxins, etc",3002150000,"antisera, other blood fractions and immunological products, whether or not modified or obtained by means of biotechnological processes -immunological products, put up in measured doses or in forms or packings for retail sale",18138.98,1394.25213451734
2022,november,import,south africa,30,pharmaceutical products,3002,"human blood; animal blood; antisera, etc; vaccines, toxins, etc",3002909000,other (vaccines for veterinary medicine),2123.41,163.114634464852
2022,november,import,south africa,30,pharmaceutical products,3004,"medicaments of mixed or unmixed products, for retail sale",3004490000,"other, containing alkaloids or derivatives thereof :--  other",8613.12,662.119861012884
2022,november,import,south africa,30,pharmaceutical products,3004,"medicaments of mixed or unmixed products, for retail sale",3004600000,"- other, containing antimalarial active principles described in subheading note 2 to this chapter",7654.53,584.083417269481
2022,november,import,south africa,30,pharmaceutical products,3004,"medicaments of mixed or unmixed products, for retail sale",3004909000,"medicaments, consisting of mixed or unmixed products for the therapeutic or prophylactic uses, put up in measured dosesor in the forms of packings for retail sale: other: other",2181693.4,167112.968780771
2022,november,import,spain,30,pharmaceutical products,3002,"human blood; animal blood; antisera, etc; vaccines, toxins, etc",3002120000,"antisera, other blood fractions and immunological products, whether or not modified or obtained by means of biotechnological processes-antisera and other blood fractions",24292.45,1853.59312049811
2022,november,import,spain,30,pharmaceutical products,3004,"medicaments of mixed or unmixed products, for retail sale",3004320000,"medicaments of adrenal cortex hormones, for retail sale",54058.09,4155.69333189834
2022,november,import,spain,30,pharmaceutical products,3004,"medicaments of mixed or unmixed products, for retail sale",3004500000,"medicaments of vitamins or other of 29.36 for retail sale - other, nes",45332.81,3459.30512949651
2022,november,import,spain,30,pharmaceutical products,3004,"medicaments of mixed or unmixed products, for retail sale",3004909000,"medicaments, consisting of mixed or unmixed products for the therapeutic or prophylactic uses, put up in measured dosesor in the forms of packings for retail sale: other: other",3987638.78,304908.896927783
2022,november,import,sweden,30,pharmaceutical products,3004,"medicaments of mixed or unmixed products, for retail sale",3004320000,"medicaments of adrenal cortex hormones, for retail sale",221912.99,16932.8784233266
2022,november,import,sweden,30,pharmaceutical products,3004,"medicaments of mixed or unmixed products, for retail sale",3004909000,"medicaments, consisting of mixed or unmixed products for the therapeutic or prophylactic uses, put up in measured dosesor in the forms of packings for retail sale: other: other",4481521.69,342210.907900784
2022,november,import,switzerland,30,pharmaceutical products,3002,"human blood; animal blood; antisera, etc; vaccines, toxins, etc",3002150000,"antisera, other blood fractions and immunological products, whether or not modified or obtained by means of biotechnological processes -immunological products, put up in measured doses or in forms or packings for retail sale",9962267.03,763047.130416134
2022,november,import,switzerland,30,pharmaceutical products,3004,"medicaments of mixed or unmixed products, for retail sale",3004200000,"medicaments of other antibiotics, for retail sale",6022413.78,462970.570870682
2022,november,import,switzerland,30,pharmaceutical products,3004,"medicaments of mixed or unmixed products, for retail sale",3004909000,"medicaments, consisting of mixed or unmixed products for the therapeutic or prophylactic uses, put up in measured dosesor in the forms of packings for retail sale: other: other",881488.35,67283.5416680389
2022,november,import,togo,30,pharmaceutical products,3003,"medicaments with >=2 constituents mixed together, not for retail sale",3003100000,medicaments ofpenicillins... or streptomycins not for retail sale,216.68,16.5709434914614
2022,november,import,togo,30,pharmaceutical products,3003,"medicaments with >=2 constituents mixed together, not for retail sale",3003900000,"other medicaments with >=2 constituents, not for retail sale, nes",2024.44,155.512025749161
2022,november,import,togo,30,pharmaceutical products,3004,"medicaments of mixed or unmixed products, for retail sale",3004390000,"medicaments of other hormones, for retail sale, nes",33048.31,2527.57650886115
2022,november,import,togo,30,pharmaceutical products,3004,"medicaments of mixed or unmixed products, for retail sale",3004909000,"medicaments, consisting of mixed or unmixed products for the therapeutic or prophylactic uses, put up in measured dosesor in the forms of packings for retail sale: other: other",966.45,73.972004537238
2022,november,import,türkiye,30,pharmaceutical products,3004,"medicaments of mixed or unmixed products, for retail sale",3004600000,"- other, containing antimalarial active principles described in subheading note 2 to this chapter",116017.94,8918.83119878231
2022,november,import,türkiye,30,pharmaceutical products,3004,"medicaments of mixed or unmixed products, for retail sale",3004909000,"medicaments, consisting of mixed or unmixed products for the therapeutic or prophylactic uses, put up in measured dosesor in the forms of packings for retail sale: other: other",603813.2,46173.4812103526
2022,november,import,united arab emirates,30,pharmaceutical products,3004,"medicaments of mixed or unmixed products, for retail sale",3004909000,"medicaments, consisting of mixed or unmixed products for the therapeutic or prophylactic uses, put up in measured dosesor in the forms of packings for retail sale: other: other",1984837.97,151535.034320341
2022,november,import,united kingdom,30,pharmaceutical products,3002,"human blood; animal blood; antisera, etc; vaccines, toxins, etc",3002120000,"antisera, other blood fractions and immunological products, whether or not modified or obtained by means of biotechnological processes-antisera and other blood fractions",10288.84,786.566468155374
2022,november,import,united kingdom,30,pharmaceutical products,3003,"medicaments with >=2 constituents mixed together, not for retail sale",3003900000,"other medicaments with >=2 constituents, not for retail sale, nes",3086.79,237.273817393577
2022,november,import,united kingdom,30,pharmaceutical products,3004,"medicaments of mixed or unmixed products, for retail sale",3004100000,medicaments of penicillins... or streptomycins for retail sale,12854.78,981.080352060206
2022,november,import,united kingdom,30,pharmaceutical products,3004,"medicaments of mixed or unmixed products, for retail sale",3004200000,"medicaments of other antibiotics, for retail sale",2588495.22,198694.565347678
2022,november,import,united kingdom,30,pharmaceutical products,3004,"medicaments of mixed or unmixed products, for retail sale",3004320000,"medicaments of adrenal cortex hormones, for retail sale",319789.1,24581.3873045644
2022,november,import,united kingdom,30,pharmaceutical products,3004,"medicaments of mixed or unmixed products, for retail sale",3004390000,"medicaments of other hormones, for retail sale, nes",4802.76,368.935081695204
2022,november,import,united kingdom,30,pharmaceutical products,3004,"medicaments of mixed or unmixed products, for retail sale",3004500000,"medicaments of vitamins or other of 29.36 for retail sale - other, nes",167756.55,12801.5437562956
2022,november,import,united kingdom,30,pharmaceutical products,3004,"medicaments of mixed or unmixed products, for retail sale",3004600000,"- other, containing antimalarial active principles described in subheading note 2 to this chapter",332280.06,25354.8255654244
2022,november,import,united kingdom,30,pharmaceutical products,3004,"medicaments of mixed or unmixed products, for retail sale",3004902000,oral rehydration salt (ors),16493.24,1261.34644651611
2022,november,import,united kingdom,30,pharmaceutical products,3004,"medicaments of mixed or unmixed products, for retail sale",3004909000,"medicaments, consisting of mixed or unmixed products for the therapeutic or prophylactic uses, put up in measured dosesor in the forms of packings for retail sale: other: other",3424513.97,261947.943450152
2022,november,import,united kingdom,30,pharmaceutical products,3005,"wadding, gauze, etc with pharmaceutical substances or for retail sale",3005100000,adhesive dressings for medical... purposes,3308.16,252.443870288614
2022,november,import,united kingdom,30,pharmaceutical products,3005,"wadding, gauze, etc with pharmaceutical substances or for retail sale",3005900000,"wadding, gauze, etc with pharmaceutical substances for retail sale, nes",161698.14,12339.9238045981
2022,november,import,united kingdom,30,pharmaceutical products,3006,pharmaceutical goods specified in note 3 to this chapter,3006500000,first-aid boxes and kits,23659.21,1818.10459541371
2022,november,import,united kingdom,30,pharmaceutical products,3006,pharmaceutical goods specified in note 3 to this chapter,3006700000,gel preparations designed to be used in human or vet medicine [?],1710.72,131.030415367765
2022,november,import,united states of america,30,pharmaceutical products,3001,"glands, etc, dried; extracts of glands, etc; heparin and its salts; etc",3001900000,"substances of human or animal origin,for prophylactic uses, nes",2880.87,221.445262656233
2022,november,import,united states of america,30,pharmaceutical products,3002,"human blood; animal blood; antisera, etc; vaccines, toxins, etc",3002120000,"antisera, other blood fractions and immunological products, whether or not modified or obtained by means of biotechnological processes-antisera and other blood fractions",14337.85,1102.11462480975
2022,november,import,united states of america,30,pharmaceutical products,3002,"human blood; animal blood; antisera, etc; vaccines, toxins, etc",3002130000,"antisera, other blood fractions and immunological products, whether or not modified or obtained by means of biotechnological processes -immunological products, unmixed, not put up in measured doses or in forms or packings for retail sale",14125.82,1077.87078510221
2022,november,import,united states of america,30,pharmaceutical products,3002,"human blood; animal blood; antisera, etc; vaccines, toxins, etc",3002150000,"antisera, other blood fractions and immunological products, whether or not modified or obtained by means of biotechnological processes -immunological products, put up in measured doses or in forms or packings for retail sale",12316.0,944.657025482764
2022,november,import,united states of america,30,pharmaceutical products,3002,"human blood; animal blood; antisera, etc; vaccines, toxins, etc",3002200000,vaccines for human medicine,115773.76,8899.23901179147
2022,november,import,united states of america,30,pharmaceutical products,3004,"medicaments of mixed or unmixed products, for retail sale",3004100000,medicaments of penicillins... or streptomycins for retail sale,970.42,74.047904283
2022,november,import,united states of america,30,pharmaceutical products,3004,"medicaments of mixed or unmixed products, for retail sale",3004320000,"medicaments of adrenal cortex hormones, for retail sale",131.46,10.031745062727
2022,november,import,united states of america,30,pharmaceutical products,3004,"medicaments of mixed or unmixed products, for retail sale",3004410000,"other, containing alkaloids or derivatives thereof :--  containing ephedrine or its salts",1940.84,148.095808566
2022,november,import,united states of america,30,pharmaceutical products,3004,"medicaments of mixed or unmixed products, for retail sale",3004430000,"other, containing alkaloids or derivatives thereof :--  containing norephedrine or its salts",262.92,20.0631839201502
2022,november,import,united states of america,30,pharmaceutical products,3004,"medicaments of mixed or unmixed products, for retail sale",3004490000,"other, containing alkaloids or derivatives thereof :--  other",8514.02,652.440135154756
2022,november,import,united states of america,30,pharmaceutical products,3004,"medicaments of mixed or unmixed products, for retail sale",3004500000,"medicaments of vitamins or other of 29.36 for retail sale - other, nes",1288.14,98.9220151863874
2022,november,import,united states of america,30,pharmaceutical products,3004,"medicaments of mixed or unmixed products, for retail sale",3004600000,"- other, containing antimalarial active principles described in subheading note 2 to this chapter",289.17,22.1791852982459
2022,november,import,united states of america,30,pharmaceutical products,3004,"medicaments of mixed or unmixed products, for retail sale",3004909000,"medicaments, consisting of mixed or unmixed products for the therapeutic or prophylactic uses, put up in measured dosesor in the forms of packings for retail sale: other: other",797960.45,60891.5201931354
2022,november,import,united states of america,30,pharmaceutical products,3005,"wadding, gauze, etc with pharmaceutical substances or for retail sale",3005100000,adhesive dressings for medical... purposes,2903.35,222.242625987017
2022,november,import,united states of america,30,pharmaceutical products,3005,"wadding, gauze, etc with pharmaceutical substances or for retail sale",3005900000,"wadding, gauze, etc with pharmaceutical substances for retail sale, nes",12423.27,951.212243525305
2022,november,import,united states of america,30,pharmaceutical products,3006,pharmaceutical goods specified in note 3 to this chapter,3006100000,materials for surgical sutures; laminaria absorbable haemostatics,3308.02,252.418487176944
2022,november,import,united states of america,30,pharmaceutical products,3006,pharmaceutical goods specified in note 3 to this chapter,3006400000,dental cements and other dental fillings; bone reconstruction cements,1036.5,79.0901391040266
2022,november,import,united states of america,30,pharmaceutical products,3006,pharmaceutical goods specified in note 3 to this chapter,3006500000,first-aid boxes and kits,791.99,60.4344897476524
2022,november,import,united states of america,30,pharmaceutical products,3006,pharmaceutical goods specified in note 3 to this chapter,3006700000,gel preparations designed to be used in human or vet medicine [?],404.25,30.8689111693151
2022,december,import,australia,30,pharmaceutical products,3006,pharmaceutical goods specified in note 3 to this chapter,3006500000,first-aid boxes and kits,2620.32,203.125581395349
2022,december,import,bangladesh,30,pharmaceutical products,3004,"medicaments of mixed or unmixed products, for retail sale",3004909000,"medicaments, consisting of mixed or unmixed products for the therapeutic or prophylactic uses, put up in measured dosesor in the forms of packings for retail sale: other: other",889604.92,103731.916977612
2022,december,import,belgium,30,pharmaceutical products,3002,"human blood; animal blood; antisera, etc; vaccines, toxins, etc",3002200000,vaccines for human medicine,13073177.33,1013817.55176425
2022,december,import,belgium,30,pharmaceutical products,3004,"medicaments of mixed or unmixed products, for retail sale",3004320000,"medicaments of adrenal cortex hormones, for retail sale",79089.21,9875.04182794356
2022,december,import,belgium,30,pharmaceutical products,3004,"medicaments of mixed or unmixed products, for retail sale",3004909000,"medicaments, consisting of mixed or unmixed products for the therapeutic or prophylactic uses, put up in measured dosesor in the forms of packings for retail sale: other: other",4598707.06,444597.169975117
2022,december,import,canada,30,pharmaceutical products,3004,"medicaments of mixed or unmixed products, for retail sale",3004390000,"medicaments of other hormones, for retail sale, nes",91335.71,11415.250652557
2022,december,import,china,30,pharmaceutical products,3002,"human blood; animal blood; antisera, etc; vaccines, toxins, etc",3002300000,vaccines for veterinary medicine,68314.86,5439.94744386049
2022,december,import,china,30,pharmaceutical products,3003,"medicaments with >=2 constituents mixed together, not for retail sale",3003900000,"other medicaments with >=2 constituents, not for retail sale, nes",542.35,67.7175677362967
2022,december,import,china,30,pharmaceutical products,3004,"medicaments of mixed or unmixed products, for retail sale",3004200000,"medicaments of other antibiotics, for retail sale",1845697.43,143200.605367689
2022,december,import,china,30,pharmaceutical products,3004,"medicaments of mixed or unmixed products, for retail sale",3004310000,"medicaments of insulin, for retail sale",297.24,37.113247596454
2022,december,import,china,30,pharmaceutical products,3004,"medicaments of mixed or unmixed products, for retail sale",3004500000,"medicaments of vitamins or other of 29.36 for retail sale - other, nes",2015.39,251.640654263953
2022,december,import,china,30,pharmaceutical products,3004,"medicaments of mixed or unmixed products, for retail sale",3004909000,"medicaments, consisting of mixed or unmixed products for the therapeutic or prophylactic uses, put up in measured dosesor in the forms of packings for retail sale: other: other",876036.2,85932.8427752578
2022,december,import,china,30,pharmaceutical products,3005,"wadding, gauze, etc with pharmaceutical substances or for retail sale",3005100000,adhesive dressings for medical... purposes,120516.18,10238.407069441
2022,december,import,china,30,pharmaceutical products,3005,"wadding, gauze, etc with pharmaceutical substances or for retail sale",3005900000,"wadding, gauze, etc with pharmaceutical substances for retail sale, nes",929246.07,76026.8495315612
2022,december,import,china,30,pharmaceutical products,3006,pharmaceutical goods specified in note 3 to this chapter,3006500000,first-aid boxes and kits,36170.71,4350.05532170776
2022,december,import,denmark,30,pharmaceutical products,3002,"human blood; animal blood; antisera, etc; vaccines, toxins, etc",3002901000,ferments,19584.81,2358.19506321493
2022,december,import,dominican republic,30,pharmaceutical products,3006,pharmaceutical goods specified in note 3 to this chapter,3006100000,materials for surgical sutures; laminaria absorbable haemostatics,5438.87,654.103427540589
2022,december,import,egypt,30,pharmaceutical products,3004,"medicaments of mixed or unmixed products, for retail sale",3004909000,"medicaments, consisting of mixed or unmixed products for the therapeutic or prophylactic uses, put up in measured dosesor in the forms of packings for retail sale: other: other",265355.26,26118.7893038979
2022,december,import,eswatini,30,pharmaceutical products,3004,"medicaments of mixed or unmixed products, for retail sale",3004909000,"medicaments, consisting of mixed or unmixed products for the therapeutic or prophylactic uses, put up in measured dosesor in the forms of packings for retail sale: other: other",5635.37,703.629666625047
2022,december,import,ethiopia,30,pharmaceutical products,3003,"medicaments with >=2 constituents mixed together, not for retail sale",3003200000,"medicaments of other antibiotics, not for retail sale",50066.52,6251.28230740417
2022,december,import,france,30,pharmaceutical products,3002,"human blood; animal blood; antisera, etc; vaccines, toxins, etc",3002120000,"antisera, other blood fractions and immunological products, whether or not modified or obtained by means of biotechnological processes-antisera and other blood fractions",68876.87,8580.63099507938
2022,december,import,france,30,pharmaceutical products,3002,"human blood; animal blood; antisera, etc; vaccines, toxins, etc",3002200000,vaccines for human medicine,88286.18,10630.4852498495
2022,december,import,france,30,pharmaceutical products,3002,"human blood; animal blood; antisera, etc; vaccines, toxins, etc",3002300000,vaccines for veterinary medicine,69752.17,5323.0084173414
2022,december,import,france,30,pharmaceutical products,3002,"human blood; animal blood; antisera, etc; vaccines, toxins, etc",3002901000,ferments,20081.81,2485.92078688197
2022,december,import,france,30,pharmaceutical products,3002,"human blood; animal blood; antisera, etc; vaccines, toxins, etc",3002909000,other (vaccines for veterinary medicine),25055.06,3125.27082064025
2022,december,import,france,30,pharmaceutical products,3004,"medicaments of mixed or unmixed products, for retail sale",3004100000,medicaments of penicillins... or streptomycins for retail sale,3834.19,479.213848268966
2022,december,import,france,30,pharmaceutical products,3004,"medicaments of mixed or unmixed products, for retail sale",3004200000,"medicaments of other antibiotics, for retail sale",3239855.96,393633.961608552
2022,december,import,france,30,pharmaceutical products,3004,"medicaments of mixed or unmixed products, for retail sale",3004320000,"medicaments of adrenal cortex hormones, for retail sale",12868.35,1549.4701986755
2022,december,import,france,30,pharmaceutical products,3004,"medicaments of mixed or unmixed products, for retail sale",3004909000,"medicaments, consisting of mixed or unmixed products for the therapeutic or prophylactic uses, put up in measured dosesor in the forms of packings for retail sale: other: other",6719571.88,631746.351771918
2022,december,import,france,30,pharmaceutical products,3006,pharmaceutical goods specified in note 3 to this chapter,3006500000,first-aid boxes and kits,3644.19,455.011861655637
2022,december,import,germany,30,pharmaceutical products,3002,"human blood; animal blood; antisera, etc; vaccines, toxins, etc",3002120000,"antisera, other blood fractions and immunological products, whether or not modified or obtained by means of biotechnological processes-antisera and other blood fractions",4040.73,486.659038901602
2022,december,import,germany,30,pharmaceutical products,3002,"human blood; animal blood; antisera, etc; vaccines, toxins, etc",3002150000,"antisera, other blood fractions and immunological products, whether or not modified or obtained by means of biotechnological processes -immunological products, put up in measured doses or in forms or packings for retail sale",6906.6,832.120481927711
2022,december,import,germany,30,pharmaceutical products,3002,"human blood; animal blood; antisera, etc; vaccines, toxins, etc",3002901000,ferments,2033.3,254.130733658293
2022,december,import,germany,30,pharmaceutical products,3004,"medicaments of mixed or unmixed products, for retail sale",3004200000,"medicaments of other antibiotics, for retail sale",380888.91,29526.2720930233
2022,december,import,germany,30,pharmaceutical products,3004,"medicaments of mixed or unmixed products, for retail sale",3004390000,"medicaments of other hormones, for retail sale, nes",1385395.88,173152.840894888
2022,december,import,germany,30,pharmaceutical products,3004,"medicaments of mixed or unmixed products, for retail sale",3004909000,"medicaments, consisting of mixed or unmixed products for the therapeutic or prophylactic uses, put up in measured dosesor in the forms of packings for retail sale: other: other",2144750.06,192755.537121285
2022,december,import,germany,30,pharmaceutical products,3005,"wadding, gauze, etc with pharmaceutical substances or for retail sale",3005100000,adhesive dressings for medical... purposes,25656.93,2758.80967741935
2022,december,import,germany,30,pharmaceutical products,3006,pharmaceutical goods specified in note 3 to this chapter,3006400000,dental cements and other dental fillings; bone reconstruction cements,38933.61,4682.33433553818
2022,december,import,hong kong,30,pharmaceutical products,3005,"wadding, gauze, etc with pharmaceutical substances or for retail sale",3005900000,"wadding, gauze, etc with pharmaceutical substances for retail sale, nes",5389.76,417.972857696782
2022,december,import,india,30,pharmaceutical products,3002,"human blood; animal blood; antisera, etc; vaccines, toxins, etc",3002110000,"antisera, other blood fractions and immunological products, whether or not modified or obtained by means of biotechnological processes :-  malaria diagnostic kits",164871.42,19856.8493315669
2022,december,import,india,30,pharmaceutical products,3002,"human blood; animal blood; antisera, etc; vaccines, toxins, etc",3002200000,vaccines for human medicine,14477735.85,1154884.07033247
2022,december,import,india,30,pharmaceutical products,3003,"medicaments with >=2 constituents mixed together, not for retail sale",3003900000,"other medicaments with >=2 constituents, not for retail sale, nes",51105.29,3963.49961093274
2022,december,import,india,30,pharmaceutical products,3004,"medicaments of mixed or unmixed products, for retail sale",3004100000,medicaments of penicillins... or streptomycins for retail sale,1420117.03,163623.085247511
2022,december,import,india,30,pharmaceutical products,3004,"medicaments of mixed or unmixed products, for retail sale",3004200000,"medicaments of other antibiotics, for retail sale",2987870.1,327151.985361312
2022,december,import,india,30,pharmaceutical products,3004,"medicaments of mixed or unmixed products, for retail sale",3004320000,"medicaments of adrenal cortex hormones, for retail sale",11122.54,850.126114007062
2022,december,import,india,30,pharmaceutical products,3004,"medicaments of mixed or unmixed products, for retail sale",3004390000,"medicaments of other hormones, for retail sale, nes",382562.17,41122.9442366948
2022,december,import,india,30,pharmaceutical products,3004,"medicaments of mixed or unmixed products, for retail sale",3004500000,"medicaments of vitamins or other of 29.36 for retail sale - other, nes",3188789.13,270912.725911164
2022,december,import,india,30,pharmaceutical products,3004,"medicaments of mixed or unmixed products, for retail sale",3004600000,"- other, containing antimalarial active principles described in subheading note 2 to this chapter",6434862.02,749608.288329438
2022,december,import,india,30,pharmaceutical products,3004,"medicaments of mixed or unmixed products, for retail sale",3004909000,"medicaments, consisting of mixed or unmixed products for the therapeutic or prophylactic uses, put up in measured dosesor in the forms of packings for retail sale: other: other",46777974.76,4781333.56191075
2022,december,import,india,30,pharmaceutical products,3005,"wadding, gauze, etc with pharmaceutical substances or for retail sale",3005900000,"wadding, gauze, etc with pharmaceutical substances for retail sale, nes",268670.6,20535.2278459728
2022,december,import,india,30,pharmaceutical products,3006,pharmaceutical goods specified in note 3 to this chapter,3006100000,materials for surgical sutures; laminaria absorbable haemostatics,2732.03,237.567826086957
2022,december,import,india,30,pharmaceutical products,3006,pharmaceutical goods specified in note 3 to this chapter,3006400000,dental cements and other dental fillings; bone reconstruction cements,46007.73,5643.96816269285
2022,december,import,india,30,pharmaceutical products,3006,pharmaceutical goods specified in note 3 to this chapter,3006600000,chemical contraceptive preparations based on hormones or spermicides,864051.27,107952.432533733
2022,december,import,ireland,30,pharmaceutical products,3004,"medicaments of mixed or unmixed products, for retail sale",3004909000,"medicaments, consisting of mixed or unmixed products for the therapeutic or prophylactic uses, put up in measured dosesor in the forms of packings for retail sale: other: other",1212201.86,130344.286021505
2022,december,import,italy,30,pharmaceutical products,3002,"human blood; animal blood; antisera, etc; vaccines, toxins, etc",3002200000,vaccines for human medicine,1801.24,225.04247876062
2022,december,import,italy,30,pharmaceutical products,3002,"human blood; animal blood; antisera, etc; vaccines, toxins, etc",3002300000,vaccines for veterinary medicine,22051.79,2755.95700806099
2022,december,import,italy,30,pharmaceutical products,3004,"medicaments of mixed or unmixed products, for retail sale",3004100000,medicaments of penicillins... or streptomycins for retail sale,499220.93,62332.4921962792
2022,december,import,italy,30,pharmaceutical products,3004,"medicaments of mixed or unmixed products, for retail sale",3004500000,"medicaments of vitamins or other of 29.36 for retail sale - other, nes",1029810.81,78591.1145198956
2022,december,import,italy,30,pharmaceutical products,3004,"medicaments of mixed or unmixed products, for retail sale",3004909000,"medicaments, consisting of mixed or unmixed products for the therapeutic or prophylactic uses, put up in measured dosesor in the forms of packings for retail sale: other: other",1182100.41,121232.488990536
2022,december,import,japan,30,pharmaceutical products,3004,"medicaments of mixed or unmixed products, for retail sale",3004909000,"medicaments, consisting of mixed or unmixed products for the therapeutic or prophylactic uses, put up in measured dosesor in the forms of packings for retail sale: other: other",550232.69,64797.8090028431
2022,december,import,jordan,30,pharmaceutical products,3004,"medicaments of mixed or unmixed products, for retail sale",3004200000,"medicaments of other antibiotics, for retail sale",281808.66,35208.4782608696
2022,december,import,kenya,30,pharmaceutical products,3004,"medicaments of mixed or unmixed products, for retail sale",3004909000,"medicaments, consisting of mixed or unmixed products for the therapeutic or prophylactic uses, put up in measured dosesor in the forms of packings for retail sale: other: other",364216.19,28247.5586276885
2022,december,import,malawi,30,pharmaceutical products,3002,"human blood; animal blood; antisera, etc; vaccines, toxins, etc",3002120000,"antisera, other blood fractions and immunological products, whether or not modified or obtained by means of biotechnological processes-antisera and other blood fractions",1354.67,103.383091411389
2022,december,import,malaysia,30,pharmaceutical products,3004,"medicaments of mixed or unmixed products, for retail sale",3004500000,"medicaments of vitamins or other of 29.36 for retail sale - other, nes",10466.62,798.771311262726
2022,december,import,malaysia,30,pharmaceutical products,3004,"medicaments of mixed or unmixed products, for retail sale",3004909000,"medicaments, consisting of mixed or unmixed products for the therapeutic or prophylactic uses, put up in measured dosesor in the forms of packings for retail sale: other: other",690313.6,52887.0484063252
2022,december,import,netherlands,30,pharmaceutical products,3002,"human blood; animal blood; antisera, etc; vaccines, toxins, etc",3002909000,other (vaccines for veterinary medicine),19827.99,2478.12703094536
2022,december,import,netherlands,30,pharmaceutical products,3004,"medicaments of mixed or unmixed products, for retail sale",3004200000,"medicaments of other antibiotics, for retail sale",2231890.73,260248.452658582
2022,december,import,netherlands,30,pharmaceutical products,3004,"medicaments of mixed or unmixed products, for retail sale",3004909000,"medicaments, consisting of mixed or unmixed products for the therapeutic or prophylactic uses, put up in measured dosesor in the forms of packings for retail sale: other: other",248572.11,31036.5975777251
2022,december,import,norway,30,pharmaceutical products,3006,pharmaceutical goods specified in note 3 to this chapter,3006500000,first-aid boxes and kits,1064.37,128.006013229104
2022,december,import,pakistan,30,pharmaceutical products,3004,"medicaments of mixed or unmixed products, for retail sale",3004909000,"medicaments, consisting of mixed or unmixed products for the therapeutic or prophylactic uses, put up in measured dosesor in the forms of packings for retail sale: other: other",372099.62,41106.0923779803
2022,december,import,portugal,30,pharmaceutical products,3004,"medicaments of mixed or unmixed products, for retail sale",3004909000,"medicaments, consisting of mixed or unmixed products for the therapeutic or prophylactic uses, put up in measured dosesor in the forms of packings for retail sale: other: other",2449512.9,201742.859634969
2022,december,import,puerto rico,30,pharmaceutical products,3004,"medicaments of mixed or unmixed products, for retail sale",3004909000,"medicaments, consisting of mixed or unmixed products for the therapeutic or prophylactic uses, put up in measured dosesor in the forms of packings for retail sale: other: other",165714.95,14409.9956521739
2022,december,import,republic of korea,30,pharmaceutical products,3004,"medicaments of mixed or unmixed products, for retail sale",3004909000,"medicaments, consisting of mixed or unmixed products for the therapeutic or prophylactic uses, put up in measured dosesor in the forms of packings for retail sale: other: other",387283.02,39694.2775769866
2022,december,import,republic of korea,30,pharmaceutical products,3006,pharmaceutical goods specified in note 3 to this chapter,3006500000,first-aid boxes and kits,633.74,68.1440860215054
2022,december,import,romania,30,pharmaceutical products,3004,"medicaments of mixed or unmixed products, for retail sale",3004909000,"medicaments, consisting of mixed or unmixed products for the therapeutic or prophylactic uses, put up in measured dosesor in the forms of packings for retail sale: other: other",308664.28,36195.0762993795
2022,december,import,sierra leone,30,pharmaceutical products,3006,pharmaceutical goods specified in note 3 to this chapter,3006500000,first-aid boxes and kits,144.57,18.0622188905547
2022,december,import,singapore,30,pharmaceutical products,3004,"medicaments of mixed or unmixed products, for retail sale",3004909000,"medicaments, consisting of mixed or unmixed products for the therapeutic or prophylactic uses, put up in measured dosesor in the forms of packings for retail sale: other: other",7400.71,573.698449612403
2022,december,import,slovenia,30,pharmaceutical products,3004,"medicaments of mixed or unmixed products, for retail sale",3004100000,medicaments of penicillins... or streptomycins for retail sale,351341.81,27235.7992248062
2022,december,import,slovenia,30,pharmaceutical products,3004,"medicaments of mixed or unmixed products, for retail sale",3004200000,"medicaments of other antibiotics, for retail sale",987102.17,89104.4304785331
2022,december,import,slovenia,30,pharmaceutical products,3004,"medicaments of mixed or unmixed products, for retail sale",3004909000,"medicaments, consisting of mixed or unmixed products for the therapeutic or prophylactic uses, put up in measured dosesor in the forms of packings for retail sale: other: other",1531727.42,138031.752995072
2022,december,import,south africa,30,pharmaceutical products,3002,"human blood; animal blood; antisera, etc; vaccines, toxins, etc",3002110000,"antisera, other blood fractions and immunological products, whether or not modified or obtained by means of biotechnological processes :-  malaria diagnostic kits",1844.49,221.906712045247
2022,december,import,south africa,30,pharmaceutical products,3002,"human blood; animal blood; antisera, etc; vaccines, toxins, etc",3002120000,"antisera, other blood fractions and immunological products, whether or not modified or obtained by means of biotechnological processes-antisera and other blood fractions",454.75,56.8352247162926
2022,december,import,south africa,30,pharmaceutical products,3002,"human blood; animal blood; antisera, etc; vaccines, toxins, etc",3002150000,"antisera, other blood fractions and immunological products, whether or not modified or obtained by means of biotechnological processes -immunological products, put up in measured doses or in forms or packings for retail sale",37467.62,2904.46666666667
2022,december,import,south africa,30,pharmaceutical products,3002,"human blood; animal blood; antisera, etc; vaccines, toxins, etc",3002300000,vaccines for veterinary medicine,39971.48,4814.10092737565
2022,december,import,south africa,30,pharmaceutical products,3003,"medicaments with >=2 constituents mixed together, not for retail sale",3003200000,"medicaments of other antibiotics, not for retail sale",40.05,4.81659651232712
2022,december,import,south africa,30,pharmaceutical products,3004,"medicaments of mixed or unmixed products, for retail sale",3004100000,medicaments of penicillins... or streptomycins for retail sale,109.41,13.158147925436
2022,december,import,south africa,30,pharmaceutical products,3004,"medicaments of mixed or unmixed products, for retail sale",3004200000,"medicaments of other antibiotics, for retail sale",1539.07,185.095610342754
2022,december,import,south africa,30,pharmaceutical products,3004,"medicaments of mixed or unmixed products, for retail sale",3004500000,"medicaments of vitamins or other of 29.36 for retail sale - other, nes",40.05,4.81659651232712
2022,december,import,south africa,30,pharmaceutical products,3004,"medicaments of mixed or unmixed products, for retail sale",3004909000,"medicaments, consisting of mixed or unmixed products for the therapeutic or prophylactic uses, put up in measured dosesor in the forms of packings for retail sale: other: other",893082.97,80689.6891797466
2022,december,import,south africa,30,pharmaceutical products,3005,"wadding, gauze, etc with pharmaceutical substances or for retail sale",3005100000,adhesive dressings for medical... purposes,392.85,47.2459410703548
2022,december,import,south africa,30,pharmaceutical products,3005,"wadding, gauze, etc with pharmaceutical substances or for retail sale",3005900000,"wadding, gauze, etc with pharmaceutical substances for retail sale, nes",133.09,16.006013229104
2022,december,import,south africa,30,pharmaceutical products,3006,pharmaceutical goods specified in note 3 to this chapter,3006100000,materials for surgical sutures; laminaria absorbable haemostatics,645724.46,49279.1535021445
2022,december,import,south africa,30,pharmaceutical products,3006,pharmaceutical goods specified in note 3 to this chapter,3006700000,gel preparations designed to be used in human or vet medicine [?],24.34,2.92723992784125
2022,december,import,spain,30,pharmaceutical products,3004,"medicaments of mixed or unmixed products, for retail sale",3004200000,"medicaments of other antibiotics, for retail sale",468978.71,58615.0118735158
2022,december,import,spain,30,pharmaceutical products,3004,"medicaments of mixed or unmixed products, for retail sale",3004500000,"medicaments of vitamins or other of 29.36 for retail sale - other, nes",631142.47,78882.9483814523
2022,december,import,spain,30,pharmaceutical products,3004,"medicaments of mixed or unmixed products, for retail sale",3004909000,"medicaments, consisting of mixed or unmixed products for the therapeutic or prophylactic uses, put up in measured dosesor in the forms of packings for retail sale: other: other",2308746.71,230273.463210122
2022,december,import,sweden,30,pharmaceutical products,3004,"medicaments of mixed or unmixed products, for retail sale",3004320000,"medicaments of adrenal cortex hormones, for retail sale",52311.59,4165.59882146839
2022,december,import,sweden,30,pharmaceutical products,3004,"medicaments of mixed or unmixed products, for retail sale",3004909000,"medicaments, consisting of mixed or unmixed products for the therapeutic or prophylactic uses, put up in measured dosesor in the forms of packings for retail sale: other: other",1909988.26,202778.914210466
2022,december,import,switzerland,30,pharmaceutical products,3002,"human blood; animal blood; antisera, etc; vaccines, toxins, etc",3002150000,"antisera, other blood fractions and immunological products, whether or not modified or obtained by means of biotechnological processes -immunological products, put up in measured doses or in forms or packings for retail sale",209661.3,16000.5265808874
2022,december,import,switzerland,30,pharmaceutical products,3004,"medicaments of mixed or unmixed products, for retail sale",3004100000,medicaments of penicillins... or streptomycins for retail sale,2147.2,268.349684434169
2022,december,import,switzerland,30,pharmaceutical products,3004,"medicaments of mixed or unmixed products, for retail sale",3004200000,"medicaments of other antibiotics, for retail sale",2872512.15,219716.144078173
2022,december,import,switzerland,30,pharmaceutical products,3004,"medicaments of mixed or unmixed products, for retail sale",3004909000,"medicaments, consisting of mixed or unmixed products for the therapeutic or prophylactic uses, put up in measured dosesor in the forms of packings for retail sale: other: other",1878060.74,234219.896252229
2022,december,import,togo,30,pharmaceutical products,3003,"medicaments with >=2 constituents mixed together, not for retail sale",3003200000,"medicaments of other antibiotics, not for retail sale",2643.2,204.978673904614
2022,december,import,togo,30,pharmaceutical products,3003,"medicaments with >=2 constituents mixed together, not for retail sale",3003900000,"other medicaments with >=2 constituents, not for retail sale, nes",5668.56,497.063345743341
2022,december,import,togo,30,pharmaceutical products,3004,"medicaments of mixed or unmixed products, for retail sale",3004100000,medicaments of penicillins... or streptomycins for retail sale,16766.08,2094.71264367816
2022,december,import,togo,30,pharmaceutical products,3004,"medicaments of mixed or unmixed products, for retail sale",3004390000,"medicaments of other hormones, for retail sale, nes",21770.6,2194.41634274727
2022,december,import,togo,30,pharmaceutical products,3004,"medicaments of mixed or unmixed products, for retail sale",3004500000,"medicaments of vitamins or other of 29.36 for retail sale - other, nes",1156.82,88.2805882218271
2022,december,import,togo,30,pharmaceutical products,3004,"medicaments of mixed or unmixed products, for retail sale",3004909000,"medicaments, consisting of mixed or unmixed products for the therapeutic or prophylactic uses, put up in measured dosesor in the forms of packings for retail sale: other: other",1499.67,168.662835417171
2022,december,import,turks and caicos islands,30,pharmaceutical products,3002,"human blood; animal blood; antisera, etc; vaccines, toxins, etc",3002150000,"antisera, other blood fractions and immunological products, whether or not modified or obtained by means of biotechnological processes -immunological products, put up in measured doses or in forms or packings for retail sale",945308.82,72252.5352737056
2022,december,import,türkiye,30,pharmaceutical products,3004,"medicaments of mixed or unmixed products, for retail sale",3004909000,"medicaments, consisting of mixed or unmixed products for the therapeutic or prophylactic uses, put up in measured dosesor in the forms of packings for retail sale: other: other",1616871.84,154341.785428767
2022,december,import,united kingdom,30,pharmaceutical products,3001,"glands, etc, dried; extracts of glands, etc; heparin and its salts; etc",3001900000,"substances of human or animal origin,for prophylactic uses, nes",961.67,76.5782767956681
2022,december,import,united kingdom,30,pharmaceutical products,3002,"human blood; animal blood; antisera, etc; vaccines, toxins, etc",3002110000,"antisera, other blood fractions and immunological products, whether or not modified or obtained by means of biotechnological processes :-  malaria diagnostic kits",526.11,63.2723992784125
2022,december,import,united kingdom,30,pharmaceutical products,3002,"human blood; animal blood; antisera, etc; vaccines, toxins, etc",3002120000,"antisera, other blood fractions and immunological products, whether or not modified or obtained by means of biotechnological processes-antisera and other blood fractions",21231.46,2008.83471908246
2022,december,import,united kingdom,30,pharmaceutical products,3002,"human blood; animal blood; antisera, etc; vaccines, toxins, etc",3002190000,"antisera, other blood fractions and immunological products, whether or not modified or obtained by means of biotechnological processes --  other",1471.52,117.177894569199
2022,december,import,united kingdom,30,pharmaceutical products,3002,"human blood; animal blood; antisera, etc; vaccines, toxins, etc",3002200000,vaccines for human medicine,22600.9,1727.4485225553
2022,december,import,united kingdom,30,pharmaceutical products,3002,"human blood; animal blood; antisera, etc; vaccines, toxins, etc",3002909000,other (vaccines for veterinary medicine),2613.04,205.512109630042
2022,december,import,united kingdom,30,pharmaceutical products,3003,"medicaments with >=2 constituents mixed together, not for retail sale",3003490000,"medicaments (exc 30.02, 30.05 or 30.06) consisting of two or more constituents for therapeutic or prophylactic uses, not in measured doses or forms or packings, other containing alkaloids or derivatives thereof, other",3384.52,407.773493975904
2022,december,import,united kingdom,30,pharmaceutical products,3004,"medicaments of mixed or unmixed products, for retail sale",3004200000,"medicaments of other antibiotics, for retail sale",256550.22,19608.8340951129
2022,december,import,united kingdom,30,pharmaceutical products,3004,"medicaments of mixed or unmixed products, for retail sale",3004390000,"medicaments of other hormones, for retail sale, nes",132821.75,15992.9861529199
2022,december,import,united kingdom,30,pharmaceutical products,3004,"medicaments of mixed or unmixed products, for retail sale",3004909000,"medicaments, consisting of mixed or unmixed products for the therapeutic or prophylactic uses, put up in measured dosesor in the forms of packings for retail sale: other: other",7499156.28,694835.117753454
2022,december,import,united kingdom,30,pharmaceutical products,3005,"wadding, gauze, etc with pharmaceutical substances or for retail sale",3005100000,adhesive dressings for medical... purposes,567.33,68.3530120481928
2022,december,import,united kingdom,30,pharmaceutical products,3005,"wadding, gauze, etc with pharmaceutical substances or for retail sale",3005900000,"wadding, gauze, etc with pharmaceutical substances for retail sale, nes",10092.3,1213.74624173181
2022,december,import,united kingdom,30,pharmaceutical products,3006,pharmaceutical goods specified in note 3 to this chapter,3006500000,first-aid boxes and kits,3840.09,462.661445783132
2022,december,import,united states of america,30,pharmaceutical products,3001,"glands, etc, dried; extracts of glands, etc; heparin and its salts; etc",3001900000,"substances of human or animal origin,for prophylactic uses, nes",5245.15,400.289237907719
2022,december,import,united states of america,30,pharmaceutical products,3002,"human blood; animal blood; antisera, etc; vaccines, toxins, etc",3002110000,"antisera, other blood fractions and immunological products, whether or not modified or obtained by means of biotechnological processes :-  malaria diagnostic kits",140.31,17.5365579302587
2022,december,import,united states of america,30,pharmaceutical products,3002,"human blood; animal blood; antisera, etc; vaccines, toxins, etc",3002120000,"antisera, other blood fractions and immunological products, whether or not modified or obtained by means of biotechnological processes-antisera and other blood fractions",21521.28,1881.81977583461
2022,december,import,united states of america,30,pharmaceutical products,3002,"human blood; animal blood; antisera, etc; vaccines, toxins, etc",3002130000,"antisera, other blood fractions and immunological products, whether or not modified or obtained by means of biotechnological processes -immunological products, unmixed, not put up in measured doses or in forms or packings for retail sale",11929.77,1434.72880336741
2022,december,import,united states of america,30,pharmaceutical products,3002,"human blood; animal blood; antisera, etc; vaccines, toxins, etc",3002150000,"antisera, other blood fractions and immunological products, whether or not modified or obtained by means of biotechnological processes -immunological products, put up in measured doses or in forms or packings for retail sale",27660.31,2184.82478356527
2022,december,import,united states of america,30,pharmaceutical products,3002,"human blood; animal blood; antisera, etc; vaccines, toxins, etc",3002300000,vaccines for veterinary medicine,189704.49,23708.6158845217
2022,december,import,united states of america,30,pharmaceutical products,3004,"medicaments of mixed or unmixed products, for retail sale",3004100000,medicaments of penicillins... or streptomycins for retail sale,1619.15,195.206413656112
2022,december,import,united states of america,30,pharmaceutical products,3004,"medicaments of mixed or unmixed products, for retail sale",3004410000,"other, containing alkaloids or derivatives thereof :--  containing ephedrine or its salts",3034.76,364.974143114853
2022,december,import,united states of america,30,pharmaceutical products,3004,"medicaments of mixed or unmixed products, for retail sale",3004500000,"medicaments of vitamins or other of 29.36 for retail sale - other, nes",3172.87,378.016106282563
2022,december,import,united states of america,30,pharmaceutical products,3004,"medicaments of mixed or unmixed products, for retail sale",3004909000,"medicaments, consisting of mixed or unmixed products for the therapeutic or prophylactic uses, put up in measured dosesor in the forms of packings for retail sale: other: other",2726594.75,324837.453156657
2022,december,import,united states of america,30,pharmaceutical products,3005,"wadding, gauze, etc with pharmaceutical substances or for retail sale",3005100000,adhesive dressings for medical... purposes,41752.19,4629.99680939284
2022,december,import,united states of america,30,pharmaceutical products,3005,"wadding, gauze, etc with pharmaceutical substances or for retail sale",3005900000,"wadding, gauze, etc with pharmaceutical substances for retail sale, nes",15047.66,1810.00755829657
2022,december,import,united states of america,30,pharmaceutical products,3006,pharmaceutical goods specified in note 3 to this chapter,3006100000,materials for surgical sutures; laminaria absorbable haemostatics,4866.08,585.217077570655
2022,december,import,united states of america,30,pharmaceutical products,3006,pharmaceutical goods specified in note 3 to this chapter,3006400000,dental cements and other dental fillings; bone reconstruction cements,1569.7,188.779314491882
2022,december,import,united states of america,30,pharmaceutical products,3006,pharmaceutical goods specified in note 3 to this chapter,3006500000,first-aid boxes and kits,28669.56,2282.9718107979
2022,december,import,united states of america,30,pharmaceutical products,3006,pharmaceutical goods specified in note 3 to this chapter,3006700000,gel preparations designed to be used in human or vet medicine [?],343341.36,26615.6093023256
