chain,outlets,total_pop_served,mmda_count,regions,pop_per_outlet,avg_mmda_pop
Scab Pharmacy Limited,32,635459.0464323628,19,2,19858.095201011336,33445.212970124354
EASTERN CORRIDOR PHARMACY,1,188896.0,1,1,188896.0,188896.0
CHANTIWUNI CHEMIST,1,187904.0,1,1,187904.0,187904.0
BOIPADS PHARMACY LTD.,1,153931.0,1,1,153931.0,153931.0
EXCORA PHARMACY,2,148595.72727272726,2,1,74297.86363636363,74297.86363636363
MANSCO PHARMACY LTD.,1,126251.0,1,1,126251.0,126251.0
ALMA CHEMIST,1,122734.0,1,1,122734.0,122734.0
SMART PHARMACY,1,117930.0,1,1,117930.0,117930.0
MUROUKI HASSINI PHARMACY LI,1,117820.0,1,1,117820.0,117820.0
BONGO EXPRESS PHARMACY PHA,1,116372.0,1,1,116372.0,116372.0
VENA CAVA PHARMACY LIMITED,1,115820.0,1,1,115820.0,115820.0
MUNDRA PHARMACY GHANA LIM,1,112644.0,1,1,112644.0,112644.0
KELISA PHARMACY LTD,1,110870.0,1,1,110870.0,110870.0
HAFMAN PHARMACY,2,103064.0,2,1,51532.0,51532.0
KAT 1 PHARMACY LTD,1,102577.0,1,1,102577.0,102577.0
Ernest Chemists Limited,62,100102.85889063898,16,8,1614.5622401715964,6256.428680664936
REVAG PHARMACY LTD,1,94863.0,1,1,94863.0,94863.0
GEOMAT PHARMACY (KUKUOM B,1,91627.0,1,1,91627.0,91627.0
SABDEF PHARMACY LTD,1,91017.0,1,1,91017.0,91017.0
FORSBOAT PHARMACY LTD.,1,88840.0,1,1,88840.0,88840.0
ALEXIS PHARMACY LTD.,1,88411.0,1,1,88411.0,88411.0
STRAMARK PHARMACY LTD,2,87953.08108108108,2,1,43976.54054054054,43976.54054054054
FLY ZIPLINE GHANA LTD,3,87143.625,3,2,29047.875,29047.875
GITHER PHARMACY LIMITED,1,87090.0,1,1,87090.0,87090.0
FMA PHARMACY LTD.,1,83273.0,1,1,83273.0,83273.0
LAMPHARM PHARMACY LTD,1,82391.0,1,1,82391.0,82391.0
SANKMO PHARMACY,1,80593.0,1,1,80593.0,80593.0
ANTRICO PHARMACY,1,80320.0,1,1,80320.0,80320.0
NEXTO PHARMACY LTD,3,78031.85714285714,2,2,26010.61904761905,39015.92857142857
BOKAT PHARMACY,1,77626.5,1,1,77626.5,77626.5
WELLCITY PHARMACY LTD,1,77626.5,1,1,77626.5,77626.5
MAALYIRI PHARMACY LIMITED,1,77064.0,1,1,77064.0,77064.0
AFRI-J PHARMACY,1,72896.0,1,1,72896.0,72896.0
HAPPY LIFE PHARMACY LIMITED,1,72097.0,1,1,72097.0,72097.0
AWALUGU PHARMACY LTD.,1,72097.0,1,1,72097.0,72097.0
LIKEM PHARMACY,1,71629.0,1,1,71629.0,71629.0
BUIPE PHARMACY LTD,1,71392.5,1,1,71392.5,71392.5
TT PHARMACY LTD,1,70500.0,1,1,70500.0,70500.0
ARKOPHARMA COMPANY LTD.,1,70153.0,1,1,70153.0,70153.0
HEALTHGATE PHARMACEUTICALS,1,66402.0,1,1,66402.0,66402.0
EDZIEBA PHARMACY LTD,1,64738.5,1,1,64738.5,64738.5
REYPAT PHARMACY,1,64738.5,1,1,64738.5,64738.5
Baseline Pharmaceuticals Limited,11,63479.2604244564,9,8,5770.841856768763,7053.251158272933
NKUNIM PHARMACY LTD.,1,63445.5,1,1,63445.5,63445.5
PRAK AND DAUGHTERS PHARMA,1,63445.5,1,1,63445.5,63445.5
Bedita Pharmacy,16,63335.52691086414,8,6,3958.4704319290086,7916.940863858017
ELIKPLIM PHARMACY LTD.,5,62205.15859872611,3,2,12441.031719745222,20735.052866242037
GEOVIKES PHARMACY LTD.,1,62160.5,1,1,62160.5,62160.5
AGIFEL PHARMACY LIMITED,1,62160.5,1,1,62160.5,62160.5
VERDI PHARMACY,5,61441.881081081076,3,1,12288.376216216215,20480.627027027025
JEPHPONG PHARMACY,2,60624.5,1,1,30312.25,60624.5
ANDOF PHARMACY,1,59888.5,1,1,59888.5,59888.5
KAK PHARMACY LTD,1,59888.5,1,1,59888.5,59888.5
ADASTRAF PHARMACY LTD,2,59828.52380952381,2,1,29914.261904761905,29914.261904761905
DOMEDERY PHARMACY,1,58680.0,1,1,58680.0,58680.0
YAMDEN PHARMACY,1,58680.0,1,1,58680.0,58680.0
AWANGA PHARMACY LTD.,1,58243.0,1,1,58243.0,58243.0
MEDCOURT PHARMACY (SAMPA B,1,58243.0,1,1,58243.0,58243.0
ADUANABA PHARMACY LTD.,2,58211.38095238095,2,1,29105.690476190473,29105.690476190473
LIFE ALERT PHARMACY,1,57892.0,1,1,57892.0,57892.0
KYENGBE PHARMACY,1,57892.0,1,1,57892.0,57892.0
ETHICAL PHARMACEUTICALS LTD,2,57429.57142857143,2,1,28714.785714285714,28714.785714285714
MAUPLUS PHARMACY,2,57429.57142857143,2,1,28714.785714285714,28714.785714285714
ANDYFAITH PHARMACY,2,55754.80952380952,2,1,27877.40476190476,27877.40476190476
ASSIN FOSO PHARMACY,1,53032.0,1,1,53032.0,53032.0
ANSTAND CHEMIST LTD,1,53032.0,1,1,53032.0,53032.0
Pharmatrust Pharmacy,17,52048.749708659554,7,3,3061.691159332915,7435.535672665651
ARASS PHARMACY LTD,1,51478.666666666664,1,1,51478.666666666664,51478.666666666664
ALTINATET PHARMACY,1,51210.0,1,1,51210.0,51210.0
DAGBENEVA PHARMACY LTD,2,50816.83333333333,2,1,25408.416666666664,25408.416666666664
FB ULTIMATE PHARMACY,2,49938.5,1,1,24969.25,49938.5
POWER SHOWER PHARM LTD.,1,49366.5,1,1,49366.5,49366.5
CLASSFAM (GH) LTD.,1,49366.5,1,1,49366.5,49366.5
NELCY PHARMACY,2,48357.25,2,1,24178.625,24178.625
DAV-MAKIDA PHARMACY LTD,1,48283.0,1,1,48283.0,48283.0
KWAAPONS PHARMACY,1,48283.0,1,1,48283.0,48283.0
SEBATOS PHARMACY,3,47872.29019607843,3,2,15957.430065359476,15957.430065359476
SUHUM PROVIDENCE PHARMACY,3,47373.75,1,1,15791.25,47373.75
ADEPHARMA LIMITED,2,45350.8,1,1,22675.4,45350.8
MOSELIN PHARMACY LTD.,1,45314.666666666664,1,1,45314.666666666664,45314.666666666664
SPECTRA PHARMACY LTD,1,45314.666666666664,1,1,45314.666666666664,45314.666666666664
SAMINA PHARMACY LTD,1,44958.5,1,1,44958.5,44958.5
MARTBIL PHARMACY,1,44958.5,1,1,44958.5,44958.5
BESTE WAHL PHARMACY,1,44958.5,1,1,44958.5,44958.5
THEO AND JUDE PHARMACY LTD,1,44958.5,1,1,44958.5,44958.5
AKOPHARMA PHARMACY LTD,1,43588.5,1,1,43588.5,43588.5
PRISBEN PHARMACY LTD.,1,43588.5,1,1,43588.5,43588.5
SOSAAB PHARMACY,1,42777.0,1,1,42777.0,42777.0
OSU PHARMA LTD,1,42777.0,1,1,42777.0,42777.0
BENJES PHARMACY,2,42577.94285714286,2,1,21288.97142857143,21288.97142857143
PARICA PHARMACY LTD,1,40227.333333333336,1,1,40227.333333333336,40227.333333333336
PRAK AND DAUGTHERS PHARMAC,1,40227.333333333336,1,1,40227.333333333336,40227.333333333336
AUBIN PHARMACY,1,40227.333333333336,1,1,40227.333333333336,40227.333333333336
CISANT PHARMACY,2,40073.42857142857,1,1,20036.714285714286,40073.42857142857
ICON PHARMACY LTD.,1,39850.0,1,1,39850.0,39850.0
ASM PHARMACY,1,39850.0,1,1,39850.0,39850.0
KUMO PHARMACY,1,39816.333333333336,1,1,39816.333333333336,39816.333333333336
TILADO PHARMACY,1,39816.333333333336,1,1,39816.333333333336,39816.333333333336
KOMBAT PHARMACY LTD,1,39816.333333333336,1,1,39816.333333333336,39816.333333333336
BENEDTA PHARMACY,1,39396.666666666664,1,1,39396.666666666664,39396.666666666664
MEBRONI PHARMACY LTD,1,39396.666666666664,1,1,39396.666666666664,39396.666666666664
ADAMS PHARMACY,2,38722.75,2,1,19361.375,19361.375
I'S AND J'S PHARMACY LTD,2,38567.125,1,1,19283.5625,38567.125
Unicom Chemist Limited,24,38394.63626170242,9,2,1599.7765109042675,4266.070695744714
WILMENS PHARMACY LIMITED,1,38268.0,1,1,38268.0,38268.0
Top-Up Pharmacy Limited,15,38266.11210387781,7,5,2551.0741402585204,5466.587443411116
RHODEL PHARMACY LTD,1,38174.666666666664,1,1,38174.666666666664,38174.666666666664
EUGENEX PHARMACY,2,38023.53333333333,2,1,19011.766666666666,19011.766666666666
27TH PHARMACY LTD,1,37128.0,1,1,37128.0,37128.0
PH PHARMACY LIMITED,1,37128.0,1,1,37128.0,37128.0
CHRISPHARMA LTD,2,36354.833333333336,2,1,18177.416666666668,18177.416666666668
PEPWAY PHARMACY,1,36101.5,1,1,36101.5,36101.5
ADEPHARMA LTD,2,35623.19047619047,2,2,17811.595238095237,17811.595238095237
ASOMAFO PHARMACY LIMITED,1,34441.75,1,1,34441.75,34441.75
ASOMAFO PHARMACY,1,34441.75,1,1,34441.75,34441.75
BN RX PHARMACY,1,34441.75,1,1,34441.75,34441.75
Panacea Pharmacy Limited,11,33447.14800786459,7,3,3040.649818896781,4778.164001123513
AMARPHARMA LTD.,2,32240.4,1,1,16120.2,32240.4
MEDCOURT PHARMACY LTD,6,32070.090141678917,5,2,5345.015023613153,6414.018028335783
UB PHARMA LTD,1,31949.333333333332,1,1,31949.333333333332,31949.333333333332
MARISCA PHARMACY LTD.,1,31949.333333333332,1,1,31949.333333333332,31949.333333333332
RASBORO PHARMACY LIMITED,1,31949.333333333332,1,1,31949.333333333332,31949.333333333332
MIKI-MED PHARMACY LTD.,1,31949.333333333332,1,1,31949.333333333332,31949.333333333332
DEKWART PHARMACY LTD,1,31949.333333333332,1,1,31949.333333333332,31949.333333333332
MODERN PHARMACY,1,31949.333333333332,1,1,31949.333333333332,31949.333333333332
FAMILY WISE PHARMACY,2,31783.399999999998,2,1,15891.699999999999,15891.699999999999
BENCYN PHARMACY,2,31757.77380952381,2,1,15878.886904761905,15878.886904761905
SPRING PHARMACEUTICALS LTD,1,31671.5,1,1,31671.5,31671.5
HELEN PHARMACY LTD.,2,31291.666666666668,1,1,15645.833333333334,31291.666666666668
East Cantonments Pharmacy,22,31136.562115093646,9,5,1415.2982779588021,3459.618012788183
ROYAL CARE PHARMACY LTD,2,30831.583333333336,2,1,15415.791666666668,15415.791666666668
SELACK PHARMACY,1,30753.333333333332,1,1,30753.333333333332,30753.333333333332
FLY ZIPLINE GH LTD,1,30751.5,1,1,30751.5,30751.5
PERFECT PS PHARMACY LIMITED,1,30751.5,1,1,30751.5,30751.5
HEALTHSTAR PHARMACY,2,30539.0,2,1,15269.5,15269.5
MAALYIRI PHARMACY,1,30398.0,1,1,30398.0,30398.0
LIFE-LINK PHARMACY,1,30398.0,1,1,30398.0,30398.0
YOBO PHARMACY LTD,1,30398.0,1,1,30398.0,30398.0
HARIPEL PHARMACY,1,30383.5,1,1,30383.5,30383.5
GYISBIN PHARMACY LTD,1,30383.5,1,1,30383.5,30383.5
AMASEY PHARMACY LTD.,1,30383.5,1,1,30383.5,30383.5
APT PHARMACY LTD,1,30383.5,1,1,30383.5,30383.5
TOFFEY PHARMACY,1,30312.25,1,1,30312.25,30312.25
NORTHERN GATE PHARMACEUTIC,1,29868.5,1,1,29868.5,29868.5
SELIMED PHARMACY LTD,1,29868.5,1,1,29868.5,29868.5
ALTINATET PHARMACY LTD,1,29214.0,1,1,29214.0,29214.0
EXTRA LIFE PHARMACY,1,29214.0,1,1,29214.0,29214.0
SIX STARS PHARMACY,4,29096.6875,2,1,7274.171875,14548.34375
HABILAT PHARMACY,2,28746.782352941176,2,2,14373.391176470588,14373.391176470588
SABU-DAV PHARMACY,1,28743.0,1,1,28743.0,28743.0
BLUESTAR PHARMACY,1,28743.0,1,1,28743.0,28743.0
BLUESTAR PHARMACY LTD,1,28743.0,1,1,28743.0,28743.0
KYDES PHARMACEUTICALS LTD.,1,28743.0,1,1,28743.0,28743.0
JACOM COMPANY LTD,1,28053.5,1,1,28053.5,28053.5
DRUGGS AND SURGICALS LTD,1,28053.5,1,1,28053.5,28053.5
10 O'CLOCK PHARMACY,1,28053.5,1,1,28053.5,28053.5
BENKEK PHARMACY LTD,1,28053.5,1,1,28053.5,28053.5
KUBAID PHARMACY LTD,1,27881.0,1,1,27881.0,27881.0
MEDICAP PHARMACY,1,27881.0,1,1,27881.0,27881.0
SHAKINGS PHARMACY LTD,1,27881.0,1,1,27881.0,27881.0
BENONOX RX PHARMACY LTD,1,27824.25,1,1,27824.25,27824.25
SELINA PHARMACY,1,27824.25,1,1,27824.25,27824.25
KEPPRA PHARMACY,1,27824.25,1,1,27824.25,27824.25
JUAPONG PHARMACY LTD.,1,27824.25,1,1,27824.25,27824.25
HEALTHMART PHARMACY MALL L,1,27692.166666666668,1,1,27692.166666666668,27692.166666666668
HIS BANNER PHARMACY,1,27692.166666666668,1,1,27692.166666666668,27692.166666666668
NAT AND SONS PHARMACY LTD,1,27692.166666666668,1,1,27692.166666666668,27692.166666666668
MAPLE LEAF CHEMIST,1,27692.166666666668,1,1,27692.166666666668,27692.166666666668
MARTINOS PHARMACY,1,27692.166666666668,1,1,27692.166666666668,27692.166666666668
BIJOU PHARMACY LTD,1,27692.166666666668,1,1,27692.166666666668,27692.166666666668
TOP IN TOWN PHARMACY,1,27621.5,1,1,27621.5,27621.5
FIRM PHARMACY LTD,1,27621.5,1,1,27621.5,27621.5
HOUSE OF PROVIDENCE PHARMA,1,27621.5,1,1,27621.5,27621.5
NAT & SONS PHARMACY LTD.,2,27328.805555555555,2,2,13664.402777777777,13664.402777777777
GREEN PEA PHARMACY LTD.,1,26566.0,1,1,26566.0,26566.0
SANTOS CHEMISTS LTD.,1,26566.0,1,1,26566.0,26566.0
KAFERI PHARMACY,1,26219.8,1,1,26219.8,26219.8
MAXXIS PHARMACY,1,26219.8,1,1,26219.8,26219.8
MADIBRA PHARMACY,1,26219.8,1,1,26219.8,26219.8
ADMAK PHARMACY,1,26219.8,1,1,26219.8,26219.8
WALGREENS PHARMACY LTD,1,25585.666666666668,1,1,25585.666666666668,25585.666666666668
ANSTAND CHEMISTS LTD.,1,25585.666666666668,1,1,25585.666666666668,25585.666666666668
SAM-WASS PHARMACY LTD,1,25225.5,1,1,25225.5,25225.5
RAHMA PHARMACY,1,25225.5,1,1,25225.5,25225.5
BENZU PHARMACY,1,24969.25,1,1,24969.25,24969.25
SKAD-D PHARMACY LTD,2,24945.8,1,1,12472.9,24945.8
NORTHERN GATE PHARMACY,1,24589.666666666668,1,1,24589.666666666668,24589.666666666668
TRUTH PHARMACEUTICALS CO.LT,1,24589.666666666668,1,1,24589.666666666668,24589.666666666668
CLEVACARE PHARMACY LTD,1,24589.666666666668,1,1,24589.666666666668,24589.666666666668
OUR LADY OF LOURDES PHARMAC,1,24419.2,1,1,24419.2,24419.2
SAMGINA PHARMA LTD,1,24419.2,1,1,24419.2,24419.2
SERECA PHARMACY,1,24419.2,1,1,24419.2,24419.2
VIK-TEE PHARMACY LTD.,1,24419.2,1,1,24419.2,24419.2
STELLEX PHARMACY,2,24411.857142857145,2,2,12205.928571428572,12205.928571428572
LOVE GENERATION PHARMACY LT,1,23968.5,1,1,23968.5,23968.5
A. K. GLOBAL PHARMACEUTICALS,1,23968.5,1,1,23968.5,23968.5
WINNETTE PHARMACY LTD,1,23353.75,1,1,23353.75,23353.75
ARCHIDOP PHARMACY,1,23353.75,1,1,23353.75,23353.75
MDK PHARMACY LTD,1,23353.75,1,1,23353.75,23353.75
ECO CARE PHARMACY LTD,1,23189.75,1,1,23189.75,23189.75
K.A. PARTSARP,1,23189.75,1,1,23189.75,23189.75
AGYA NTI PHARMACY LTD,1,23189.75,1,1,23189.75,23189.75
KWACHARCO PHARMACY LTD,1,23189.75,1,1,23189.75,23189.75
SEBATOS PHARMACY (HOHOE BR,2,22894.6,1,1,11447.3,22894.6
PILLPOINT PHARMACY,5,22739.823983341503,3,2,4547.964796668301,7579.941327780501
J-MALL PHARMACY LIMITED,1,22703.333333333332,1,1,22703.333333333332,22703.333333333332
WITTY PHARMACY LTD,1,22703.333333333332,1,1,22703.333333333332,22703.333333333332
JEB PHARMACY,1,22675.4,1,1,22675.4,22675.4
ANLOGA ST. FRANCIS PHARMACY,1,22675.4,1,1,22675.4,22675.4
DELMARK PHARMACY,1,22675.4,1,1,22675.4,22675.4
TOBINCO PHARMACEUTICALS LIM,2,22592.9,2,1,11296.45,11296.45
G-EME PHARMACY LTD.,1,22460.666666666668,1,1,22460.666666666668,22460.666666666668
STARLITE CHEMISTS LTD,1,22460.666666666668,1,1,22460.666666666668,22460.666666666668
EYE OF GOD PHARMACY,2,22157.52380952381,2,2,11078.761904761905,11078.761904761905
GEOVIKES PHARMACY LTD,1,22055.333333333332,1,1,22055.333333333332,22055.333333333332
TWIFU PRASO PHARMACY LTD.,1,22055.333333333332,1,1,22055.333333333332,22055.333333333332
PROVIDER PHARMACY,1,21929.285714285714,1,1,21929.285714285714,21929.285714285714
NEAL-K PHARMACY LTD,1,21929.285714285714,1,1,21929.285714285714,21929.285714285714
AGAPE PHARMACY LTD.,1,21929.285714285714,1,1,21929.285714285714,21929.285714285714
APREMDO PHARMACY LTD.,1,21929.285714285714,1,1,21929.285714285714,21929.285714285714
EVANEX PHARMACY,1,21929.285714285714,1,1,21929.285714285714,21929.285714285714
QUEENXTA PHARMACY LTD,1,21929.285714285714,1,1,21929.285714285714,21929.285714285714
A & B PHARMA LIMITED,1,21929.285714285714,1,1,21929.285714285714,21929.285714285714
PHARMACY DE PABLOE LTD.,2,21739.6,1,1,10869.8,21739.6
TONYA PHARMACY,3,21230.612903225807,1,1,7076.870967741936,21230.612903225807
ORIGIN CHEMIST LTD,6,20970.580903037357,4,1,3495.0968171728928,5242.645225759339
AMPRAPHARMA COMPANY LIMIT,2,20728.874039938557,2,1,10364.437019969278,10364.437019969278
ASAPHARMA LTD,2,20728.874039938557,2,1,10364.437019969278,10364.437019969278
WILLRITE PHARMACY,2,20728.874039938557,2,1,10364.437019969278,10364.437019969278
Kinapharma Limited,9,20633.025694354175,4,4,2292.558410483797,5158.256423588544
VIVAX PHARMACY,1,20576.333333333332,1,1,20576.333333333332,20576.333333333332
NYARKOSA PHARMACY,1,20576.333333333332,1,1,20576.333333333332,20576.333333333332
BENFLO PHARMACY LTD,1,20576.333333333332,1,1,20576.333333333332,20576.333333333332
HEALTHY 'U' PHARMACY LTD,1,20576.333333333332,1,1,20576.333333333332,20576.333333333332
MONBEE PHARMACY LIMITED,1,20576.333333333332,1,1,20576.333333333332,20576.333333333332
RICOMONS PHARMACY LIMITED,1,20576.333333333332,1,1,20576.333333333332,20576.333333333332
ED-TRUST PHARMACY LTD,1,20063.5,1,1,20063.5,20063.5
AID INN PHARMACY,3,20059.150263680567,2,1,6686.383421226856,10029.575131840284
BEL-WINU PHARMACY LTD,1,20036.714285714286,1,1,20036.714285714286,20036.714285714286
MAM PHARMACEUTICALS LTD,1,20036.714285714286,1,1,20036.714285714286,20036.714285714286
NEW-LIFE PHARMACY,1,20036.714285714286,1,1,20036.714285714286,20036.714285714286
BENJELO PHARMACY LTD,1,19908.6,1,1,19908.6,19908.6
TOMJOY PHARMACY,1,19908.6,1,1,19908.6,19908.6
KOBINKO PHARMACY,1,19908.6,1,1,19908.6,19908.6
JUJAQ PHARMACY LTD,1,19908.6,1,1,19908.6,19908.6
SUNKWAPHARM,1,19908.6,1,1,19908.6,19908.6
FAVEO PHARMACY LTD,1,19821.0,1,1,19821.0,19821.0
EMAD PHARMACY LTD.,1,19821.0,1,1,19821.0,19821.0
QUALITY LIFE PHARMACY LTD,1,19704.5,1,1,19704.5,19704.5
5K PHARMACEUTICALS LIMITED,1,19704.5,1,1,19704.5,19704.5
SAS PHARMACY LTD,1,19704.5,1,1,19704.5,19704.5
AMEN AMEN PHARMACY LTD.,1,19704.5,1,1,19704.5,19704.5
GLATESON PHARMACY,1,19704.5,1,1,19704.5,19704.5
GIABENA PHARMACY LTD,1,19676.25,1,1,19676.25,19676.25
GILTER PHARMACY LTD,1,19676.25,1,1,19676.25,19676.25
RIAD PHARMACEUTICAL COMPAN,1,19676.25,1,1,19676.25,19676.25
HAFEL PHARMACY,1,19676.25,1,1,19676.25,19676.25
SAHARA PHARMACY,1,19531.5,1,1,19531.5,19531.5
JEHOVAH SHAMMAH PHARMACY,1,19531.5,1,1,19531.5,19531.5
EBENBETH PHARMACY,1,19531.5,1,1,19531.5,19531.5
FAHBABS FORTRESS PHARMACY,1,19531.5,1,1,19531.5,19531.5
HEDGE PHARMACY,1,19531.5,1,1,19531.5,19531.5
KOJOKROM PHARMACY,1,19531.5,1,1,19531.5,19531.5
LAUGH PHARMACY,1,19455.5,1,1,19455.5,19455.5
RIGHTWAY PHARMACY LTD.,1,19455.5,1,1,19455.5,19455.5
FLY ZIPLINE GHANA LTD.,1,19455.5,1,1,19455.5,19455.5
BIJAY PHARMACY LTD.,1,19455.5,1,1,19455.5,19455.5
PP PHARMACY LTD,1,19283.5625,1,1,19283.5625,19283.5625
MEALIENT PHARMACY,1,19283.5625,1,1,19283.5625,19283.5625
BEYOND HEALTH PHARMACY LIMI,1,19283.5625,1,1,19283.5625,19283.5625
AUGMENS PHARMACY LTD,1,19283.5625,1,1,19283.5625,19283.5625
MOORHEAD PHARMACY LTD,1,19283.5625,1,1,19283.5625,19283.5625
RENADA CHEMISTS,1,19283.5625,1,1,19283.5625,19283.5625
GLABY PHARMACY,1,19283.5625,1,1,19283.5625,19283.5625
FULL DOSE PHARMACY,1,19283.5625,1,1,19283.5625,19283.5625
HOLLYWELL CHEMIST LIMITED,1,19283.5625,1,1,19283.5625,19283.5625
HOME-OFFICE PHARMACY,1,19283.5625,1,1,19283.5625,19283.5625
COLE PHARMACY LTD,1,19283.5625,1,1,19283.5625,19283.5625
DIVINE HEALTHCARE PHARMACY,1,19283.5625,1,1,19283.5625,19283.5625
TREASURE PHARMACY LTD,1,19283.5625,1,1,19283.5625,19283.5625
ASHER'S HAVEN PHARMACY LTD,1,19283.5625,1,1,19283.5625,19283.5625
HILLSIDE PHARMACY LTD,1,19172.666666666668,1,1,19172.666666666668,19172.666666666668
FIRST MED PHARMACY LTD,1,19172.666666666668,1,1,19172.666666666668,19172.666666666668
FAR ABOVE PHARMACY,1,19172.666666666668,1,1,19172.666666666668,19172.666666666668
GRAMER CHEMISTS,4,19149.435813034892,2,1,4787.358953258723,9574.717906517446
KHENIS-B ROYAL COMPANY LTD,1,19133.25,1,1,19133.25,19133.25
NICK & SONS PHARMACY LTD.,1,19133.25,1,1,19133.25,19133.25
RUANDY PHARMACY LTD.(PWD BR,1,19133.25,1,1,19133.25,19133.25
SHERAG PHARMACY LTD,2,19116.129032258064,1,1,9558.064516129032,19116.129032258064
PLUSCARE PHARMACY,1,18985.38888888889,1,1,18985.38888888889,18985.38888888889
HEALTH DIRECT PHARMACEUTICA,1,18985.38888888889,1,1,18985.38888888889,18985.38888888889
FAAKO PHARMACY,1,18985.38888888889,1,1,18985.38888888889,18985.38888888889
SLAVA PHARMACY (KALPOHIN BR,1,18985.38888888889,1,1,18985.38888888889,18985.38888888889
AMPONSAH-EFAH PHARMACEUTI,1,18985.38888888889,1,1,18985.38888888889,18985.38888888889
SUNG ROYAL PHARMACY LIMITED,1,18985.38888888889,1,1,18985.38888888889,18985.38888888889
JAGS PHARMACY,1,18985.38888888889,1,1,18985.38888888889,18985.38888888889
ALLIANCE PHARMACY LIMITED,1,18985.38888888889,1,1,18985.38888888889,18985.38888888889
FAR-HABINK PHARMACY LTD.,1,18985.38888888889,1,1,18985.38888888889,18985.38888888889
PROCARE PHARMACY (T-POLY BR,1,18985.38888888889,1,1,18985.38888888889,18985.38888888889
KAISER PHARMACY,1,18985.38888888889,1,1,18985.38888888889,18985.38888888889
OTENTIK PHARMACY LIMITED,1,18985.38888888889,1,1,18985.38888888889,18985.38888888889
DANLYD PHARMACY LTD,1,18985.38888888889,1,1,18985.38888888889,18985.38888888889
XERION CHEMISTS LTD,1,18985.38888888889,1,1,18985.38888888889,18985.38888888889
ZUO PHARMACY LIMITED,1,18985.38888888889,1,1,18985.38888888889,18985.38888888889
MAUPLUS PHARMACY LTD,1,18985.38888888889,1,1,18985.38888888889,18985.38888888889
SOUL PHARMACY LIMITED,1,18985.38888888889,1,1,18985.38888888889,18985.38888888889
FLY ZIPLINE GHANA LIMITED,1,18880.0,1,1,18880.0,18880.0
KOFI PHARMA LTD,1,18880.0,1,1,18880.0,18880.0
BLESS ONE PHARMACY,1,18880.0,1,1,18880.0,18880.0
ABOAGYE PHARMACEUTICALS LIM,1,18880.0,1,1,18880.0,18880.0
PRIMOSS PHARMACY,1,18880.0,1,1,18880.0,18880.0
PHILFBEST PHARMA LTD,1,18880.0,1,1,18880.0,18880.0
F5 PHARMACEUTICALS LIMITED,1,18880.0,1,1,18880.0,18880.0
MULTICARE PHARMACY LTD.,1,18880.0,1,1,18880.0,18880.0
FRANJUL PHARMACY,1,18686.75,1,1,18686.75,18686.75
FRUITFUL MOUNT PHARMACY LTD,1,18686.75,1,1,18686.75,18686.75
ESTHMARK PHARMACY LIMITED,1,18686.75,1,1,18686.75,18686.75
SAPKUMA PHARMACY,1,18686.75,1,1,18686.75,18686.75
NUMARK PHARMACY (KENYASI BR,1,18386.75,1,1,18386.75,18386.75
SARKRENE PHARMACY LTD,1,18386.75,1,1,18386.75,18386.75
FIRST CARE PHARMACY,1,18386.75,1,1,18386.75,18386.75
FRIMPANDY PHARMACY,1,18386.75,1,1,18386.75,18386.75
OFO COMPANY LTD,1,18250.4,1,1,18250.4,18250.4
EVE PHARMACY LTD,1,18250.4,1,1,18250.4,18250.4
PADEKO PHARMACY,1,18250.4,1,1,18250.4,18250.4
DONMORSH PHARMACY LTD,1,18250.4,1,1,18250.4,18250.4
BISA NYAME PHARMACY,1,18250.4,1,1,18250.4,18250.4
ALBWIN PHARMACY LTD,1,18045.0,1,1,18045.0,18045.0
AFDOC PHARMACY,1,18045.0,1,1,18045.0,18045.0
SAFELINE PHARMACY,1,18045.0,1,1,18045.0,18045.0
AFFDOC PHARMACY LTD,1,18045.0,1,1,18045.0,18045.0
JEPHPONG PHARMACY LTD,1,18045.0,1,1,18045.0,18045.0
GASTONSIN PHARMACY LTD,1,18045.0,1,1,18045.0,18045.0
MINAMO PHARMACY LTD,2,17301.16408856536,2,2,8650.58204428268,8650.58204428268
MEDCOURT PHARMACY (NSOATR,1,17005.25,1,1,17005.25,17005.25
HOLY STREET PHARMACY LTD,1,17005.25,1,1,17005.25,17005.25
O. K PHARMACY LTD,1,17005.25,1,1,17005.25,17005.25
O. K. PHARMACY,1,17005.25,1,1,17005.25,17005.25
MPEG PHARMACY,1,17005.25,1,1,17005.25,17005.25
TIMELESS PHARMACY LTD.,1,17005.25,1,1,17005.25,17005.25
CEDES PHARMACY,1,17005.25,1,1,17005.25,17005.25
MIR PHARMACY,1,16929.9,1,1,16929.9,16929.9
AGO PHARMACEUTICALS,1,16929.9,1,1,16929.9,16929.9
KLINS PHARMACY LTD,1,16929.9,1,1,16929.9,16929.9
KLINS PHARMACY,1,16929.9,1,1,16929.9,16929.9
A AND E PHARMACY LTD.,1,16929.9,1,1,16929.9,16929.9
APP PHARMACY LIMITED,1,16929.9,1,1,16929.9,16929.9
GLOBAL BRIGADES PHARMACY,1,16929.9,1,1,16929.9,16929.9
GLOSTEVE PHARMACY LTD.,1,16929.9,1,1,16929.9,16929.9
A&E PHARMACY LIMITED ANNEX,1,16929.9,1,1,16929.9,16929.9
RIAD PHARMACY COMPANY LTD,1,16838.6,1,1,16838.6,16838.6
ALPAT PHARMACY,1,16838.6,1,1,16838.6,16838.6
E. K PHARMACY,1,16838.6,1,1,16838.6,16838.6
VERDI PHARMACY LTD. (ANNEX ),1,16838.6,1,1,16838.6,16838.6
RAHAMA H. A. PHARMACY,1,16838.6,1,1,16838.6,16838.6
JOWIS & SONS LTD,1,16838.6,1,1,16838.6,16838.6
ONE PHAMILY PHARMACY LTD,1,16838.6,1,1,16838.6,16838.6
DOMINGO PHARMACY LTD,1,16838.6,1,1,16838.6,16838.6
HONOKA PHARMACEUTICAL,1,16838.6,1,1,16838.6,16838.6
KODEB PHARMACY LTD,1,16838.6,1,1,16838.6,16838.6
DONSAM PHARMACY LTD,1,16803.666666666668,1,1,16803.666666666668,16803.666666666668
DUNA PHARMACY LTD,1,16803.666666666668,1,1,16803.666666666668,16803.666666666668
KIITOS DIOS PHARMACY LTD,1,16803.666666666668,1,1,16803.666666666668,16803.666666666668
ASPHA PHARMACY,1,16803.666666666668,1,1,16803.666666666668,16803.666666666668
ASPHA PHARMACY LTD,2,16803.666666666668,2,2,8401.833333333334,8401.833333333334
GEOMAT PHARMACY LTD.,1,16803.666666666668,1,1,16803.666666666668,16803.666666666668
BARLIZA PHARMACY LTD.,1,16803.666666666668,1,1,16803.666666666668,16803.666666666668
EDUFF PHARMACY LTD,1,16586.5,1,1,16586.5,16586.5
RICOMONS PHARMACY,1,16586.5,1,1,16586.5,16586.5
MEK PHARMACY LIMITED,2,16564.08108108108,2,1,8282.04054054054,8282.04054054054
RICOMONS PHARMACY LTD.,1,16534.6,1,1,16534.6,16534.6
RICOMMONS PHARMACY LTD,1,16534.6,1,1,16534.6,16534.6
MOSHOSHO PHARMACY LTD,1,16534.6,1,1,16534.6,16534.6
BITS PHARMACY LTD,1,16534.6,1,1,16534.6,16534.6
MEDCOURT PHARMACY,2,16503.379166666666,2,1,8251.689583333333,8251.689583333333
BENJE'S PHARMACY LTD,1,16358.142857142857,1,1,16358.142857142857,16358.142857142857
TARAPH PHARMACY,1,16358.142857142857,1,1,16358.142857142857,16358.142857142857
ABOSO PHARMACY LIMITED,1,16358.142857142857,1,1,16358.142857142857,16358.142857142857
EUNIPAUL PHARMACY,1,16358.142857142857,1,1,16358.142857142857,16358.142857142857
McELLI PHARMACY,1,16358.142857142857,1,1,16358.142857142857,16358.142857142857
SAMKWARTH PHARMACY LIMITED,1,16358.142857142857,1,1,16358.142857142857,16358.142857142857
WESTLINK CHEMISTS,1,16358.142857142857,1,1,16358.142857142857,16358.142857142857
STEBURAH PHARMACY,1,16358.142857142857,1,1,16358.142857142857,16358.142857142857
ARTPEE PHARMACY LTD,1,16358.142857142857,1,1,16358.142857142857,16358.142857142857
NEW SAMWARTH PHARMACY,1,16358.142857142857,1,1,16358.142857142857,16358.142857142857
NEW SAMKWARTH CO. LTD,1,16358.142857142857,1,1,16358.142857142857,16358.142857142857
SIMART PHARMACY,2,16299.06705882353,2,1,8149.533529411765,8149.533529411765
ASBED CHEMISTS,1,16120.2,1,1,16120.2,16120.2
PATRIVERS PHARMACY LIMITED,1,16120.2,1,1,16120.2,16120.2
NUMBERS PHARMACY LTD,1,16120.2,1,1,16120.2,16120.2
KINDNESS PHARMACY LTD,1,15791.25,1,1,15791.25,15791.25
EDDYJOY PHARMACY LTD,1,15791.25,1,1,15791.25,15791.25
MOLLY PHARMACY,1,15791.25,1,1,15791.25,15791.25
TONYKAY PHARMACY LTD.,1,15791.25,1,1,15791.25,15791.25
BENATUS PHARMACY,1,15645.833333333334,1,1,15645.833333333334,15645.833333333334
SERAPHIM PHARMACY LTD,1,15645.833333333334,1,1,15645.833333333334,15645.833333333334
NAPDEL PHARMACY LIMITED,1,15645.833333333334,1,1,15645.833333333334,15645.833333333334
ERIC VEE PHARMACY LTD,1,15369.0,1,1,15369.0,15369.0
FAABU 98 PHARMACY LTD.,1,15369.0,1,1,15369.0,15369.0
FELLEE PHARMACY LTD.,1,15369.0,1,1,15369.0,15369.0
TITAN CHEMIST LIMITED,1,15369.0,1,1,15369.0,15369.0
KOKAB PHARMACY LTD,1,15369.0,1,1,15369.0,15369.0
M. Y. F. PHARMACY,1,15369.0,1,1,15369.0,15369.0
BN RX PHARMACY LTD,1,15369.0,1,1,15369.0,15369.0
KASSEH PHARMACY LTD,1,15343.4,1,1,15343.4,15343.4
TRISTAR PHARMACEUTICALS,1,15343.4,1,1,15343.4,15343.4
ALTRAMEX PHARMACY LIMITED,1,15343.4,1,1,15343.4,15343.4
GREENWICH PHARMACY LTD,1,15343.4,1,1,15343.4,15343.4
PIDA CHEMIST,1,15277.727272727272,1,1,15277.727272727272,15277.727272727272
RITE-VALUE PHARMACY,1,15277.727272727272,1,1,15277.727272727272,15277.727272727272
AIDEN PHARMACY,1,15277.727272727272,1,1,15277.727272727272,15277.727272727272
JAAGES PHARMACY LIMITED,1,15277.727272727272,1,1,15277.727272727272,15277.727272727272
GRACHA PHARMACY,1,15277.727272727272,1,1,15277.727272727272,15277.727272727272
MEDSTOP PHARMACY,1,15277.727272727272,1,1,15277.727272727272,15277.727272727272
180 PLUS PHARMACY LTD,1,15277.727272727272,1,1,15277.727272727272,15277.727272727272
JOFAS PHARMACY LTD,1,15277.727272727272,1,1,15277.727272727272,15277.727272727272
KINACO PHARMACY LTD.,1,15277.727272727272,1,1,15277.727272727272,15277.727272727272
ABESAM PHARMACY,1,15277.727272727272,1,1,15277.727272727272,15277.727272727272
OFFINSOMAN PHARMACY LTD,1,15277.333333333334,1,1,15277.333333333334,15277.333333333334
VERAMS PHARMACY,1,15277.333333333334,1,1,15277.333333333334,15277.333333333334
EMMANAK PHARMACY LTD,1,15277.333333333334,1,1,15277.333333333334,15277.333333333334
PHRANISCA PHARM LTD,1,15277.333333333334,1,1,15277.333333333334,15277.333333333334
LIMOX CHEMIST LTD,1,15277.333333333334,1,1,15277.333333333334,15277.333333333334
BEKED PHARMACY LIMITED,1,15277.333333333334,1,1,15277.333333333334,15277.333333333334
GASTO PHARMACY,1,15277.333333333334,1,1,15277.333333333334,15277.333333333334
BIG J PHARMACY LTD,1,15277.333333333334,1,1,15277.333333333334,15277.333333333334
CHRISTANCO PHARMACY,1,15277.333333333334,1,1,15277.333333333334,15277.333333333334
77 ELIXERS PHARMACY,1,15254.833333333334,1,1,15254.833333333334,15254.833333333334
KINGS & ROYALS PHARM. LTD.,1,15254.833333333334,1,1,15254.833333333334,15254.833333333334
BANLYD PHARMACEUTICALS LIMI,1,15254.833333333334,1,1,15254.833333333334,15254.833333333334
JODASMAS PHARMACY LTD.,1,15254.833333333334,1,1,15254.833333333334,15254.833333333334
DAASEBERE PHARMACY LTD.,1,15254.833333333334,1,1,15254.833333333334,15254.833333333334
OHENEBA PHARMACY LTD,1,15254.833333333334,1,1,15254.833333333334,15254.833333333334
ODA PHARMACY LTD,1,15248.8,1,1,15248.8,15248.8
WALGREENS PHARMACY LTD.,1,15248.8,1,1,15248.8,15248.8
LIBIAMBO PHARMACY,1,15248.8,1,1,15248.8,15248.8
LIM PHARMA LTD,1,15248.8,1,1,15248.8,15248.8
RANSTELL PHARMACY LTD,1,15195.6,1,1,15195.6,15195.6
GODSED PHARMACY,1,15195.6,1,1,15195.6,15195.6
SPECTRA PHARMACY,1,15195.6,1,1,15195.6,15195.6
SKS PHARMACY,1,15195.6,1,1,15195.6,15195.6
KEKULE PHARMACY,2,14153.741935483871,1,1,7076.870967741936,14153.741935483871
JOERESA PHARMACY LTD,1,13765.375,1,1,13765.375,13765.375
OLISANGIE PHARMACY LTD,1,13765.375,1,1,13765.375,13765.375
VOTANG PHARMACY,1,13765.375,1,1,13765.375,13765.375
NKWA HIA PHARMACY LIMITED,1,13765.375,1,1,13765.375,13765.375
BLUE AND WHITE PILLS PHARMAC,1,13765.375,1,1,13765.375,13765.375
KRISTOPHARMA LTD,1,13765.375,1,1,13765.375,13765.375
ETM PHARMACY,1,13765.375,1,1,13765.375,13765.375
IAOMAI PHARMACY,1,13765.375,1,1,13765.375,13765.375
ANAASONS PHARMACY LTD.,1,13604.333333333334,1,1,13604.333333333334,13604.333333333334
AKWAABA MEDI-LINE PHARMACY,1,13604.333333333334,1,1,13604.333333333334,13604.333333333334
NAGISA PHARMACY LTD.,1,13604.333333333334,1,1,13604.333333333334,13604.333333333334
EVERCARE HEALTH SERVICES LTD.,1,13604.333333333334,1,1,13604.333333333334,13604.333333333334
WHITE ANGEL PHARMACY,1,13604.333333333334,1,1,13604.333333333334,13604.333333333334
ZINAIDA PHARMACY,1,13604.333333333334,1,1,13604.333333333334,13604.333333333334
JORDANCO PHARMACY,1,13604.333333333334,1,1,13604.333333333334,13604.333333333334
NKURAKAN PHARMACY LTD,1,13604.333333333334,1,1,13604.333333333334,13604.333333333334
MOKAT CHEMISTS LTD.,2,13368.095238095239,1,1,6684.047619047619,13368.095238095239
EQUITY PHARMACY LIMITED,3,13048.105657549644,2,1,4349.368552516548,6524.052828774822
PRIMASH PHARMACY LTD,1,12672.375,1,1,12672.375,12672.375
D. C. PHARMACY LTD,1,12672.375,1,1,12672.375,12672.375
ERIC CHEMISTS LTD,1,12672.375,1,1,12672.375,12672.375
ESPANA PHARMACY LIMITED,1,12672.375,1,1,12672.375,12672.375
RIVERVIEW CHEMIST LTD.,1,12672.375,1,1,12672.375,12672.375
SSS PHARMACY LTD,1,12672.375,1,1,12672.375,12672.375
TOPMED PHARMACY,2,12638.115384615383,2,2,6319.0576923076915,6319.0576923076915
JOJO PHARMACY LTD,1,12512.666666666666,1,1,12512.666666666666,12512.666666666666
JOJO PHARMACY,1,12512.666666666666,1,1,12512.666666666666,12512.666666666666
J-MALL PHARMACY LTD.,1,12512.666666666666,1,1,12512.666666666666,12512.666666666666
JOJO PHARMACY LTD.(PRESBY HO,1,12512.666666666666,1,1,12512.666666666666,12512.666666666666
SOY CHEMISTS LTD.,1,12512.666666666666,1,1,12512.666666666666,12512.666666666666
JOEGANI PHARMACY LTD.,1,12512.666666666666,1,1,12512.666666666666,12512.666666666666
SAMU & SONS PHARMACY LTD,1,12472.9,1,1,12472.9,12472.9
TOHABA PHARMACEUTICALS LTD.,1,12472.9,1,1,12472.9,12472.9
ONYAME BA PHARMACY LTD,1,12472.9,1,1,12472.9,12472.9
AMO CHEMIST LTD,1,12472.9,1,1,12472.9,12472.9
EKUUS PHARMACY LIMITED,3,12472.26,1,1,4157.42,12472.26
RAK-D PHARMACY LTD,1,12239.857142857143,1,1,12239.857142857143,12239.857142857143
E & G PHARMACY LTD.,1,12239.857142857143,1,1,12239.857142857143,12239.857142857143
SUNBRIEL PHARMACY LTD,1,12239.857142857143,1,1,12239.857142857143,12239.857142857143
77 ELIXIRS PHARMACY,1,12239.857142857143,1,1,12239.857142857143,12239.857142857143
JOSARP PHARMACY LTD.,1,12239.857142857143,1,1,12239.857142857143,12239.857142857143
GOSAB PHARMACEUTICALS LIMIT,1,12239.857142857143,1,1,12239.857142857143,12239.857142857143
RICHOMONS PHARMACY,1,12172.0,1,1,12172.0,12172.0
BOZZ-JAY CHEMISTS LTD,1,12172.0,1,1,12172.0,12172.0
OWUSCO BEE PHARMACY LTD.,1,12172.0,1,1,12172.0,12172.0
NADORG PHARMACY LTD.,1,12172.0,1,1,12172.0,12172.0
RICOMONS PHARMACY LTD,1,12172.0,1,1,12172.0,12172.0
HILL SIDE PHARMACY,1,12172.0,1,1,12172.0,12172.0
CLIMAX PHARMACY LTD.,1,12172.0,1,1,12172.0,12172.0
ATIBIE PHARMACY LIMITED,1,12172.0,1,1,12172.0,12172.0
FREDIBOAT PHARMACY LTD.,1,12172.0,1,1,12172.0,12172.0
ZIP PHARMACY LTD,1,12172.0,1,1,12172.0,12172.0
ZIP PHARMACY,1,12172.0,1,1,12172.0,12172.0
DOEFAM PHARMACY,1,12141.64705882353,1,1,12141.64705882353,12141.64705882353
COMFORT PHARMACY LTD,1,12141.64705882353,1,1,12141.64705882353,12141.64705882353
ADIMED PHARMACY LTD,1,12141.64705882353,1,1,12141.64705882353,12141.64705882353
HICARE PHARMACY LTD,1,12141.64705882353,1,1,12141.64705882353,12141.64705882353
WELLCHECK PHARMACY,1,12141.64705882353,1,1,12141.64705882353,12141.64705882353
GAPEC PHARMACY LTD,1,12141.64705882353,1,1,12141.64705882353,12141.64705882353
TWO-STARS PHARMACY,1,12141.64705882353,1,1,12141.64705882353,12141.64705882353
FLEXSTA PHARMACY LTD.,1,12141.64705882353,1,1,12141.64705882353,12141.64705882353
SENELLA PHARMACY,1,12141.64705882353,1,1,12141.64705882353,12141.64705882353
CARL CHEMIST LTD.,1,12141.64705882353,1,1,12141.64705882353,12141.64705882353
MORTON CHEMIISTS LTD,1,12141.64705882353,1,1,12141.64705882353,12141.64705882353
NINATT PHARMACY LIMITED,1,12141.64705882353,1,1,12141.64705882353,12141.64705882353
ROCKWELL PHARMACY LTD,1,12141.64705882353,1,1,12141.64705882353,12141.64705882353
ROLAK PHARMACY LTD,1,12141.64705882353,1,1,12141.64705882353,12141.64705882353
BARRIER PHARMACY,1,12141.64705882353,1,1,12141.64705882353,12141.64705882353
HEIGHTSPHARM GHANA LTD,1,12141.64705882353,1,1,12141.64705882353,12141.64705882353
KEAT PHARMACY,1,12141.64705882353,1,1,12141.64705882353,12141.64705882353
RONIK PHARMACY LTD,1,12141.64705882353,1,1,12141.64705882353,12141.64705882353
OBM PHARMACY,1,12141.64705882353,1,1,12141.64705882353,12141.64705882353
D & G PHARMACY,1,12141.64705882353,1,1,12141.64705882353,12141.64705882353
RHEMATHEO PHARMACY LTD,1,12141.64705882353,1,1,12141.64705882353,12141.64705882353
MEDWAY PHARMACY,1,12141.64705882353,1,1,12141.64705882353,12141.64705882353
JADET PHARMACY,1,12141.64705882353,1,1,12141.64705882353,12141.64705882353
YAMED PHARMACY LTD,1,12141.64705882353,1,1,12141.64705882353,12141.64705882353
LABING PHARMACY LTD,1,12141.64705882353,1,1,12141.64705882353,12141.64705882353
SANITAS PHARMACY,1,12141.64705882353,1,1,12141.64705882353,12141.64705882353
ANCIENTS PHARMACY,1,12141.64705882353,1,1,12141.64705882353,12141.64705882353
DSM GET WELL PHARMACY LTD,1,12141.64705882353,1,1,12141.64705882353,12141.64705882353
PRISTEVE PHARMACY LTD,1,12141.64705882353,1,1,12141.64705882353,12141.64705882353
GENESIS OPTIMISED PHARMACY L,1,12141.64705882353,1,1,12141.64705882353,12141.64705882353
KEPRA PHARMACY LIMITED,1,12141.64705882353,1,1,12141.64705882353,12141.64705882353
ANCIENT PHARMACY LTD,1,12141.64705882353,1,1,12141.64705882353,12141.64705882353
ILEE PHARMACY LIMITED,2,11901.809523809523,1,1,5950.9047619047615,11901.809523809523
RS-DOXA PHARMACY LTD,1,11840.666666666666,1,1,11840.666666666666,11840.666666666666
AKESEFOUR CHEMISTS LTD.,1,11840.666666666666,1,1,11840.666666666666,11840.666666666666
KENOP PHARMACY,1,11840.666666666666,1,1,11840.666666666666,11840.666666666666
YAASIIN PHARMACEUTICALS,1,11816.882352941177,1,1,11816.882352941177,11816.882352941177
GREEN BEAM CHEMISTS,1,11816.882352941177,1,1,11816.882352941177,11816.882352941177
BRAINCODE PHARMACY,1,11816.882352941177,1,1,11816.882352941177,11816.882352941177
HIARA PHARMACY,1,11816.882352941177,1,1,11816.882352941177,11816.882352941177
WONOWANA PHARMACY LTD,1,11816.882352941177,1,1,11816.882352941177,11816.882352941177
THYWILL PHARMACY LTD,1,11816.882352941177,1,1,11816.882352941177,11816.882352941177
THOUSAND PHARMACY,1,11816.882352941177,1,1,11816.882352941177,11816.882352941177
KUMO PHARMACY LTD.,1,11816.882352941177,1,1,11816.882352941177,11816.882352941177
HASAL PHARMACY LIMITED,1,11816.882352941177,1,1,11816.882352941177,11816.882352941177
BLUE LIGHT PHARMACY,1,11816.882352941177,1,1,11816.882352941177,11816.882352941177
WONOWANA PHARMACY,1,11816.882352941177,1,1,11816.882352941177,11816.882352941177
PASMAX PHARMACY,1,11816.882352941177,1,1,11816.882352941177,11816.882352941177
PAULIGALI PHARMACY LTD,1,11816.882352941177,1,1,11816.882352941177,11816.882352941177
A. RAZMAK PHARMACY,1,11816.882352941177,1,1,11816.882352941177,11816.882352941177
BASOBIO PHARMACY,1,11816.882352941177,1,1,11816.882352941177,11816.882352941177
OAKRIDGE PHARMACY LTD,2,11812.821231422504,2,2,5906.410615711252,5906.410615711252
FINCO PHARMACY LTD.,1,11698.333333333334,1,1,11698.333333333334,11698.333333333334
MAJOR PHARMACY LTD,1,11698.333333333334,1,1,11698.333333333334,11698.333333333334
KHENIS- ROYAL PHARMACY,1,11698.333333333334,1,1,11698.333333333334,11698.333333333334
THE GOOD SHEPHERD PHARMACY,1,11698.333333333334,1,1,11698.333333333334,11698.333333333334
LYMEZZ PHARMACY LIMITED,1,11698.333333333334,1,1,11698.333333333334,11698.333333333334
MEDFARM PHARMACEUTICALS LT,1,11698.333333333334,1,1,11698.333333333334,11698.333333333334
MEDLOG PHARMACY LTD,1,11698.333333333334,1,1,11698.333333333334,11698.333333333334
ELCHRIS PHARMACY LTD,1,11698.333333333334,1,1,11698.333333333334,11698.333333333334
GLOPHARMA LTD.,1,11694.0,1,1,11694.0,11694.0
ZUZU PHARMACY LTD,1,11694.0,1,1,11694.0,11694.0
ROVAMAP PHARMACY,1,11694.0,1,1,11694.0,11694.0
ROYALE PHARMACY,1,11694.0,1,1,11694.0,11694.0
J. S VICTORY PHARMACY,1,11447.3,1,1,11447.3,11447.3
MATVIN PHARMACY,1,11447.3,1,1,11447.3,11447.3
EPDRA,1,11447.3,1,1,11447.3,11447.3
VICTORIOUS MOUNT ZION PHARM,1,11447.3,1,1,11447.3,11447.3
LIKEM PHARMACY LTD.,1,11447.3,1,1,11447.3,11447.3
CEL CHEMIST LTD.,1,11447.3,1,1,11447.3,11447.3
WISELY PHARMACY LIMITED,1,11359.083333333334,1,1,11359.083333333334,11359.083333333334
TQ CHEMISTS LIMITED,1,11359.083333333334,1,1,11359.083333333334,11359.083333333334
MERKOT PHARMACY CO. LTD,1,11359.083333333334,1,1,11359.083333333334,11359.083333333334
BORASBEE PHARMACEUTICALS,1,11359.083333333334,1,1,11359.083333333334,11359.083333333334
TOP TIER PHARMACY LTD,1,11359.083333333334,1,1,11359.083333333334,11359.083333333334
PETROS HILL PHARMACY LTD,1,11359.083333333334,1,1,11359.083333333334,11359.083333333334
ODUM NSEMPA PHARMACY,1,11359.083333333334,1,1,11359.083333333334,11359.083333333334
GEOTINA PHARMACY,1,11359.083333333334,1,1,11359.083333333334,11359.083333333334
EDZIEBA PHARMACY,1,11359.083333333334,1,1,11359.083333333334,11359.083333333334
BANESTA PHARMACY LTD,1,11359.083333333334,1,1,11359.083333333334,11359.083333333334
POMA PHARMACY LTD.,1,11359.083333333334,1,1,11359.083333333334,11359.083333333334
JOSWARD PHARMACY LTD,1,11359.083333333334,1,1,11359.083333333334,11359.083333333334
TIMETEC PHARMACY LTD,1,11170.809523809523,1,1,11170.809523809523,11170.809523809523
FELDUF PHARMACY,1,11170.809523809523,1,1,11170.809523809523,11170.809523809523
OKOFONI PHARMACY LTD,1,11170.809523809523,1,1,11170.809523809523,11170.809523809523
HAPISCARES PHARMACY LTD,1,11170.809523809523,1,1,11170.809523809523,11170.809523809523
TIME-CURVE PHARMACY LIMITED,1,11170.809523809523,1,1,11170.809523809523,11170.809523809523
MARRIEMENS PHARMACY LTD,1,11170.809523809523,1,1,11170.809523809523,11170.809523809523
KWABEC PHARMACY,1,11170.809523809523,1,1,11170.809523809523,11170.809523809523
PHARMALEADS LIMITED,1,11170.809523809523,1,1,11170.809523809523,11170.809523809523
DOUGINAS PHARMACY COMPANY,1,11170.809523809523,1,1,11170.809523809523,11170.809523809523
MAAKOS PHARMACY,1,11170.809523809523,1,1,11170.809523809523,11170.809523809523
SWEET ALONE PHARMACY,1,11170.809523809523,1,1,11170.809523809523,11170.809523809523
PATBEDAVS PHARMACY,1,11170.809523809523,1,1,11170.809523809523,11170.809523809523
IMBOOST PHARMACY LTD,1,11170.809523809523,1,1,11170.809523809523,11170.809523809523
P-RAY PHARMACY,1,11170.809523809523,1,1,11170.809523809523,11170.809523809523
BEKED PHARMACY,1,11170.809523809523,1,1,11170.809523809523,11170.809523809523
THE TRUTH PHARMACY LIMITED,1,11170.809523809523,1,1,11170.809523809523,11170.809523809523
DE-ADALE PHARMACY LTD,1,11170.809523809523,1,1,11170.809523809523,11170.809523809523
REJESS PHARMACY LTD,1,11170.809523809523,1,1,11170.809523809523,11170.809523809523
HYMALL PHARMACY,2,11102.381978653531,2,2,5551.190989326766,5551.190989326766
T. Q. CHEMISTS LTD,1,10869.8,1,1,10869.8,10869.8
REGIBEN FAMILY PHARMACY,1,10869.8,1,1,10869.8,10869.8
RISCOB PHARMACY,1,10869.8,1,1,10869.8,10869.8
A. B. CHEMIST (GH) LTD.,1,10869.8,1,1,10869.8,10869.8
REGIBEN FAMILY PHARMACY LTD.,1,10869.8,1,1,10869.8,10869.8
PHARMA DE PABLOE LTD. ANNEX,1,10869.8,1,1,10869.8,10869.8
KAFH PHARMACEUTICALS LTD.,1,10869.8,1,1,10869.8,10869.8
JUCAD PHARMACY,3,10839.598743807503,3,2,3613.1995812691675,3613.1995812691675
KOGBECO PHARMACY,1,10769.166666666666,1,1,10769.166666666666,10769.166666666666
RICHPOT PHARMACY LTD,1,10769.166666666666,1,1,10769.166666666666,10769.166666666666
ROSENO PHARMACY,1,10769.166666666666,1,1,10769.166666666666,10769.166666666666
ROSENO PHARMACY LTD,2,10769.166666666666,2,1,5384.583333333333,5384.583333333333
CHOCHO PHARMACY LTD.,1,10769.166666666666,1,1,10769.166666666666,10769.166666666666
HAP-PHIL CHEMIST LTD.,2,10736.979564755839,2,1,5368.489782377919,5368.489782377919
KINGSWAY PHARMACY LTD,2,10546.944444444445,1,1,5273.472222222223,10546.944444444445
ASHGIN PHARMACY,2,10546.944444444445,1,1,5273.472222222223,10546.944444444445
Brobbson Pharmacy Limited,10,10510.403573422669,2,1,1051.0403573422668,5255.2017867113345
GEORUTH PHARMACY,2,10501.085747551537,2,1,5250.542873775768,5250.542873775768
GOD LIFE PHARMACY,1,10392.666666666666,1,1,10392.666666666666,10392.666666666666
LBX PHARMACY LTD,1,10392.666666666666,1,1,10392.666666666666,10392.666666666666
WOLUWIE PHARMACY LTD.,1,10392.666666666666,1,1,10392.666666666666,10392.666666666666
JOETAY PHARMACY LTD,1,10392.666666666666,1,1,10392.666666666666,10392.666666666666
KEMIL PHARMACY,1,10392.666666666666,1,1,10392.666666666666,10392.666666666666
RAMOL PHARMACY,1,10392.666666666666,1,1,10392.666666666666,10392.666666666666
P & J PHARMACY LTD,1,10392.666666666666,1,1,10392.666666666666,10392.666666666666
EVECARE HEALTH SERVICES,1,10392.666666666666,1,1,10392.666666666666,10392.666666666666
AGYEKEN PHARMACY LIMITED,1,10392.666666666666,1,1,10392.666666666666,10392.666666666666
UPTOWN PHARMACY,1,10392.666666666666,1,1,10392.666666666666,10392.666666666666
LOSAB PHARMACY LTD,1,10392.666666666666,1,1,10392.666666666666,10392.666666666666
RUANDY PHARMACY,1,10392.666666666666,1,1,10392.666666666666,10392.666666666666
STANKAY PHARMACY,1,10392.666666666666,1,1,10392.666666666666,10392.666666666666
DECAVA PHARMACY LTD,1,10392.666666666666,1,1,10392.666666666666,10392.666666666666
KOFIKROM PHARMACY LTD,2,10387.332495812394,2,2,5193.666247906197,5193.666247906197
CARE VIEW PHARMACY LTD,4,10255.616537021031,3,1,2563.9041342552578,3418.538845673677
TOBINCO PHARMACEUTICALS (TE,1,10139.166666666666,1,1,10139.166666666666,10139.166666666666
LIGHTWAY CHEMISTS LTD.,1,10139.166666666666,1,1,10139.166666666666,10139.166666666666
RAHMACARE PHARMACY LTD,1,10139.166666666666,1,1,10139.166666666666,10139.166666666666
SCAB PHARMARY (TECHIMAN-KEN,1,10139.166666666666,1,1,10139.166666666666,10139.166666666666
WILMED PHARMACY,1,10139.166666666666,1,1,10139.166666666666,10139.166666666666
DONATUS PHARMACY,1,10139.166666666666,1,1,10139.166666666666,10139.166666666666
LLOYDS PHARMACY LTD.,1,10139.166666666666,1,1,10139.166666666666,10139.166666666666
BAKAY PHARMACEUTICALS LTD,1,10139.166666666666,1,1,10139.166666666666,10139.166666666666
HOST COMPANY,1,10139.166666666666,1,1,10139.166666666666,10139.166666666666
EVERGREEN LIFE PHARMACY LTD.,1,10139.166666666666,1,1,10139.166666666666,10139.166666666666
KASAPA HEALTH SERVICE,1,10139.166666666666,1,1,10139.166666666666,10139.166666666666
MEDISERVICE PHARMACY,1,10139.166666666666,1,1,10139.166666666666,10139.166666666666
MEDI-LIFE PHARMACY,1,10139.166666666666,1,1,10139.166666666666,10139.166666666666
MEDIMIS PHARMACY,1,10139.166666666666,1,1,10139.166666666666,10139.166666666666
JOEGANI PHARMACY LTD (TECHIM,1,10139.166666666666,1,1,10139.166666666666,10139.166666666666
MEDCOURT PHARMACY (TECHIM,1,10139.166666666666,1,1,10139.166666666666,10139.166666666666
VISION 20 PHARMACY LTD.,1,10139.166666666666,1,1,10139.166666666666,10139.166666666666
DIAMONO PHARMACY,1,10139.166666666666,1,1,10139.166666666666,10139.166666666666
J.S PHARMACY LTD.,1,10139.166666666666,1,1,10139.166666666666,10139.166666666666
EFFAJOUR PHARMACEUTICALS LT,1,10139.166666666666,1,1,10139.166666666666,10139.166666666666
AL-SHIFAN PHARMACY LTD,1,10139.166666666666,1,1,10139.166666666666,10139.166666666666
DM SPHERE PHARMACY LTD,1,10139.166666666666,1,1,10139.166666666666,10139.166666666666
LEMON PHARMACY,1,9793.958333333334,1,1,9793.958333333334,9793.958333333334
SAMEL PHARMACY COMPANY LIM,1,9793.958333333334,1,1,9793.958333333334,9793.958333333334
AS-TESCO CHEMISTS LTD.,1,9793.958333333334,1,1,9793.958333333334,9793.958333333334
FAUSEMIL PHARMACY,1,9793.958333333334,1,1,9793.958333333334,9793.958333333334
IKONAS PHARMACY LTD,1,9793.958333333334,1,1,9793.958333333334,9793.958333333334
2SD PHARMACY,1,9793.958333333334,1,1,9793.958333333334,9793.958333333334
MANASSEH STATION PHARMACY,1,9793.958333333334,1,1,9793.958333333334,9793.958333333334
AJOK-GREEN PHARMACY LTD,1,9793.958333333334,1,1,9793.958333333334,9793.958333333334
ENSIE PHARMACY LTD,1,9793.958333333334,1,1,9793.958333333334,9793.958333333334
YUSKA PHARMACY LTD,1,9793.958333333334,1,1,9793.958333333334,9793.958333333334
MEDNIGHT PHARMACEUTICALS LT,1,9793.958333333334,1,1,9793.958333333334,9793.958333333334
CARE PLUS PHARMACY LTD,1,9793.958333333334,1,1,9793.958333333334,9793.958333333334
FOSSY UNITY PHARMACY LTD.,1,9793.958333333334,1,1,9793.958333333334,9793.958333333334
ERIC VEE PHARMACY,1,9793.958333333334,1,1,9793.958333333334,9793.958333333334
ESS & JAY PHARMACY LTD,1,9793.958333333334,1,1,9793.958333333334,9793.958333333334
DAILY HEALTH SERVICES,1,9793.958333333334,1,1,9793.958333333334,9793.958333333334
TALONS PHARMACY,1,9793.958333333334,1,1,9793.958333333334,9793.958333333334
DOUGINAS PHARMACY LTD,1,9793.958333333334,1,1,9793.958333333334,9793.958333333334
GENAK PHARMACY LTD,1,9793.958333333334,1,1,9793.958333333334,9793.958333333334
JAYBERTHA PHARMACY LIMITED,1,9793.958333333334,1,1,9793.958333333334,9793.958333333334
MEDKNIGHT PHARMACY LTD,2,9747.166666666668,2,1,4873.583333333334,4873.583333333334
RITE AID PHARMACY,2,9740.162162162162,1,1,4870.081081081081,9740.162162162162
TRAFALGAR GATE PHARMACY,2,9740.162162162162,1,1,4870.081081081081,9740.162162162162
NARHSAM PHARMACY LTD,2,9739.714285714286,1,1,4869.857142857143,9739.714285714286
MARRITA PHARMACY LTD,1,9558.064516129032,1,1,9558.064516129032,9558.064516129032
E AND E 247 PHARMACY LTD,1,9558.064516129032,1,1,9558.064516129032,9558.064516129032
GRALEX PHARMACY LTD,1,9558.064516129032,1,1,9558.064516129032,9558.064516129032
BEN BABS PHARMACY LIMITED,1,9558.064516129032,1,1,9558.064516129032,9558.064516129032
SLDF PHARMACY LTD,1,9558.064516129032,1,1,9558.064516129032,9558.064516129032
CAREMAX PHARMACY LTD.,1,9558.064516129032,1,1,9558.064516129032,9558.064516129032
OXALE PHARMACY,1,9558.064516129032,1,1,9558.064516129032,9558.064516129032
JSI PHARMACY LTD,1,9558.064516129032,1,1,9558.064516129032,9558.064516129032
THREE BROTHERS PHARMACY,1,9558.064516129032,1,1,9558.064516129032,9558.064516129032
RICHNA PHARMACY LIMITED,1,9558.064516129032,1,1,9558.064516129032,9558.064516129032
FRAC PHARMA LTD.,1,9558.064516129032,1,1,9558.064516129032,9558.064516129032
BISBERF PHARMACY LTD,1,9558.064516129032,1,1,9558.064516129032,9558.064516129032
SIMPLE PHARMACY LTD,1,9558.064516129032,1,1,9558.064516129032,9558.064516129032
ARAPHARM GHANA LIMITED,1,9558.064516129032,1,1,9558.064516129032,9558.064516129032
LEGAN PHARMACY LTD,1,9558.064516129032,1,1,9558.064516129032,9558.064516129032
MEDPOINT PHARMACY,1,9558.064516129032,1,1,9558.064516129032,9558.064516129032
GRADE A CARE PHARMACY LIMITE,1,9558.064516129032,1,1,9558.064516129032,9558.064516129032
JSI PHARMACY LTD.,1,9558.064516129032,1,1,9558.064516129032,9558.064516129032
MELORB PHARMACY LTD,1,9558.064516129032,1,1,9558.064516129032,9558.064516129032
LIFE DREAM PHARMACY LTD,1,9558.064516129032,1,1,9558.064516129032,9558.064516129032
GEOPERP PHARMACY,1,9558.064516129032,1,1,9558.064516129032,9558.064516129032
SAMMESS PHARMACY LTD (ANNE,1,9558.064516129032,1,1,9558.064516129032,9558.064516129032
GYAKOSS PHARMACY,1,9558.064516129032,1,1,9558.064516129032,9558.064516129032
RABITO PHARMACY LTD,1,9492.166666666666,1,1,9492.166666666666,9492.166666666666
BEGORO PHARMACY LTD,1,9492.166666666666,1,1,9492.166666666666,9492.166666666666
KWAMPAW PHARMACY LTD.,1,9492.166666666666,1,1,9492.166666666666,9492.166666666666
GEOKA PHARMACY LTD,1,9492.166666666666,1,1,9492.166666666666,9492.166666666666
HEALTHLINE PHARMACY,1,9492.166666666666,1,1,9492.166666666666,9492.166666666666
TOBINCO PHARMACY,5,9217.407850005211,4,4,1843.4815700010422,2304.3519625013028
LENA PHARMACY,2,9027.501081081082,2,2,4513.750540540541,4513.750540540541
ASANBECK PHARMACY,2,9027.277142857143,2,1,4513.638571428572,4513.638571428572
PIDA CHEMIST LTD.,3,8574.362467054689,3,2,2858.1208223515628,2858.1208223515628
SHALINA PHARMACY GHANA LIMI,2,8448.751700680272,2,2,4224.375850340136,4224.375850340136
PFAGO CHEMISTS LTD.,4,8448.509722222221,2,1,2112.1274305555553,4224.254861111111
WIDAMA PHARMACY,2,8314.84,1,1,4157.42,8314.84
HEIGHTSPHARM PHARMACY,2,8314.84,1,1,4157.42,8314.84
MODERN CARE PHARMACY,2,8158.123717948718,2,2,4079.061858974359,4079.061858974359
GREENLIGHT PHARMACY LTD,2,8060.958333333333,1,1,4030.4791666666665,8060.958333333333
MACK-HUBERT PHARMACY LTD.,2,8060.958333333333,1,1,4030.4791666666665,8060.958333333333
PINACLE PHARMACY LIMITED,1,7858.047619047619,1,1,7858.047619047619,7858.047619047619
4TRESS PHARMACY LTD.,1,7858.047619047619,1,1,7858.047619047619,7858.047619047619
ADUMAX PHARMACY,1,7858.047619047619,1,1,7858.047619047619,7858.047619047619
DOMINION GRACE PHARMACY,1,7858.047619047619,1,1,7858.047619047619,7858.047619047619
VITAFORTE PHARMACY LTD,1,7858.047619047619,1,1,7858.047619047619,7858.047619047619
DA-K PHARMACY LTD.,1,7858.047619047619,1,1,7858.047619047619,7858.047619047619
VICAMP PHARMACY LTD,1,7858.047619047619,1,1,7858.047619047619,7858.047619047619
AFRICA CHEMIST COMPANY LIMIT,1,7858.047619047619,1,1,7858.047619047619,7858.047619047619
RAYBOAT PHARMACY LTD,1,7858.047619047619,1,1,7858.047619047619,7858.047619047619
NEW ERA PHARMACY LTD,1,7858.047619047619,1,1,7858.047619047619,7858.047619047619
TUMIWURA PHARMACY LTD,1,7858.047619047619,1,1,7858.047619047619,7858.047619047619
CHARMAR PHARMACY LTD.,1,7858.047619047619,1,1,7858.047619047619,7858.047619047619
ADUPAC CHEMISTS LTD,1,7858.047619047619,1,1,7858.047619047619,7858.047619047619
FAMICARE PHARMACY,1,7858.047619047619,1,1,7858.047619047619,7858.047619047619
PROMA PHARMACY LTD,1,7858.047619047619,1,1,7858.047619047619,7858.047619047619
MOONLIGHT PHARMACY,1,7858.047619047619,1,1,7858.047619047619,7858.047619047619
HAYNA PHARMACY LTD,1,7858.047619047619,1,1,7858.047619047619,7858.047619047619
NEXT WORLD PHARMACEUTICALS,1,7858.047619047619,1,1,7858.047619047619,7858.047619047619
AFRICAN CHEMIST LIMITED,1,7858.047619047619,1,1,7858.047619047619,7858.047619047619
CHARMAR PHARMACY LTD,1,7858.047619047619,1,1,7858.047619047619,7858.047619047619
SANFORD WORLD CLINIC PHARMA,2,7727.383333333333,2,2,3863.6916666666666,3863.6916666666666
ASCOT PHARMACY,2,7530.100267104993,2,2,3765.0501335524964,3765.0501335524964
OTY'S PHARMACY,2,7521.548717948718,2,1,3760.774358974359,3760.774358974359
DEWLAND CHEMIST,2,7471.438202247191,1,1,3735.7191011235955,7471.438202247191
LIZMOK PHARMACY LTD,2,7201.724137931034,1,1,3600.862068965517,7201.724137931034
DOSTY PHARMACY,4,7113.418100511657,3,1,1778.3545251279143,2371.139366837219
JEMOZ PHARMACY,1,7076.870967741936,1,1,7076.870967741936,7076.870967741936
JENAPP PHARMACY LIMITED,1,7076.870967741936,1,1,7076.870967741936,7076.870967741936
GETWELL PHARMACY LTD,1,7076.870967741936,1,1,7076.870967741936,7076.870967741936
JANNIS PHARMACY,1,7076.870967741936,1,1,7076.870967741936,7076.870967741936
MADIBRA AND CO. LTD,1,7076.870967741936,1,1,7076.870967741936,7076.870967741936
BRAKATU-BENNET PHARMACY LT,1,7076.870967741936,1,1,7076.870967741936,7076.870967741936
WISPA PHARMA GH. LIMITED,1,7076.870967741936,1,1,7076.870967741936,7076.870967741936
TRUSTLINK PHARMACY LIMITED,1,7076.870967741936,1,1,7076.870967741936,7076.870967741936
CELTIS PHARMACY,1,7076.870967741936,1,1,7076.870967741936,7076.870967741936
BRAKATU PHARMACY LTD.,1,7076.870967741936,1,1,7076.870967741936,7076.870967741936
HEALTH SPRING PHARMACY LTD,1,7076.870967741936,1,1,7076.870967741936,7076.870967741936
EVANEX PHARMACY LTD,1,7076.870967741936,1,1,7076.870967741936,7076.870967741936
KENDICKS PHARMACY LTD,1,7076.870967741936,1,1,7076.870967741936,7076.870967741936
ALISEY PHARMACY LTD,1,7076.870967741936,1,1,7076.870967741936,7076.870967741936
FRAMIN PHARMACY LIMITED,1,7076.870967741936,1,1,7076.870967741936,7076.870967741936
EVESAM PHARMACY LTD,1,7076.870967741936,1,1,7076.870967741936,7076.870967741936
HEALTH TRUST PHARMACY,1,7076.870967741936,1,1,7076.870967741936,7076.870967741936
HESED PHARMACY,1,7076.870967741936,1,1,7076.870967741936,7076.870967741936
OWASS PHARMACY LTD.,1,7076.870967741936,1,1,7076.870967741936,7076.870967741936
EDRON PHARMACY,1,7076.870967741936,1,1,7076.870967741936,7076.870967741936
WESTLINK CHEMIST LTD,1,7076.870967741936,1,1,7076.870967741936,7076.870967741936
MAIVAN PHARMACY,1,7076.870967741936,1,1,7076.870967741936,7076.870967741936
PLATINUM-P CARE PHARMACY,1,7076.870967741936,1,1,7076.870967741936,7076.870967741936
IBRAPHARMA LTD,1,6788.523809523809,1,1,6788.523809523809,6788.523809523809
ANNICOM PHARMACY,1,6788.523809523809,1,1,6788.523809523809,6788.523809523809
BENTLY PHARMACY,1,6788.523809523809,1,1,6788.523809523809,6788.523809523809
ENDSWELL PHARMACY LTD,1,6788.523809523809,1,1,6788.523809523809,6788.523809523809
ENDSWELL PHARMACY LTD. ( BUK,1,6788.523809523809,1,1,6788.523809523809,6788.523809523809
ENDSWELL PHARMACY,1,6788.523809523809,1,1,6788.523809523809,6788.523809523809
ADAM A PLUS PHARMACY LTD,1,6788.523809523809,1,1,6788.523809523809,6788.523809523809
FB ULTIMATE- PHARMACY,1,6788.523809523809,1,1,6788.523809523809,6788.523809523809
ZIMAX PHARMACY LIMITED,1,6788.523809523809,1,1,6788.523809523809,6788.523809523809
SAMORAK PHARMACY LTD.,1,6788.523809523809,1,1,6788.523809523809,6788.523809523809
EDMIDA PHARMACY LTD,1,6788.523809523809,1,1,6788.523809523809,6788.523809523809
GINAPHARMA LTD. ( BOLGA BRA,1,6788.523809523809,1,1,6788.523809523809,6788.523809523809
DATAM PHARMACY LTD,1,6788.523809523809,1,1,6788.523809523809,6788.523809523809
DARTAH PHARMACY LTD.,1,6788.523809523809,1,1,6788.523809523809,6788.523809523809
ASCEND LIFESCIENCE PHARMACY,1,6788.523809523809,1,1,6788.523809523809,6788.523809523809
OPEN GATE PHARMACY LTD.,1,6788.523809523809,1,1,6788.523809523809,6788.523809523809
OPENED GATE PHARMACY,1,6788.523809523809,1,1,6788.523809523809,6788.523809523809
ROSELASI PHARMACY LTD,1,6788.523809523809,1,1,6788.523809523809,6788.523809523809
ADANSIMAN PHARMACY,1,6781.625,1,1,6781.625,6781.625
JULIBO PHARMACY LTD,1,6781.625,1,1,6781.625,6781.625
VICMERC O.A. PHARMACY LTD.,1,6781.625,1,1,6781.625,6781.625
BEKMART PHARMACY LTD,1,6781.625,1,1,6781.625,6781.625
JOMAADS PHARMACY LTD,1,6781.625,1,1,6781.625,6781.625
ALL IS WELL PHARMACY,1,6781.625,1,1,6781.625,6781.625
ERICPO PHARMACEUTICALS GHAN,1,6781.625,1,1,6781.625,6781.625
JAAF PHARMACY,1,6781.625,1,1,6781.625,6781.625
ROCK CHEMISTS,5,6734.802348726114,3,1,1346.9604697452228,2244.9341162420383
LIZDAN PHARMACY,2,6719.143162393162,2,2,3359.571581196581,3359.571581196581
HEALTH CORNER PHARMACY LTD,2,6715.043529411765,2,1,3357.5217647058826,3357.5217647058826
DESTINY COMMAND CHEMIST,2,6715.043529411765,2,1,3357.5217647058826,3357.5217647058826
SPEED PHARMACY,2,6715.043529411765,2,1,3357.5217647058826,3357.5217647058826
ALIMEFS PHARMACY,1,6684.047619047619,1,1,6684.047619047619,6684.047619047619
NAYAG PHARMACY LIMITED,1,6684.047619047619,1,1,6684.047619047619,6684.047619047619
CHARPS CHEMISTS,1,6684.047619047619,1,1,6684.047619047619,6684.047619047619
NABIBS PHARMACY,1,6684.047619047619,1,1,6684.047619047619,6684.047619047619
CAMDEN PHARMACEUTICALS LTD,1,6684.047619047619,1,1,6684.047619047619,6684.047619047619
ST. STEPHENS PHARMACY,1,6684.047619047619,1,1,6684.047619047619,6684.047619047619
FRANKERZ PHARMACY,1,6684.047619047619,1,1,6684.047619047619,6684.047619047619
GLPL GHANA LTD.,1,6684.047619047619,1,1,6684.047619047619,6684.047619047619
PALM-AID PHARMACY,1,6684.047619047619,1,1,6684.047619047619,6684.047619047619
ENTRANCE PHARMACEUTICALS,1,6684.047619047619,1,1,6684.047619047619,6684.047619047619
KOFIKROM PHARMCY LTD,1,6684.047619047619,1,1,6684.047619047619,6684.047619047619
KOFIKROM PHARMACY LTD.,1,6684.047619047619,1,1,6684.047619047619,6684.047619047619
KAMA INDUSTRIES LTD.,1,6684.047619047619,1,1,6684.047619047619,6684.047619047619
HEALTH CONCEPT LTD,1,6684.047619047619,1,1,6684.047619047619,6684.047619047619
JOVEL PHARMACY LTD,1,6684.047619047619,1,1,6684.047619047619,6684.047619047619
DIXXONS PHARMACY LIMITED,1,6684.047619047619,1,1,6684.047619047619,6684.047619047619
PHARMACY ROYALE LIMITED,1,6684.047619047619,1,1,6684.047619047619,6684.047619047619
RAYNEK PHARMACY LTD,3,6521.965539768087,2,1,2173.988513256029,3260.9827698840436
ROMART PHARMACY,2,6365.904299363057,2,2,3182.9521496815287,3182.9521496815287
J-RAD PHARMACY,3,6087.0,1,1,2029.0,6087.0
BIOTIC PHARMACY,3,6010.412887969258,2,1,2003.4709626564193,3005.206443984629
ACTIKID PHARMACY,2,5981.167819072313,2,1,2990.5839095361566,2990.5839095361566
UNICHEM GHANA LIMITED,1,5950.9047619047615,1,1,5950.9047619047615,5950.9047619047615
PHARMANOVA LTD,1,5950.9047619047615,1,1,5950.9047619047615,5950.9047619047615
ALLIANCE PHARMACY LTD.,1,5950.9047619047615,1,1,5950.9047619047615,5950.9047619047615
DOXA CHEMISTS LTD,1,5950.9047619047615,1,1,5950.9047619047615,5950.9047619047615
KALAMED PHARMACY LIMITED,1,5950.9047619047615,1,1,5950.9047619047615,5950.9047619047615
DOKULOKU PHARMACY,1,5950.9047619047615,1,1,5950.9047619047615,5950.9047619047615
B & G PHARMACY LIMITED,1,5950.9047619047615,1,1,5950.9047619047615,5950.9047619047615
HASKAY PHARMACY LTD.,1,5950.9047619047615,1,1,5950.9047619047615,5950.9047619047615
U.B PHARMA GHANA LTD.,1,5950.9047619047615,1,1,5950.9047619047615,5950.9047619047615
UNIQUE PHARMACY LTD,1,5950.9047619047615,1,1,5950.9047619047615,5950.9047619047615
ACHEBO PHARMACY LTD,1,5950.9047619047615,1,1,5950.9047619047615,5950.9047619047615
J. Y. PHARMACY LTD,1,5950.9047619047615,1,1,5950.9047619047615,5950.9047619047615
RICKY PHARMACY LTD.,1,5950.9047619047615,1,1,5950.9047619047615,5950.9047619047615
AMUHERA PHARMACY LTD,1,5950.9047619047615,1,1,5950.9047619047615,5950.9047619047615
OBARSI PHARMACEUTICALS LTD.,1,5950.9047619047615,1,1,5950.9047619047615,5950.9047619047615
OPAC PHARMACY LTD,1,5950.9047619047615,1,1,5950.9047619047615,5950.9047619047615
MEK PHARMACY LTD.(TAMALE BR,1,5950.9047619047615,1,1,5950.9047619047615,5950.9047619047615
A & A PHARMACY CONSULT LTD.,1,5950.9047619047615,1,1,5950.9047619047615,5950.9047619047615
SLAVA PHARMACY,1,5950.9047619047615,1,1,5950.9047619047615,5950.9047619047615
APOTHECARE PHARMACY,1,5950.9047619047615,1,1,5950.9047619047615,5950.9047619047615
OBARSI PHARMACY LTD. (ANNEX,1,5950.9047619047615,1,1,5950.9047619047615,5950.9047619047615
MAUPLUS PHARMACY LTD.(TISHE,1,5950.9047619047615,1,1,5950.9047619047615,5950.9047619047615
CHAMALT PHARMACY LTD.,1,5950.9047619047615,1,1,5950.9047619047615,5950.9047619047615
NASARA PHARMACY LTD,1,5950.9047619047615,1,1,5950.9047619047615,5950.9047619047615
LIVE WELL PHARMACY,1,5950.9047619047615,1,1,5950.9047619047615,5950.9047619047615
TRUST CARE PHARMACY LTD.,1,5950.9047619047615,1,1,5950.9047619047615,5950.9047619047615
GINA PHARMA LTD,1,5950.9047619047615,1,1,5950.9047619047615,5950.9047619047615
BLUE NILE PHARMACY LTD,1,5950.9047619047615,1,1,5950.9047619047615,5950.9047619047615
DANNEX AYRTON STARWIN PLC D,1,5950.9047619047615,1,1,5950.9047619047615,5950.9047619047615
MAINSTREET PHARMACY LTD,1,5950.9047619047615,1,1,5950.9047619047615,5950.9047619047615
GINAPHARMA LTD.(KANVILI BRAN,1,5950.9047619047615,1,1,5950.9047619047615,5950.9047619047615
GB PHARMA (GH) LIMITED,1,5950.9047619047615,1,1,5950.9047619047615,5950.9047619047615
SUPERLITE PHARMACY,1,5950.9047619047615,1,1,5950.9047619047615,5950.9047619047615
EB PHARMACEUTICAL LTD.,1,5950.9047619047615,1,1,5950.9047619047615,5950.9047619047615
TOBINCO PHARMACEUTICALS,1,5950.9047619047615,1,1,5950.9047619047615,5950.9047619047615
M & G PHARMACEUTICALS LTD.(T,1,5950.9047619047615,1,1,5950.9047619047615,5950.9047619047615
DECENT PHARMACY,1,5950.9047619047615,1,1,5950.9047619047615,5950.9047619047615
PEEKAY GOMBI PHARMACY LTD.,1,5950.9047619047615,1,1,5950.9047619047615,5950.9047619047615
HAJISAM PHARMACY LTD,1,5950.9047619047615,1,1,5950.9047619047615,5950.9047619047615
GOODMAN PHARMACY,1,5950.9047619047615,1,1,5950.9047619047615,5950.9047619047615
MEDICARE PHARMACY LTD.,1,5950.9047619047615,1,1,5950.9047619047615,5950.9047619047615
HAYAT PHARMACY,1,5950.9047619047615,1,1,5950.9047619047615,5950.9047619047615
DIAKO PHARMCY LIMITED,1,5950.9047619047615,1,1,5950.9047619047615,5950.9047619047615
XERION CHEMIST LTD.,1,5950.9047619047615,1,1,5950.9047619047615,5950.9047619047615
AZUMAH PHARMACY,1,5950.9047619047615,1,1,5950.9047619047615,5950.9047619047615
STADIUM PHARMACY LTD,1,5950.9047619047615,1,1,5950.9047619047615,5950.9047619047615
GINAPHARMA LIMITED,1,5950.9047619047615,1,1,5950.9047619047615,5950.9047619047615
MAUPLUS PHARMACEUTICALS LT,1,5950.9047619047615,1,1,5950.9047619047615,5950.9047619047615
OPAC PHARMACY LTD.,1,5950.9047619047615,1,1,5950.9047619047615,5950.9047619047615
SELVAM PLUS PHARMACY LIMITE,1,5950.9047619047615,1,1,5950.9047619047615,5950.9047619047615
MEGA-1PHARMACEUTICALS,1,5950.9047619047615,1,1,5950.9047619047615,5950.9047619047615
FRONTAGE PHARMACY,1,5950.9047619047615,1,1,5950.9047619047615,5950.9047619047615
SENES PHARMA CO. LTD,3,5947.751658291458,2,1,1982.5838860971526,2973.875829145729
JB PHARMACY LTD,1,5912.675,1,1,5912.675,5912.675
JO-EPHSON PHARMACY,1,5912.675,1,1,5912.675,5912.675
WISELY PHARMACY,1,5912.675,1,1,5912.675,5912.675
CLASSFAM PHARMACY (KASOA BR,1,5912.675,1,1,5912.675,5912.675
MERKOT PHARMACY,1,5912.675,1,1,5912.675,5912.675
JCHS PHARMACY & TRADING LTD,1,5912.675,1,1,5912.675,5912.675
BOLENTO PHARMACY,1,5912.675,1,1,5912.675,5912.675
ASAMPHARM PHARMACEUTICALS,1,5912.675,1,1,5912.675,5912.675
WIDAMA PHARMACY LTD,1,5912.675,1,1,5912.675,5912.675
KABS PHARMA HEALTH SERVICE L,1,5912.675,1,1,5912.675,5912.675
PRIMAR PHARMACY,1,5912.675,1,1,5912.675,5912.675
ALPAT PHARMACY LIMITED,1,5912.675,1,1,5912.675,5912.675
ALPHA & OMEGA EL-SHADDAI PHARMACY LTD,1,5912.675,1,1,5912.675,5912.675
3J's PHARMACY,1,5912.675,1,1,5912.675,5912.675
KO'S PHARMACY LTD,1,5912.675,1,1,5912.675,5912.675
HEALTH ANGEL PHARMACEUTICA,1,5912.675,1,1,5912.675,5912.675
ABI-A PHARMACY LTD,1,5912.675,1,1,5912.675,5912.675
HAMSA PHARMACY LIMITED,1,5912.675,1,1,5912.675,5912.675
BASEVIEW PHARMACY LTD,1,5912.675,1,1,5912.675,5912.675
HEALTHVIEW PHARMACY LTD,1,5912.675,1,1,5912.675,5912.675
JIREH HEIGHTS PHARMACY,1,5912.675,1,1,5912.675,5912.675
M. CITY PHARMACY,1,5912.675,1,1,5912.675,5912.675
OPALSA PHARMACY LTD,1,5912.675,1,1,5912.675,5912.675
SIMPSON PHARMACY,1,5912.675,1,1,5912.675,5912.675
BENNYCARE PHARMACY LTD ANN,1,5912.675,1,1,5912.675,5912.675
RAG LINEKER PHARMACY,1,5912.675,1,1,5912.675,5912.675
MAYSON PHARMACEUTICALS LTD,1,5912.675,1,1,5912.675,5912.675
EKLESIA PHARMACY LTD,1,5912.675,1,1,5912.675,5912.675
SMT PHARMA COMPANY LTD,1,5912.675,1,1,5912.675,5912.675
FORMULA ONE CHEMISTS,1,5912.675,1,1,5912.675,5912.675
FIGEE PHARMACY LTD,1,5912.675,1,1,5912.675,5912.675
INTERPHARMA LIMITED,2,5776.8,1,1,2888.4,5776.8
INTERPHARMA LTD.,2,5776.8,1,1,2888.4,5776.8
MIKADDO PHARMACY LTD.,2,5776.8,1,1,2888.4,5776.8
HAGA PHARMACY,2,5765.022972002872,2,1,2882.511486001436,2882.511486001436
THE MALL PHARMACY,4,5709.530846086597,3,1,1427.3827115216493,1903.1769486955325
GOOD EXAMPLE PHARMACY LTD,2,5578.944308345583,2,1,2789.4721541727913,2789.4721541727913
KELMED PHARMACEUTICALS LTD,2,5323.310380444138,2,2,2661.655190222069,2661.655190222069
BIOLINK PHARMACY LTD.,1,5276.1,1,1,5276.1,5276.1
CARDINAL CHEMISTS,1,5276.1,1,1,5276.1,5276.1
SECOND KING PHARMACY,1,5276.1,1,1,5276.1,5276.1
EYE PLUS PHARMACY LTD,1,5276.1,1,1,5276.1,5276.1
NGANOMAN PHARMACY,1,5276.1,1,1,5276.1,5276.1
FINA PHARMACY LTD,1,5276.1,1,1,5276.1,5276.1
E.M'S PHARMACY & HEALTH MAR,1,5276.1,1,1,5276.1,5276.1
A. M. GAMBO PHARMACY LTD,1,5276.1,1,1,5276.1,5276.1
DODOWA PHARMACY LTD.,1,5276.1,1,1,5276.1,5276.1
IKANN CHEMIST LTD.,1,5276.1,1,1,5276.1,5276.1
PREMIUM PHARMACY,1,5276.1,1,1,5276.1,5276.1
PHARMA GEORGE,1,5276.1,1,1,5276.1,5276.1
ADPRIS CHEMIST LIMITED,1,5276.1,1,1,5276.1,5276.1
DODOWA PHARMACY (MARKET. R,1,5276.1,1,1,5276.1,5276.1
QUASIPHARM LTD,1,5276.1,1,1,5276.1,5276.1
FRANSLINA PHARMACY,1,5276.1,1,1,5276.1,5276.1
BIO LINK PHARMACY,1,5276.1,1,1,5276.1,5276.1
DAVJOEL LIMITED,1,5276.1,1,1,5276.1,5276.1
KLEENMED PHARMACY,1,5273.472222222223,1,1,5273.472222222223,5273.472222222223
PRESCRIPTION PLUS PHARMACY,1,5273.472222222223,1,1,5273.472222222223,5273.472222222223
ASHGIN PHARMACY (ANNEX),1,5273.472222222223,1,1,5273.472222222223,5273.472222222223
VITA CARE PHARMACY LTD,1,5273.472222222223,1,1,5273.472222222223,5273.472222222223
HONSAL PHARMACY LTD.,1,5273.472222222223,1,1,5273.472222222223,5273.472222222223
UNION SQUARE PHARMACY,1,5273.472222222223,1,1,5273.472222222223,5273.472222222223
QUEEN STREET PHARMACY LTD,1,5273.472222222223,1,1,5273.472222222223,5273.472222222223
KINGSWAY PHARMACY LTD.,1,5273.472222222223,1,1,5273.472222222223,5273.472222222223
GRACEWILL PHARMACY ANNEX,1,5273.472222222223,1,1,5273.472222222223,5273.472222222223
BERNFRED PHARMACY,1,5273.472222222223,1,1,5273.472222222223,5273.472222222223
AMADIS PHARMACY LTD,1,5273.472222222223,1,1,5273.472222222223,5273.472222222223
TLC PHARMACY LTD,1,5273.472222222223,1,1,5273.472222222223,5273.472222222223
BLUE CROSS PHARMACY LTD.,1,5273.472222222223,1,1,5273.472222222223,5273.472222222223
MEDLAND PHARMACY LTD,1,5273.472222222223,1,1,5273.472222222223,5273.472222222223
BUCEE PHARMACY LTD.,1,5273.472222222223,1,1,5273.472222222223,5273.472222222223
BOAKYE ANSAH PHARMACY,1,5273.472222222223,1,1,5273.472222222223,5273.472222222223
MARYGOLD PHARMACY LTD,1,5273.472222222223,1,1,5273.472222222223,5273.472222222223
LONDON BRIDGE PHARMACY LTD,1,5273.472222222223,1,1,5273.472222222223,5273.472222222223
BIOMEID PHARMACIA,1,5273.472222222223,1,1,5273.472222222223,5273.472222222223
DECENCY PHARMACY LTD,1,5273.472222222223,1,1,5273.472222222223,5273.472222222223
SIMSAH PHARMACY,1,5273.472222222223,1,1,5273.472222222223,5273.472222222223
MOSMAY PHARMACY,1,5273.472222222223,1,1,5273.472222222223,5273.472222222223
CAPE PILL PHRMACY LTD,1,5273.472222222223,1,1,5273.472222222223,5273.472222222223
CAPE COAST PHARMACY,1,5273.472222222223,1,1,5273.472222222223,5273.472222222223
OGUAAMAN PHARMACY LTD.,1,5273.472222222223,1,1,5273.472222222223,5273.472222222223
CAPITALMED PHARMACY LTD,1,5273.472222222223,1,1,5273.472222222223,5273.472222222223
MEG PHARMACY LTD,1,5273.472222222223,1,1,5273.472222222223,5273.472222222223
SAGES PHARMACY LTD.,1,5273.472222222223,1,1,5273.472222222223,5273.472222222223
SANCOTEX PHARMACY,1,5273.472222222223,1,1,5273.472222222223,5273.472222222223
SADAS CHEMISTS,2,5115.247058823529,1,1,2557.6235294117646,5115.247058823529
JIM-BECK PHARMACY,2,5115.247058823529,1,1,2557.6235294117646,5115.247058823529
IKEHORN CHEMISTS,2,5115.247058823529,1,1,2557.6235294117646,5115.247058823529
BEACH ROAD PHARMACY,2,5115.247058823529,1,1,2557.6235294117646,5115.247058823529
DANPONG PHARMACY (GH) LTD.`,2,5115.247058823529,1,1,2557.6235294117646,5115.247058823529
ADD PHARMA GH. LTD,3,5084.1142296323815,3,1,1694.7047432107938,1694.7047432107938
LENA PHARMACY LIMITED,2,5052.585829145729,2,1,2526.2929145728644,2526.2929145728644
HUMANO PHARMACY LTD,2,5044.142746443793,2,1,2522.0713732218965,2522.0713732218965
RAYONI PHARMACY LTD,2,5044.142746443793,2,1,2522.0713732218965,2522.0713732218965
ALLDRUGS PHARMACY LTD,2,5011.534640522876,2,1,2505.767320261438,2505.767320261438
EDD EDDY PHARMACY,2,5011.534640522876,2,1,2505.767320261438,2505.767320261438
GOODBRAND PHARMACY,2,4995.693877551021,1,1,2497.8469387755104,4995.693877551021
KRASPECT PHARMACY,2,4995.693877551021,1,1,2497.8469387755104,4995.693877551021
ATM PHARMACY LTD,2,4995.693877551021,1,1,2497.8469387755104,4995.693877551021
EFF-ESS PHARMACY LTD,2,4995.693877551021,1,1,2497.8469387755104,4995.693877551021
CHANECK PHARMACY,2,4995.693877551021,1,1,2497.8469387755104,4995.693877551021
O'NART PHARMACY,2,4995.693877551021,1,1,2497.8469387755104,4995.693877551021
ROSIPAC PHARMACY,2,4995.693877551021,1,1,2497.8469387755104,4995.693877551021
WELLMARK PHARMACY LTD,2,4907.822222222222,1,1,2453.911111111111,4907.822222222222
MAXBET PHARMACY LTD.,2,4907.822222222222,1,1,2453.911111111111,4907.822222222222
HEM PHARMA SERVICE LTD.,1,4870.081081081081,1,1,4870.081081081081,4870.081081081081
XORNAM 360 PHARMACY,1,4870.081081081081,1,1,4870.081081081081,4870.081081081081
YOMEFA PHARMACY LIMITED,1,4870.081081081081,1,1,4870.081081081081,4870.081081081081
VICTORIOUS MT. ZION PHARMACY,1,4870.081081081081,1,1,4870.081081081081,4870.081081081081
EL-ROYALE PHARMACY,1,4870.081081081081,1,1,4870.081081081081,4870.081081081081
ELHERT PHARMACY,1,4870.081081081081,1,1,4870.081081081081,4870.081081081081
ST. ERIC PHARMACY LTD,1,4870.081081081081,1,1,4870.081081081081,4870.081081081081
JENAF PHARMACY LTD,1,4870.081081081081,1,1,4870.081081081081,4870.081081081081
DELADEM PHARMACY LTD,1,4870.081081081081,1,1,4870.081081081081,4870.081081081081
LIVING CROWN PHARMACY,1,4870.081081081081,1,1,4870.081081081081,4870.081081081081
CARTHUR PHARMACEUTICALS,1,4870.081081081081,1,1,4870.081081081081,4870.081081081081
THE FIRST FAMILY PHARMACY,1,4870.081081081081,1,1,4870.081081081081,4870.081081081081
CITI PHARMACY,1,4870.081081081081,1,1,4870.081081081081,4870.081081081081
SELIKEM PHARMACY LTD,1,4870.081081081081,1,1,4870.081081081081,4870.081081081081
ACCESS-B PHARMACY LTD,1,4870.081081081081,1,1,4870.081081081081,4870.081081081081
SELLY PHARMACY LTD,1,4870.081081081081,1,1,4870.081081081081,4870.081081081081
FIT PHARMACY,1,4870.081081081081,1,1,4870.081081081081,4870.081081081081
BUBUNE PHARMACY,1,4870.081081081081,1,1,4870.081081081081,4870.081081081081
GEOKAWO PHARMACY,1,4870.081081081081,1,1,4870.081081081081,4870.081081081081
DANPONG PHARMACY,1,4870.081081081081,1,1,4870.081081081081,4870.081081081081
LIBERTY PHARMACY LTD.,1,4870.081081081081,1,1,4870.081081081081,4870.081081081081
EVANG. PRESBYTERIAN DEV. AND,1,4870.081081081081,1,1,4870.081081081081,4870.081081081081
VIKLEXI PHARMACY LTD.,1,4870.081081081081,1,1,4870.081081081081,4870.081081081081
JODAEL PHARMACY,1,4870.081081081081,1,1,4870.081081081081,4870.081081081081
CITY CENTRAL PHARMACY LIMITE,1,4869.857142857143,1,1,4869.857142857143,4869.857142857143
VEOK PHARMACY(ANNEX),1,4869.857142857143,1,1,4869.857142857143,4869.857142857143
KENSTAR PHARMACY,1,4869.857142857143,1,1,4869.857142857143,4869.857142857143
ROATINA PHARMACY LIMITED,1,4869.857142857143,1,1,4869.857142857143,4869.857142857143
D & G PHARMACY LTD. (MIOTSO B,1,4869.857142857143,1,1,4869.857142857143,4869.857142857143
ALPHA PHARMACY LIMITED,1,4869.857142857143,1,1,4869.857142857143,4869.857142857143
VIROKA PHARMACY LIMITED,1,4869.857142857143,1,1,4869.857142857143,4869.857142857143
DEYOUNG PHARMACY,1,4869.857142857143,1,1,4869.857142857143,4869.857142857143
ATLANTIC LIFE SCIENCES,1,4869.857142857143,1,1,4869.857142857143,4869.857142857143
D & G PHARMACY LIMITED,1,4869.857142857143,1,1,4869.857142857143,4869.857142857143
WILLIANA PHARMACY LTD,1,4869.857142857143,1,1,4869.857142857143,4869.857142857143
WALASCO PHARMACY,1,4869.857142857143,1,1,4869.857142857143,4869.857142857143
NEXTO PHARMACEUTICALS LTD,1,4869.857142857143,1,1,4869.857142857143,4869.857142857143
EMPIRE PHARMACY LTD,1,4869.857142857143,1,1,4869.857142857143,4869.857142857143
PERFECT HANDS HEALTHCARE SER,1,4869.857142857143,1,1,4869.857142857143,4869.857142857143
CAREFANY PHARMACY LTD,1,4869.857142857143,1,1,4869.857142857143,4869.857142857143
BLISTER'S PHARMACEUTICALS LTD,1,4869.857142857143,1,1,4869.857142857143,4869.857142857143
OX-BOWL PHARMACY LTD,1,4869.857142857143,1,1,4869.857142857143,4869.857142857143
CSL PHARMACY LIMITED,1,4869.857142857143,1,1,4869.857142857143,4869.857142857143
BS PHARMACY LTD,1,4869.857142857143,1,1,4869.857142857143,4869.857142857143
PRIME HEALTH SERVICES LTD,1,4869.857142857143,1,1,4869.857142857143,4869.857142857143
AUGLET PHARMACY LTD,1,4869.857142857143,1,1,4869.857142857143,4869.857142857143
R & E PHARMACY AND MART LIMI,1,4869.857142857143,1,1,4869.857142857143,4869.857142857143
DROP-IN COMPANY LTD. (PHARM,1,4869.857142857143,1,1,4869.857142857143,4869.857142857143
CHRISMOR PHARMACY LIMITED,1,4869.857142857143,1,1,4869.857142857143,4869.857142857143
PHENOM PHARMACY LTD,1,4869.857142857143,1,1,4869.857142857143,4869.857142857143
CITY CENTRAL PHARMACY,1,4869.857142857143,1,1,4869.857142857143,4869.857142857143
BENEFELS PHARMACY AND HEALT,1,4869.857142857143,1,1,4869.857142857143,4869.857142857143
GREENMEDS PHARMACY LIMITED,1,4869.857142857143,1,1,4869.857142857143,4869.857142857143
BIO PLUS PHARMACY,1,4869.857142857143,1,1,4869.857142857143,4869.857142857143
PENIEL PHARMACY,1,4869.857142857143,1,1,4869.857142857143,4869.857142857143
GUNSI PHARMA LTD,1,4869.857142857143,1,1,4869.857142857143,4869.857142857143
ENOTA PHARMACY,1,4635.923076923077,1,1,4635.923076923077,4635.923076923077
ERNDOM CHEMISTS LTD.,1,4635.923076923077,1,1,4635.923076923077,4635.923076923077
JOEHANZY PHARMACEUTICALS,1,4635.923076923077,1,1,4635.923076923077,4635.923076923077
POKLINA PHARMACY LIMITED,1,4635.923076923077,1,1,4635.923076923077,4635.923076923077
ERNDOM CHEMIST,1,4635.923076923077,1,1,4635.923076923077,4635.923076923077
WELLPLUS PHARMACY LTD,1,4635.923076923077,1,1,4635.923076923077,4635.923076923077
POKUPHARMA LTD,1,4635.923076923077,1,1,4635.923076923077,4635.923076923077
PREMBLESS PHARMACY,1,4635.923076923077,1,1,4635.923076923077,4635.923076923077
CHRISTAL A & B CHEMIST LTD,1,4635.923076923077,1,1,4635.923076923077,4635.923076923077
WELCOME AGAIN PHARMACY LTD,1,4635.923076923077,1,1,4635.923076923077,4635.923076923077
BANLYD PHARMACEUTICAL LTD,1,4635.923076923077,1,1,4635.923076923077,4635.923076923077
BEJOMA PHARMACY LTD,1,4635.923076923077,1,1,4635.923076923077,4635.923076923077
CONSTANT PHARMACY (APRADE B,1,4635.923076923077,1,1,4635.923076923077,4635.923076923077
RAYLOVE PHARMACY,1,4635.923076923077,1,1,4635.923076923077,4635.923076923077
MENA ADWUBI PHARMACY,1,4635.923076923077,1,1,4635.923076923077,4635.923076923077
J & D PHARMACY LTD,1,4635.923076923077,1,1,4635.923076923077,4635.923076923077
MAALOO PHARMACY LTD,1,4635.923076923077,1,1,4635.923076923077,4635.923076923077
MAFCO PHARMACEUTICAL COMP,1,4635.923076923077,1,1,4635.923076923077,4635.923076923077
AMPONSAH-EFFAH P'CEUTICALS L,1,4635.923076923077,1,1,4635.923076923077,4635.923076923077
RICH CARE PHARMACY LTD,1,4635.923076923077,1,1,4635.923076923077,4635.923076923077
DATSMILE PHARMACY,1,4635.923076923077,1,1,4635.923076923077,4635.923076923077
REMINANT CHEMIST LTD,1,4635.923076923077,1,1,4635.923076923077,4635.923076923077
BEST AID CHEMIST,1,4635.923076923077,1,1,4635.923076923077,4635.923076923077
ADARF (ANIMAH) HEALTHCARE LT,1,4635.923076923077,1,1,4635.923076923077,4635.923076923077
EXKLUSIVE ROYAL PHARMACY.,1,4635.923076923077,1,1,4635.923076923077,4635.923076923077
HAPRES PHARMACY,1,4635.923076923077,1,1,4635.923076923077,4635.923076923077
ABIPII PHARMACY,1,4635.923076923077,1,1,4635.923076923077,4635.923076923077
ADUFEL PHARMACY,1,4635.923076923077,1,1,4635.923076923077,4635.923076923077
PAMJOSON PHARMACY LIMITED,1,4635.923076923077,1,1,4635.923076923077,4635.923076923077
FIRST LINE PHARMACY,1,4635.923076923077,1,1,4635.923076923077,4635.923076923077
RITJEI PHARMACY,1,4635.923076923077,1,1,4635.923076923077,4635.923076923077
YESS SIRR CHEMISTS,1,4635.923076923077,1,1,4635.923076923077,4635.923076923077
A. A. B. PHARMA & TRAD. CO. LTD,1,4635.923076923077,1,1,4635.923076923077,4635.923076923077
NAOTOM PHARMACY,1,4635.923076923077,1,1,4635.923076923077,4635.923076923077
PAMJOSON PHARMACY,1,4635.923076923077,1,1,4635.923076923077,4635.923076923077
ELIM PHARMACY,2,4543.883300388023,2,1,2271.9416501940113,2271.9416501940113
LIGHT PHARMA LTD.,2,4490.897435897436,1,1,2245.448717948718,4490.897435897436
MERAKI PHARMACY LTD,2,4490.897435897436,1,1,2245.448717948718,4490.897435897436
BEBAL PHARMACY LTD,2,4490.897435897436,1,1,2245.448717948718,4490.897435897436
LIB PHARMACY,2,4490.897435897436,1,1,2245.448717948718,4490.897435897436
NERJEREU PHARMACY LTD,2,4490.897435897436,1,1,2245.448717948718,4490.897435897436
AT-OLIVES PHARMACY LTD.,1,4473.694444444444,1,1,4473.694444444444,4473.694444444444
JCHS PHARMACY AND TRADING LT,1,4473.694444444444,1,1,4473.694444444444,4473.694444444444
DM SPHERE,1,4473.694444444444,1,1,4473.694444444444,4473.694444444444
SLOXY PHARM,1,4473.694444444444,1,1,4473.694444444444,4473.694444444444
REGNANT,1,4473.694444444444,1,1,4473.694444444444,4473.694444444444
MERKOT PHARMACY CO. LIMITED,1,4473.694444444444,1,1,4473.694444444444,4473.694444444444
ACCESS PHARMACEUTICALS,1,4473.694444444444,1,1,4473.694444444444,4473.694444444444
STEREDA PHARMACEUTICALS LTD,1,4473.694444444444,1,1,4473.694444444444,4473.694444444444
EKAK PHARMACY LTD.,1,4473.694444444444,1,1,4473.694444444444,4473.694444444444
NHYIRA PHARMACY,1,4473.694444444444,1,1,4473.694444444444,4473.694444444444
DESH CHEMISTS LTD,1,4473.694444444444,1,1,4473.694444444444,4473.694444444444
MERKOT PHARMACY LTD,1,4473.694444444444,1,1,4473.694444444444,4473.694444444444
MARIWAK PHARMACY LTD.,1,4473.694444444444,1,1,4473.694444444444,4473.694444444444
ONUADO PHARMACY LTD.,1,4473.694444444444,1,1,4473.694444444444,4473.694444444444
DESKAS PHARMACY LTD.,1,4473.694444444444,1,1,4473.694444444444,4473.694444444444
URBAN PHARMACY LTD,1,4473.694444444444,1,1,4473.694444444444,4473.694444444444
RUFRAN PHARMACY LIMITED,1,4473.694444444444,1,1,4473.694444444444,4473.694444444444
PJ & C CHEMISTS (GH) LIMITED,1,4473.694444444444,1,1,4473.694444444444,4473.694444444444
YIVIS PHARMACEUTICALS LTD.,1,4473.694444444444,1,1,4473.694444444444,4473.694444444444
ABIRIC PHARMACY,1,4473.694444444444,1,1,4473.694444444444,4473.694444444444
OFAKO PHARMACY LTD.,1,4473.694444444444,1,1,4473.694444444444,4473.694444444444
NAADOSTI PHARMACEUTICALS LT,1,4473.694444444444,1,1,4473.694444444444,4473.694444444444
HAPPY CITY PHARMACY LTD,1,4473.694444444444,1,1,4473.694444444444,4473.694444444444
RENADA CHEMISTS LTD. (ANNEX),1,4473.694444444444,1,1,4473.694444444444,4473.694444444444
RENADA CHEMIST,1,4473.694444444444,1,1,4473.694444444444,4473.694444444444
RANSLOVE PHARMACY LTD,1,4473.694444444444,1,1,4473.694444444444,4473.694444444444
TRINITY PHARMACY,1,4473.694444444444,1,1,4473.694444444444,4473.694444444444
EKLESIA PHARMACY,1,4473.694444444444,1,1,4473.694444444444,4473.694444444444
BENNYCARE PHARMACY LTD (KAS,1,4473.694444444444,1,1,4473.694444444444,4473.694444444444
ATOMIC HILLS PHARMACY,4,4447.146098726114,2,1,1111.7865246815286,2223.573049363057
ALMCO PHARMACY LTD,2,4224.254861111111,2,1,2112.1274305555553,2112.1274305555553
RADIANCE PHARMACY,2,4224.254861111111,2,1,2112.1274305555553,2112.1274305555553
BEYBEE PHARMACY LTD,2,4188.948400486653,2,1,2094.4742002433263,2094.4742002433263
PARAMEDICA SERVICES LTD,2,4188.948400486653,2,1,2094.4742002433263,2094.4742002433263
CALVARY CENTRAL PHARMACY,2,4188.948400486653,2,1,2094.4742002433263,2094.4742002433263
PH ANFORD CHEMIST LTD,2,4188.948400486653,2,1,2094.4742002433263,2094.4742002433263
KHAIRAAT PHARMACY LTD,1,4157.42,1,1,4157.42,4157.42
KELMED PHARMACEUTICALS LIMI,1,4157.42,1,1,4157.42,4157.42
KEZWELL PHARMACY LTD,1,4157.42,1,1,4157.42,4157.42
PILL PLUS PHARMACY,1,4157.42,1,1,4157.42,4157.42
JU-BETH PHARMACY LTD,1,4157.42,1,1,4157.42,4157.42
K. SAT PHARMACY LTD,1,4157.42,1,1,4157.42,4157.42
ERIC CHEMISTS,1,4157.42,1,1,4157.42,4157.42
X-PERTS PHARMACY,1,4157.42,1,1,4157.42,4157.42
WESTFIELD CHEMIST LTD.,1,4157.42,1,1,4157.42,4157.42
O.B.M PHARMACY LTD,1,4157.42,1,1,4157.42,4157.42
BEHZAD PHARMACY LIMITED,1,4157.42,1,1,4157.42,4157.42
DEAR PHARMACY,1,4157.42,1,1,4157.42,4157.42
SANTA THERES PHARMACY,1,4157.42,1,1,4157.42,4157.42
UP TOWN PHARMACY,1,4157.42,1,1,4157.42,4157.42
LARRY & LARRY PHARMACY,1,4157.42,1,1,4157.42,4157.42
BIAKA PHARMACY,1,4157.42,1,1,4157.42,4157.42
FIRANNO PHARMACY,1,4157.42,1,1,4157.42,4157.42
MORTON CHEMIST LTD,1,4157.42,1,1,4157.42,4157.42
MORTON CHEMISTS LTD,1,4157.42,1,1,4157.42,4157.42
SAPPHIRE HORIZON,1,4157.42,1,1,4157.42,4157.42
LEXLEY PHARMACY LTD.,1,4157.42,1,1,4157.42,4157.42
DELIVERY PLUS PHARMACY LTD,1,4157.42,1,1,4157.42,4157.42
PEDSAM PHARMACY LTD.,1,4157.42,1,1,4157.42,4157.42
CRUIZ PHARMACY,1,4157.42,1,1,4157.42,4157.42
FORSON MEMORIAL MEDICAL CE,1,4157.42,1,1,4157.42,4157.42
EKUUS PHARMACY,1,4157.42,1,1,4157.42,4157.42
REIMIK PHARMACY LTD.,1,4157.42,1,1,4157.42,4157.42
SIVON PHARMACY LTD,1,4157.42,1,1,4157.42,4157.42
ASHAIMAN PHARMACY,1,4157.42,1,1,4157.42,4157.42
IMHOPTEP PHARMACY,1,4157.42,1,1,4157.42,4157.42
J & D PHARMACY LIMITED,1,4157.42,1,1,4157.42,4157.42
MED-PAL CHEMIST LTD.,2,4058.0,1,1,2029.0,4058.0
MA HAVILAH CHEMIST LTD,2,4058.0,1,1,2029.0,4058.0
POKUASE PHARMACY,2,4058.0,1,1,2029.0,4058.0
YIRIKONN PHARMACY LTD,1,4030.4791666666665,1,1,4030.4791666666665,4030.4791666666665
SHEKEL PHARMACY LTD.,1,4030.4791666666665,1,1,4030.4791666666665,4030.4791666666665
PILLCHECK PHARMACY LTD,1,4030.4791666666665,1,1,4030.4791666666665,4030.4791666666665
NUMARK PHARMACY LTD.,1,4030.4791666666665,1,1,4030.4791666666665,4030.4791666666665
NUMARK PHARMACY,1,4030.4791666666665,1,1,4030.4791666666665,4030.4791666666665
BRAAD PHARMACY LTD,1,4030.4791666666665,1,1,4030.4791666666665,4030.4791666666665
BRAFAKO PHARMACEUTICALS LTD,1,4030.4791666666665,1,1,4030.4791666666665,4030.4791666666665
SUNYANI PHARMACY LTD.,1,4030.4791666666665,1,1,4030.4791666666665,4030.4791666666665
SENTI CHEMIST LTD.,1,4030.4791666666665,1,1,4030.4791666666665,4030.4791666666665
MEDCOURT PHARMACY LTD. (SUN,1,4030.4791666666665,1,1,4030.4791666666665,4030.4791666666665
GOOD DAY PHARMACY,1,4030.4791666666665,1,1,4030.4791666666665,4030.4791666666665
SENTI CHEMISTS LTD,1,4030.4791666666665,1,1,4030.4791666666665,4030.4791666666665
DISCRISTOS PHARMACY LTD.,1,4030.4791666666665,1,1,4030.4791666666665,4030.4791666666665
NUMARK PHARMACY(ABESIM BRA,1,4030.4791666666665,1,1,4030.4791666666665,4030.4791666666665
GREEN LIGHT PHARMACY,1,4030.4791666666665,1,1,4030.4791666666665,4030.4791666666665
KISAL PHARMACY LTD.,1,4030.4791666666665,1,1,4030.4791666666665,4030.4791666666665
PENDMIK PHARMACY LTD.,1,4030.4791666666665,1,1,4030.4791666666665,4030.4791666666665
NAPDEL PHARMACY LTD,1,4030.4791666666665,1,1,4030.4791666666665,4030.4791666666665
NAVIPHARMA GH LTD,1,4030.4791666666665,1,1,4030.4791666666665,4030.4791666666665
BEST LIFE PHARMACY,1,4030.4791666666665,1,1,4030.4791666666665,4030.4791666666665
DREAMFIELD PHARMACY LTD,1,4030.4791666666665,1,1,4030.4791666666665,4030.4791666666665
GLORY PHARMACY LTD,1,4030.4791666666665,1,1,4030.4791666666665,4030.4791666666665
MOSSAY PHARMACY (PENKWASE,1,4030.4791666666665,1,1,4030.4791666666665,4030.4791666666665
MRY-J PHARMACY LTD.,1,4030.4791666666665,1,1,4030.4791666666665,4030.4791666666665
JILL PHARMACY LTD.,1,4030.4791666666665,1,1,4030.4791666666665,4030.4791666666665
JASY PHARMA LTD,1,4030.4791666666665,1,1,4030.4791666666665,4030.4791666666665
PNEUNA PHARMACY LTD,1,4030.4791666666665,1,1,4030.4791666666665,4030.4791666666665
J & A PHARMACY LTD.,1,4030.4791666666665,1,1,4030.4791666666665,4030.4791666666665
JOE BENNETT PHARMACY,1,4030.4791666666665,1,1,4030.4791666666665,4030.4791666666665
MINEX PHARMACY LTD,1,4030.4791666666665,1,1,4030.4791666666665,4030.4791666666665
MOSSAY PHARMACY LTD.,1,4030.4791666666665,1,1,4030.4791666666665,4030.4791666666665
STEREDA PHARMACEUTICALS,2,4015.792467948718,2,1,2007.896233974359,2007.896233974359
FIINA PHARMACY LIMITED,2,3799.34375,2,1,1899.671875,1899.671875
HEALTHMARK PHARMACY,2,3799.34375,2,1,1899.671875,1899.671875
LEETONIA PHARMACY,2,3762.334756431308,2,1,1881.167378215654,1881.167378215654
BAC PHARMACY LTD,1,3735.7191011235955,1,1,3735.7191011235955,3735.7191011235955
JOS PHARMACEUTICALS,1,3735.7191011235955,1,1,3735.7191011235955,3735.7191011235955
MEROKAG PHARMACY LTD,1,3735.7191011235955,1,1,3735.7191011235955,3735.7191011235955
MESSIAH CHEMIST LTD,1,3735.7191011235955,1,1,3735.7191011235955,3735.7191011235955
BAY CARE PHARMACY,1,3735.7191011235955,1,1,3735.7191011235955,3735.7191011235955
BAYCARE PHARMACY LIMITED,1,3735.7191011235955,1,1,3735.7191011235955,3735.7191011235955
VANESS SHOP EZ PHARMACY LIMI,1,3735.7191011235955,1,1,3735.7191011235955,3735.7191011235955
BASEVIEW PHARMACEUTICALS LT,1,3735.7191011235955,1,1,3735.7191011235955,3735.7191011235955
MSI WHOLESALE,1,3735.7191011235955,1,1,3735.7191011235955,3735.7191011235955
LUCY'S PHARMACY LIMITED,1,3735.7191011235955,1,1,3735.7191011235955,3735.7191011235955
FOCUS PHARMACY LTD,1,3735.7191011235955,1,1,3735.7191011235955,3735.7191011235955
BREAD OF LIFE PHARMACY LTD,1,3735.7191011235955,1,1,3735.7191011235955,3735.7191011235955
BLUESKY PHARMACY LIMITED,1,3735.7191011235955,1,1,3735.7191011235955,3735.7191011235955
REEL PHARMACY LIMITED,1,3735.7191011235955,1,1,3735.7191011235955,3735.7191011235955
DANVAL LIMITED,1,3735.7191011235955,1,1,3735.7191011235955,3735.7191011235955
GOLDEN SUN CHEMISTS LIMITED,1,3735.7191011235955,1,1,3735.7191011235955,3735.7191011235955
TALII PHARMACY LTD,1,3735.7191011235955,1,1,3735.7191011235955,3735.7191011235955
GIDIMAX PHARMACEUTICALS LIM,1,3735.7191011235955,1,1,3735.7191011235955,3735.7191011235955
CRESCENT CHEMIST,1,3735.7191011235955,1,1,3735.7191011235955,3735.7191011235955
ETAY PHARMACY,1,3735.7191011235955,1,1,3735.7191011235955,3735.7191011235955
ROMKER PHARMA LIMITED,1,3735.7191011235955,1,1,3735.7191011235955,3735.7191011235955
AREND PHARMACEUTICALS LTD,1,3735.7191011235955,1,1,3735.7191011235955,3735.7191011235955
VINPERPAT PHARMACY LIMITED C,1,3735.7191011235955,1,1,3735.7191011235955,3735.7191011235955
PREMIER PHARMACY LTD.,1,3735.7191011235955,1,1,3735.7191011235955,3735.7191011235955
SILVARA PHARMACY,1,3735.7191011235955,1,1,3735.7191011235955,3735.7191011235955
MENZBEK AFRICA PHARMACY,1,3735.7191011235955,1,1,3735.7191011235955,3735.7191011235955
AMPONSAH-EFFAH PHARMACEUT,1,3735.7191011235955,1,1,3735.7191011235955,3735.7191011235955
NII MAG PHARMACY LTD,1,3735.7191011235955,1,1,3735.7191011235955,3735.7191011235955
BUBUNE PHARMACY LIMITED,1,3735.7191011235955,1,1,3735.7191011235955,3735.7191011235955
MD PHARMACY LTD,1,3735.7191011235955,1,1,3735.7191011235955,3735.7191011235955
D. B. ROYAL PHARMACY LTD,1,3735.7191011235955,1,1,3735.7191011235955,3735.7191011235955
JOSCO-ALO PHARMACY LTD,1,3735.7191011235955,1,1,3735.7191011235955,3735.7191011235955
ADDPHARMA GH. LIMITED,1,3735.7191011235955,1,1,3735.7191011235955,3735.7191011235955
BACCENTA PHARMACY LIMITED,1,3735.7191011235955,1,1,3735.7191011235955,3735.7191011235955
ROYAL EMPIRE PHARMACEUTICAL,1,3735.7191011235955,1,1,3735.7191011235955,3735.7191011235955
KABCARE PHARMACY LTD,1,3735.7191011235955,1,1,3735.7191011235955,3735.7191011235955
AKOHANS PHARMACY LIMITED,1,3735.7191011235955,1,1,3735.7191011235955,3735.7191011235955
GUARDRAIN CARE PHARMACY LTD,1,3735.7191011235955,1,1,3735.7191011235955,3735.7191011235955
E. A. EXPRESS PHARMACY LIMITED,1,3735.7191011235955,1,1,3735.7191011235955,3735.7191011235955
PERFECT WELLNESS PHARMACY C,1,3735.7191011235955,1,1,3735.7191011235955,3735.7191011235955
ROCHE PRODUCTS GHANA LTD,1,3735.7191011235955,1,1,3735.7191011235955,3735.7191011235955
NINSON PHARMACY,1,3735.7191011235955,1,1,3735.7191011235955,3735.7191011235955
RENERVE PHARMACY,1,3735.7191011235955,1,1,3735.7191011235955,3735.7191011235955
PRIME HEALTH PHARMACY,1,3735.7191011235955,1,1,3735.7191011235955,3735.7191011235955
ESPAT PHARMACY,1,3735.7191011235955,1,1,3735.7191011235955,3735.7191011235955
AVICENNA PHARMACY,1,3735.7191011235955,1,1,3735.7191011235955,3735.7191011235955
COUNTRY MEDICAL & PHARMACY,1,3735.7191011235955,1,1,3735.7191011235955,3735.7191011235955
LENARLES PHARMACY LTD,1,3735.7191011235955,1,1,3735.7191011235955,3735.7191011235955
NAAB BLANKS PHARMACY LIMITE,1,3735.7191011235955,1,1,3735.7191011235955,3735.7191011235955
REMEDY PHARMA LIMITED,1,3735.7191011235955,1,1,3735.7191011235955,3735.7191011235955
J. RAPHA PHARMACY LTD,1,3735.7191011235955,1,1,3735.7191011235955,3735.7191011235955
ESPAT PHARMACY LIMITED,1,3735.7191011235955,1,1,3735.7191011235955,3735.7191011235955
NAVIA PHARMACY LTD,1,3735.7191011235955,1,1,3735.7191011235955,3735.7191011235955
HEALTH FORTE PHARMACY LTD,1,3735.7191011235955,1,1,3735.7191011235955,3735.7191011235955
ARTEMIS PHARMACY LIMITED,1,3735.7191011235955,1,1,3735.7191011235955,3735.7191011235955
ERITH SPECIALITY PHARMACY LTD,1,3735.7191011235955,1,1,3735.7191011235955,3735.7191011235955
AA-DANHARIS PHARMACY LIMITE,1,3735.7191011235955,1,1,3735.7191011235955,3735.7191011235955
BERNSWETT PHARMACY,1,3735.7191011235955,1,1,3735.7191011235955,3735.7191011235955
EDEN ROYAL PHARMACY LTD.,1,3735.7191011235955,1,1,3735.7191011235955,3735.7191011235955
EDEN ROYAL PHARMACY,1,3735.7191011235955,1,1,3735.7191011235955,3735.7191011235955
TRIPLE-E IMPEX PHARMACY,1,3735.7191011235955,1,1,3735.7191011235955,3735.7191011235955
NEEK-ROYALE PHARMACY,1,3735.7191011235955,1,1,3735.7191011235955,3735.7191011235955
MOON PHARMA GHANA LIMITED,1,3735.7191011235955,1,1,3735.7191011235955,3735.7191011235955
CHARITY PHARMACY LTD,1,3735.7191011235955,1,1,3735.7191011235955,3735.7191011235955
PHARMPLUS PHARMACY LTD,1,3735.7191011235955,1,1,3735.7191011235955,3735.7191011235955
PROH PHARMACY,1,3735.7191011235955,1,1,3735.7191011235955,3735.7191011235955
OMEK CHEMIST LTD,1,3735.7191011235955,1,1,3735.7191011235955,3735.7191011235955
LISTINGS PHARMACY,1,3735.7191011235955,1,1,3735.7191011235955,3735.7191011235955
LISTINGS PHARMACY LIMITED,1,3735.7191011235955,1,1,3735.7191011235955,3735.7191011235955
BEDREICH PHARMACY,1,3735.7191011235955,1,1,3735.7191011235955,3735.7191011235955
UPHILL PHARMACY ANNEX,1,3735.7191011235955,1,1,3735.7191011235955,3735.7191011235955
BEDIAKO MARKETING SERVICES.,1,3735.7191011235955,1,1,3735.7191011235955,3735.7191011235955
KIKSAPP PHARMACY LTD,1,3735.7191011235955,1,1,3735.7191011235955,3735.7191011235955
REECH OPTIONS PHARMACY LTD,1,3735.7191011235955,1,1,3735.7191011235955,3735.7191011235955
ALPHA-BETA PHARMACY,1,3735.7191011235955,1,1,3735.7191011235955,3735.7191011235955
PENUEL PHARMACY LTD,1,3735.7191011235955,1,1,3735.7191011235955,3735.7191011235955
KEL-JOHN PHARMACY LTD,1,3600.862068965517,1,1,3600.862068965517,3600.862068965517
BOSS-CARE PHARMACY LTD,1,3600.862068965517,1,1,3600.862068965517,3600.862068965517
ANDROP PHARMACY LTD.,1,3600.862068965517,1,1,3600.862068965517,3600.862068965517
I & T PHARMACY LTD.,1,3600.862068965517,1,1,3600.862068965517,3600.862068965517
NICOM PHARMACY LTD,1,3600.862068965517,1,1,3600.862068965517,3600.862068965517
DADY COS PHARMACY,1,3600.862068965517,1,1,3600.862068965517,3600.862068965517
FCUBE PHARMACY LTD,1,3600.862068965517,1,1,3600.862068965517,3600.862068965517
BERNA PHARMACY,1,3600.862068965517,1,1,3600.862068965517,3600.862068965517
ESTEL CHEMIST,1,3600.862068965517,1,1,3600.862068965517,3600.862068965517
ULTIMED PHARMACY LTD.,1,3600.862068965517,1,1,3600.862068965517,3600.862068965517
AKOSAC PHARMACY LTD,1,3600.862068965517,1,1,3600.862068965517,3600.862068965517
LISSONS HEALTH SERVICES LTD.,1,3600.862068965517,1,1,3600.862068965517,3600.862068965517
ALPHA DUO PHARMA,1,3600.862068965517,1,1,3600.862068965517,3600.862068965517
DELONIX CHEMIST LIMITED,1,3600.862068965517,1,1,3600.862068965517,3600.862068965517
REEDYS SQUARE PHARMACY LIMI,1,3600.862068965517,1,1,3600.862068965517,3600.862068965517
LORDYS PHARMACY LTD.,1,3600.862068965517,1,1,3600.862068965517,3600.862068965517
ECCLESIA HILL PHARMACY,1,3600.862068965517,1,1,3600.862068965517,3600.862068965517
MEFACO PHARMACY,1,3600.862068965517,1,1,3600.862068965517,3600.862068965517
APOMUDEN PHARMACEUTICALS L,1,3600.862068965517,1,1,3600.862068965517,3600.862068965517
PILLMARK PHARMACY LTD,1,3600.862068965517,1,1,3600.862068965517,3600.862068965517
RAPHEKA PHARMACY,1,3600.862068965517,1,1,3600.862068965517,3600.862068965517
SEBOT PHARMACY LTD,1,3600.862068965517,1,1,3600.862068965517,3600.862068965517
MAUJO PHARMACY LTD,1,3600.862068965517,1,1,3600.862068965517,3600.862068965517
GEODORA PHARMACY LIMITED,1,3600.862068965517,1,1,3600.862068965517,3600.862068965517
MAWUENA PHARMACY,2,3553.872363268915,2,1,1776.9361816344574,1776.9361816344574
MEDIMART PHARMACY LTD,4,3551.9846029747114,3,1,887.9961507436778,1183.9948676582371
ENOAPA PHARMACY LTD.,2,3540.6875,1,1,1770.34375,3540.6875
PHARMA GEORGE CHEMIST,2,3540.6875,1,1,1770.34375,3540.6875
ALFIES PHARMACY LTD,2,3540.6875,1,1,1770.34375,3540.6875
ANSU MEMORIAL PHARMACY,2,3540.6875,1,1,1770.34375,3540.6875
SANOR CHEMISTS,3,3464.082128137879,2,1,1154.6940427126262,1732.0410640689395
PARKER PHARMACY,3,3360.369709837226,2,1,1120.1232366124086,1680.184854918613
EXPRESS CARE PHARMACY LTD,2,3349.0769402568394,2,1,1674.5384701284197,1674.5384701284197
DELIVERY CHEMIST LIMITED,2,3349.0769402568394,2,1,1674.5384701284197,1674.5384701284197
ORIGIN CHEMIST LIMITED,2,3349.0769402568394,2,1,1674.5384701284197,1674.5384701284197
KAM-AID PHARMACY LTD,2,3337.423645320197,2,1,1668.7118226600985,1668.7118226600985
ADD PHARMA GH LTD,2,3188.4699493712233,2,2,1594.2349746856116,1594.2349746856116
FIINA PHARMACY LTD.,2,3078.767395320197,2,1,1539.3836976600985,1539.3836976600985
THE MEDIPOINT PHARMACY,2,3010.852828774822,2,1,1505.426414387411,1505.426414387411
KELMED PHARMACEUTICALS,2,2907.140410474168,2,1,1453.570205237084,1453.570205237084
MAKDOR PHARMACY LTD.,1,2888.4,1,1,2888.4,2888.4
OB CAREPOINT PHARMACY LTD,1,2888.4,1,1,2888.4,2888.4
EASTERN CHEMISTS LTD.,1,2888.4,1,1,2888.4,2888.4
AFTER THAT PHARMACY LTD,1,2888.4,1,1,2888.4,2888.4
DRUGRITE PHARMACY LTD.,1,2888.4,1,1,2888.4,2888.4
AMICUS PHARMACY,1,2888.4,1,1,2888.4,2888.4
OSEIWUSU PHARMA LTD,1,2888.4,1,1,2888.4,2888.4
ANCAWIN COMPANY LTD.,1,2888.4,1,1,2888.4,2888.4
MEDI CASA PHARMACY LTD,1,2888.4,1,1,2888.4,2888.4
ROMAN PHARMACY,1,2888.4,1,1,2888.4,2888.4
RELICS PHARMACY LTD,1,2888.4,1,1,2888.4,2888.4
LEMJIREH PHARMACY LTD,1,2888.4,1,1,2888.4,2888.4
BENNOL PHARMACY LTD.,1,2888.4,1,1,2888.4,2888.4
M & E HEALTHWAY PHARMACY LT,1,2888.4,1,1,2888.4,2888.4
GABSON PHARMACY LTD. (SRODA,1,2888.4,1,1,2888.4,2888.4
GABSON PHARMACY LTD.,1,2888.4,1,1,2888.4,2888.4
MAXHOPE PHARMACY,1,2888.4,1,1,2888.4,2888.4
VITAMED PHARMACY LTD,1,2888.4,1,1,2888.4,2888.4
AIDE CHEMIST LTD.,1,2888.4,1,1,2888.4,2888.4
FRANWEN PHARMACY,1,2888.4,1,1,2888.4,2888.4
CHRISPHARMA LTD.,2,2888.4,2,1,1444.2,1444.2
BORAXBEE PHARMACY LTD,1,2888.4,1,1,2888.4,2888.4
DELIGHT PHARMACY LTD.,1,2888.4,1,1,2888.4,2888.4
INTRAVENOUS INFUSIONS LTD.,1,2888.4,1,1,2888.4,2888.4
SKYCARE PHARMACY LIMITED,1,2888.4,1,1,2888.4,2888.4
KOFCITY PHARMACY,1,2888.4,1,1,2888.4,2888.4
FABRYGAM PHARMACY,1,2888.4,1,1,2888.4,2888.4
HEALTHY-VITA PHARMACY,1,2888.4,1,1,2888.4,2888.4
PRINCE CARE PHARMACY LTD.,1,2888.4,1,1,2888.4,2888.4
DOC & SONS PHARMACY LTD,1,2888.4,1,1,2888.4,2888.4
MISSION PHARMACY LTD,1,2888.4,1,1,2888.4,2888.4
RIBEN PHARMA LTD,1,2888.4,1,1,2888.4,2888.4
UNIK PHARMACY,1,2888.4,1,1,2888.4,2888.4
BEGORO PHARMACY,1,2888.4,1,1,2888.4,2888.4
PEARLANE PHARMACY,4,2829.0636942675155,2,1,707.2659235668789,1414.5318471337578
WESTERN PHARMACY,3,2829.0636942675155,1,1,943.0212314225051,2829.0636942675155
URI PHARMA LTD,3,2829.0636942675155,1,1,943.0212314225051,2829.0636942675155
OSONS CHEMIST LTD.,4,2792.5010615711253,2,2,698.1252653927813,1396.2505307855627
CARE VIEW PHARMACY LTD.,2,2698.678017311775,2,1,1349.3390086558875,1349.3390086558875
ROKMER PHARMA LTD.,2,2698.678017311775,2,1,1349.3390086558875,1349.3390086558875
SAFERSIDE PHARMACY,2,2698.678017311775,2,1,1349.3390086558875,1349.3390086558875
MYCRO CHEMISTS,3,2676.802348726115,2,1,892.2674495753716,1338.4011743630574
CUREAID CHEMIST LTD,2,2616.847290640394,1,1,1308.423645320197,2616.847290640394
STIPPS PHARMACY,2,2616.847290640394,1,1,1308.423645320197,2616.847290640394
JUICY PHARMACY LTD,2,2616.847290640394,1,1,1308.423645320197,2616.847290640394
CAADS PHARMACY,2,2616.847290640394,1,1,1308.423645320197,2616.847290640394
VANORA PHARMACY,2,2616.847290640394,1,1,1308.423645320197,2616.847290640394
THIRD GATE PHARMACY,2,2616.847290640394,1,1,1308.423645320197,2616.847290640394
BETVIN PHARMACY,2,2616.847290640394,1,1,1308.423645320197,2616.847290640394
HEALTHRITE PHARMACY,2,2616.847290640394,1,1,1308.423645320197,2616.847290640394
N-GEO PHARMACY,2,2616.847290640394,1,1,1308.423645320197,2616.847290640394
LENUS PHARMA LTD,2,2616.847290640394,1,1,1308.423645320197,2616.847290640394
ABBYPHARMA LTD.,2,2616.847290640394,1,1,1308.423645320197,2616.847290640394
OAKLEX PHARMACY,2,2616.847290640394,1,1,1308.423645320197,2616.847290640394
ADKENS PHARMACY LTD,1,2557.6235294117646,1,1,2557.6235294117646,2557.6235294117646
X-STAR PHARMACY LTD,1,2557.6235294117646,1,1,2557.6235294117646,2557.6235294117646
ERNEPAT PHARMACY,1,2557.6235294117646,1,1,2557.6235294117646,2557.6235294117646
ESSE PHARMACY LTD.,1,2557.6235294117646,1,1,2557.6235294117646,2557.6235294117646
MAGINALD PHARMACY LTD.,1,2557.6235294117646,1,1,2557.6235294117646,2557.6235294117646
MERCAD BEAUTY & PHARMA LIMI,1,2557.6235294117646,1,1,2557.6235294117646,2557.6235294117646
PREMIER POINT CHEMISTS,1,2557.6235294117646,1,1,2557.6235294117646,2557.6235294117646
PRECIOUS BALM PHARMACY,1,2557.6235294117646,1,1,2557.6235294117646,2557.6235294117646
SAMSEL PHARMACY,1,2557.6235294117646,1,1,2557.6235294117646,2557.6235294117646
DRUGBANK PHARMACY LTD,1,2557.6235294117646,1,1,2557.6235294117646,2557.6235294117646
PEVED PHARMACY LTD.,1,2557.6235294117646,1,1,2557.6235294117646,2557.6235294117646
ALPHA-BETA PHARMACY LTD,1,2557.6235294117646,1,1,2557.6235294117646,2557.6235294117646
KINGSTREET PHARMACY LTD,1,2557.6235294117646,1,1,2557.6235294117646,2557.6235294117646
HEALTH MATE PHARMACY LTD,1,2557.6235294117646,1,1,2557.6235294117646,2557.6235294117646
HEALTH BOX PHARMACY,1,2557.6235294117646,1,1,2557.6235294117646,2557.6235294117646
HEALTH CONSULT PHARM. LTD.,1,2557.6235294117646,1,1,2557.6235294117646,2557.6235294117646
ABED PHARMACY LIMITED,1,2557.6235294117646,1,1,2557.6235294117646,2557.6235294117646
DOXAPLUS SERVICES LIMITED,1,2557.6235294117646,1,1,2557.6235294117646,2557.6235294117646
ACTS PHARMACY LTD,1,2557.6235294117646,1,1,2557.6235294117646,2557.6235294117646
HAYBRACQ PHARMACY LIMITED,1,2557.6235294117646,1,1,2557.6235294117646,2557.6235294117646
RANAS PHARMACY LTD.,1,2557.6235294117646,1,1,2557.6235294117646,2557.6235294117646
KINGSTREET PHARMACY LIMITED,1,2557.6235294117646,1,1,2557.6235294117646,2557.6235294117646
GLEM PHARMA LTD.,1,2557.6235294117646,1,1,2557.6235294117646,2557.6235294117646
FABBY CHEMIST,1,2557.6235294117646,1,1,2557.6235294117646,2557.6235294117646
BRIGHT PHARMACY,1,2557.6235294117646,1,1,2557.6235294117646,2557.6235294117646
MARAH MEDICAL SUPPLIES LTD.,1,2557.6235294117646,1,1,2557.6235294117646,2557.6235294117646
KINGSLEY CHEMISTS LTD.,1,2557.6235294117646,1,1,2557.6235294117646,2557.6235294117646
BONEBEL PHARMACY LIMITED,1,2557.6235294117646,1,1,2557.6235294117646,2557.6235294117646
SAMGYEN PHARMACY LTD.,1,2557.6235294117646,1,1,2557.6235294117646,2557.6235294117646
SAMEST PHARMACY LTD.,1,2557.6235294117646,1,1,2557.6235294117646,2557.6235294117646
CHRISTIAN MEDICAL SERVICES,1,2557.6235294117646,1,1,2557.6235294117646,2557.6235294117646
ASANCO PHARMACY,1,2557.6235294117646,1,1,2557.6235294117646,2557.6235294117646
ASANCO PHARMACY LTD,1,2557.6235294117646,1,1,2557.6235294117646,2557.6235294117646
PRO-LIFE PHARMACY LTD.,1,2557.6235294117646,1,1,2557.6235294117646,2557.6235294117646
PRO-LIFE PHARMACY (TEBIBIANO,1,2557.6235294117646,1,1,2557.6235294117646,2557.6235294117646
MPHARMA PHARMACEUTICALS LT,1,2557.6235294117646,1,1,2557.6235294117646,2557.6235294117646
BURMA CAMPN PHARMACY LTD,1,2557.6235294117646,1,1,2557.6235294117646,2557.6235294117646
EVEPET PHARMACY LTD.,1,2557.6235294117646,1,1,2557.6235294117646,2557.6235294117646
X-PERTS PHARMACY LTD,1,2557.6235294117646,1,1,2557.6235294117646,2557.6235294117646
DENAKA COMMUNITY PHARMACY,1,2557.6235294117646,1,1,2557.6235294117646,2557.6235294117646
GALAXY PHARMACY LTD,1,2557.6235294117646,1,1,2557.6235294117646,2557.6235294117646
GAB PHARMACY LIMITED,1,2557.6235294117646,1,1,2557.6235294117646,2557.6235294117646
PILLS & TABS PHARMACY,1,2557.6235294117646,1,1,2557.6235294117646,2557.6235294117646
WELLCARE PHARMACY LTD,1,2557.6235294117646,1,1,2557.6235294117646,2557.6235294117646
VINGEN PHARMACY,1,2557.6235294117646,1,1,2557.6235294117646,2557.6235294117646
OPTIMAX PHARMACY LIMITED,1,2557.6235294117646,1,1,2557.6235294117646,2557.6235294117646
EGYEIFIE'S PHARMACY LTD,1,2557.6235294117646,1,1,2557.6235294117646,2557.6235294117646
DAYDEN PHARMACY,1,2557.6235294117646,1,1,2557.6235294117646,2557.6235294117646
CAMP ROAD PHARMACY LTD.,1,2557.6235294117646,1,1,2557.6235294117646,2557.6235294117646
SHOP LIFE PHARMACY LTD,1,2557.6235294117646,1,1,2557.6235294117646,2557.6235294117646
MEDI DIRECT PHARMACY,1,2557.6235294117646,1,1,2557.6235294117646,2557.6235294117646
EDIVADE PHARMACY LTD.,1,2557.6235294117646,1,1,2557.6235294117646,2557.6235294117646
COCOBEACH ROAD PHARMACY,1,2557.6235294117646,1,1,2557.6235294117646,2557.6235294117646
KELLYS PHARMACY,1,2557.6235294117646,1,1,2557.6235294117646,2557.6235294117646
MARSHALL CHEMISTS LIMITED,1,2557.6235294117646,1,1,2557.6235294117646,2557.6235294117646
BOUNDARY ROAD PHARMACY,1,2557.6235294117646,1,1,2557.6235294117646,2557.6235294117646
DIPLOMAT PHARMACY,1,2557.6235294117646,1,1,2557.6235294117646,2557.6235294117646
PIU-VITA PHARMACY,1,2557.6235294117646,1,1,2557.6235294117646,2557.6235294117646
BUDAPEST PHARMACY,1,2557.6235294117646,1,1,2557.6235294117646,2557.6235294117646
ANANAEL PHARMACY,1,2557.6235294117646,1,1,2557.6235294117646,2557.6235294117646
BRAINTREE PHARMACY,1,2557.6235294117646,1,1,2557.6235294117646,2557.6235294117646
DANLISA PHARMACY,1,2557.6235294117646,1,1,2557.6235294117646,2557.6235294117646
AMO-VISION PHARMACY,1,2557.6235294117646,1,1,2557.6235294117646,2557.6235294117646
WISLET PHARMACY LTD,1,2497.8469387755104,1,1,2497.8469387755104,2497.8469387755104
PREMIUM HEALTH PHARMACY,1,2497.8469387755104,1,1,2497.8469387755104,2497.8469387755104
ATM PHARMACY CO. LTD,1,2497.8469387755104,1,1,2497.8469387755104,2497.8469387755104
WILMORT PHARMACY,1,2497.8469387755104,1,1,2497.8469387755104,2497.8469387755104
TONYLIN PHARMACY,1,2497.8469387755104,1,1,2497.8469387755104,2497.8469387755104
KENDICKS PHARMACY,1,2497.8469387755104,1,1,2497.8469387755104,2497.8469387755104
UNICHEM GHANA LTD,1,2497.8469387755104,1,1,2497.8469387755104,2497.8469387755104
DANALIZABETH CHEMISTS,1,2497.8469387755104,1,1,2497.8469387755104,2497.8469387755104
ELIZACK PHARMACY,1,2497.8469387755104,1,1,2497.8469387755104,2497.8469387755104
MAGBEN PHARMACY,1,2497.8469387755104,1,1,2497.8469387755104,2497.8469387755104
E-NARK PHARMACY LTD,1,2497.8469387755104,1,1,2497.8469387755104,2497.8469387755104
PEACELAND PHARMACY LIMITED,1,2497.8469387755104,1,1,2497.8469387755104,2497.8469387755104
EDDYMMANUEL PHARMACY LIMI,1,2497.8469387755104,1,1,2497.8469387755104,2497.8469387755104
ONE 4 ALL PHARMA,1,2497.8469387755104,1,1,2497.8469387755104,2497.8469387755104
PHARMATAB PHARMACY LTD.,1,2497.8469387755104,1,1,2497.8469387755104,2497.8469387755104
MSJ PHARMACY,1,2497.8469387755104,1,1,2497.8469387755104,2497.8469387755104
MOSAN FONTLIFE PHARMACY LTD,1,2497.8469387755104,1,1,2497.8469387755104,2497.8469387755104
GRAMER CHEMIST,1,2497.8469387755104,1,1,2497.8469387755104,2497.8469387755104
DELSMATS PHARMACY LTD,1,2497.8469387755104,1,1,2497.8469387755104,2497.8469387755104
LIT CHEMIST LTD.,1,2497.8469387755104,1,1,2497.8469387755104,2497.8469387755104
GRACEWILL PHARMACY,1,2497.8469387755104,1,1,2497.8469387755104,2497.8469387755104
KINGSMED PHARMACY,1,2497.8469387755104,1,1,2497.8469387755104,2497.8469387755104
NAPAKWAW PHARMACY LTD,1,2497.8469387755104,1,1,2497.8469387755104,2497.8469387755104
NANDY PHARMACY LTD.,1,2497.8469387755104,1,1,2497.8469387755104,2497.8469387755104
A.A.A. MENS PHARMACY,1,2497.8469387755104,1,1,2497.8469387755104,2497.8469387755104
ATLANTIC CHEMISTS LTD.,1,2497.8469387755104,1,1,2497.8469387755104,2497.8469387755104
WESTRIDGE PHARMACY,1,2497.8469387755104,1,1,2497.8469387755104,2497.8469387755104
ANR PHARM LTD.,1,2497.8469387755104,1,1,2497.8469387755104,2497.8469387755104
BEN-NYARK PHARMACY,1,2497.8469387755104,1,1,2497.8469387755104,2497.8469387755104
JOE-DEE PHARMACY LTD,1,2497.8469387755104,1,1,2497.8469387755104,2497.8469387755104
BENNITA SERVICES GHANA LIMITE,1,2497.8469387755104,1,1,2497.8469387755104,2497.8469387755104
NAS-MATSON PHARMACY,1,2497.8469387755104,1,1,2497.8469387755104,2497.8469387755104
HEALTH FARM PHARMACY LTD,1,2497.8469387755104,1,1,2497.8469387755104,2497.8469387755104
DAY BY DAY PHARMACY,1,2497.8469387755104,1,1,2497.8469387755104,2497.8469387755104
GREEN SUNSET PHARMACY LTD,1,2497.8469387755104,1,1,2497.8469387755104,2497.8469387755104
MILLENIUM PHARMACY CO. LTD.,1,2497.8469387755104,1,1,2497.8469387755104,2497.8469387755104
KEBKINGS PHARMACY LIMITED,1,2497.8469387755104,1,1,2497.8469387755104,2497.8469387755104
ABUAKWA PHARMACY,1,2497.8469387755104,1,1,2497.8469387755104,2497.8469387755104
ACCURATE PHARMACY,1,2497.8469387755104,1,1,2497.8469387755104,2497.8469387755104
BRIDGING PHARMACT LTD,1,2497.8469387755104,1,1,2497.8469387755104,2497.8469387755104
AKAN CHEMIST,1,2497.8469387755104,1,1,2497.8469387755104,2497.8469387755104
ANDOKWOF PHARMACY LTD.,1,2497.8469387755104,1,1,2497.8469387755104,2497.8469387755104
WEST STAR PHARMACY,1,2497.8469387755104,1,1,2497.8469387755104,2497.8469387755104
NIMDEE PHARMACY AND COMPA,1,2497.8469387755104,1,1,2497.8469387755104,2497.8469387755104
CNF PHARMACY LIMITED,1,2497.8469387755104,1,1,2497.8469387755104,2497.8469387755104
EDDYAMYS PHARMACY LTD,1,2497.8469387755104,1,1,2497.8469387755104,2497.8469387755104
EDDYMANUEL PHARMACY,1,2497.8469387755104,1,1,2497.8469387755104,2497.8469387755104
EDDYAMPS PHARMACY LTD.,1,2497.8469387755104,1,1,2497.8469387755104,2497.8469387755104
KABMORE CHEMISTS,1,2497.8469387755104,1,1,2497.8469387755104,2497.8469387755104
HIGHGRADE PHARMACEUTICALS,1,2497.8469387755104,1,1,2497.8469387755104,2497.8469387755104
HISGLO PHARMACY,1,2497.8469387755104,1,1,2497.8469387755104,2497.8469387755104
KANSA CITY PHARMACY,1,2497.8469387755104,1,1,2497.8469387755104,2497.8469387755104
MARTINOS CHEMIST LTD.,1,2497.8469387755104,1,1,2497.8469387755104,2497.8469387755104
DANNEX AYRTON STARWIN PLC.,1,2497.8469387755104,1,1,2497.8469387755104,2497.8469387755104
SENATE PHARMACY,1,2497.8469387755104,1,1,2497.8469387755104,2497.8469387755104
VEKPARM PHARMACY,1,2497.8469387755104,1,1,2497.8469387755104,2497.8469387755104
KEGS PHARMACY LIMITED,1,2497.8469387755104,1,1,2497.8469387755104,2497.8469387755104
EFFIAKUMA PHARMACY LTD.,1,2497.8469387755104,1,1,2497.8469387755104,2497.8469387755104
OVAL PHARMACEUTICALS LTD,1,2497.8469387755104,1,1,2497.8469387755104,2497.8469387755104
JSD PHARMACY LTD.,1,2497.8469387755104,1,1,2497.8469387755104,2497.8469387755104
MEDRUGS PHARMACY LTD,1,2497.8469387755104,1,1,2497.8469387755104,2497.8469387755104
FRANCA CHEMISTS LTD.,1,2497.8469387755104,1,1,2497.8469387755104,2497.8469387755104
EFF-ESS PHARMACY,1,2497.8469387755104,1,1,2497.8469387755104,2497.8469387755104
OPTIMUM PHARMACEUTICALS LT,1,2497.8469387755104,1,1,2497.8469387755104,2497.8469387755104
JOPIZO PHARMACY,1,2497.8469387755104,1,1,2497.8469387755104,2497.8469387755104
ANAJI PHARMACY,1,2497.8469387755104,1,1,2497.8469387755104,2497.8469387755104
NOCK CHEMISTS LTD.,1,2497.8469387755104,1,1,2497.8469387755104,2497.8469387755104
NISSI PHARMACY,1,2497.8469387755104,1,1,2497.8469387755104,2497.8469387755104
2 CAPSULES PHARMACY,1,2497.8469387755104,1,1,2497.8469387755104,2497.8469387755104
BIG MARON PHARMACY,2,2482.229299363057,2,1,1241.1146496815286,1241.1146496815286
DESH CHEMISTS LIMITED,2,2482.229299363057,2,1,1241.1146496815286,1241.1146496815286
HALE PHARMACY LTD,2,2482.229299363057,2,1,1241.1146496815286,1241.1146496815286
TENMAA TRINITY PHARMACY LTD,1,2453.911111111111,1,1,2453.911111111111,2453.911111111111
THE PILLBOX PHARMACY LTD.,1,2453.911111111111,1,1,2453.911111111111,2453.911111111111
LLOYLAN PHARMACY LTD,1,2453.911111111111,1,1,2453.911111111111,2453.911111111111
IVORY PHARMA LIMITED,1,2453.911111111111,1,1,2453.911111111111,2453.911111111111
PILLCARE PHARMACY LIMITED,1,2453.911111111111,1,1,2453.911111111111,2453.911111111111
PITCH CHEMIST LIMITED,1,2453.911111111111,1,1,2453.911111111111,2453.911111111111
LUMINA PHARMACY LTD,1,2453.911111111111,1,1,2453.911111111111,2453.911111111111
GN PHARMACY LIMITED,1,2453.911111111111,1,1,2453.911111111111,2453.911111111111
LYNSAM CHEMIST LTD,1,2453.911111111111,1,1,2453.911111111111,2453.911111111111
BRAVEN WAVES PHARMACY LIMIT,1,2453.911111111111,1,1,2453.911111111111,2453.911111111111
YOGI PHARMACEUTICALS LTD,1,2453.911111111111,1,1,2453.911111111111,2453.911111111111
RELIANCE PHARMACY LIMITED,1,2453.911111111111,1,1,2453.911111111111,2453.911111111111
MARKET STREET PHARMACY,1,2453.911111111111,1,1,2453.911111111111,2453.911111111111
MAY-MART PHARMACEUTICALS LI,1,2453.911111111111,1,1,2453.911111111111,2453.911111111111
DANPHARMA LTD.,1,2453.911111111111,1,1,2453.911111111111,2453.911111111111
PHARMAGEORGE CHEMIST LIMITE,1,2453.911111111111,1,1,2453.911111111111,2453.911111111111
RAPID IMPROVEMENT PHARMACEUTICALS LTD,1,2453.911111111111,1,1,2453.911111111111,2453.911111111111
WELLMART PHARMACY,1,2453.911111111111,1,1,2453.911111111111,2453.911111111111
AVALON PHARMACY LTD,1,2453.911111111111,1,1,2453.911111111111,2453.911111111111
MADINA ESTATES PHARMACY,1,2453.911111111111,1,1,2453.911111111111,2453.911111111111
MAMBA PHARMACY,1,2453.911111111111,1,1,2453.911111111111,2453.911111111111
BURMA CAMP PHARMACY LIMITE,1,2453.911111111111,1,1,2453.911111111111,2453.911111111111
ABIS CHEMIST LTD,1,2453.911111111111,1,1,2453.911111111111,2453.911111111111
D818 CHEMIST LIMITED,1,2453.911111111111,1,1,2453.911111111111,2453.911111111111
Q-BEN PHARMACY LIMITED,1,2453.911111111111,1,1,2453.911111111111,2453.911111111111
3J'S PHARMACY,1,2453.911111111111,1,1,2453.911111111111,2453.911111111111
MORGAN HILL PHARMACY,1,2453.911111111111,1,1,2453.911111111111,2453.911111111111
ROSAD PHARMACY,1,2453.911111111111,1,1,2453.911111111111,2453.911111111111
CITYCARE PHARMACY LTD,1,2453.911111111111,1,1,2453.911111111111,2453.911111111111
KELDOTTY PHARMACY LIMITED,1,2453.911111111111,1,1,2453.911111111111,2453.911111111111
BACCENTA PHARMACY LTD,1,2453.911111111111,1,1,2453.911111111111,2453.911111111111
CHATKUKUS PHARMACY LTD,1,2453.911111111111,1,1,2453.911111111111,2453.911111111111
CAPLETS PHARMACY,1,2453.911111111111,1,1,2453.911111111111,2453.911111111111
CAPS PHARMACY,1,2453.911111111111,1,1,2453.911111111111,2453.911111111111
BATOUL PHARMACY,1,2453.911111111111,1,1,2453.911111111111,2453.911111111111
MOBILE DOCTORS CLINIC PHARM,1,2453.911111111111,1,1,2453.911111111111,2453.911111111111
ADD PHARMA GH LIMITED,1,2453.911111111111,1,1,2453.911111111111,2453.911111111111
N-GEO PHARMACY LIMITED,1,2453.911111111111,1,1,2453.911111111111,2453.911111111111
ALFIES PHARMACY COMPANY LTD,1,2453.911111111111,1,1,2453.911111111111,2453.911111111111
QUALITY RX LIMITED,1,2453.911111111111,1,1,2453.911111111111,2453.911111111111
WORLDVIEW PHARMACY,1,2453.911111111111,1,1,2453.911111111111,2453.911111111111
MEDMINA COMPANY LIMITED,1,2453.911111111111,1,1,2453.911111111111,2453.911111111111
G POWER PHARMACY LTD,1,2453.911111111111,1,1,2453.911111111111,2453.911111111111
MEDAID PHARMACY,1,2453.911111111111,1,1,2453.911111111111,2453.911111111111
AKORLI PHARMACY,1,2453.911111111111,1,1,2453.911111111111,2453.911111111111
OAK TREE PHARMACY,1,2453.911111111111,1,1,2453.911111111111,2453.911111111111
MEDIGRACE PHARMACY LIMITED,1,2453.911111111111,1,1,2453.911111111111,2453.911111111111
OLIVE HEALTH PHARMACY,1,2453.911111111111,1,1,2453.911111111111,2453.911111111111
CARE LINK PHARMACY LIMITED,1,2453.911111111111,1,1,2453.911111111111,2453.911111111111
REVEL CHEMIST,1,2453.911111111111,1,1,2453.911111111111,2453.911111111111
PACALIN PHARMACY,1,2453.911111111111,1,1,2453.911111111111,2453.911111111111
EAST CANTOMENTS PHARMACY L,1,2453.911111111111,1,1,2453.911111111111,2453.911111111111
EARLYCARE PHARMACY LTD,1,2453.911111111111,1,1,2453.911111111111,2453.911111111111
PALM-AID PHARMACY LTD.,1,2453.911111111111,1,1,2453.911111111111,2453.911111111111
OFFSHORE PHARMACY LIMITED,1,2453.911111111111,1,1,2453.911111111111,2453.911111111111
MD-SQUARE PHARMACY,1,2453.911111111111,1,1,2453.911111111111,2453.911111111111
AIDE CHEMIST LTD,1,2453.911111111111,1,1,2453.911111111111,2453.911111111111
ADDISON'S PHARMACY LIMITED,1,2453.911111111111,1,1,2453.911111111111,2453.911111111111
DREAMLAND PHARMACY,1,2453.911111111111,1,1,2453.911111111111,2453.911111111111
GREEN PHARMA LTD,1,2453.911111111111,1,1,2453.911111111111,2453.911111111111
GREAT ODUM PHARMACY LIMITE,1,2453.911111111111,1,1,2453.911111111111,2453.911111111111
DELEES PHARMACY LIMITED,1,2453.911111111111,1,1,2453.911111111111,2453.911111111111
DEES PHARMACY LTD,1,2453.911111111111,1,1,2453.911111111111,2453.911111111111
LIMONE PHARMACY LTD,1,2453.911111111111,1,1,2453.911111111111,2453.911111111111
WORLDWIDE HEALTHCARE LTD,3,2339.271762208068,2,2,779.757254069356,1169.635881104034
RANY PHARMACY & WELLNESS CE,3,2339.2717622080677,2,2,779.7572540693559,1169.6358811040338
PRIME PHARMACY,4,2254.853727234901,2,1,563.7134318087252,1127.4268636174504
REHOBOTH PHARMACY,1,2245.448717948718,1,1,2245.448717948718,2245.448717948718
STENDS PHARMACY,1,2245.448717948718,1,1,2245.448717948718,2245.448717948718
GLODIS PLUS LIMITED,1,2245.448717948718,1,1,2245.448717948718,2245.448717948718
GYMED PHARMACY,1,2245.448717948718,1,1,2245.448717948718,2245.448717948718
GIBEE PHARMACY,1,2245.448717948718,1,1,2245.448717948718,2245.448717948718
MARMARLYN PHARMACY LTD,1,2245.448717948718,1,1,2245.448717948718,2245.448717948718
YAWHO PHARMACY LTD,1,2245.448717948718,1,1,2245.448717948718,2245.448717948718
18 KADMAT PHARMACY LIMITED,1,2245.448717948718,1,1,2245.448717948718,2245.448717948718
LIZDAN PHARMACY LTD.,1,2245.448717948718,1,1,2245.448717948718,2245.448717948718
THE CHELLGLEN PHARMACY LIMIT,1,2245.448717948718,1,1,2245.448717948718,2245.448717948718
PROFAMA PHARMACY LIMITED,1,2245.448717948718,1,1,2245.448717948718,2245.448717948718
ZEN AID CHEMISTS LTD,1,2245.448717948718,1,1,2245.448717948718,2245.448717948718
DECLAN PHARMACY,1,2245.448717948718,1,1,2245.448717948718,2245.448717948718
DEVIN HEALTH LIMITED,1,2245.448717948718,1,1,2245.448717948718,2245.448717948718
RADIMED CHEMISTS LTD.,1,2245.448717948718,1,1,2245.448717948718,2245.448717948718
TABSMART PHARMACY LTD,1,2245.448717948718,1,1,2245.448717948718,2245.448717948718
ASIEKENAM PHARMACY LIMITED,1,2245.448717948718,1,1,2245.448717948718,2245.448717948718
DESH CHEMIST LTD,1,2245.448717948718,1,1,2245.448717948718,2245.448717948718
JILIS PHARMACY LTD.,1,2245.448717948718,1,1,2245.448717948718,2245.448717948718
PILL BAY PHARMACY,1,2245.448717948718,1,1,2245.448717948718,2245.448717948718
B & F PHARMACY LTD,1,2245.448717948718,1,1,2245.448717948718,2245.448717948718
DIVINE HEALTHCARE,1,2245.448717948718,1,1,2245.448717948718,2245.448717948718
DINKUNIM PHARMACY LTD,1,2245.448717948718,1,1,2245.448717948718,2245.448717948718
PJ PHARMACY LTD,1,2245.448717948718,1,1,2245.448717948718,2245.448717948718
YEHODA PHARMACY,1,2245.448717948718,1,1,2245.448717948718,2245.448717948718
D & H PHARMACY LIMITED,1,2245.448717948718,1,1,2245.448717948718,2245.448717948718
DONTWE CHEMISTS LTD.,1,2245.448717948718,1,1,2245.448717948718,2245.448717948718
REALEZA PHARMACY LTD.,1,2245.448717948718,1,1,2245.448717948718,2245.448717948718
TREASURE IMAGE PHARMACY,1,2245.448717948718,1,1,2245.448717948718,2245.448717948718
GLORYBOG PHARMACY,1,2245.448717948718,1,1,2245.448717948718,2245.448717948718
ABLAZE PHARMACY,1,2245.448717948718,1,1,2245.448717948718,2245.448717948718
GLOJOE PHARMACY LIMITED,2,2245.448717948718,1,2,1122.724358974359,2245.448717948718
BILIRA PHARMACY,1,2245.448717948718,1,1,2245.448717948718,2245.448717948718
LAMAIR PHARMACY LTD.,1,2245.448717948718,1,1,2245.448717948718,2245.448717948718
JULITET PHARMACY LTD.,1,2245.448717948718,1,1,2245.448717948718,2245.448717948718
JULITET PHARMACY,1,2245.448717948718,1,1,2245.448717948718,2245.448717948718
K.S. ROYAL CHEMIST LTD.,1,2245.448717948718,1,1,2245.448717948718,2245.448717948718
REUCHRIS PHARMACY,1,2245.448717948718,1,1,2245.448717948718,2245.448717948718
TRIPPLE J LIFE PHARMACY,1,2245.448717948718,1,1,2245.448717948718,2245.448717948718
EAST CANTONEMENTS PHARMAC,1,2245.448717948718,1,1,2245.448717948718,2245.448717948718
ELSAHAID PHARMACY,1,2245.448717948718,1,1,2245.448717948718,2245.448717948718
CRYSTAL CHEMISTS LTD,1,2245.448717948718,1,1,2245.448717948718,2245.448717948718
GEOKA PHARMACY LIMITED,1,2245.448717948718,1,1,2245.448717948718,2245.448717948718
ST KEM PHARMACY,2,2245.448717948718,2,2,1122.724358974359,1122.724358974359
GEONAAS PHARMACY LTD,1,2245.448717948718,1,1,2245.448717948718,2245.448717948718
GEOSTHER PHARMACY LIMITED,1,2245.448717948718,1,1,2245.448717948718,2245.448717948718
REMEDY PHARMACY,1,2245.448717948718,1,1,2245.448717948718,2245.448717948718
BERTLINE PHARMACY,1,2245.448717948718,1,1,2245.448717948718,2245.448717948718
LB PHARMACY,1,2245.448717948718,1,1,2245.448717948718,2245.448717948718
ALTON PHARMACY LIMITED,1,2245.448717948718,1,1,2245.448717948718,2245.448717948718
JOYWELL PHARMACEUTICALS LTD,1,2245.448717948718,1,1,2245.448717948718,2245.448717948718
JR FOUNTAIN SPRING PHARMACY,1,2245.448717948718,1,1,2245.448717948718,2245.448717948718
VONNE BERT PHARMACY LTD,1,2245.448717948718,1,1,2245.448717948718,2245.448717948718
ALLY PHARMACY LIMITED,1,2245.448717948718,1,1,2245.448717948718,2245.448717948718
ADUPEPS AND SONS PHARMACY L,1,2245.448717948718,1,1,2245.448717948718,2245.448717948718
AFAD PHARMACY LIMITED,1,2245.448717948718,1,1,2245.448717948718,2245.448717948718
MESBEN PHARMACY LIMITED,1,2245.448717948718,1,1,2245.448717948718,2245.448717948718
METROPHARMA LTD.,1,2245.448717948718,1,1,2245.448717948718,2245.448717948718
HEALTH FORESIGHT PHARMACY L,1,2245.448717948718,1,1,2245.448717948718,2245.448717948718
HEALTH INN PHARMACY LTD,1,2245.448717948718,1,1,2245.448717948718,2245.448717948718
HEALTH KEEPERS PHARMACY LIMI,1,2245.448717948718,1,1,2245.448717948718,2245.448717948718
FREDAN PHARMACY LTD,1,2245.448717948718,1,1,2245.448717948718,2245.448717948718
SIKWA PHARMACY LTD,1,2245.448717948718,1,1,2245.448717948718,2245.448717948718
SIMPSON PHARMACY LIMITED,1,2245.448717948718,1,1,2245.448717948718,2245.448717948718
KANBOK PHARMACY LIMITED,1,2245.448717948718,1,1,2245.448717948718,2245.448717948718
SINAVICENNA LIMITED,1,2245.448717948718,1,1,2245.448717948718,2245.448717948718
MEDPHARMA ALLIANCE INTERNA,1,2245.448717948718,1,1,2245.448717948718,2245.448717948718
MEDICHEM PHARMACEUTICALS L,1,2245.448717948718,1,1,2245.448717948718,2245.448717948718
HOCHIEZ PHARMACEUTICALS,1,2245.448717948718,1,1,2245.448717948718,2245.448717948718
RIDOC VENTURES LIMITED,1,2245.448717948718,1,1,2245.448717948718,2245.448717948718
CYNDEX PHARMACY,1,2245.448717948718,1,1,2245.448717948718,2245.448717948718
KAFNY PHARMACY LTD,1,2245.448717948718,1,1,2245.448717948718,2245.448717948718
HILTON CHEMIST LTD,1,2245.448717948718,1,1,2245.448717948718,2245.448717948718
SOTERIA-LIFE PHARMACY LTD.,1,2245.448717948718,1,1,2245.448717948718,2245.448717948718
SMINAC PHARMACY LTD,1,2245.448717948718,1,1,2245.448717948718,2245.448717948718
OBESTER PHARMACY LIMITED,1,2245.448717948718,1,1,2245.448717948718,2245.448717948718
MEDICHEM PHARMACY,1,2245.448717948718,1,1,2245.448717948718,2245.448717948718
GAMENS COMMUNITY PHARMAC,1,2245.448717948718,1,1,2245.448717948718,2245.448717948718
AA-DANHARIS PHARMACY LTD.,1,2245.448717948718,1,1,2245.448717948718,2245.448717948718
VIC-AVA PHARMACY,1,2245.448717948718,1,1,2245.448717948718,2245.448717948718
CHRIST CHOICE PHARMACY LTD,1,2245.448717948718,1,1,2245.448717948718,2245.448717948718
FAIRGOLD PHARMACY(TESHIE PEN,1,2245.448717948718,1,1,2245.448717948718,2245.448717948718
NEIGHBOR PHARMACEUTICALS LT,1,2245.448717948718,1,1,2245.448717948718,2245.448717948718
NEXT DOOR PHARMACY LIMITED,1,2245.448717948718,1,1,2245.448717948718,2245.448717948718
BACHOS PHARMACY LTD,1,2245.448717948718,1,1,2245.448717948718,2245.448717948718
NOVIK PHARMACY,1,2245.448717948718,1,1,2245.448717948718,2245.448717948718
EVERYDAY CHEMISTS,1,2245.448717948718,1,1,2245.448717948718,2245.448717948718
ROSETTE PHARMACY,1,2245.448717948718,1,1,2245.448717948718,2245.448717948718
KOHINTA PHARMACY LIMITED,1,2245.448717948718,1,1,2245.448717948718,2245.448717948718
FLASH PHARMACY,1,2245.448717948718,1,1,2245.448717948718,2245.448717948718
MONAZ PHARMACY LTD.,1,2245.448717948718,1,1,2245.448717948718,2245.448717948718
ALL-DAY PHARMACEUTICALS LTD,1,2245.448717948718,1,1,2245.448717948718,2245.448717948718
FOUNTAIN PHARMACY LTD,1,2245.448717948718,1,1,2245.448717948718,2245.448717948718
RYTCOL PHARMACY LIMITED,1,2245.448717948718,1,1,2245.448717948718,2245.448717948718
MILE 11 PHARMACY LTD.,1,2245.448717948718,1,1,2245.448717948718,2245.448717948718
MIDWATCH PHARMACY,1,2245.448717948718,1,1,2245.448717948718,2245.448717948718
RYTHEALTH PHARMACY LTD,1,2245.448717948718,1,1,2245.448717948718,2245.448717948718
CLAS MOK CHEMIST LTD,1,2245.448717948718,1,1,2245.448717948718,2245.448717948718
ERTLAN PHARMACY LTD.,1,2245.448717948718,1,1,2245.448717948718,2245.448717948718
ADANE CHEMIST LIMITED,1,2245.448717948718,1,1,2245.448717948718,2245.448717948718
HEALTH POINT PHARMACY LTD.,1,2245.448717948718,1,1,2245.448717948718,2245.448717948718
HEALTH LIGHT LTD.,1,2245.448717948718,1,1,2245.448717948718,2245.448717948718
HEALTH WEALTH PHARMACY LTD,1,2245.448717948718,1,1,2245.448717948718,2245.448717948718
CHEMICANI COMPANY LTD.,1,2245.448717948718,1,1,2245.448717948718,2245.448717948718
ASSETS PHARMACY LTD,1,2245.448717948718,1,1,2245.448717948718,2245.448717948718
MT. OLIVE TOP PHARMACY,1,2245.448717948718,1,1,2245.448717948718,2245.448717948718
McCARTYHY HILL PHARMACY,1,2245.448717948718,1,1,2245.448717948718,2245.448717948718
McCARTHY HILL PHARMACY (APLA,1,2245.448717948718,1,1,2245.448717948718,2245.448717948718
FIRDAWS PHARMACY LTD.,1,2245.448717948718,1,1,2245.448717948718,2245.448717948718
FIRST CLASS PHARMACY,1,2245.448717948718,1,1,2245.448717948718,2245.448717948718
HEALTH KEEPERS PHARMACY LTD.,1,2245.448717948718,1,1,2245.448717948718,2245.448717948718
SAVERS LIFE PHARMACY,1,2245.448717948718,1,1,2245.448717948718,2245.448717948718
DELDEM PHARMA LTD,1,2245.448717948718,1,1,2245.448717948718,2245.448717948718
A-BLACKS PHARMACY,1,2245.448717948718,1,1,2245.448717948718,2245.448717948718
GOODAIDE PHARMACEUTICALS LT,1,2245.448717948718,1,1,2245.448717948718,2245.448717948718
LIGHT PHARMACY LTD,1,2245.448717948718,1,1,2245.448717948718,2245.448717948718
JEKMAN PHARMACY LTD,1,2245.448717948718,1,1,2245.448717948718,2245.448717948718
JEPHPONG PHARMA LTD.,1,2245.448717948718,1,1,2245.448717948718,2245.448717948718
JEBECTA PHARMACY,1,2245.448717948718,1,1,2245.448717948718,2245.448717948718
PROMIDEN PHARMACY LTD,1,2245.448717948718,1,1,2245.448717948718,2245.448717948718
DOSTY PHARMACY LTD,3,2243.560957654515,2,1,747.853652551505,1121.7804788272574
C.S. ALLOT PHARMACY,2,2223.573049363057,2,1,1111.7865246815286,1111.7865246815286
FELBET PHARMACY,2,2203.5894744659254,2,1,1101.7947372329627,1101.7947372329627
JEGAFAN PHARMACY LTD,1,2029.0,1,1,2029.0,2029.0
DIAGNOPHARMA LTD.,1,2029.0,1,1,2029.0,2029.0
ANNOSEL PHARMACY LTD,1,2029.0,1,1,2029.0,2029.0
LIVERITE PHARMACY,1,2029.0,1,1,2029.0,2029.0
JENARK PHARMACY,1,2029.0,1,1,2029.0,2029.0
PURPOSE PHARMACY LIMITED,1,2029.0,1,1,2029.0,2029.0
RABBI PHARMACY,1,2029.0,1,1,2029.0,2029.0
ZEDORS PHARMACY,1,2029.0,1,1,2029.0,2029.0
ZOE PHARMACY,1,2029.0,1,1,2029.0,2029.0
LIFE MATTER,1,2029.0,1,1,2029.0,2029.0
PROH PHARMACY (ANNEX),1,2029.0,1,1,2029.0,2029.0
UPHILL PHARMACY,1,2029.0,1,1,2029.0,2029.0
KLAY PHARMACY LTD.,1,2029.0,1,1,2029.0,2029.0
KOBEC PHARMACY,1,2029.0,1,1,2029.0,2029.0
DELTA UNIC P'MACEUTCALS,1,2029.0,1,1,2029.0,2029.0
HEALTH BASE PHARMACY LIMITED,1,2029.0,1,1,2029.0,2029.0
HEALTH CONCEPT PHARMACY LTD,1,2029.0,1,1,2029.0,2029.0
MUBHAK PHARMACY,1,2029.0,1,1,2029.0,2029.0
KLAD PHARMACY LTD,1,2029.0,1,1,2029.0,2029.0
KLAD PHARMACY LTD.,1,2029.0,1,1,2029.0,2029.0
HEALTH LIGHT PHARMACEUTICAL,1,2029.0,1,1,2029.0,2029.0
HEALTH OPTION PHARMACY LTD.,1,2029.0,1,1,2029.0,2029.0
JAYSTEL PHARMACY LTD,1,2029.0,1,1,2029.0,2029.0
SAMSOP PHARMACEUTICALS,1,2029.0,1,1,2029.0,2029.0
FAITH PHARMACY LTD.,1,2029.0,1,1,2029.0,2029.0
CEIZONS LTD (PHARMACY DIVISIO,1,2029.0,1,1,2029.0,2029.0
NAAB BLANKS PHARMACY,1,2029.0,1,1,2029.0,2029.0
HAS PHARMA LTD,1,2029.0,1,1,2029.0,2029.0
UNIC CARE CHEMIST (ACCRA BRA,1,2029.0,1,1,2029.0,2029.0
MIKHEN PHARMACY LTD,1,2029.0,1,1,2029.0,2029.0
SHAGGYSCO PHARMACY LTD,1,2029.0,1,1,2029.0,2029.0
MERMIKE PHARMACY LTD,1,2029.0,1,1,2029.0,2029.0
EVALIZ PHARMACY LIMITED,1,2029.0,1,1,2029.0,2029.0
KIDER PHARMACY LTD,1,2029.0,1,1,2029.0,2029.0
HEALTHLINE PHARMACY LTD,1,2029.0,1,1,2029.0,2029.0
HEALTHSTYLE PHARMACY,1,2029.0,1,1,2029.0,2029.0
CITA BOAM PHARMACY LTD,1,2029.0,1,1,2029.0,2029.0
SAFEMED PHARMACY LIMITED,1,2029.0,1,1,2029.0,2029.0
UNIQUE AID PHARMACY,1,2029.0,1,1,2029.0,2029.0
SAINT PATRICK PHARMACY,1,2029.0,1,1,2029.0,2029.0
SAMARITAN PHARMACY LTD,1,2029.0,1,1,2029.0,2029.0
KENEVE PHARMACY LTD.,1,2029.0,1,1,2029.0,2029.0
ERIBEL PHARMACY,1,2029.0,1,1,2029.0,2029.0
NOVOMED PHARMA,1,2029.0,1,1,2029.0,2029.0
ROSYCARE PHARMACY LIMITED,1,2029.0,1,1,2029.0,2029.0
ASAHALAJA PHARMACY,1,2029.0,1,1,2029.0,2029.0
BB ASSOCIATES LTD (PHARMACY),1,2029.0,1,1,2029.0,2029.0
KEBE PHARMACY,1,2029.0,1,1,2029.0,2029.0
KEBIAN PHARMACY,1,2029.0,1,1,2029.0,2029.0
HEBREWS PHARMACY,1,2029.0,1,1,2029.0,2029.0
ERISHAR OSBEK PHARMACY.,1,2029.0,1,1,2029.0,2029.0
ROBLOIS PHARMACY COM. LTD.,1,2029.0,1,1,2029.0,2029.0
RODINA CHEMIST,1,2029.0,1,1,2029.0,2029.0
NYAME-DO PHARMACY,1,2029.0,1,1,2029.0,2029.0
MEGA PHARMACY LIMITED,1,2029.0,1,1,2029.0,2029.0
OA PHARMACY LIMITED,1,2029.0,1,1,2029.0,2029.0
SLICK PHARMACY,1,2029.0,1,1,2029.0,2029.0
LA VELCHI PHARMACY,1,2029.0,1,1,2029.0,2029.0
SLIM AND FIT PHARMACY LTD,1,2029.0,1,1,2029.0,2029.0
CAMDEN PHARMACY,1,2029.0,1,1,2029.0,2029.0
CANDY PHARMACY LIMITED,1,2029.0,1,1,2029.0,2029.0
SONIJECK COMPANY LTD,1,2029.0,1,1,2029.0,2029.0
HIDDEN LEAF PHARMACY LTD,1,2029.0,1,1,2029.0,2029.0
HILLOCKS PHARMACY GHANA LIM,1,2029.0,1,1,2029.0,2029.0
BANLYD PHARMACY LIMITED,1,2029.0,1,1,2029.0,2029.0
RICHBAAH PHARMACY,1,2029.0,1,1,2029.0,2029.0
EM-KOSAH PHARMACY,1,2029.0,1,1,2029.0,2029.0
EMMACO HEALTH GHANA LTD,1,2029.0,1,1,2029.0,2029.0
ONYX PHARMACY LIMITED,1,2029.0,1,1,2029.0,2029.0
OPA CHEMIST,1,2029.0,1,1,2029.0,2029.0
HEALTH BASE PHARMACY,1,2029.0,1,1,2029.0,2029.0
OPA CHEMIST LTD,1,2029.0,1,1,2029.0,2029.0
ORBITAL PHARMACY ( AMASAMA,1,2029.0,1,1,2029.0,2029.0
JUST ASK PHARMACY,1,2029.0,1,1,2029.0,2029.0
JULITA PHARMACY LIMITED,1,2029.0,1,1,2029.0,2029.0
EDDY-KAY CHEMIST LIMITED,1,2029.0,1,1,2029.0,2029.0
EDEN PHARMA LIMITED,1,2029.0,1,1,2029.0,2029.0
PALEM PHARMACY LIMITED,1,2029.0,1,1,2029.0,2029.0
DZOMOKO MEDICAL & PHARMAC,1,2029.0,1,1,2029.0,2029.0
ASANKWA PHARMACY LTD.,1,2029.0,1,1,2029.0,2029.0
GAG CHEMIST,1,2029.0,1,1,2029.0,2029.0
SPRING TIME PHARMACY LTD,1,2029.0,1,1,2029.0,2029.0
ST. MICHAEL CHEMISTS,1,2029.0,1,1,2029.0,2029.0
ARC PHARMACY LIMITED,1,2029.0,1,1,2029.0,2029.0
BUCK PHARMACY LTD,1,2029.0,1,1,2029.0,2029.0
JU-BETH PHARMACY,1,2029.0,1,1,2029.0,2029.0
RENERVE PHARMACY LTD,1,2029.0,1,1,2029.0,2029.0
WAGGA CARE PHARMACY,1,2029.0,1,1,2029.0,2029.0
WAGGA-CARE PHARMACY LTD,1,2029.0,1,1,2029.0,2029.0
DAVIES PHARMACY GHANA LTD,1,2029.0,1,1,2029.0,2029.0
PEOPLE CHOICE PHARMACY,1,2029.0,1,1,2029.0,2029.0
WAYNE PHARMACY,1,2029.0,1,1,2029.0,2029.0
WELCOME PHARMA LTD,1,2029.0,1,1,2029.0,2029.0
PHARMACHEM LTD,1,2029.0,1,1,2029.0,2029.0
RAYDOS PHARMACY,1,2029.0,1,1,2029.0,2029.0
PHARMAGEORGE CHEMIST LTD,1,2029.0,1,1,2029.0,2029.0
REGEORGIA PHARMACY LTD,1,2029.0,1,1,2029.0,2029.0
TOPMED PHARMACY LTD,1,2029.0,1,1,2029.0,2029.0
TOSH PHARMACEUTICALS LTD,1,2029.0,1,1,2029.0,2029.0
LEONS CHEMIST LTD,1,2029.0,1,1,2029.0,2029.0
ABSOLUTE HEALTH,1,2029.0,1,1,2029.0,2029.0
ALSONS PHARMACY LIMITED,1,2029.0,1,1,2029.0,2029.0
BILLI-PAK PHARMACY,1,2029.0,1,1,2029.0,2029.0
MAKEESA PHARMACY LTD,1,2029.0,1,1,2029.0,2029.0
MALB-PHARMA LIMITED,1,2029.0,1,1,2029.0,2029.0
STERLING PHARMACEUTICALS LTD,1,2029.0,1,1,2029.0,2029.0
BRITTS PHARMA LTD.,1,2029.0,1,1,2029.0,2029.0
STEVE MENS PHARMACY,1,2029.0,1,1,2029.0,2029.0
SUNSET PHARMACY LTD,1,2029.0,1,1,2029.0,2029.0
ANYANEWAA PHARMACY,1,2029.0,1,1,2029.0,2029.0
BAASPHARMA LTD,1,2029.0,1,1,2029.0,2029.0
WESTLINE PHARMACY LIMITED,1,2029.0,1,1,2029.0,2029.0
J-RAD PHARMACY LIMITED,1,2029.0,1,1,2029.0,2029.0
IMMACULATE PHARMACY,1,2029.0,1,1,2029.0,2029.0
IMPERIAL CHEMIST LTD,1,2029.0,1,1,2029.0,2029.0
IMPERIAL CHEMISTS LTD,1,2029.0,1,1,2029.0,2029.0
ALPHA CARE PHARMACY LIMITED,1,2029.0,1,1,2029.0,2029.0
DOM V. PHARMACY LTD,1,2029.0,1,1,2029.0,2029.0
PHYTO-RIKER (GIHOC) PHARM. LT,1,2029.0,1,1,2029.0,2029.0
JIDAH PHARMACY LIMITED,1,2029.0,1,1,2029.0,2029.0
WOLUWIE PHARMACY LIMITED,1,2029.0,1,1,2029.0,2029.0
POINT RIGHT PHARMACY LIMITED,1,2029.0,1,1,2029.0,2029.0
POKUASE PHARMACY(ANNEX),1,2029.0,1,1,2029.0,2029.0
DEEDOR CARE PHARMACY LTD.,1,2029.0,1,1,2029.0,2029.0
DASK CHEMIST LTD,1,2029.0,1,1,2029.0,2029.0
DASK CHEMIST LTD (ANNEX,1,2029.0,1,1,2029.0,2029.0
LIFESPAN PHARMACY LTD,1,2029.0,1,1,2029.0,2029.0
LIFEWAY PHARMACY LIMITED,1,2029.0,1,1,2029.0,2029.0
BLACK SWAN PHARMACY,1,2029.0,1,1,2029.0,2029.0
TINACARE PHARMACY LTD,1,2029.0,1,1,2029.0,2029.0
GOODSTART PHARMACY LTD.,1,2029.0,1,1,2029.0,2029.0
BODAC-SKB PHARMACY LTD,1,2029.0,1,1,2029.0,2029.0
THE PHARMALOFT PHARMACY,1,2029.0,1,1,2029.0,2029.0
THE VILLAGE PHARMACY,1,2029.0,1,1,2029.0,2029.0
3KS PHARMACY LTD.,1,2029.0,1,1,2029.0,2029.0
WESTERN PHARMACY LTD,2,1886.0424628450105,1,1,943.0212314225053,1886.0424628450105
LUHAKI COMPANY LIMITED,2,1886.0424628450105,1,1,943.0212314225053,1886.0424628450105
PHARMA LAUD K. LTD,2,1886.0424628450105,1,1,943.0212314225053,1886.0424628450105
DANNIPHARMA LIMITED,2,1886.0424628450105,1,1,943.0212314225053,1886.0424628450105
HUMBLE MOTHER PHARMACY LT,2,1886.0424628450105,1,1,943.0212314225053,1886.0424628450105
ALPHA DUO PHARMACY LTD,2,1886.0424628450105,1,1,943.0212314225053,1886.0424628450105
HABMAY PHARMACY (ATONSU BR,2,1886.0424628450105,1,1,943.0212314225053,1886.0424628450105
PROPHARM CHEMIST LTD,2,1886.0424628450105,1,1,943.0212314225053,1886.0424628450105
ST. GEORGINA PHARMACY,2,1886.0424628450105,1,1,943.0212314225053,1886.0424628450105
SAQS PHARMACY LTD,2,1886.0424628450105,1,1,943.0212314225053,1886.0424628450105
MIKADDO PHARMACY LTD,2,1886.0424628450105,1,1,943.0212314225053,1886.0424628450105
LIFE CHEMIST LTD.,2,1886.0424628450105,1,1,943.0212314225053,1886.0424628450105
VICBARNS PHARMACY LTD.,2,1886.0424628450105,1,1,943.0212314225053,1886.0424628450105
SUPRA PHARMA LTD. (K'SI BRANC,2,1886.0424628450105,1,1,943.0212314225053,1886.0424628450105
JULIAG CHEMIST,2,1886.0424628450105,1,1,943.0212314225053,1886.0424628450105
JULIPONIA PHARMACY,2,1886.0424628450105,1,1,943.0212314225053,1886.0424628450105
PARTNERS HEALTH SERVICES,2,1886.0424628450105,1,1,943.0212314225053,1886.0424628450105
VITAL PHARMACY,2,1886.0424628450105,1,1,943.0212314225053,1886.0424628450105
SAWABA PHARMACY,2,1886.0424628450105,1,1,943.0212314225053,1886.0424628450105
SAQS PHARMACY (ASOKWA BRAN,2,1886.0424628450105,1,1,943.0212314225053,1886.0424628450105
ROATINA PHARMACY LTD.,2,1838.1870605682338,2,2,919.0935302841169,919.0935302841169
NESTA CHEMISTS LIMITED,4,1812.9171974522294,1,1,453.22929936305735,1812.9171974522294
ADEPA PHARMACEUTICALS LTD.,4,1812.9171974522294,1,1,453.22929936305735,1812.9171974522294
HEALTH TOWER CHEMIST,4,1812.9171974522294,1,1,453.22929936305735,1812.9171974522294
MAGOLD PHARMACY,2,1790.3316582914572,1,1,895.1658291457286,1790.3316582914572
NAD PHARMACY,2,1790.3316582914572,1,1,895.1658291457286,1790.3316582914572
SIMART PHARMACEUTICALS,2,1790.3316582914572,1,1,895.1658291457286,1790.3316582914572
SANTA THERES PHARMACY LTD,2,1790.3316582914572,1,1,895.1658291457286,1790.3316582914572
TOP IN TOWN PHARMACY LTD,2,1790.3316582914572,1,1,895.1658291457286,1790.3316582914572
RABS PHARMACY LIMITED,1,1770.34375,1,1,1770.34375,1770.34375
DIS-CHEM PHARMACY LIMITED,1,1770.34375,1,1,1770.34375,1770.34375
3M & C PHARMACY,1,1770.34375,1,1,1770.34375,1770.34375
JASCOS PHARMACY LIMITED,1,1770.34375,1,1,1770.34375,1770.34375
JESSMUNA PHARMACY,1,1770.34375,1,1,1770.34375,1770.34375
ALLSWELL PHARMACY LTD,1,1770.34375,1,1,1770.34375,1770.34375
REBEACON CHEMIST,1,1770.34375,1,1,1770.34375,1770.34375
DORDAN PHARMACY LTD,1,1770.34375,1,1,1770.34375,1770.34375
DORAT PHARMACY LTD,1,1770.34375,1,1,1770.34375,1770.34375
LIVERITE PHARMACY & HEALTHCA,1,1770.34375,1,1,1770.34375,1770.34375
ANSU MEMORIAL PHARMACY LTD,1,1770.34375,1,1,1770.34375,1770.34375
AKS PHARMA,1,1770.34375,1,1,1770.34375,1770.34375
AKTIVE PLUS HEALTHCARE LIMITE,1,1770.34375,1,1,1770.34375,1770.34375
PHARMAGEORGE PHARMACY LTD,1,1770.34375,1,1,1770.34375,1770.34375
PHARMAGEORGE CHEMIST LTD.,1,1770.34375,1,1,1770.34375,1770.34375
AKPABE PHARMACY,1,1770.34375,1,1,1770.34375,1770.34375
PHARMALOT CHEMISTS LTD,1,1770.34375,1,1,1770.34375,1770.34375
PHARMAGEORGE CHEMIST LTD(D,1,1770.34375,1,1,1770.34375,1770.34375
PHERSONS PHARMACY,1,1770.34375,1,1,1770.34375,1770.34375
WELLIAN PHARMACY,1,1770.34375,1,1,1770.34375,1770.34375
REAL LIFE PHARMACY LTD,1,1770.34375,1,1,1770.34375,1770.34375
DILIGIAH FOODS PHARMA LIMITE,1,1770.34375,1,1,1770.34375,1770.34375
POINT OF CARE PHARMACY LTD,1,1770.34375,1,1,1770.34375,1770.34375
ATOMIC ROAD PHARMACY,1,1770.34375,1,1,1770.34375,1770.34375
PHILTA PHARMACY,1,1770.34375,1,1,1770.34375,1770.34375
ATLON HEALTHCARE LIMITED,1,1770.34375,1,1,1770.34375,1770.34375
ATEK CHEMIST LTD,1,1770.34375,1,1,1770.34375,1770.34375
GLABOVAN PHARMACY LIMITED,1,1770.34375,1,1,1770.34375,1770.34375
VINISHAW PHARMACY LTD,1,1770.34375,1,1,1770.34375,1770.34375
HILLVIEW PHARMACY LTD,1,1770.34375,1,1,1770.34375,1770.34375
HOBET PHARMACY LTD.,1,1770.34375,1,1,1770.34375,1770.34375
ADNAID PHARMACY,1,1770.34375,1,1,1770.34375,1770.34375
ADOMPEM CAMPANY LTD,1,1770.34375,1,1,1770.34375,1770.34375
VIVIKON PHARMACY LTD,1,1770.34375,1,1,1770.34375,1770.34375
BIOMARKER PHARMACY LTD,1,1770.34375,1,1,1770.34375,1770.34375
LIFEPOINT PHARMACY LTD,1,1770.34375,1,1,1770.34375,1770.34375
LIFELANE CHEMISTS,1,1770.34375,1,1,1770.34375,1770.34375
OPA CHEMISTS LTD,1,1770.34375,1,1,1770.34375,1770.34375
ORKMAN PHARMACY LIMITED,1,1770.34375,1,1,1770.34375,1770.34375
CRYSTAL-TAB PHARMACY,1,1770.34375,1,1,1770.34375,1770.34375
RHODIUM PHARMACY,1,1770.34375,1,1,1770.34375,1770.34375
P2 PHARMACY,1,1770.34375,1,1,1770.34375,1770.34375
BRIDGESTONE PHARMACY LIMITE,1,1770.34375,1,1,1770.34375,1770.34375
ORBITAL PHARMACY,1,1770.34375,1,1,1770.34375,1770.34375
MAGPAT PHARMACY TLD,1,1770.34375,1,1,1770.34375,1770.34375
KATEMED PHARMACY,1,1770.34375,1,1,1770.34375,1770.34375
MA & M PHARMACY LTD,1,1770.34375,1,1,1770.34375,1770.34375
COSANDY PHARMACY,1,1770.34375,1,1,1770.34375,1770.34375
COMFORT DRUGS INT. CO. LTD.,1,1770.34375,1,1,1770.34375,1770.34375
EMRET PHARMACY LTD,1,1770.34375,1,1,1770.34375,1770.34375
BRIDGEVIEW PHARMACY,1,1770.34375,1,1,1770.34375,1770.34375
STARAID CARE LTD,1,1770.34375,1,1,1770.34375,1770.34375
STAYWELL PHARMACY LTD.,1,1770.34375,1,1,1770.34375,1770.34375
ERIVIAN PHARMACY LTD,1,1770.34375,1,1,1770.34375,1770.34375
KETHAMA PHARMACY LIMITED,1,1770.34375,1,1,1770.34375,1770.34375
KESS PHARMACEUTICALS LTD,1,1770.34375,1,1,1770.34375,1770.34375
ROYAL CHARISMA PHARMACY LTD,1,1770.34375,1,1,1770.34375,1770.34375
GOD'S WISDOM PHARMACY LTD,1,1770.34375,1,1,1770.34375,1770.34375
GOLDEN HEALTH PHARMACY,1,1770.34375,1,1,1770.34375,1770.34375
SUPREME BOX PHARMACY LTD,1,1770.34375,1,1,1770.34375,1770.34375
SWANLAKE PHARMACY,1,1770.34375,1,1,1770.34375,1770.34375
SWIFTMEDCARE PHARMACY,1,1770.34375,1,1,1770.34375,1770.34375
EDJOE PHARMACY,1,1770.34375,1,1,1770.34375,1770.34375
EFKWA COMPANY,1,1770.34375,1,1,1770.34375,1770.34375
JULIMED PHARMACY LTD,1,1770.34375,1,1,1770.34375,1770.34375
DAELYN PHARMACY LTD,1,1770.34375,1,1,1770.34375,1770.34375
DZOFAM PHARMARCY LTD.,1,1770.34375,1,1,1770.34375,1770.34375
REMEDY ISLAND PHARMACY LTD,1,1770.34375,1,1,1770.34375,1770.34375
LIFEPOINT PHARMACY,1,1770.34375,1,1,1770.34375,1770.34375
EXTRON PHARMACY LTD.,1,1770.34375,1,1,1770.34375,1770.34375
NEB PHARMACY LTD,1,1770.34375,1,1,1770.34375,1770.34375
AGIBANS PHARMACY,1,1770.34375,1,1,1770.34375,1770.34375
EZY PHARMACY LTD,1,1770.34375,1,1,1770.34375,1770.34375
HEALTHSPRING PHARMACY LTD,1,1770.34375,1,1,1770.34375,1770.34375
HENOPA PHARMACY LTD,1,1770.34375,1,1,1770.34375,1770.34375
HEALTHPORT PHARMACY LTD,1,1770.34375,1,1,1770.34375,1770.34375
KIK HYPRO PHARMACY (GH) LTD,1,1770.34375,1,1,1770.34375,1770.34375
GTG PHARMACEUTICALS LIMITED,1,1770.34375,1,1,1770.34375,1770.34375
TOFFEY PHARMACY LIMITED,1,1770.34375,1,1,1770.34375,1770.34375
ALTCHOISE PHARMACY,1,1770.34375,1,1,1770.34375,1770.34375
HAATSO PHARMACY LTD.,1,1770.34375,1,1,1770.34375,1770.34375
FAITH-AID CHEMIST LTD,1,1770.34375,1,1,1770.34375,1770.34375
FAMILYMEDS PHARMACY LTD,1,1770.34375,1,1,1770.34375,1770.34375
FIINA PHARMACY LTD,1,1770.34375,1,1,1770.34375,1770.34375
CHF OASIS PHARMACY LTD,1,1770.34375,1,1,1770.34375,1770.34375
KOBAFCO PHARMACY LTD.,1,1770.34375,1,1,1770.34375,1770.34375
HEALTHGOLD PHARMACY,1,1770.34375,1,1,1770.34375,1770.34375
BEANATHAN PHARMACY LIMITED,1,1770.34375,1,1,1770.34375,1770.34375
BEACON PHARMACY,1,1770.34375,1,1,1770.34375,1770.34375
CELIA PHARMACY LTD.,1,1770.34375,1,1,1770.34375,1770.34375
CEIZONS LIMITED,1,1770.34375,1,1,1770.34375,1770.34375
FLOWSBY PHARMACY LTD,1,1770.34375,1,1,1770.34375,1770.34375
LIBOAT PHARMACEUTICALS LTD,1,1770.34375,1,1,1770.34375,1770.34375
SCRIPTS N ME PHARMACY,1,1770.34375,1,1,1770.34375,1770.34375
HARRIMAT PHARMACY LTD,1,1770.34375,1,1,1770.34375,1770.34375
FOCOS ORTHOPAEDIC HOSPITAL P,1,1770.34375,1,1,1770.34375,1770.34375
CAREPLUS PHARMACY,1,1770.34375,1,1,1770.34375,1770.34375
ABOKOBI PHARMACY,1,1770.34375,1,1,1770.34375,1770.34375
MAM CHEMIST LIMITED,1,1770.34375,1,1,1770.34375,1770.34375
MARISCA PHARMACEUTICALS,1,1770.34375,1,1,1770.34375,1770.34375
NARAX,1,1770.34375,1,1,1770.34375,1770.34375
FOUNDATION PHARMACY LIMITE,1,1770.34375,1,1,1770.34375,1770.34375
AMPOMA PHARMACEUTICALS LIM,1,1770.34375,1,1,1770.34375,1770.34375
CARMOS PHARMACY LTD.,1,1770.34375,1,1,1770.34375,1770.34375
MIPILL PHARMACY LTD.,1,1770.34375,1,1,1770.34375,1770.34375
SPECTACULAR PHARMACY LTD,1,1770.34375,1,1,1770.34375,1770.34375
MAX-HEALTH PHARMACEUTICALS,1,1770.34375,1,1,1770.34375,1770.34375
AHOTO PHARMACY LIMITED,1,1770.34375,1,1,1770.34375,1770.34375
MICABIPHARM CO. LTD.,1,1770.34375,1,1,1770.34375,1770.34375
HASBEL PHARMACY,1,1770.34375,1,1,1770.34375,1770.34375
KRISVYC PHARMACY,1,1770.34375,1,1,1770.34375,1770.34375
CARE HUB PHARMACY LTD,1,1770.34375,1,1,1770.34375,1770.34375
SILSCREN PHARMACY LTD,1,1770.34375,1,1,1770.34375,1770.34375
MEDNET PHARMACY (GH) LTD,1,1770.34375,1,1,1770.34375,1770.34375
MEDONE PHARMACY LTD,1,1770.34375,1,1,1770.34375,1770.34375
BELAH PHARMACY LTD.,1,1770.34375,1,1,1770.34375,1770.34375
MEBRONI PHARMACY LIMITED,1,1770.34375,1,1,1770.34375,1770.34375
MEDIPOINT PHARMACY,1,1770.34375,1,1,1770.34375,1770.34375
MEDREACH COMPANY LTD (PHAR,1,1770.34375,1,1,1770.34375,1770.34375
MEDITAB PHARMACY LTD,1,1770.34375,1,1,1770.34375,1770.34375
MEDISHOP PHARMACY,1,1770.34375,1,1,1770.34375,1770.34375
MCLIZ PHARMACY LIMITED,1,1770.34375,1,1,1770.34375,1770.34375
C. K. RELOG PHARMACEUTICAL LT,1,1770.34375,1,1,1770.34375,1770.34375
C. K. RELOG PHARMACY,1,1770.34375,1,1,1770.34375,1770.34375
MEDITEL PHARMA LTD,1,1770.34375,1,1,1770.34375,1770.34375
FRIMATA PHARMACY,1,1770.34375,1,1,1770.34375,1770.34375
AIRAM PHARMACEUTICALS LIMIT,1,1770.34375,1,1,1770.34375,1770.34375
MEDGEM PHARMA LTD,1,1770.34375,1,1,1770.34375,1770.34375
MED-WAY PHARMACY,1,1770.34375,1,1,1770.34375,1770.34375
SOGLI PHARMACY LTD,1,1770.34375,1,1,1770.34375,1770.34375
3CARE PHARMACY LTD,1,1770.34375,1,1,1770.34375,1770.34375
PRINLEX PHARMACY LIMITED,1,1770.34375,1,1,1770.34375,1770.34375
R & C PHARMACY LTD,1,1770.34375,1,1,1770.34375,1770.34375
DRUGIX PHARMACY,2,1761.6529446832544,2,1,880.8264723416272,880.8264723416272
PHARMANOVA LTD.,2,1396.2505307855627,2,2,698.1252653927813,698.1252653927813
KOJACH LIMITED,2,1396.2505307855627,2,2,698.1252653927813,698.1252653927813
JASPERS PHARMACY LIMITED,2,1396.2505307855627,2,2,698.1252653927813,698.1252653927813
HILLS PHARMACY LTD.,2,1396.2505307855627,2,2,698.1252653927813,698.1252653927813
HABMAY PHARMACY LTD.,2,1396.2505307855627,2,2,698.1252653927813,698.1252653927813
ALPHA DELTA PHARMACY,3,1359.687898089172,1,1,453.22929936305735,1359.687898089172
PALACE PHARMACY LTD,3,1359.687898089172,1,1,453.22929936305735,1359.687898089172
MEDIMART PHARMACY LTD.,2,1348.395128508786,2,1,674.197564254393,674.197564254393
PROSPECT PHARMACY LTD,1,1308.423645320197,1,1,1308.423645320197,1308.423645320197
WORLAKO PHARMACY,1,1308.423645320197,1,1,1308.423645320197,1308.423645320197
PRIJOPHARMA COMPANY LTD,1,1308.423645320197,1,1,1308.423645320197,1308.423645320197
JAMI-HUTCH PHARMACY,1,1308.423645320197,1,1,1308.423645320197,1308.423645320197
JAMESH PHARMACY LTD.,1,1308.423645320197,1,1,1308.423645320197,1308.423645320197
DEPENDABLE PHARMACY LTD.,1,1308.423645320197,1,1,1308.423645320197,1308.423645320197
MEDCROSS PHARMACEUTICALS C,1,1308.423645320197,1,1,1308.423645320197,1308.423645320197
SNA PHARMA SERVICES LIMITED,1,1308.423645320197,1,1,1308.423645320197,1308.423645320197
IVAKITO PHARMACY,1,1308.423645320197,1,1,1308.423645320197,1308.423645320197
RANDY PHARMACY,1,1308.423645320197,1,1,1308.423645320197,1308.423645320197
AKROPHARMA LIMITED,1,1308.423645320197,1,1,1308.423645320197,1308.423645320197
AT HOME PHARMACY LTD,1,1308.423645320197,1,1,1308.423645320197,1308.423645320197
DELMA PHARMA LTD.,1,1308.423645320197,1,1,1308.423645320197,1308.423645320197
CAMDEN PHARMACY LTD,1,1308.423645320197,1,1,1308.423645320197,1308.423645320197
TRUWORTH PHARMACEUTICALS L,1,1308.423645320197,1,1,1308.423645320197,1308.423645320197
DOUBLE PLUS TWO PHARMACY,1,1308.423645320197,1,1,1308.423645320197,1308.423645320197
DE-DEEDS PHARMACY LTD,1,1308.423645320197,1,1,1308.423645320197,1308.423645320197
AVIATION ROAD PHARMACY,1,1308.423645320197,1,1,1308.423645320197,1308.423645320197
JOY-KLINK PHARMACY LTD,1,1308.423645320197,1,1,1308.423645320197,1308.423645320197
FULANI PHARMACY LTD.,1,1308.423645320197,1,1,1308.423645320197,1308.423645320197
PILMAR PHARMA LTD,1,1308.423645320197,1,1,1308.423645320197,1308.423645320197
RAPHA CHEMIST LTD,1,1308.423645320197,1,1,1308.423645320197,1308.423645320197
WEBSTER PHARMACY LTD,1,1308.423645320197,1,1,1308.423645320197,1308.423645320197
PHARMABAY LTD,1,1308.423645320197,1,1,1308.423645320197,1308.423645320197
DB & T PHARMACY LTD,1,1308.423645320197,1,1,1308.423645320197,1308.423645320197
PHARMRITE PHARMACY LTD.,1,1308.423645320197,1,1,1308.423645320197,1308.423645320197
PHARMHAUS CHEMIST LTD,1,1308.423645320197,1,1,1308.423645320197,1308.423645320197
LJ INVESTMENTS LIMITED,1,1308.423645320197,1,1,1308.423645320197,1308.423645320197
PHARMACY DIRECT LTD,1,1308.423645320197,1,1,1308.423645320197,1308.423645320197
HAG PHARMACY LTD,1,1308.423645320197,1,1,1308.423645320197,1308.423645320197
AMANI CHEMISTS LTD,1,1308.423645320197,1,1,1308.423645320197,1308.423645320197
ZAKKS PHARMACY,1,1308.423645320197,1,1,1308.423645320197,1308.423645320197
ZUTRON PHARMACEUTICALS LTD.,1,1308.423645320197,1,1,1308.423645320197,1308.423645320197
SNAK PHARMACY LTD,1,1308.423645320197,1,1,1308.423645320197,1308.423645320197
JANISEL PHARMACY LTD,1,1308.423645320197,1,1,1308.423645320197,1308.423645320197
JANESIS IMMENSE PHARMACY LT,1,1308.423645320197,1,1,1308.423645320197,1308.423645320197
YIM DISPENSING PHARMACY LTD,1,1308.423645320197,1,1,1308.423645320197,1308.423645320197
VYNNE PHARMACY LTD.,1,1308.423645320197,1,1,1308.423645320197,1308.423645320197
ADENTA PHARMACY LTD.,1,1308.423645320197,1,1,1308.423645320197,1308.423645320197
LAWMERC PHARMACY LTD.,1,1308.423645320197,1,1,1308.423645320197,1308.423645320197
LEBEN PHARMACY,1,1308.423645320197,1,1,1308.423645320197,1308.423645320197
AMANFRO PHARMACY,1,1308.423645320197,1,1,1308.423645320197,1308.423645320197
AMANFRO PHARMACY LTD,1,1308.423645320197,1,1,1308.423645320197,1308.423645320197
HOMETOWN PHARMACY LIMITED,1,1308.423645320197,1,1,1308.423645320197,1308.423645320197
JUKE PHARMACY,1,1308.423645320197,1,1,1308.423645320197,1308.423645320197
ADNIAD PHARMACY,1,1308.423645320197,1,1,1308.423645320197,1308.423645320197
SK GLOBAL PHARMACY LTD,1,1308.423645320197,1,1,1308.423645320197,1308.423645320197
MEDLIFE PHARMACY LTD.,1,1308.423645320197,1,1,1308.423645320197,1308.423645320197
MEDITAB PHARMACY LIMITED,1,1308.423645320197,1,1,1308.423645320197,1308.423645320197
SHALOM UB PHARMACY LIMITED,1,1308.423645320197,1,1,1308.423645320197,1308.423645320197
TAJ DEAROB PHARMACY LIMITED,1,1308.423645320197,1,1,1308.423645320197,1308.423645320197
ALNESSA PHARMACY LIMITED,1,1308.423645320197,1,1,1308.423645320197,1308.423645320197
VTM PHARMACY LTD,1,1308.423645320197,1,1,1308.423645320197,1308.423645320197
LIFECARE PHARMACY,1,1308.423645320197,1,1,1308.423645320197,1308.423645320197
TAJ DEAROB PHARMACEUTICALS L,1,1308.423645320197,1,1,1308.423645320197,1308.423645320197
PFAGO CHEMISTS LIMITED,1,1308.423645320197,1,1,1308.423645320197,1308.423645320197
PERFECT PHARMA SOLUTIONS,1,1308.423645320197,1,1,1308.423645320197,1308.423645320197
EDCARE PHARMACY LIMITED,1,1308.423645320197,1,1,1308.423645320197,1308.423645320197
EAST AMRAHIA PHARMACY LIMIT,1,1308.423645320197,1,1,1308.423645320197,1308.423645320197
K79 PHARMACY LTD,1,1308.423645320197,1,1,1308.423645320197,1308.423645320197
JUSTOPRA PHARMACY LIMITED,1,1308.423645320197,1,1,1308.423645320197,1308.423645320197
JULIEDEE PHARMACY,1,1308.423645320197,1,1,1308.423645320197,1308.423645320197
FORTIS BACKNAY PHARMACY LIMI,1,1308.423645320197,1,1,1308.423645320197,1308.423645320197
MELIA PHARMACY,1,1308.423645320197,1,1,1308.423645320197,1308.423645320197
FREDAKU PHARMACY,1,1308.423645320197,1,1,1308.423645320197,1308.423645320197
KORLYNS PHARMACEUTICALS LTD,1,1308.423645320197,1,1,1308.423645320197,1308.423645320197
KORANIA PHARMACY LIMITED,1,1308.423645320197,1,1,1308.423645320197,1308.423645320197
DOT PHARMACY LTD,1,1308.423645320197,1,1,1308.423645320197,1308.423645320197
VOB PHARMACY,1,1308.423645320197,1,1,1308.423645320197,1308.423645320197
VINA PHARMACY LTD.,1,1308.423645320197,1,1,1308.423645320197,1308.423645320197
VISAT PHARMACY LTD,1,1308.423645320197,1,1,1308.423645320197,1308.423645320197
DAKAL PHARMACY LTD,1,1308.423645320197,1,1,1308.423645320197,1308.423645320197
BANSEL PHARMACY LIMITED,1,1308.423645320197,1,1,1308.423645320197,1308.423645320197
OVAL PHARMACEUTICALS LIMITE,1,1308.423645320197,1,1,1308.423645320197,1308.423645320197
EGE'S PHARMACY LIMITED,1,1308.423645320197,1,1,1308.423645320197,1308.423645320197
EDRITA PHARMACY,1,1308.423645320197,1,1,1308.423645320197,1308.423645320197
OYIBI PHARMACY,1,1308.423645320197,1,1,1308.423645320197,1308.423645320197
SUNNYSIDE PHARMACY,1,1308.423645320197,1,1,1308.423645320197,1308.423645320197
APL PHARMACY LTD,1,1308.423645320197,1,1,1308.423645320197,1308.423645320197
GLAY PHARMACY LTD,1,1308.423645320197,1,1,1308.423645320197,1308.423645320197
ELI PHARMACY LTD,1,1308.423645320197,1,1,1308.423645320197,1308.423645320197
MBC PHARMACY LTD,1,1308.423645320197,1,1,1308.423645320197,1308.423645320197
MAY-MART PHARMACY LIMITED,1,1308.423645320197,1,1,1308.423645320197,1308.423645320197
MATHS PHARMACY,1,1308.423645320197,1,1,1308.423645320197,1308.423645320197
GN PHARMACY LTD,1,1308.423645320197,1,1,1308.423645320197,1308.423645320197
SR PHARMACY LIMITED,1,1308.423645320197,1,1,1308.423645320197,1308.423645320197
SPRING TIME PHARMACY,1,1308.423645320197,1,1,1308.423645320197,1308.423645320197
MI & MA PHARMACY LTD,1,1308.423645320197,1,1,1308.423645320197,1308.423645320197
MED EXPRESS,1,1308.423645320197,1,1,1308.423645320197,1308.423645320197
EL-NHYI'S PHARMACY LTD,1,1308.423645320197,1,1,1308.423645320197,1308.423645320197
ORIGIN PHARMACY,1,1308.423645320197,1,1,1308.423645320197,1308.423645320197
CURIST PHARMA LIMITED,1,1308.423645320197,1,1,1308.423645320197,1308.423645320197
ELHAMS PHARMACEUTICALS LTD,1,1308.423645320197,1,1,1308.423645320197,1308.423645320197
CURE AID CHEMIST LIMITED,1,1308.423645320197,1,1,1308.423645320197,1308.423645320197
CARDINAL CHEMISTS GHANA LTD,1,1308.423645320197,1,1,1308.423645320197,1308.423645320197
CAPSULES PLUS PHARMACY LTD,1,1308.423645320197,1,1,1308.423645320197,1308.423645320197
SEYSEL PHARMACEUTICALS LTD,1,1308.423645320197,1,1,1308.423645320197,1308.423645320197
FMMS PHARMACY LTD,1,1308.423645320197,1,1,1308.423645320197,1308.423645320197
FMMS PHARMACY,1,1308.423645320197,1,1,1308.423645320197,1308.423645320197
THINK HEALTH PHARMACY LIMITE,1,1308.423645320197,1,1,1308.423645320197,1308.423645320197
HUMANO PHARMACY LIMITED,1,1308.423645320197,1,1,1308.423645320197,1308.423645320197
SEED PHARMACY LTD,1,1308.423645320197,1,1,1308.423645320197,1308.423645320197
SELPHARMA LTD,1,1308.423645320197,1,1,1308.423645320197,1308.423645320197
MAAPA HEALTHCARE LTD.,1,1308.423645320197,1,1,1308.423645320197,1308.423645320197
SEA BREEZE PHARMACY LIMITED,1,1308.423645320197,1,1,1308.423645320197,1308.423645320197
MAL-TITI CHEMISTS,1,1308.423645320197,1,1,1308.423645320197,1308.423645320197
FIVE TWO PHARMA,1,1308.423645320197,1,1,1308.423645320197,1308.423645320197
MON AMIE PHARMACY LIMITED,1,1308.423645320197,1,1,1308.423645320197,1308.423645320197
OLD ROAD CHEMISTS,1,1308.423645320197,1,1,1308.423645320197,1308.423645320197
ELIKEM DOTS PHARMACY LIMITED,1,1308.423645320197,1,1,1308.423645320197,1308.423645320197
OLIVES CHEMIST& H'CARE SERV.,1,1308.423645320197,1,1,1308.423645320197,1308.423645320197
KADOLF PHARMACY,1,1308.423645320197,1,1,1308.423645320197,1308.423645320197
KABS PHARMACY LIMITED,1,1308.423645320197,1,1,1308.423645320197,1308.423645320197
HEARTLAND PHARMACY,1,1308.423645320197,1,1,1308.423645320197,1308.423645320197
EMPIRIC PHARMACY LTD,1,1308.423645320197,1,1,1308.423645320197,1308.423645320197
OFAKO PHARMACY LIMITED,1,1308.423645320197,1,1,1308.423645320197,1308.423645320197
MAL-TITI CHEMISTS LTD.,1,1308.423645320197,1,1,1308.423645320197,1308.423645320197
ERIPHARMA LTD.,1,1308.423645320197,1,1,1308.423645320197,1308.423645320197
CLINICPHARMA LIMITED,1,1308.423645320197,1,1,1308.423645320197,1308.423645320197
BART-BROWN PHARMACY LIMITE,1,1308.423645320197,1,1,1308.423645320197,1308.423645320197
NISSI PHARMA LTD,1,1308.423645320197,1,1,1308.423645320197,1308.423645320197
MAGPAT PHARMACY,1,1308.423645320197,1,1,1308.423645320197,1308.423645320197
ALSONS PHARMACY LTD.,1,1308.423645320197,1,1,1308.423645320197,1308.423645320197
GET WELL AND STAY WELL LTD.,1,1308.423645320197,1,1,1308.423645320197,1308.423645320197
MOTHER-LOVE PHARMACY,1,1308.423645320197,1,1,1308.423645320197,1308.423645320197
MONT-G PHARMACY LTD,1,1308.423645320197,1,1,1308.423645320197,1308.423645320197
MARTKUZI PHARMACY LTD,1,1308.423645320197,1,1,1308.423645320197,1308.423645320197
CEDAR POINT CHEMIST LTD.,1,1308.423645320197,1,1,1308.423645320197,1308.423645320197
SAHA PHARMACY LTD,1,1308.423645320197,1,1,1308.423645320197,1308.423645320197
NEWDAY PHARMA COMPANY LTD,1,1308.423645320197,1,1,1308.423645320197,1308.423645320197
FAASE PHARMACY LTD,1,1308.423645320197,1,1,1308.423645320197,1308.423645320197
HENSBIG PHARMACY LTD,1,1308.423645320197,1,1,1308.423645320197,1308.423645320197
MIZFRED PHARMACY,1,1308.423645320197,1,1,1308.423645320197,1308.423645320197
HEALTHY VITA PHARMACY,1,1308.423645320197,1,1,1308.423645320197,1308.423645320197
KIK HYPRO GHANA LTD,1,1308.423645320197,1,1,1308.423645320197,1308.423645320197
MASCOT PHARMACY LTD,1,1308.423645320197,1,1,1308.423645320197,1308.423645320197
KEZWELL PHARMACY LIMITED,1,1308.423645320197,1,1,1308.423645320197,1308.423645320197
VALUE PRICE PHARMACY LTD,1,1308.423645320197,1,1,1308.423645320197,1308.423645320197
VADEM PHARMACY LTD.,1,1308.423645320197,1,1,1308.423645320197,1308.423645320197
CHARLISA PHARMACY,1,1308.423645320197,1,1,1308.423645320197,1308.423645320197
VANIAH PHARMACARE(VINA PHA,1,1308.423645320197,1,1,1308.423645320197,1308.423645320197
LESTON PHARMACY,1,1308.423645320197,1,1,1308.423645320197,1308.423645320197
TOPAZ PHARMACY,1,1308.423645320197,1,1,1308.423645320197,1308.423645320197
ALIASMAU PHARMACY LTD,1,1308.423645320197,1,1,1308.423645320197,1308.423645320197
NASCATA PHARMACY LTD.,1,1308.423645320197,1,1,1308.423645320197,1308.423645320197
NARDY'S PHARMACY LTD,1,1308.423645320197,1,1,1308.423645320197,1308.423645320197
GET AID PHARMACY LTD,1,1308.423645320197,1,1,1308.423645320197,1308.423645320197
STABLE PLUS PHARMACY LTD,1,1308.423645320197,1,1,1308.423645320197,1308.423645320197
LEXBETA PHARMACY LTD.,1,1308.423645320197,1,1,1308.423645320197,1308.423645320197
STA CO. LTD (PHARMACY),1,1308.423645320197,1,1,1308.423645320197,1308.423645320197
MUNDO PHARMACY LTD.,1,1308.423645320197,1,1,1308.423645320197,1308.423645320197
BEKKEN PHARMACY LTD,1,1308.423645320197,1,1,1308.423645320197,1308.423645320197
KN PHARMACY LTD,1,1308.423645320197,1,1,1308.423645320197,1308.423645320197
FIDEL PHARMACY ANNEX,1,1308.423645320197,1,1,1308.423645320197,1308.423645320197
YAKOS CHEMIST,1,1308.423645320197,1,1,1308.423645320197,1308.423645320197
XPRESS CHEMISTS LTD.,1,1308.423645320197,1,1,1308.423645320197,1308.423645320197
ASFRIENDS PHARMACY LIMITED,1,1308.423645320197,1,1,1308.423645320197,1308.423645320197
ZARA M PHARMACY LTD,1,1308.423645320197,1,1,1308.423645320197,1308.423645320197
ZIZIS PHARMACY,1,1308.423645320197,1,1,1308.423645320197,1308.423645320197
LIM PHARMA LIMITED,1,1308.423645320197,1,1,1308.423645320197,1308.423645320197
GRATIA & GRATIS PHARMACY LTD,1,1308.423645320197,1,1,1308.423645320197,1308.423645320197
TELAD PHARMACY LTD.,1,1308.423645320197,1,1,1308.423645320197,1308.423645320197
TELAD PHARMACY,1,1308.423645320197,1,1,1308.423645320197,1308.423645320197
TARGET PHARMACY LIMITED,1,1308.423645320197,1,1,1308.423645320197,1308.423645320197
DELCAM PHARMACEUTICALS LIMI,1,1308.423645320197,1,1,1308.423645320197,1308.423645320197
360 PHARMACY LTD.,1,943.0212314225053,1,1,943.0212314225053,943.0212314225053
7 DAYS PHARMACY LTD.,1,943.0212314225053,1,1,943.0212314225053,943.0212314225053
DEJAY PHARMACY LTD,1,943.0212314225053,1,1,943.0212314225053,943.0212314225053
BOA-EVE PHARMACY,1,943.0212314225053,1,1,943.0212314225053,943.0212314225053
BOAKYE DANKWA MEMORIAL PH,1,943.0212314225053,1,1,943.0212314225053,943.0212314225053
YELLOW AND ORANGE PHARMAC,1,943.0212314225053,1,1,943.0212314225053,943.0212314225053
SNOWDOVE PHARMACY,1,943.0212314225053,1,1,943.0212314225053,943.0212314225053
AKOMA PHARMACEUTICALS LTD,1,943.0212314225053,1,1,943.0212314225053,943.0212314225053
GATUS PHARMACY,1,943.0212314225053,1,1,943.0212314225053,943.0212314225053
GARRISON PHARMACY LTD,1,943.0212314225053,1,1,943.0212314225053,943.0212314225053
ASEMPA PHARMACY (ANNEX),1,943.0212314225053,1,1,943.0212314225053,943.0212314225053
DECK STAR PHARMACY,1,943.0212314225053,1,1,943.0212314225053,943.0212314225053
PORTER PHARMACEUTICALS LTD.,1,943.0212314225053,1,1,943.0212314225053,943.0212314225053
POKLINA PHARMACY LTD.,1,943.0212314225053,1,1,943.0212314225053,943.0212314225053
ASHBYS PHARMACY LTD.,1,943.0212314225053,1,1,943.0212314225053,943.0212314225053
WIMPEY CHEMISTS LTD.,1,943.0212314225053,1,1,943.0212314225053,943.0212314225053
WIMPEY CHEMISTS LTD,1,943.0212314225053,1,1,943.0212314225053,943.0212314225053
WIMPEY CHEMIST LTD(OHWIMAS,1,943.0212314225053,1,1,943.0212314225053,943.0212314225053
J & R PHARMACY CO. LTD.,1,943.0212314225053,1,1,943.0212314225053,943.0212314225053
J & D PHARMACY LTD.,1,943.0212314225053,1,1,943.0212314225053,943.0212314225053
ISTINA PHARMACY LTD,1,943.0212314225053,1,1,943.0212314225053,943.0212314225053
ABSAK PHARMACY LTD,1,943.0212314225053,1,1,943.0212314225053,943.0212314225053
STAKABS PHARMACY LTD,1,943.0212314225053,1,1,943.0212314225053,943.0212314225053
STAHMA PHARMACY LTD,1,943.0212314225053,1,1,943.0212314225053,943.0212314225053
GB PHARMA (GH) LTD,1,943.0212314225053,1,1,943.0212314225053,943.0212314225053
McDAKUS PHARMACY LTD,1,943.0212314225053,1,1,943.0212314225053,943.0212314225053
MULTI-I LTD. (PHA. DIV.),1,943.0212314225053,1,1,943.0212314225053,943.0212314225053
KOFAG HEALTHCARE LTD,1,943.0212314225053,1,1,943.0212314225053,943.0212314225053
KOBJOE PHARMACY LTD,1,943.0212314225053,1,1,943.0212314225053,943.0212314225053
KOBI MEMORIAL PHARMACY,1,943.0212314225053,1,1,943.0212314225053,943.0212314225053
FERNANDO CHEMISTS LTD.,1,943.0212314225053,1,1,943.0212314225053,943.0212314225053
FENNEL PHARMACY LTD.,1,943.0212314225053,1,1,943.0212314225053,943.0212314225053
NAKO CHEMIST LTD.,1,943.0212314225053,1,1,943.0212314225053,943.0212314225053
N & A PHARMACY,1,943.0212314225053,1,1,943.0212314225053,943.0212314225053
CHARGET PHARMACY,1,943.0212314225053,1,1,943.0212314225053,943.0212314225053
SANDY BAY PHARMACY,1,943.0212314225053,1,1,943.0212314225053,943.0212314225053
SANAL PHARMACY,1,943.0212314225053,1,1,943.0212314225053,943.0212314225053
TRADE WINDS CHEMIST LTD.,1,943.0212314225053,1,1,943.0212314225053,943.0212314225053
TRACMAR PHARMACY,1,943.0212314225053,1,1,943.0212314225053,943.0212314225053
TRACARE PHARMACY LTD.,1,943.0212314225053,1,1,943.0212314225053,943.0212314225053
LEXES PHARMACY LTD,1,943.0212314225053,1,1,943.0212314225053,943.0212314225053
LEGACY HEALTH SERVICES LIMITE,1,943.0212314225053,1,1,943.0212314225053,943.0212314225053
TONYFAUST PHARMACY LIMITED,1,943.0212314225053,1,1,943.0212314225053,943.0212314225053
GIHOB CHEMIST,1,943.0212314225053,1,1,943.0212314225053,943.0212314225053
FIT LINK PHARMACY LTD,1,943.0212314225053,1,1,943.0212314225053,943.0212314225053
FIRSTCARE LEGACY PHARMACY LT,1,943.0212314225053,1,1,943.0212314225053,943.0212314225053
FINELINE PHARMACY LTD,1,943.0212314225053,1,1,943.0212314225053,943.0212314225053
AFBAN PHARMACY,1,943.0212314225053,1,1,943.0212314225053,943.0212314225053
MARKET SQ. CHEMISTS LTD.,1,943.0212314225053,1,1,943.0212314225053,943.0212314225053
MARIDEC PHARMACY LTD,1,943.0212314225053,1,1,943.0212314225053,943.0212314225053
MARGBEST PHARMACY LTD.,1,943.0212314225053,1,1,943.0212314225053,943.0212314225053
ABYAK PHARMA LTD,1,943.0212314225053,1,1,943.0212314225053,943.0212314225053
ABYAK PHARMA LIMITED,1,943.0212314225053,1,1,943.0212314225053,943.0212314225053
CHRISTAL A & B CHEMIST LTD.,1,943.0212314225053,1,1,943.0212314225053,943.0212314225053
KEY MEDS PHARMACY LTD,1,943.0212314225053,1,1,943.0212314225053,943.0212314225053
ACHEBAY PHARMACY,1,943.0212314225053,1,1,943.0212314225053,943.0212314225053
SAMMESS PHARMACY,1,943.0212314225053,1,1,943.0212314225053,943.0212314225053
VANELLE PHARMACY LTD,1,943.0212314225053,1,1,943.0212314225053,943.0212314225053
UPREACH PHARMACY LIMITED,1,943.0212314225053,1,1,943.0212314225053,943.0212314225053
HEALTH LINK PHARMACY LTD.,1,943.0212314225053,1,1,943.0212314225053,943.0212314225053
KISAL PHARMACY,1,943.0212314225053,1,1,943.0212314225053,943.0212314225053
KINGS & ROYALS PHARMACY LTD.,1,943.0212314225053,1,1,943.0212314225053,943.0212314225053
NEEDAL CHEMIST LTD.,1,943.0212314225053,1,1,943.0212314225053,943.0212314225053
AGYEBERT PHARMACY LTD,1,943.0212314225053,1,1,943.0212314225053,943.0212314225053
FAUSVIC PHARMACY LTD.,1,943.0212314225053,1,1,943.0212314225053,943.0212314225053
"CHARGET PHARMACY LTD.,",1,943.0212314225053,1,1,943.0212314225053,943.0212314225053
AFRANCHO COMMUNITY PHARM,1,943.0212314225053,1,1,943.0212314225053,943.0212314225053
GILAT PHARMACY,1,943.0212314225053,1,1,943.0212314225053,943.0212314225053
GILAT CHEMIST LTD,1,943.0212314225053,1,1,943.0212314225053,943.0212314225053
SARPS CHEMISTS,1,943.0212314225053,1,1,943.0212314225053,943.0212314225053
SARK PHARMACY,1,943.0212314225053,1,1,943.0212314225053,943.0212314225053
CHARGET PHARMACY LTD. (ANNE,1,943.0212314225053,1,1,943.0212314225053,943.0212314225053
MPHARMA PHARMACEUTICAL LT,1,943.0212314225053,1,1,943.0212314225053,943.0212314225053
MORTTSONS PHARMACY LTD,1,943.0212314225053,1,1,943.0212314225053,943.0212314225053
MORATEL CHEMIST LTD,1,943.0212314225053,1,1,943.0212314225053,943.0212314225053
AMBY CHEMISTS LIMITED,1,943.0212314225053,1,1,943.0212314225053,943.0212314225053
FLORAL PHARMACY LTD,1,943.0212314225053,1,1,943.0212314225053,943.0212314225053
FLASH POINT PHARMACY LTD,1,943.0212314225053,1,1,943.0212314225053,943.0212314225053
FLASH POINT PHARMACY,1,943.0212314225053,1,1,943.0212314225053,943.0212314225053
SALOM PHARMACY,1,943.0212314225053,1,1,943.0212314225053,943.0212314225053
SAINT DOMINIC'S PHARMACY,1,943.0212314225053,1,1,943.0212314225053,943.0212314225053
EVERGREEN CHEMIST LTD.,1,943.0212314225053,1,1,943.0212314225053,943.0212314225053
ANDIPHARMA LTD.,1,943.0212314225053,1,1,943.0212314225053,943.0212314225053
ANAMENS PHARMACY LTD,1,943.0212314225053,1,1,943.0212314225053,943.0212314225053
NEW GENERATION PHARMACY LT,1,943.0212314225053,1,1,943.0212314225053,943.0212314225053
NSENIE PHARMACY LTD.,1,943.0212314225053,1,1,943.0212314225053,943.0212314225053
NOBLE CHEMIST LTD,1,943.0212314225053,1,1,943.0212314225053,943.0212314225053
BASELINE LIMITED,1,943.0212314225053,1,1,943.0212314225053,943.0212314225053
BARON PHARMACEUTICALS LTD,1,943.0212314225053,1,1,943.0212314225053,943.0212314225053
AMPTESS PHARMMACY LTD,1,943.0212314225053,1,1,943.0212314225053,943.0212314225053
GRIN EXCEL PHARMACY LTD,1,943.0212314225053,1,1,943.0212314225053,943.0212314225053
LIFE CHEMISTS LTD.,1,943.0212314225053,1,1,943.0212314225053,943.0212314225053
LIFE CHEMISTS LTD (DOTE BRANC,1,943.0212314225053,1,1,943.0212314225053,943.0212314225053
LIFE CHEMIST LIMITED,1,943.0212314225053,1,1,943.0212314225053,943.0212314225053
LIFE CHEMIST (BUOKROM BRANC,1,943.0212314225053,1,1,943.0212314225053,943.0212314225053
BIG MARON PHARMACY (ANNEX),1,943.0212314225053,1,1,943.0212314225053,943.0212314225053
GHANIMA LIMITED,1,943.0212314225053,1,1,943.0212314225053,943.0212314225053
AMPTESS PHARMACY LTD,2,943.0212314225053,1,1,471.5106157112526,943.0212314225053
EUALICE CHEMIST LTD,1,943.0212314225053,1,1,943.0212314225053,943.0212314225053
SALUTO PHARMACY,1,943.0212314225053,1,1,943.0212314225053,943.0212314225053
SDG P-MOCENT PHARMACY,1,943.0212314225053,1,1,943.0212314225053,943.0212314225053
OAK CRESCENT PHARMACY,1,943.0212314225053,1,1,943.0212314225053,943.0212314225053
O. K. HONESTY PHARMACY LTD,1,943.0212314225053,1,1,943.0212314225053,943.0212314225053
NYANKWA PHARMACY,1,943.0212314225053,1,1,943.0212314225053,943.0212314225053
ESTOMENS PHARMACY LTD,1,943.0212314225053,1,1,943.0212314225053,943.0212314225053
NISSI PHARMACY LTD.(ASHTOWN),1,943.0212314225053,1,1,943.0212314225053,943.0212314225053
NIMO PHARMA LTD.,1,943.0212314225053,1,1,943.0212314225053,943.0212314225053
RSF PHARMACY,1,943.0212314225053,1,1,943.0212314225053,943.0212314225053
ROYAL JR. PHARMACY,1,943.0212314225053,1,1,943.0212314225053,943.0212314225053
ROYAL CALEB PHARMACY LTD,1,943.0212314225053,1,1,943.0212314225053,943.0212314225053
ROYAL AVENUE PHARMACY,1,943.0212314225053,1,1,943.0212314225053,943.0212314225053
ROWASA PHARMACY LTD.,1,943.0212314225053,1,1,943.0212314225053,943.0212314225053
ROSTRUM PHARMACY LTD.,1,943.0212314225053,1,1,943.0212314225053,943.0212314225053
COMBAK CHEMIST LTD.,1,943.0212314225053,1,1,943.0212314225053,943.0212314225053
NUMENSH PHARMACY(PANKRON,1,943.0212314225053,1,1,943.0212314225053,943.0212314225053
NUMENSH PHARMACY,1,943.0212314225053,1,1,943.0212314225053,943.0212314225053
NSURI PHARMACY LTD,1,943.0212314225053,1,1,943.0212314225053,943.0212314225053
COSTA PHARMACY ( KEJETIA MAR,1,943.0212314225053,1,1,943.0212314225053,943.0212314225053
COSTA PHARMACY,1,943.0212314225053,1,1,943.0212314225053,943.0212314225053
COSMAN PHARMACY,1,943.0212314225053,1,1,943.0212314225053,943.0212314225053
CORPUS CHRISTI PHARMACY LTD,1,943.0212314225053,1,1,943.0212314225053,943.0212314225053
VICBARNS PHARMACY LTD,1,943.0212314225053,1,1,943.0212314225053,943.0212314225053
VIBONS PHARMACY LIMITED,1,943.0212314225053,1,1,943.0212314225053,943.0212314225053
VERJO CHEMISTS LTD.,1,943.0212314225053,1,1,943.0212314225053,943.0212314225053
VERJO CHEMIST LTD.,1,943.0212314225053,1,1,943.0212314225053,943.0212314225053
KESTAPHARMA LTD,1,943.0212314225053,1,1,943.0212314225053,943.0212314225053
HERITAGE PHARMACY LTD,1,943.0212314225053,1,1,943.0212314225053,943.0212314225053
HERALD PHARMACY LTD,1,943.0212314225053,1,1,943.0212314225053,943.0212314225053
RONEL PHARMACY LIMITED,1,943.0212314225053,1,1,943.0212314225053,943.0212314225053
ROKDEL PHARMACY LTD,1,943.0212314225053,1,1,943.0212314225053,943.0212314225053
ERILYN PHARMACY LIMITED,1,943.0212314225053,1,1,943.0212314225053,943.0212314225053
ERICARE PHARMACY LTD,1,943.0212314225053,1,1,943.0212314225053,943.0212314225053
EREKEY PHARMACY LTD.,1,943.0212314225053,1,1,943.0212314225053,943.0212314225053
ELITE PHARMACY,1,943.0212314225053,1,1,943.0212314225053,943.0212314225053
ONE 2 ONE PHARMACY LTD.,1,943.0212314225053,1,1,943.0212314225053,943.0212314225053
OMER INVESTMENTS LTD,1,943.0212314225053,1,1,943.0212314225053,943.0212314225053
KAF CHEMISTS LTD.,1,943.0212314225053,1,1,943.0212314225053,943.0212314225053
KAYNEX PHARMACY,1,943.0212314225053,1,1,943.0212314225053,943.0212314225053
KAYKO PHARMACY LTD,1,943.0212314225053,1,1,943.0212314225053,943.0212314225053
KASAPHARM LTD,1,943.0212314225053,1,1,943.0212314225053,943.0212314225053
ROCKGEE PHARMACY LTD,1,943.0212314225053,1,1,943.0212314225053,943.0212314225053
RIVERSIDE PHARMACY LTD.,1,943.0212314225053,1,1,943.0212314225053,943.0212314225053
RITJEI PHARMACY LTD,1,943.0212314225053,1,1,943.0212314225053,943.0212314225053
EMPEROR PHARMACY LTD,1,943.0212314225053,1,1,943.0212314225053,943.0212314225053
EMMALY PHARMACY LTD.,1,943.0212314225053,1,1,943.0212314225053,943.0212314225053
ODOKOSI PHARMACY LTD,1,943.0212314225053,1,1,943.0212314225053,943.0212314225053
OAKRIDGE PHARMACY LIMITED,1,943.0212314225053,1,1,943.0212314225053,943.0212314225053
OAKRIDGE PHARMACY,2,943.0212314225053,2,1,471.5106157112526,471.5106157112526
ERISA PHARMACY,1,943.0212314225053,1,1,943.0212314225053,943.0212314225053
CASABLANCA PHARMACY,1,943.0212314225053,1,1,943.0212314225053,943.0212314225053
FL PHARMACY LIMITED,1,943.0212314225053,1,1,943.0212314225053,943.0212314225053
MONIQUE CHEMISTS LTD.,1,943.0212314225053,1,1,943.0212314225053,943.0212314225053
MOLEYS CHEMISTS LTD.,1,943.0212314225053,1,1,943.0212314225053,943.0212314225053
MMD CHEMIST,1,943.0212314225053,1,1,943.0212314225053,943.0212314225053
UNIPHARMA LTD,1,943.0212314225053,1,1,943.0212314225053,943.0212314225053
UNICHEM (GHANA) LTD.,1,943.0212314225053,1,1,943.0212314225053,943.0212314225053
UNIC CARE CHEMIST,1,943.0212314225053,1,1,943.0212314225053,943.0212314225053
BENNISON PHARMACY LTD.,1,943.0212314225053,1,1,943.0212314225053,943.0212314225053
HAPPY NEST PHARMACY LTD,1,943.0212314225053,1,1,943.0212314225053,943.0212314225053
ALIMAT HEALTH CARE PHARMCY,1,943.0212314225053,1,1,943.0212314225053,943.0212314225053
ALIBRAH PHARMACY LTD,1,943.0212314225053,1,1,943.0212314225053,943.0212314225053
MENSAF CHEMISTS LTD.,1,943.0212314225053,1,1,943.0212314225053,943.0212314225053
RIMA-RIVA CHEMIST LTD.,1,943.0212314225053,1,1,943.0212314225053,943.0212314225053
RIGHTWAY PHARM LTD.,1,943.0212314225053,1,1,943.0212314225053,943.0212314225053
ELLIS AVENUE PHARMACY,1,943.0212314225053,1,1,943.0212314225053,943.0212314225053
AMOFEST PHARMACY,1,943.0212314225053,1,1,943.0212314225053,943.0212314225053
SEM PHARMACY LIMITED,1,943.0212314225053,1,1,943.0212314225053,943.0212314225053
SECOM PHARMACY LTD.,1,943.0212314225053,1,1,943.0212314225053,943.0212314225053
TWO-F PHARMACY,1,943.0212314225053,1,1,943.0212314225053,943.0212314225053
BAMA PHARMACY LTD,1,943.0212314225053,1,1,943.0212314225053,943.0212314225053
ENA PHARMACY LTD,1,943.0212314225053,1,1,943.0212314225053,943.0212314225053
MACORE PHARMACY,1,943.0212314225053,1,1,943.0212314225053,943.0212314225053
MAC & SONS LIMITED.,1,943.0212314225053,1,1,943.0212314225053,943.0212314225053
BROADWAY PHARMACY LIMITED,1,943.0212314225053,1,1,943.0212314225053,943.0212314225053
BROADCARE PHARMACY LTD,1,943.0212314225053,1,1,943.0212314225053,943.0212314225053
BRIT CHEMIST LTD.,1,943.0212314225053,1,1,943.0212314225053,943.0212314225053
MAINOO CHEMIST,1,943.0212314225053,1,1,943.0212314225053,943.0212314225053
MAGREEN PHARMACY LTD,1,943.0212314225053,1,1,943.0212314225053,943.0212314225053
ORBIT PLUS PHARMACY LTD,1,943.0212314225053,1,1,943.0212314225053,943.0212314225053
EMENA PHARMACY LTD.,1,943.0212314225053,1,1,943.0212314225053,943.0212314225053
CONCEPT MEDICAL SUPPLIES LTD.,1,943.0212314225053,1,1,943.0212314225053,943.0212314225053
MEPRIO CHEMIST,1,943.0212314225053,1,1,943.0212314225053,943.0212314225053
CARE ONE PHARMACY LTD,1,943.0212314225053,1,1,943.0212314225053,943.0212314225053
ELYRAM PHARMACY LTD.,1,943.0212314225053,1,1,943.0212314225053,943.0212314225053
EKAD PHARMACY LTD,1,943.0212314225053,1,1,943.0212314225053,943.0212314225053
OSON'S CHEMISTS LIMITED,1,943.0212314225053,1,1,943.0212314225053,943.0212314225053
OSKOF PHARMACY,1,943.0212314225053,1,1,943.0212314225053,943.0212314225053
OSDAK PHARMACY,1,943.0212314225053,1,1,943.0212314225053,943.0212314225053
OSBON PHARMACY LTD.,1,943.0212314225053,1,1,943.0212314225053,943.0212314225053
CROB PHARMACY,1,943.0212314225053,1,1,943.0212314225053,943.0212314225053
EASYWAY PHARMACY LIMITED,1,943.0212314225053,1,1,943.0212314225053,943.0212314225053
PALB PHARMACY LTD.,1,943.0212314225053,1,1,943.0212314225053,943.0212314225053
KASAMS PHARMACY,1,943.0212314225053,1,1,943.0212314225053,943.0212314225053
FRANALEX PHARMACY,1,943.0212314225053,1,1,943.0212314225053,943.0212314225053
FRAGOBENG PHARMACY LTD.,1,943.0212314225053,1,1,943.0212314225053,943.0212314225053
SHALINA HEALTHCARE GHANA LT,1,943.0212314225053,1,1,943.0212314225053,943.0212314225053
SERDAN PHARMACY LTD,1,943.0212314225053,1,1,943.0212314225053,943.0212314225053
PANGROOVE PHARMACY LIMITED,1,943.0212314225053,1,1,943.0212314225053,943.0212314225053
EDWINY PHARMACY LTD.,1,943.0212314225053,1,1,943.0212314225053,943.0212314225053
ELIAKIM PHARMACY,1,943.0212314225053,1,1,943.0212314225053,943.0212314225053
TAGVEE HEALTH SERVICES LTD,1,943.0212314225053,1,1,943.0212314225053,943.0212314225053
SUPERDRUG HOUSE,1,943.0212314225053,1,1,943.0212314225053,943.0212314225053
STEWARDS PHARMACY,1,943.0212314225053,1,1,943.0212314225053,943.0212314225053
GLOMAX PHARMACY LTD,1,943.0212314225053,1,1,943.0212314225053,943.0212314225053
GLITZ PLUS PHARMACY,1,943.0212314225053,1,1,943.0212314225053,943.0212314225053
EMELSLYN PHARMACY LTD,1,943.0212314225053,1,1,943.0212314225053,943.0212314225053
TVS LIMITED,1,943.0212314225053,1,1,943.0212314225053,943.0212314225053
ARLIN CHEMISTS,1,943.0212314225053,1,1,943.0212314225053,943.0212314225053
ARDON HEALTH CARE LTD,1,943.0212314225053,1,1,943.0212314225053,943.0212314225053
SPRINGVALLEY PHARMACY LTD,1,943.0212314225053,1,1,943.0212314225053,943.0212314225053
AIDCOM LTD,1,943.0212314225053,1,1,943.0212314225053,943.0212314225053
AID INN PHARMACY LTD,1,943.0212314225053,1,1,943.0212314225053,943.0212314225053
MEBEK HEALTH SERVICE LTD,1,943.0212314225053,1,1,943.0212314225053,943.0212314225053
MEDSURE PHARMACY LTD,1,943.0212314225053,1,1,943.0212314225053,943.0212314225053
FREDIMENS PHARMACY LTD.,1,943.0212314225053,1,1,943.0212314225053,943.0212314225053
HEALTH ESSENCE PHARMACY LTD,1,943.0212314225053,1,1,943.0212314225053,943.0212314225053
ALL-TEE PHARMACY,1,943.0212314225053,1,1,943.0212314225053,943.0212314225053
BELLA VITA CHEMISTS LTD,1,943.0212314225053,1,1,943.0212314225053,943.0212314225053
ULTIMATE CARE PHARMACY LTD,1,943.0212314225053,1,1,943.0212314225053,943.0212314225053
KWAINT ESSENCE PHARMACY,1,943.0212314225053,1,1,943.0212314225053,943.0212314225053
VIRTUS PHARMACY LTD,1,943.0212314225053,1,1,943.0212314225053,943.0212314225053
BANDY CHEMIST LTD.,1,943.0212314225053,1,1,943.0212314225053,943.0212314225053
HISWAY CHEMIST LIMITED,1,943.0212314225053,1,1,943.0212314225053,943.0212314225053
KAMA HEALTH SERVICES LTD.,1,943.0212314225053,1,1,943.0212314225053,943.0212314225053
KAK PHARMACY,1,943.0212314225053,1,1,943.0212314225053,943.0212314225053
DAKMEN PHARMACY LTD.,1,943.0212314225053,1,1,943.0212314225053,943.0212314225053
PAT PHARMACY LTD.,1,943.0212314225053,1,1,943.0212314225053,943.0212314225053
PARTNERS HEALTH SERV. LTD.,1,943.0212314225053,1,1,943.0212314225053,943.0212314225053
PARAPHARM CHEMIST LIMITED,1,943.0212314225053,1,1,943.0212314225053,943.0212314225053
PANDA CHEMIST LIMITED,1,943.0212314225053,1,1,943.0212314225053,943.0212314225053
EDIKAY PHARMACY,1,943.0212314225053,1,1,943.0212314225053,943.0212314225053
E.A.K. PHARMACY,1,943.0212314225053,1,1,943.0212314225053,943.0212314225053
PEARLANE PHARMACY LTD.,1,943.0212314225053,1,1,943.0212314225053,943.0212314225053
PEAK CARE PHARMACY,1,943.0212314225053,1,1,943.0212314225053,943.0212314225053
PEACH CHEMIST,1,943.0212314225053,1,1,943.0212314225053,943.0212314225053
PEACE FARE PHARMACY,1,943.0212314225053,1,1,943.0212314225053,943.0212314225053
PATBEDAV PHARMACY,1,943.0212314225053,1,1,943.0212314225053,943.0212314225053
DADMUM PHARMACY LTD.,1,943.0212314225053,1,1,943.0212314225053,943.0212314225053
JOYARD PHARMACY,1,943.0212314225053,1,1,943.0212314225053,943.0212314225053
VITAL PHARMACY LTD. (PATASI BR,1,943.0212314225053,1,1,943.0212314225053,943.0212314225053
REXOPHARMA LIMITED,1,943.0212314225053,1,1,943.0212314225053,943.0212314225053
FOSSAY UNITY PHARMACY ANNEX,1,943.0212314225053,1,1,943.0212314225053,943.0212314225053
MELDIN CHEMISTS LTD.,1,943.0212314225053,1,1,943.0212314225053,943.0212314225053
MELDIN CHEMIST LTD,1,943.0212314225053,1,1,943.0212314225053,943.0212314225053
MEK PHARMACY LTD.,1,943.0212314225053,1,1,943.0212314225053,943.0212314225053
PFA PHARMACY LTD,1,943.0212314225053,1,1,943.0212314225053,943.0212314225053
VITAL PHARMACY LTD,1,943.0212314225053,1,1,943.0212314225053,943.0212314225053
DADMUM PHARMACY,1,943.0212314225053,1,1,943.0212314225053,943.0212314225053
D K D PHARMACY,1,943.0212314225053,1,1,943.0212314225053,943.0212314225053
RELIV IMPAKT,1,943.0212314225053,1,1,943.0212314225053,943.0212314225053
REGISAM PHARMACY,1,943.0212314225053,1,1,943.0212314225053,943.0212314225053
ADIYIAH PHARMACY LTD,1,943.0212314225053,1,1,943.0212314225053,943.0212314225053
ADIYIAH PHARMACY,1,943.0212314225053,1,1,943.0212314225053,943.0212314225053
ADFORD CHEMIST,1,943.0212314225053,1,1,943.0212314225053,943.0212314225053
PEOPLE PHARMACY LTD.,1,943.0212314225053,1,1,943.0212314225053,943.0212314225053
PENRI PHARMACY,1,943.0212314225053,1,1,943.0212314225053,943.0212314225053
PENAK PHARMACY LTD.,1,943.0212314225053,1,1,943.0212314225053,943.0212314225053
PEKO PHARMACYLTD,1,943.0212314225053,1,1,943.0212314225053,943.0212314225053
PEEVIS PHARMACY LTD.,1,943.0212314225053,1,1,943.0212314225053,943.0212314225053
PHARMA LAUD K,1,943.0212314225053,1,1,943.0212314225053,943.0212314225053
ADUDAIS PHARMACY,1,943.0212314225053,1,1,943.0212314225053,943.0212314225053
FRANZWILL CHEMISTS LTD.,1,943.0212314225053,1,1,943.0212314225053,943.0212314225053
FRANZWILL CHEMISTS LTD,1,943.0212314225053,1,1,943.0212314225053,943.0212314225053
FRANSAR PHARMA LTD.,1,943.0212314225053,1,1,943.0212314225053,943.0212314225053
FRANOS PHARMACY,1,943.0212314225053,1,1,943.0212314225053,943.0212314225053
FRANKO-PHARMA LTD.,1,943.0212314225053,1,1,943.0212314225053,943.0212314225053
FRANKIE PHARMA CO. LTD.,1,943.0212314225053,1,1,943.0212314225053,943.0212314225053
MEDSURE PHARMACY,1,943.0212314225053,1,1,943.0212314225053,943.0212314225053
LAPETITE CHEMISTS LTD.,1,943.0212314225053,1,1,943.0212314225053,943.0212314225053
LUHAKI COMPANY LTD.,1,943.0212314225053,1,1,943.0212314225053,943.0212314225053
BLUESKY PHARMACY,1,943.0212314225053,1,1,943.0212314225053,943.0212314225053
BLUESAVE PHARMACY LTD,1,943.0212314225053,1,1,943.0212314225053,943.0212314225053
BI-PALS CHEMISTS LTD.,1,943.0212314225053,1,1,943.0212314225053,943.0212314225053
TIMAY CHEMISTS LIMITED,1,943.0212314225053,1,1,943.0212314225053,943.0212314225053
THE WAY PHARMACY,1,943.0212314225053,1,1,943.0212314225053,943.0212314225053
BISBOAT PHARMACY LTD,1,943.0212314225053,1,1,943.0212314225053,943.0212314225053
GRAND PHARMACY LTD,1,943.0212314225053,1,1,943.0212314225053,943.0212314225053
SOZO PHARMACY,1,943.0212314225053,1,1,943.0212314225053,943.0212314225053
AMANIDOM PHARMACY,1,943.0212314225053,1,1,943.0212314225053,943.0212314225053
LEETENG PHARMACY LTD.,1,943.0212314225053,1,1,943.0212314225053,943.0212314225053
TREKANET PHARMACY,1,943.0212314225053,1,1,943.0212314225053,943.0212314225053
SOLODAV PHARMACY LTD,1,943.0212314225053,1,1,943.0212314225053,943.0212314225053
SOLACE PHARMACY LTD,1,943.0212314225053,1,1,943.0212314225053,943.0212314225053
G & D PHARMACY,1,943.0212314225053,1,1,943.0212314225053,943.0212314225053
JSI PHARMACY,1,943.0212314225053,1,1,943.0212314225053,943.0212314225053
ADDBERRY PHARMACY LTD,1,943.0212314225053,1,1,943.0212314225053,943.0212314225053
DAPSY PHARMACY LTD,1,943.0212314225053,1,1,943.0212314225053,943.0212314225053
DANNIPHARMA LTD. (SANTASI BR,1,943.0212314225053,1,1,943.0212314225053,943.0212314225053
DONNA CARE PHARMACY LTD,1,943.0212314225053,1,1,943.0212314225053,943.0212314225053
DOMINO PHARMACY LTD,1,943.0212314225053,1,1,943.0212314225053,943.0212314225053
SKANE PHARMACY LIMITED,1,943.0212314225053,1,1,943.0212314225053,943.0212314225053
MEDKING PHARMACY LTD,1,943.0212314225053,1,1,943.0212314225053,943.0212314225053
G-RACE PHARMACY,1,943.0212314225053,1,1,943.0212314225053,943.0212314225053
WELLDONE PHARMACY,1,943.0212314225053,1,1,943.0212314225053,943.0212314225053
RAY PHARMACY,1,943.0212314225053,1,1,943.0212314225053,943.0212314225053
PILLMART PHARMACY,1,943.0212314225053,1,1,943.0212314225053,943.0212314225053
PHARMAX (GH) LTD,1,943.0212314225053,1,1,943.0212314225053,943.0212314225053
LOVELIFE PHARMACY LIMITED,1,943.0212314225053,1,1,943.0212314225053,943.0212314225053
LIZMOK PHARMACY LIMITED,1,943.0212314225053,1,1,943.0212314225053,943.0212314225053
GR INDUISTRIES LTD.,1,943.0212314225053,1,1,943.0212314225053,943.0212314225053
GOPENS PHARMACY LTD,1,943.0212314225053,1,1,943.0212314225053,943.0212314225053
GOPENS PHARMACY LIMITED,1,943.0212314225053,1,1,943.0212314225053,943.0212314225053
ALBAR CHEMISTS,1,943.0212314225053,1,1,943.0212314225053,943.0212314225053
ALBA CHEMISTS LTD,1,943.0212314225053,1,1,943.0212314225053,943.0212314225053
ALAMANDA PHARMACY,1,943.0212314225053,1,1,943.0212314225053,943.0212314225053
AL-ADIL PHARMACY LIMITED,1,943.0212314225053,1,1,943.0212314225053,943.0212314225053
ADERIC CHEMIST LTD,1,943.0212314225053,1,1,943.0212314225053,943.0212314225053
LANSAH CHEMISTS LTD.,1,943.0212314225053,1,1,943.0212314225053,943.0212314225053
MBROM PHARMACY,1,943.0212314225053,1,1,943.0212314225053,943.0212314225053
MEDIBOOT PHARMACY LTD,1,943.0212314225053,1,1,943.0212314225053,943.0212314225053
C. CRENTSIL PHARMACY,1,943.0212314225053,1,1,943.0212314225053,943.0212314225053
ARKOPPONG PHARMACY,1,943.0212314225053,1,1,943.0212314225053,943.0212314225053
BERNAMIS PHARMACY,1,943.0212314225053,1,1,943.0212314225053,943.0212314225053
BENUYE PHARMACY LTD,1,943.0212314225053,1,1,943.0212314225053,943.0212314225053
BENNY'S CHEMIST,1,943.0212314225053,1,1,943.0212314225053,943.0212314225053
A2 PHARMACY,1,943.0212314225053,1,1,943.0212314225053,943.0212314225053
TROPICAL CHEMISTS LTD.,1,943.0212314225053,1,1,943.0212314225053,943.0212314225053
TROIKA PHARMACY LTD,1,943.0212314225053,1,1,943.0212314225053,943.0212314225053
LASPA PHARMACY LTD,1,943.0212314225053,1,1,943.0212314225053,943.0212314225053
LASPA PHARMACY LIMITES,1,943.0212314225053,1,1,943.0212314225053,943.0212314225053
LUKUMAH PHARMACEUTICALS LI,1,943.0212314225053,1,1,943.0212314225053,943.0212314225053
AYRTON DRUG DEPOT,1,943.0212314225053,1,1,943.0212314225053,943.0212314225053
AYMEN PHARMACY LTD.,1,943.0212314225053,1,1,943.0212314225053,943.0212314225053
JOPAUL CHEMISTS LTD.,1,943.0212314225053,1,1,943.0212314225053,943.0212314225053
ALPHA DUO PHARM LTD,1,943.0212314225053,1,1,943.0212314225053,943.0212314225053
JMVIC PHARMACY,1,943.0212314225053,1,1,943.0212314225053,943.0212314225053
ASEMPA PHARMACY LTD,1,943.0212314225053,1,1,943.0212314225053,943.0212314225053
PHYTO-RIKER(GIHOC) PHARMACE,1,943.0212314225053,1,1,943.0212314225053,943.0212314225053
JOFAS PHARMACY,1,943.0212314225053,1,1,943.0212314225053,943.0212314225053
INVISIBLE HAND CHEMISTS LIMITE,1,943.0212314225053,1,1,943.0212314225053,943.0212314225053
J. O. A. FAMILY PHARMACY,1,943.0212314225053,1,1,943.0212314225053,943.0212314225053
WILLRITE PHARMACY LTD,1,943.0212314225053,1,1,943.0212314225053,943.0212314225053
APIKRIST PHARMACY LTD,1,943.0212314225053,1,1,943.0212314225053,943.0212314225053
ANGELS PHARMACY,1,943.0212314225053,1,1,943.0212314225053,943.0212314225053
DK PHARMCY LTD,1,943.0212314225053,1,1,943.0212314225053,943.0212314225053
DIPSY PHARMACY LTD,1,943.0212314225053,1,1,943.0212314225053,943.0212314225053
PLAN HEALTH PHARMACY LTD.,1,943.0212314225053,1,1,943.0212314225053,943.0212314225053
PINNACLE PHARMACY LTD,1,943.0212314225053,1,1,943.0212314225053,943.0212314225053
PILLMART PHARMACY LTD,1,943.0212314225053,1,1,943.0212314225053,943.0212314225053
RANSPHARMA LIMITED,1,943.0212314225053,1,1,943.0212314225053,943.0212314225053
FRIENDS PHARMACY LTD,1,943.0212314225053,1,1,943.0212314225053,943.0212314225053
TE-DEUM PHARMACY LTD,1,943.0212314225053,1,1,943.0212314225053,943.0212314225053
PRIMED PHARMACY LTD,1,943.0212314225053,1,1,943.0212314225053,943.0212314225053
DE-MAKS PHARMACY LTD,1,943.0212314225053,1,1,943.0212314225053,943.0212314225053
DE-LOVE HEALTH SERVICES,1,943.0212314225053,1,1,943.0212314225053,943.0212314225053
JEMBET PHARMACY,1,943.0212314225053,1,1,943.0212314225053,943.0212314225053
JEKANNA PHARMACY,1,943.0212314225053,1,1,943.0212314225053,943.0212314225053
JEHNAI PHARMACY LIMITED,1,943.0212314225053,1,1,943.0212314225053,943.0212314225053
JANEDOR PHARMACY LTD,1,943.0212314225053,1,1,943.0212314225053,943.0212314225053
ASPEE PHARMACEUTICALS LTD.,1,943.0212314225053,1,1,943.0212314225053,943.0212314225053
YASCAR PHARMACY LTD,1,943.0212314225053,1,1,943.0212314225053,943.0212314225053
72ND PHARMACY LTD,1,943.0212314225053,1,1,943.0212314225053,943.0212314225053
RAKYAA CHEMISTS LIMITED,1,943.0212314225053,1,1,943.0212314225053,943.0212314225053
DE-ADELE PHARMACY,1,943.0212314225053,1,1,943.0212314225053,943.0212314225053
R&J PHARMACY LTD,1,943.0212314225053,1,1,943.0212314225053,943.0212314225053
QUALITY HEALTHCARE LTD (PHAR,1,943.0212314225053,1,1,943.0212314225053,943.0212314225053
PRO-CARE LTD.,1,943.0212314225053,1,1,943.0212314225053,943.0212314225053
MARRITA PHARMACY,1,943.0212314225053,1,1,943.0212314225053,943.0212314225053
7 STARS CHEMIST LTD.,1,943.0212314225053,1,1,943.0212314225053,943.0212314225053
JAB HEALTHCARE PHARMACY LTD,1,943.0212314225053,1,1,943.0212314225053,943.0212314225053
JAB HEALTHCARE PHARMACY,1,943.0212314225053,1,1,943.0212314225053,943.0212314225053
JE ROPHE PHARMACY,1,943.0212314225053,1,1,943.0212314225053,943.0212314225053
JASKOK PHARMACY LTD.,1,943.0212314225053,1,1,943.0212314225053,943.0212314225053
PRINCE CHARLES PHARM. LTD.,1,943.0212314225053,1,1,943.0212314225053,943.0212314225053
DEMAY PHARMACY LTD.,1,943.0212314225053,1,1,943.0212314225053,943.0212314225053
XE-RION PHARMACY LTD.,1,943.0212314225053,1,1,943.0212314225053,943.0212314225053
ASLINA CHEMIST (KRONUM BRAN,1,943.0212314225053,1,1,943.0212314225053,943.0212314225053
ASLINA CHEMIST,1,943.0212314225053,1,1,943.0212314225053,943.0212314225053
ASKEME PHARMACY LTD.,1,943.0212314225053,1,1,943.0212314225053,943.0212314225053
PRIMETIME PHARMACY LTD,1,943.0212314225053,1,1,943.0212314225053,943.0212314225053
ZINTEX PHARMACY LTD,1,943.0212314225053,1,1,943.0212314225053,943.0212314225053
LIFE GEM COMPANY (PHARM DIV.,1,943.0212314225053,1,1,943.0212314225053,943.0212314225053
LIFE FIRST CHEMIST,1,943.0212314225053,1,1,943.0212314225053,943.0212314225053
QUICK PHARMACY,2,906.4585987261147,1,1,453.22929936305735,906.4585987261147
Y & J PHARMACEUTICALS,2,906.4585987261147,1,1,453.22929936305735,906.4585987261147
JEKSA PHARMACY LTD,2,906.4585987261147,1,1,453.22929936305735,906.4585987261147
HEALTHWATCH PHARMACY,2,906.4585987261147,1,1,453.22929936305735,906.4585987261147
BENIJAX PHARMACY LTD.,2,906.4585987261147,1,1,453.22929936305735,906.4585987261147
BASE PHARMACY LTD.,2,906.4585987261147,1,1,453.22929936305735,906.4585987261147
KOSAK PHARMACY LTD.,2,906.4585987261147,1,1,453.22929936305735,906.4585987261147
BENDI CHEMIST LIMITED,2,906.4585987261147,1,1,453.22929936305735,906.4585987261147
JONNY-BOW PHARMACY LTD.,2,906.4585987261147,1,1,453.22929936305735,906.4585987261147
SUNVIEW CHEMIST LTD.,2,906.4585987261147,1,1,453.22929936305735,906.4585987261147
TOBINCO PHARMACY LTD.,2,906.4585987261147,1,1,453.22929936305735,906.4585987261147
LEMISH PHARMACY,2,906.4585987261147,1,1,453.22929936305735,906.4585987261147
LEVON PHARMACY,2,906.4585987261147,1,1,453.22929936305735,906.4585987261147
NYAHO MED. CENTRE PHARM.,2,906.4585987261147,1,1,453.22929936305735,906.4585987261147
CEDAR POINT CHEMISTS LTD.,2,906.4585987261147,1,1,453.22929936305735,906.4585987261147
MIDLAND CHEMISTS LTD.,2,906.4585987261147,1,1,453.22929936305735,906.4585987261147
BUBUASHIE CONTROL PHARMACY,2,906.4585987261147,1,1,453.22929936305735,906.4585987261147
ODORKOR PHARMACY LTD.,2,906.4585987261147,1,1,453.22929936305735,906.4585987261147
ELINDA PHARMACY CO. LTD.,2,906.4585987261147,1,1,453.22929936305735,906.4585987261147
AVENUE CHEMISTS,2,906.4585987261147,1,1,453.22929936305735,906.4585987261147
MAXTAK PHARMACY LIMITED,2,906.4585987261147,1,1,453.22929936305735,906.4585987261147
MARY DE ROSE PHARMACY LTD.,2,906.4585987261147,1,1,453.22929936305735,906.4585987261147
PERFBAAB PHARMACY LTD.,2,906.4585987261147,1,1,453.22929936305735,906.4585987261147
MALIKO PHARMA LTD.,2,906.4585987261147,1,1,453.22929936305735,906.4585987261147
CITADEL CHEMISTS (GH) LTD.,2,906.4585987261147,1,1,453.22929936305735,906.4585987261147
ROYAL DACH PHARMACY,2,906.4585987261147,1,1,453.22929936305735,906.4585987261147
EXXELL PHARMA LTD,2,906.4585987261147,1,1,453.22929936305735,906.4585987261147
EURETOM PHARMACY,2,906.4585987261147,1,1,453.22929936305735,906.4585987261147
SAFEWAY CHEMIST LTD.,2,906.4585987261147,1,1,453.22929936305735,906.4585987261147
REVMAN PHARMACY,2,906.4585987261147,1,1,453.22929936305735,906.4585987261147
HEALTH-NET PHARMACY LTD.,1,895.1658291457286,1,1,895.1658291457286,895.1658291457286
HELIJONS PHARMACY LTD.,1,895.1658291457286,1,1,895.1658291457286,895.1658291457286
ASTRA INVESTMENTS LIMITED,1,895.1658291457286,1,1,895.1658291457286,895.1658291457286
PILL PACK PHARMACY LIMITED,1,895.1658291457286,1,1,895.1658291457286,895.1658291457286
RAPHACARE PHARMACY LTD,1,895.1658291457286,1,1,895.1658291457286,895.1658291457286
KUDOS PHARMACY LTD,1,895.1658291457286,1,1,895.1658291457286,895.1658291457286
DANPONG PHARMACY (GH) LTD.,1,895.1658291457286,1,1,895.1658291457286,895.1658291457286
ANIL PHARMACY,1,895.1658291457286,1,1,895.1658291457286,895.1658291457286
DOSTY PHARMACY CO. LTD.,1,895.1658291457286,1,1,895.1658291457286,895.1658291457286
HUTCH PHARMACY LTD,1,895.1658291457286,1,1,895.1658291457286,895.1658291457286
HEM PHARMA SERVICES LTD,1,895.1658291457286,1,1,895.1658291457286,895.1658291457286
JUST ANANSE PHARMACY LTD,1,895.1658291457286,1,1,895.1658291457286,895.1658291457286
JULIAN CHEMISTS LTD.,1,895.1658291457286,1,1,895.1658291457286,895.1658291457286
HERBELLE PHARMACY LTD.,1,895.1658291457286,1,1,895.1658291457286,895.1658291457286
HEM PHARMA SERVICES LTD.,1,895.1658291457286,1,1,895.1658291457286,895.1658291457286
KWACH PHARMACY LTD,1,895.1658291457286,1,1,895.1658291457286,895.1658291457286
ADD PHARMA(GH) LTD.,1,895.1658291457286,1,1,895.1658291457286,895.1658291457286
PHINAS PHARMA LTD.,1,895.1658291457286,1,1,895.1658291457286,895.1658291457286
PETLA PHARMACY LTD.,1,895.1658291457286,1,1,895.1658291457286,895.1658291457286
DPS GMBH LTD,1,895.1658291457286,1,1,895.1658291457286,895.1658291457286
KWADY CHEMIST,1,895.1658291457286,1,1,895.1658291457286,895.1658291457286
KWICKPHARMA LTD,1,895.1658291457286,1,1,895.1658291457286,895.1658291457286
L. C. L. PHARMACY,1,895.1658291457286,1,1,895.1658291457286,895.1658291457286
LASHIBI CHEMIST LTD.,1,895.1658291457286,1,1,895.1658291457286,895.1658291457286
LASYD PHARMACY LTD,1,895.1658291457286,1,1,895.1658291457286,895.1658291457286
ABBA CHEMISTS LTD,1,895.1658291457286,1,1,895.1658291457286,895.1658291457286
ABGRAD PHARMACY,1,895.1658291457286,1,1,895.1658291457286,895.1658291457286
JORAMAY PHARMACY LTD,1,895.1658291457286,1,1,895.1658291457286,895.1658291457286
BENALLY PHARMACY LTD.,1,895.1658291457286,1,1,895.1658291457286,895.1658291457286
KREST PHARMACY LTD.,1,895.1658291457286,1,1,895.1658291457286,895.1658291457286
ALLON HEALTH & PHARMACY LTD,1,895.1658291457286,1,1,895.1658291457286,895.1658291457286
VICAR PHARMACY,1,895.1658291457286,1,1,895.1658291457286,895.1658291457286
BAYORSMITH PHARMACY LTD,1,895.1658291457286,1,1,895.1658291457286,895.1658291457286
HEALTH BAY PHARMACY LTD,1,895.1658291457286,1,1,895.1658291457286,895.1658291457286
HUTCH PHARMA LTD,1,895.1658291457286,1,1,895.1658291457286,895.1658291457286
HUTCHINS PHARMACY LTD,1,895.1658291457286,1,1,895.1658291457286,895.1658291457286
STREAMLINE PHARMACY,1,895.1658291457286,1,1,895.1658291457286,895.1658291457286
GREENFIELD PHARMACY (COMM.,1,895.1658291457286,1,1,895.1658291457286,895.1658291457286
LINK 12 PHARMACY,1,895.1658291457286,1,1,895.1658291457286,895.1658291457286
GODSWAY PHARMACY LTD,1,895.1658291457286,1,1,895.1658291457286,895.1658291457286
GOLDLANE PHARMACY LTD,1,895.1658291457286,1,1,895.1658291457286,895.1658291457286
LIFEDOOR PHARMACY LTD,1,895.1658291457286,1,1,895.1658291457286,895.1658291457286
LIFESCIENCES PHARMA LIMITED,1,895.1658291457286,1,1,895.1658291457286,895.1658291457286
LLOYLAN PHARMACY LIMITED,1,895.1658291457286,1,1,895.1658291457286,895.1658291457286
RELIANCE PHARMACEUTICALS LTD,1,895.1658291457286,1,1,895.1658291457286,895.1658291457286
PEE & KAY PHARMACY LTD,1,895.1658291457286,1,1,895.1658291457286,895.1658291457286
ABIGIPHARMA LTD,1,895.1658291457286,1,1,895.1658291457286,895.1658291457286
STE-NAFAR PHARMACY,1,895.1658291457286,1,1,895.1658291457286,895.1658291457286
GOLDLEAF PHARMACY LTD.,1,895.1658291457286,1,1,895.1658291457286,895.1658291457286
BRANDEMARY PHARMACY LTD,1,895.1658291457286,1,1,895.1658291457286,895.1658291457286
RESONANCE PHARMACY LIMITED,1,895.1658291457286,1,1,895.1658291457286,895.1658291457286
RHINO PHARMA,1,895.1658291457286,1,1,895.1658291457286,895.1658291457286
RETINA PHARMACY,1,895.1658291457286,1,1,895.1658291457286,895.1658291457286
BOVISER PHARMACY LIMITED,1,895.1658291457286,1,1,895.1658291457286,895.1658291457286
MAKAY PHARMACY LIMITED,1,895.1658291457286,1,1,895.1658291457286,895.1658291457286
ELENARK PHARMACY,1,895.1658291457286,1,1,895.1658291457286,895.1658291457286
CROIRE PHARMACY LTD,1,895.1658291457286,1,1,895.1658291457286,895.1658291457286
G.R. INDUSTRIES LTD.,1,895.1658291457286,1,1,895.1658291457286,895.1658291457286
GERDAL PHARMACY LTD,1,895.1658291457286,1,1,895.1658291457286,895.1658291457286
BOSHEN PHARMACY LTD,1,895.1658291457286,1,1,895.1658291457286,895.1658291457286
MABANDRA PHARMACY LTD,1,895.1658291457286,1,1,895.1658291457286,895.1658291457286
ELEOMAX PHARMACY,1,895.1658291457286,1,1,895.1658291457286,895.1658291457286
MAIN FOCUS PHARMACY LTD.,1,895.1658291457286,1,1,895.1658291457286,895.1658291457286
GAP PHARMACY LTD.,1,895.1658291457286,1,1,895.1658291457286,895.1658291457286
MED4CURE LTD.,1,895.1658291457286,1,1,895.1658291457286,895.1658291457286
MEDELLA CHEMISTS,1,895.1658291457286,1,1,895.1658291457286,895.1658291457286
SMART CARE PHARMACY LTD.,1,895.1658291457286,1,1,895.1658291457286,895.1658291457286
MATCARE PHARMACY,1,895.1658291457286,1,1,895.1658291457286,895.1658291457286
JOTAFA COMPANY LTD.,1,895.1658291457286,1,1,895.1658291457286,895.1658291457286
MATELL CHEMISTS LTD.,1,895.1658291457286,1,1,895.1658291457286,895.1658291457286
FRESHBROOKS PHARMACY,1,895.1658291457286,1,1,895.1658291457286,895.1658291457286
PERU PHARMACY LTD,1,895.1658291457286,1,1,895.1658291457286,895.1658291457286
CRISTALIFE PHARMACY,1,895.1658291457286,1,1,895.1658291457286,895.1658291457286
LLOYLAN PHARMACY,1,895.1658291457286,1,1,895.1658291457286,895.1658291457286
THEONIC PHARMACY,1,895.1658291457286,1,1,895.1658291457286,895.1658291457286
TOP PILL PHARMACY LTD,1,895.1658291457286,1,1,895.1658291457286,895.1658291457286
TOP PILL PHARMACY,1,895.1658291457286,1,1,895.1658291457286,895.1658291457286
TOHABA PHARMACEUTICALS LTD,1,895.1658291457286,1,1,895.1658291457286,895.1658291457286
TOP PILL PHARMACY LTD.,1,895.1658291457286,1,1,895.1658291457286,895.1658291457286
SODINA PHARMACY,1,895.1658291457286,1,1,895.1658291457286,895.1658291457286
SOLUPHARMA LTD,1,895.1658291457286,1,1,895.1658291457286,895.1658291457286
ELORDENAM PHARMACY LTD,1,895.1658291457286,1,1,895.1658291457286,895.1658291457286
COMMUNITY FIVE CHEMISTS,1,895.1658291457286,1,1,895.1658291457286,895.1658291457286
EMPAT PHARMACY LTD.,1,895.1658291457286,1,1,895.1658291457286,895.1658291457286
ODDAREMMA CHEMISTS,1,895.1658291457286,1,1,895.1658291457286,895.1658291457286
CRISS PHARMACY COMPANY,1,895.1658291457286,1,1,895.1658291457286,895.1658291457286
CRISS PHARMACY,1,895.1658291457286,1,1,895.1658291457286,895.1658291457286
CRISS PHARMACY LTD.,1,895.1658291457286,1,1,895.1658291457286,895.1658291457286
ROCKWELL PHARMACY,1,895.1658291457286,1,1,895.1658291457286,895.1658291457286
FRANITA PHARMACY,1,895.1658291457286,1,1,895.1658291457286,895.1658291457286
FREE LINK PHARMACY,1,895.1658291457286,1,1,895.1658291457286,895.1658291457286
AZATER PHARMACY,1,895.1658291457286,1,1,895.1658291457286,895.1658291457286
MEDS N MORE PHARMACY,1,895.1658291457286,1,1,895.1658291457286,895.1658291457286
B.B. CHEMISTS LTD.,1,895.1658291457286,1,1,895.1658291457286,895.1658291457286
C B V PHARMACY LTD.,1,895.1658291457286,1,1,895.1658291457286,895.1658291457286
MICHRISMA PHARMACY,1,895.1658291457286,1,1,895.1658291457286,895.1658291457286
SENES PHARMACY LTD.,1,895.1658291457286,1,1,895.1658291457286,895.1658291457286
SENES PHARMACY,1,895.1658291457286,1,1,895.1658291457286,895.1658291457286
CEFRANO PHARMACY LTD.,1,895.1658291457286,1,1,895.1658291457286,895.1658291457286
SANBAO(GH) PHARMACEUTICALS,1,895.1658291457286,1,1,895.1658291457286,895.1658291457286
SCOOPEX PHARMACY,1,895.1658291457286,1,1,895.1658291457286,895.1658291457286
NOLA PHARMACY,1,895.1658291457286,1,1,895.1658291457286,895.1658291457286
AMERICAN PHARMACY & ATLANT,1,895.1658291457286,1,1,895.1658291457286,895.1658291457286
FLOURISH PHARMACY LTD,1,895.1658291457286,1,1,895.1658291457286,895.1658291457286
ADALITS PHARMACY,1,895.1658291457286,1,1,895.1658291457286,895.1658291457286
SAMOSPHARMA LIMITED,1,895.1658291457286,1,1,895.1658291457286,895.1658291457286
FRESH SPRING CHEMISTS LTD,1,895.1658291457286,1,1,895.1658291457286,895.1658291457286
CAPA CHEMISTS LTD.,1,895.1658291457286,1,1,895.1658291457286,895.1658291457286
CAPA CHEMIST LTD.(COMM. 19 B,1,895.1658291457286,1,1,895.1658291457286,895.1658291457286
MILLAN CHEMISTS LTD (COMM. 1,1,895.1658291457286,1,1,895.1658291457286,895.1658291457286
MILLAN CHEMIST LTD.,1,895.1658291457286,1,1,895.1658291457286,895.1658291457286
AFRIQ PHARM & H'SERV'S LTD.,1,895.1658291457286,1,1,895.1658291457286,895.1658291457286
NAABSON PHARMACY,1,895.1658291457286,1,1,895.1658291457286,895.1658291457286
FELCHAM PHARMACY,1,895.1658291457286,1,1,895.1658291457286,895.1658291457286
CHRISMAN PHARMACY,1,895.1658291457286,1,1,895.1658291457286,895.1658291457286
CHRISMAN PHARMACY (ADJEI KOJ,1,895.1658291457286,1,1,895.1658291457286,895.1658291457286
CHARIS PHARMA LTD.,1,895.1658291457286,1,1,895.1658291457286,895.1658291457286
CHASCA PHARMACY,1,895.1658291457286,1,1,895.1658291457286,895.1658291457286
FAITHLAND PHARMACY,1,895.1658291457286,1,1,895.1658291457286,895.1658291457286
EUCHARISTIA PHARMACY,1,895.1658291457286,1,1,895.1658291457286,895.1658291457286
JOELINA PHARMACY LTD,1,895.1658291457286,1,1,895.1658291457286,895.1658291457286
ADALITS PHARMACY LTD.,1,895.1658291457286,1,1,895.1658291457286,895.1658291457286
COMFORT CARE PHARMACEUTICA,1,895.1658291457286,1,1,895.1658291457286,895.1658291457286
JOEFIKO PHARMACY LTD.,1,895.1658291457286,1,1,895.1658291457286,895.1658291457286
IMPERIAL HEALTH SCIENCES LTD.,1,895.1658291457286,1,1,895.1658291457286,895.1658291457286
NEEGS PHAMACEUTICALS LTD,1,895.1658291457286,1,1,895.1658291457286,895.1658291457286
FAMOG PHARMACY LIMITED,1,895.1658291457286,1,1,895.1658291457286,895.1658291457286
FAIRGOLD CO. LTD. (PHARMACY D,1,895.1658291457286,1,1,895.1658291457286,895.1658291457286
FAIRGOLD CO. LTD,1,895.1658291457286,1,1,895.1658291457286,895.1658291457286
CIMA PHARMACEUTICAL LTD.,1,895.1658291457286,1,1,895.1658291457286,895.1658291457286
SACKITEY MEDITECH PHARMACY L,1,895.1658291457286,1,1,895.1658291457286,895.1658291457286
SAANI HEALTH PHARMACY LIMITE,1,895.1658291457286,1,1,895.1658291457286,895.1658291457286
S. P. PHARMACY LTD.,1,895.1658291457286,1,1,895.1658291457286,895.1658291457286
JESSGAB PHARMACY,1,895.1658291457286,1,1,895.1658291457286,895.1658291457286
JASIE PHARMACY,1,895.1658291457286,1,1,895.1658291457286,895.1658291457286
JAQCARE PHARMACY,1,895.1658291457286,1,1,895.1658291457286,895.1658291457286
POWER SHOWER PHARMACY (C. 2,1,895.1658291457286,1,1,895.1658291457286,895.1658291457286
DECCON PHARMACY,1,895.1658291457286,1,1,895.1658291457286,895.1658291457286
DE-GEORGES PHARMACY LTD.,1,895.1658291457286,1,1,895.1658291457286,895.1658291457286
QUINDEL PHARMACY LTD,1,895.1658291457286,1,1,895.1658291457286,895.1658291457286
QUICKAID PHARMACY LTD,1,895.1658291457286,1,1,895.1658291457286,895.1658291457286
JENARKO PHARMACY LTD.,1,895.1658291457286,1,1,895.1658291457286,895.1658291457286
4A'S PHARMACY LIMITED,1,895.1658291457286,1,1,895.1658291457286,895.1658291457286
JEBINA PHARMACY,1,453.22929936305735,1,1,453.22929936305735,453.22929936305735
A. M. E. PHARMACY LTD.,1,453.22929936305735,1,1,453.22929936305735,453.22929936305735
ZYCLAX GH. LTD.,1,453.22929936305735,1,1,453.22929936305735,453.22929936305735
YIARA PHARMA LTD.,1,453.22929936305735,1,1,453.22929936305735,453.22929936305735
YILDIZ COMPANY LIMITED,1,453.22929936305735,1,1,453.22929936305735,453.22929936305735
YASARKO PHARMACY,1,453.22929936305735,1,1,453.22929936305735,453.22929936305735
ZODIAC CHEMISTS,1,453.22929936305735,1,1,453.22929936305735,453.22929936305735
ZASE CHEMIST,1,453.22929936305735,1,1,453.22929936305735,453.22929936305735
ZEDORS PHARMA LTD.,1,453.22929936305735,1,1,453.22929936305735,453.22929936305735
ASEDA NKA NYAME PHARMACY,1,453.22929936305735,1,1,453.22929936305735,453.22929936305735
JESS CHEMIST,1,453.22929936305735,1,1,453.22929936305735,453.22929936305735
JAWDA PHARMACEUTICALSLIMITE,1,453.22929936305735,1,1,453.22929936305735,453.22929936305735
JAYDEEN PHARMACY LTD,1,453.22929936305735,1,1,453.22929936305735,453.22929936305735
J.M. ADDO & SONS LTD,1,453.22929936305735,1,1,453.22929936305735,453.22929936305735
JAN-AID PHARMACY,1,453.22929936305735,1,1,453.22929936305735,453.22929936305735
K.SOMUAH & SONS PHARMACY,1,453.22929936305735,1,1,453.22929936305735,453.22929936305735
JURIC PHARMACY LTD.,1,453.22929936305735,1,1,453.22929936305735,453.22929936305735
ALOKEN LTD. (PHARMACY),1,453.22929936305735,1,1,453.22929936305735,453.22929936305735
VITAN PHARMACY LTD,1,453.22929936305735,1,1,453.22929936305735,453.22929936305735
VICTORY PHARMACY LIMITED,1,453.22929936305735,1,1,453.22929936305735,453.22929936305735
RAPNET P'MACEUTICAL LTD.,1,453.22929936305735,1,1,453.22929936305735,453.22929936305735
PILL RACK PHARMACY,1,453.22929936305735,1,1,453.22929936305735,453.22929936305735
HELIJONS PHARMACY,1,453.22929936305735,1,1,453.22929936305735,453.22929936305735
A-SARPS PHARMACY (ANNEX),1,453.22929936305735,1,1,453.22929936305735,453.22929936305735
3A HEALTH PHARMACY LTD.,1,453.22929936305735,1,1,453.22929936305735,453.22929936305735
YOMA CHEMIST LTD.,1,453.22929936305735,1,1,453.22929936305735,453.22929936305735
WULCK PHARMA LTD.,1,453.22929936305735,1,1,453.22929936305735,453.22929936305735
WORLDWIDE PHARMACY LTD,1,453.22929936305735,1,1,453.22929936305735,453.22929936305735
WORLDVIEW CHEMISTS LTD.,1,453.22929936305735,1,1,453.22929936305735,453.22929936305735
WORLD VIEW PHARMACY LIMITED,1,453.22929936305735,1,1,453.22929936305735,453.22929936305735
ASTERISK LIFESCIENCES (GH) LTD,1,453.22929936305735,1,1,453.22929936305735,453.22929936305735
NICODOH PHARMACY LTD.,1,453.22929936305735,1,1,453.22929936305735,453.22929936305735
NICKEL CHEMIST LTD.,1,453.22929936305735,1,1,453.22929936305735,453.22929936305735
RX PHARMA CO. LTD.,1,453.22929936305735,1,1,453.22929936305735,453.22929936305735
ROYAL PHARMACY,1,453.22929936305735,1,1,453.22929936305735,453.22929936305735
ROXIN PHARMACEUTICALS,1,453.22929936305735,1,1,453.22929936305735,453.22929936305735
NASIT CHEMIST,1,453.22929936305735,1,1,453.22929936305735,453.22929936305735
FIDELITY PHARMACEUTICALS,1,453.22929936305735,1,1,453.22929936305735,453.22929936305735
ADAZARA PHARMACY,1,453.22929936305735,1,1,453.22929936305735,453.22929936305735
INTERBRAIN PHARMACY,1,453.22929936305735,1,1,453.22929936305735,453.22929936305735
ATLAS PHARMACY LTD,1,453.22929936305735,1,1,453.22929936305735,453.22929936305735
ATHENA PHARMACY LTD,1,453.22929936305735,1,1,453.22929936305735,453.22929936305735
ATBUC PHARMACY,1,453.22929936305735,1,1,453.22929936305735,453.22929936305735
ASYLUM DOWN PHARMACY,1,453.22929936305735,1,1,453.22929936305735,453.22929936305735
WILER PHARMA LTD.,1,453.22929936305735,1,1,453.22929936305735,453.22929936305735
WHITE TOWER PHARMACY,1,453.22929936305735,1,1,453.22929936305735,453.22929936305735
CHEN'S PHARMACY LTD,1,453.22929936305735,1,1,453.22929936305735,453.22929936305735
FIAVI PHARMACY LTD.,1,453.22929936305735,1,1,453.22929936305735,453.22929936305735
NADMA PHARMACY LTD,1,453.22929936305735,1,1,453.22929936305735,453.22929936305735
CHARA PHARMACY LTD.,1,453.22929936305735,1,1,453.22929936305735,453.22929936305735
CHARA PHARMACY LTD,1,453.22929936305735,1,1,453.22929936305735,453.22929936305735
FAP PHARMACY LTD.,1,453.22929936305735,1,1,453.22929936305735,453.22929936305735
SAMAH CHEMISTS LTD.,1,453.22929936305735,1,1,453.22929936305735,453.22929936305735
SALBY PHARMACY LTD.,1,453.22929936305735,1,1,453.22929936305735,453.22929936305735
FAMILYMEDS PHARMACY LTD.,1,453.22929936305735,1,1,453.22929936305735,453.22929936305735
FAKSTINS PHARMACY LTD.,1,453.22929936305735,1,1,453.22929936305735,453.22929936305735
FAKSTINS PHARMACY,1,453.22929936305735,1,1,453.22929936305735,453.22929936305735
JOHN LAWRENCE CHEMISTS LTD.,1,453.22929936305735,1,1,453.22929936305735,453.22929936305735
JOHN BEST CHEMISTS LTD.,1,453.22929936305735,1,1,453.22929936305735,453.22929936305735
JOEPHARMA LTD.,1,453.22929936305735,1,1,453.22929936305735,453.22929936305735
EVA PHARMACY LTD,1,453.22929936305735,1,1,453.22929936305735,453.22929936305735
NISSI PHARMA LTD.,1,453.22929936305735,1,1,453.22929936305735,453.22929936305735
NIMA HIGHWAY PHARMACY LTD,1,453.22929936305735,1,1,453.22929936305735,453.22929936305735
NOVIK PHARMACY LTD.,1,453.22929936305735,1,1,453.22929936305735,453.22929936305735
COBEST PHARMACY LTD.-,1,453.22929936305735,1,1,453.22929936305735,453.22929936305735
COBEST PHARMACY,1,453.22929936305735,1,1,453.22929936305735,453.22929936305735
CLINISERVE PHARMACY,1,453.22929936305735,1,1,453.22929936305735,453.22929936305735
CLIFFCO PHARMACY,1,453.22929936305735,1,1,453.22929936305735,453.22929936305735
ROSEAID PHARMACY LTD,1,453.22929936305735,1,1,453.22929936305735,453.22929936305735
ROPHI PHARMACY LTD.,1,453.22929936305735,1,1,453.22929936305735,453.22929936305735
ROMAN RIDGE PHARMACY,1,453.22929936305735,1,1,453.22929936305735,453.22929936305735
SARKUFF PHARMACY LTD.,1,453.22929936305735,1,1,453.22929936305735,453.22929936305735
SAP HEALTH LIMITED,1,453.22929936305735,1,1,453.22929936305735,453.22929936305735
ACTS PHARMACY,1,453.22929936305735,1,1,453.22929936305735,453.22929936305735
SAMSED MEDICALS & HEALTHCAR,1,453.22929936305735,1,1,453.22929936305735,453.22929936305735
SAMIGO PHARMACY LTD.,1,453.22929936305735,1,1,453.22929936305735,453.22929936305735
FIDELIS FIDELIS PHARMACEUTICAL,1,453.22929936305735,1,1,453.22929936305735,453.22929936305735
FIDEL PHARMACY LTD,1,453.22929936305735,1,1,453.22929936305735,453.22929936305735
FIDEL PHARMACY,1,453.22929936305735,1,1,453.22929936305735,453.22929936305735
CHALTON COMPANY LTD.,1,453.22929936305735,1,1,453.22929936305735,453.22929936305735
CENTILLION PHARMA LIMITED,1,453.22929936305735,1,1,453.22929936305735,453.22929936305735
CELIA PHARMACY,1,453.22929936305735,1,1,453.22929936305735,453.22929936305735
CEKAMS PHARMACEUTICALS LTD,1,453.22929936305735,1,1,453.22929936305735,453.22929936305735
ADD PHARMA (GH) LTD,1,453.22929936305735,1,1,453.22929936305735,453.22929936305735
MINIMAX PHARMACEUTICALS LTD,1,453.22929936305735,1,1,453.22929936305735,453.22929936305735
FORD PHARMACY LTD.,1,453.22929936305735,1,1,453.22929936305735,453.22929936305735
CAREL LOGISTICS LTD.,1,453.22929936305735,1,1,453.22929936305735,453.22929936305735
CARE4 HEALTH ENTERPRISE,1,453.22929936305735,1,1,453.22929936305735,453.22929936305735
COLLIERS PHARMACY,1,453.22929936305735,1,1,453.22929936305735,453.22929936305735
ESKAY THERAPEUTICS LTD.,1,453.22929936305735,1,1,453.22929936305735,453.22929936305735
CITIZEN PHARMACY,1,453.22929936305735,1,1,453.22929936305735,453.22929936305735
NEW PAGE CHEMISTS,1,453.22929936305735,1,1,453.22929936305735,453.22929936305735
ESKAB PHARMACY LTD.,1,453.22929936305735,1,1,453.22929936305735,453.22929936305735
ERNESMAY CHEMIST,1,453.22929936305735,1,1,453.22929936305735,453.22929936305735
NU-MEDICALS PHARMACY,1,453.22929936305735,1,1,453.22929936305735,453.22929936305735
FOUNTAIN PHARMACY,1,453.22929936305735,1,1,453.22929936305735,453.22929936305735
SHALINA HEALTHCARE-GHANA LT,1,453.22929936305735,1,1,453.22929936305735,453.22929936305735
SHAGGYSCO PHARMACEUTICALS,1,453.22929936305735,1,1,453.22929936305735,453.22929936305735
SEYAMA PHARMACEUTICALS,1,453.22929936305735,1,1,453.22929936305735,453.22929936305735
SERGEN PHARMACY,1,453.22929936305735,1,1,453.22929936305735,453.22929936305735
SEPTAL CHEMISTS LTD.,1,453.22929936305735,1,1,453.22929936305735,453.22929936305735
FLEXSTA PHARMACY LTD,1,453.22929936305735,1,1,453.22929936305735,453.22929936305735
FIRSTPOINT PHARMACY LTD,1,453.22929936305735,1,1,453.22929936305735,453.22929936305735
FIRST LIGHT PHARMACY LIMITED,1,453.22929936305735,1,1,453.22929936305735,453.22929936305735
FIRDAWS PHARMACY,1,453.22929936305735,1,1,453.22929936305735,453.22929936305735
MILE 7 CHEMISTS LTD.,1,453.22929936305735,1,1,453.22929936305735,453.22929936305735
MICHEW PHARMACY LTD.,1,453.22929936305735,1,1,453.22929936305735,453.22929936305735
SEPTAL CHEMISTS,1,453.22929936305735,1,1,453.22929936305735,453.22929936305735
SENELLOYD O. LTD.,1,453.22929936305735,1,1,453.22929936305735,453.22929936305735
SEKEL PHARMACY LTD.,1,453.22929936305735,1,1,453.22929936305735,453.22929936305735
SEDEM PHARMACY LTD.,1,453.22929936305735,1,1,453.22929936305735,453.22929936305735
OA & J PHARMACEUTICALS,1,453.22929936305735,1,1,453.22929936305735,453.22929936305735
NYALA PHARMACY,1,453.22929936305735,1,1,453.22929936305735,453.22929936305735
ROHI PHARMACY LTD,1,453.22929936305735,1,1,453.22929936305735,453.22929936305735
RODARCH PHARMACEUTICALS LT,1,453.22929936305735,1,1,453.22929936305735,453.22929936305735
ROBESTA CHEMISTS LTD.,1,453.22929936305735,1,1,453.22929936305735,453.22929936305735
ROBBIES CHEMIST,1,453.22929936305735,1,1,453.22929936305735,453.22929936305735
ROBBIE'S CHEMISTS,1,453.22929936305735,1,1,453.22929936305735,453.22929936305735
MEGAN CHEMIST LTD.,1,453.22929936305735,1,1,453.22929936305735,453.22929936305735
MEGA LIFESCIENCE GH.LTD.,1,453.22929936305735,1,1,453.22929936305735,453.22929936305735
FREE MART PHARMACY,1,453.22929936305735,1,1,453.22929936305735,453.22929936305735
CARP PHARMACY LTD.,1,453.22929936305735,1,1,453.22929936305735,453.22929936305735
FLASH PHARMACY (UPTOWN BRA,1,453.22929936305735,1,1,453.22929936305735,453.22929936305735
MOHILLS PHARMACEUTICALS LTD,1,453.22929936305735,1,1,453.22929936305735,453.22929936305735
FREDAN PHARMA'TICALS LTD.,1,453.22929936305735,1,1,453.22929936305735,453.22929936305735
FRANKEMART PHARMACY,1,453.22929936305735,1,1,453.22929936305735,453.22929936305735
FRANK PAULS PHARMACY,1,453.22929936305735,1,1,453.22929936305735,453.22929936305735
AMEX PHARMACY LTD.,1,453.22929936305735,1,1,453.22929936305735,453.22929936305735
FRED'S PHARMACY,1,453.22929936305735,1,1,453.22929936305735,453.22929936305735
FRANSRIGHT PHARM. CEN. LTD.,1,453.22929936305735,1,1,453.22929936305735,453.22929936305735
MEDRIC PHARMACY LTD,1,453.22929936305735,1,1,453.22929936305735,453.22929936305735
SILVERPILL PHARMACY LIMITED,1,453.22929936305735,1,1,453.22929936305735,453.22929936305735
SHARP PHARMACEUTICALS LTD.,1,453.22929936305735,1,1,453.22929936305735,453.22929936305735
SHALOM CHEMISTS LTD.,1,453.22929936305735,1,1,453.22929936305735,453.22929936305735
CARDINAL PHARMACEUTICALS,1,453.22929936305735,1,1,453.22929936305735,453.22929936305735
MELOCH PHARMACEUTICALS LTD,1,453.22929936305735,1,1,453.22929936305735,453.22929936305735
MEGLO PHARMACY,1,453.22929936305735,1,1,453.22929936305735,453.22929936305735
ROKMER PHARMA LTD,1,453.22929936305735,1,1,453.22929936305735,453.22929936305735
ROKAAP PHARMACY,1,453.22929936305735,1,1,453.22929936305735,453.22929936305735
EQUITY PHARMACY,1,453.22929936305735,1,1,453.22929936305735,453.22929936305735
RYTEPHARM PHARMACY LTD,1,453.22929936305735,1,1,453.22929936305735,453.22929936305735
EMERY SANTE PHARMACY,1,453.22929936305735,1,1,453.22929936305735,453.22929936305735
OAKA PHARMACY LIMITED,1,453.22929936305735,1,1,453.22929936305735,453.22929936305735
ELOHIM PHARMACY,1,453.22929936305735,1,1,453.22929936305735,453.22929936305735
SONO TECHNIQUES PHARMACY LT,1,453.22929936305735,1,1,453.22929936305735,453.22929936305735
SOLUTIONS PHARMACEUTICALS L,1,453.22929936305735,1,1,453.22929936305735,453.22929936305735
MEDIBOIS PHARMACY,1,453.22929936305735,1,1,453.22929936305735,453.22929936305735
MEDIA PHARMA LTD.,1,453.22929936305735,1,1,453.22929936305735,453.22929936305735
MEDGRAPH GHANA LTD,1,453.22929936305735,1,1,453.22929936305735,453.22929936305735
CAMOMILE PHARMACY LTD.,1,453.22929936305735,1,1,453.22929936305735,453.22929936305735
C. K. RELOG COMPANY LTD.,1,453.22929936305735,1,1,453.22929936305735,453.22929936305735
SKYLINE PHARMACY,1,453.22929936305735,1,1,453.22929936305735,453.22929936305735
SIX CEES PHARMACY,1,453.22929936305735,1,1,453.22929936305735,453.22929936305735
MEDITAB PHARMACY LTD.,1,453.22929936305735,1,1,453.22929936305735,453.22929936305735
WESTLIFE PHARMACY LTD.,1,453.22929936305735,1,1,453.22929936305735,453.22929936305735
BAASPHARMA LIMITED,1,453.22929936305735,1,1,453.22929936305735,453.22929936305735
AYRTON DRUG MANUFAC. CO. LT,1,453.22929936305735,1,1,453.22929936305735,453.22929936305735
AXON PHARMACY LIMITED,1,453.22929936305735,1,1,453.22929936305735,453.22929936305735
AMI PHARMACY,1,453.22929936305735,1,1,453.22929936305735,453.22929936305735
WEST POINT CHEMISTS,1,453.22929936305735,1,1,453.22929936305735,453.22929936305735
WEST POINT CHEMIST,1,453.22929936305735,1,1,453.22929936305735,453.22929936305735
WEST LEGON COMM. PHARM,1,453.22929936305735,1,1,453.22929936305735,453.22929936305735
WENCOL PHARMACY LTD,1,453.22929936305735,1,1,453.22929936305735,453.22929936305735
WENCOL LTD.,1,453.22929936305735,1,1,453.22929936305735,453.22929936305735
JOY PHARMACY LTD.,1,453.22929936305735,1,1,453.22929936305735,453.22929936305735
JOSLY PHARMACY LTD,1,453.22929936305735,1,1,453.22929936305735,453.22929936305735
G. A. BOATENG PHARMACY,1,453.22929936305735,1,1,453.22929936305735,453.22929936305735
AID-POINT PHARMACY LTD,1,453.22929936305735,1,1,453.22929936305735,453.22929936305735
CRESCENT CHEMISTS,1,453.22929936305735,1,1,453.22929936305735,453.22929936305735
RICHBEN PHARMACY LTD.,1,453.22929936305735,1,1,453.22929936305735,453.22929936305735
OBOOMA PHARMACY & DRUG ST,1,453.22929936305735,1,1,453.22929936305735,453.22929936305735
RITE DOSE PHARMACY,1,453.22929936305735,1,1,453.22929936305735,453.22929936305735
RINGWAY CHEMISTS LTD.,1,453.22929936305735,1,1,453.22929936305735,453.22929936305735
RIGHT PHARMACY LTD.,1,453.22929936305735,1,1,453.22929936305735,453.22929936305735
RIDGE MEDICAL CENTRE PHARMA,1,453.22929936305735,1,1,453.22929936305735,453.22929936305735
G.B. PHARMA LTD.,1,453.22929936305735,1,1,453.22929936305735,453.22929936305735
MARGOKIN PHARMACY,1,453.22929936305735,1,1,453.22929936305735,453.22929936305735
MAREST PHARMACY LIMITED,1,453.22929936305735,1,1,453.22929936305735,453.22929936305735
MARAKAF PHARMACY LIMITED,1,453.22929936305735,1,1,453.22929936305735,453.22929936305735
MAPLE-LEAF CHEMISTS LTD.,1,453.22929936305735,1,1,453.22929936305735,453.22929936305735
ACCRA MEDICAL CENTRE PHARMA,1,453.22929936305735,1,1,453.22929936305735,453.22929936305735
ACCRA CHEMISTS LTD.,1,453.22929936305735,1,1,453.22929936305735,453.22929936305735
SNS PHARMACY LTD,1,453.22929936305735,1,1,453.22929936305735,453.22929936305735
MEDAID PHARMACY LIMITED,1,453.22929936305735,1,1,453.22929936305735,453.22929936305735
MED-TOUCH PHARMACY LTD,1,453.22929936305735,1,1,453.22929936305735,453.22929936305735
MED HOUSE PHARMACEUTICAL LT,1,453.22929936305735,1,1,453.22929936305735,453.22929936305735
FRONTLINE PHARMACY,1,453.22929936305735,1,1,453.22929936305735,453.22929936305735
MAYSBEE PHARMACY,1,453.22929936305735,1,1,453.22929936305735,453.22929936305735
MAXKINS PHARMACY,1,453.22929936305735,1,1,453.22929936305735,453.22929936305735
GEORGE HOLY PHARMACY LIMITE,1,453.22929936305735,1,1,453.22929936305735,453.22929936305735
AXIS PHARMACY LTD.,1,453.22929936305735,1,1,453.22929936305735,453.22929936305735
EMBOCH CHEMIST,1,453.22929936305735,1,1,453.22929936305735,453.22929936305735
EL-LEN PHARMACY LTD,1,453.22929936305735,1,1,453.22929936305735,453.22929936305735
OTAL CHEMISTS,1,453.22929936305735,1,1,453.22929936305735,453.22929936305735
OSON'S CHEMIST LTD,1,453.22929936305735,1,1,453.22929936305735,453.22929936305735
OSEI-BAAH AGENCIES AND PHARM,1,453.22929936305735,1,1,453.22929936305735,453.22929936305735
CROWN PHARMACY,1,453.22929936305735,1,1,453.22929936305735,453.22929936305735
APL PHARMACY,1,453.22929936305735,1,1,453.22929936305735,453.22929936305735
BRITISH ACCRA PHARMACY LTD.,1,453.22929936305735,1,1,453.22929936305735,453.22929936305735
BRIGHT AID PHARMACY LTD.,1,453.22929936305735,1,1,453.22929936305735,453.22929936305735
GEO PHARMACY,1,453.22929936305735,1,1,453.22929936305735,453.22929936305735
GEM CHEMIST,1,453.22929936305735,1,1,453.22929936305735,453.22929936305735
BUDGET PHARMACY (KORLE-BU B,1,453.22929936305735,1,1,453.22929936305735,453.22929936305735
BUDGET PHARMACY,1,453.22929936305735,1,1,453.22929936305735,453.22929936305735
APL PHARMACY LTD.,1,453.22929936305735,1,1,453.22929936305735,453.22929936305735
SPINTEX CHEMIST LTD,1,453.22929936305735,1,1,453.22929936305735,453.22929936305735
GAFAT PHARMACY,1,453.22929936305735,1,1,453.22929936305735,453.22929936305735
BUKOM PHARMACY,1,453.22929936305735,1,1,453.22929936305735,453.22929936305735
MATAHEKO PHARMACY LTD.,1,453.22929936305735,1,1,453.22929936305735,453.22929936305735
MASLARRY PHARMACY LTD,1,453.22929936305735,1,1,453.22929936305735,453.22929936305735
MARSHALL CHEMIST,1,453.22929936305735,1,1,453.22929936305735,453.22929936305735
MARPE PHARMACY LTD.,1,453.22929936305735,1,1,453.22929936305735,453.22929936305735
MARNEUK PHARMACY LTD.,1,453.22929936305735,1,1,453.22929936305735,453.22929936305735
GILEAD PHARMACY,1,453.22929936305735,1,1,453.22929936305735,453.22929936305735
GLAXEL CHEMISTS LTD.,1,453.22929936305735,1,1,453.22929936305735,453.22929936305735
GLADES PHARMACEUTICALS LIMIT,1,453.22929936305735,1,1,453.22929936305735,453.22929936305735
OMEGA MEYER GH. LTD (PHARM.,1,453.22929936305735,1,1,453.22929936305735,453.22929936305735
OKAISHIE PHARMACY LTD.,1,453.22929936305735,1,1,453.22929936305735,453.22929936305735
ENDURANCE PHARMACY,1,453.22929936305735,1,1,453.22929936305735,453.22929936305735
ONE PHAMILY PHARMACY,1,453.22929936305735,1,1,453.22929936305735,453.22929936305735
PANTO PHARMACY LTD,1,453.22929936305735,1,1,453.22929936305735,453.22929936305735
EDIESTAL PHARMACY LTD.,1,453.22929936305735,1,1,453.22929936305735,453.22929936305735
EAST AIRPORT PHARMACY,1,453.22929936305735,1,1,453.22929936305735,453.22929936305735
EFFY PHARMA LTD.,1,453.22929936305735,1,1,453.22929936305735,453.22929936305735
REUBEN PHARMACY,1,453.22929936305735,1,1,453.22929936305735,453.22929936305735
RESCUE CHEMIST LIMITED,1,453.22929936305735,1,1,453.22929936305735,453.22929936305735
SURGECARE & PHARMA LTD.,1,453.22929936305735,1,1,453.22929936305735,453.22929936305735
SUPRA PHARMA LTD.,1,453.22929936305735,1,1,453.22929936305735,453.22929936305735
ACHEAMPONG PHARMACY,1,453.22929936305735,1,1,453.22929936305735,453.22929936305735
MALIKEM PHARMACY AND HEALT,1,453.22929936305735,1,1,453.22929936305735,453.22929936305735
MALB-PHARMA LTD.,1,453.22929936305735,1,1,453.22929936305735,453.22929936305735
MAGMITCH PHARMACY LTD.,1,453.22929936305735,1,1,453.22929936305735,453.22929936305735
GIABIMILL PHARMACY LTD (ANNE,1,453.22929936305735,1,1,453.22929936305735,453.22929936305735
M & G PHARMACEUTICALS LTD.,1,453.22929936305735,1,1,453.22929936305735,453.22929936305735
LYNSAM CHEMISTS LTD.,1,453.22929936305735,1,1,453.22929936305735,453.22929936305735
LYNAT PHARMA LTD.,1,453.22929936305735,1,1,453.22929936305735,453.22929936305735
LYMENS CHEMISTS,1,453.22929936305735,1,1,453.22929936305735,453.22929936305735
BOULEVARD CHEMISTS LTD.,1,453.22929936305735,1,1,453.22929936305735,453.22929936305735
STANDARD PHARMACY,1,453.22929936305735,1,1,453.22929936305735,453.22929936305735
BOS CHEMISTS LTD,1,453.22929936305735,1,1,453.22929936305735,453.22929936305735
SUKE PHARMACY,1,453.22929936305735,1,1,453.22929936305735,453.22929936305735
SUCCES KEY PHARMACY LTD,1,453.22929936305735,1,1,453.22929936305735,453.22929936305735
STRONG PHARMACY LIMITED,1,453.22929936305735,1,1,453.22929936305735,453.22929936305735
STRIPES PHARMACY LTD.,1,453.22929936305735,1,1,453.22929936305735,453.22929936305735
GLOCOM PHARMACY LTD.,1,453.22929936305735,1,1,453.22929936305735,453.22929936305735
GLINT GOLD PHARMACY LTD,1,453.22929936305735,1,1,453.22929936305735,453.22929936305735
ALAJO PHARMACY LTD,1,453.22929936305735,1,1,453.22929936305735,453.22929936305735
LYDWORD PHARMACY LTD,1,453.22929936305735,1,1,453.22929936305735,453.22929936305735
TAP PHARMACY,1,453.22929936305735,1,1,453.22929936305735,453.22929936305735
RICHJOES PHARMACYLIMITED,1,453.22929936305735,1,1,453.22929936305735,453.22929936305735
RICHJOES COMPANY LIMITED,1,453.22929936305735,1,1,453.22929936305735,453.22929936305735
RICHCORD PHARMACY,1,453.22929936305735,1,1,453.22929936305735,453.22929936305735
EAST ORANGE PHARMACY LTD,1,453.22929936305735,1,1,453.22929936305735,453.22929936305735
ADUSAL PHARMACY LTD,1,453.22929936305735,1,1,453.22929936305735,453.22929936305735
P. N. T. PHARMACY,1,453.22929936305735,1,1,453.22929936305735,453.22929936305735
BLUE CRYSTAL LIMITED,1,453.22929936305735,1,1,453.22929936305735,453.22929936305735
BLIBO AFRICA PHARMACY LIMITE,1,453.22929936305735,1,1,453.22929936305735,453.22929936305735
LIFETIME PHARMACY,1,453.22929936305735,1,1,453.22929936305735,453.22929936305735
LIFE HEALTHCARE PHARMACY,1,453.22929936305735,1,1,453.22929936305735,453.22929936305735
LIFE DOOR PHARMACY LTD.,1,453.22929936305735,1,1,453.22929936305735,453.22929936305735
GOLDEN MED. & P'CEUTICALS,1,453.22929936305735,1,1,453.22929936305735,453.22929936305735
GOKALS LTD. (PHARM. LTD),1,453.22929936305735,1,1,453.22929936305735,453.22929936305735
GOKALS HEALTHY OPTIONZ LTD,1,453.22929936305735,1,1,453.22929936305735,453.22929936305735
GOKALS - LABOREX LTD.,1,453.22929936305735,1,1,453.22929936305735,453.22929936305735
LINK PHARMACEUTICALS LTD.,1,453.22929936305735,1,1,453.22929936305735,453.22929936305735
LINA CARE PHARMACY,1,453.22929936305735,1,1,453.22929936305735,453.22929936305735
GRAYS PHARMACY,1,453.22929936305735,1,1,453.22929936305735,453.22929936305735
BIOFEM GHANA LTD.,1,453.22929936305735,1,1,453.22929936305735,453.22929936305735
"TEN Q PHARMACEUTICALS, LTD",1,453.22929936305735,1,1,453.22929936305735,453.22929936305735
BNK PHARMACY LIMITED,1,453.22929936305735,1,1,453.22929936305735,453.22929936305735
LONGVIEW P'CEUTICAL CO. LTD,1,453.22929936305735,1,1,453.22929936305735,453.22929936305735
ANSAPHARMA LTD,1,453.22929936305735,1,1,453.22929936305735,453.22929936305735
PEEKS PHARMACY,1,453.22929936305735,1,1,453.22929936305735,453.22929936305735
PEACOCK PHARMACY,1,453.22929936305735,1,1,453.22929936305735,453.22929936305735
DAISY PHARMACY LTD,1,453.22929936305735,1,1,453.22929936305735,453.22929936305735
DABY'S PHARMACY LTD.,1,453.22929936305735,1,1,453.22929936305735,453.22929936305735
DREWS PHARMACY LIMITED,1,453.22929936305735,1,1,453.22929936305735,453.22929936305735
TOBINCO PHARMACEUTICALS LTD,1,453.22929936305735,1,1,453.22929936305735,453.22929936305735
BILLBOARD PHARMACY,1,453.22929936305735,1,1,453.22929936305735,453.22929936305735
ALPHADELTA PHARMACY LTD,1,453.22929936305735,1,1,453.22929936305735,453.22929936305735
LLOYDS PHARMACY,1,453.22929936305735,1,1,453.22929936305735,453.22929936305735
ALFA CHEMIST LTD,1,453.22929936305735,1,1,453.22929936305735,453.22929936305735
GRIT PHARMACY LIMITED,1,453.22929936305735,1,1,453.22929936305735,453.22929936305735
LIFE CHEMIST LTD,1,453.22929936305735,1,1,453.22929936305735,453.22929936305735
BIG MARON PHARMACY LTD,1,453.22929936305735,1,1,453.22929936305735,453.22929936305735
BIAKOYE PHARMACY LTD.,1,453.22929936305735,1,1,453.22929936305735,453.22929936305735
BEYBEE GHANA LIMITED,1,453.22929936305735,1,1,453.22929936305735,453.22929936305735
TUDU PHARMACY,1,453.22929936305735,1,1,453.22929936305735,453.22929936305735
GOODCARE PHARMACY LTD.,1,453.22929936305735,1,1,453.22929936305735,453.22929936305735
GOLDLINK PHARMACY LTD,1,453.22929936305735,1,1,453.22929936305735,453.22929936305735
LETAP PHARMACEUTICALS,1,453.22929936305735,1,1,453.22929936305735,453.22929936305735
LESSON PHARMACY,1,453.22929936305735,1,1,453.22929936305735,453.22929936305735
LESDY PHARMACY LIMITED,1,453.22929936305735,1,1,453.22929936305735,453.22929936305735
LEONS CHEMISTS LTD.,1,453.22929936305735,1,1,453.22929936305735,453.22929936305735
HALE PHARMACY LIMITED,1,453.22929936305735,1,1,453.22929936305735,453.22929936305735
RENIE CHEMISTS LTD.,1,453.22929936305735,1,1,453.22929936305735,453.22929936305735
RENIE CHEMIST LTD.(OKAISHIE BR,1,453.22929936305735,1,1,453.22929936305735,453.22929936305735
PARMARTS PHARMACY LTD.,1,453.22929936305735,1,1,453.22929936305735,453.22929936305735
PARACELSUS PHARMACY,1,453.22929936305735,1,1,453.22929936305735,453.22929936305735
DOSH CHEMIST LTD.,1,453.22929936305735,1,1,453.22929936305735,453.22929936305735
PHARMAFEN GHANA LIMITED,1,453.22929936305735,1,1,453.22929936305735,453.22929936305735
ANSAPHARMA PHARMACY (OSU B,1,453.22929936305735,1,1,453.22929936305735,453.22929936305735
ANSAPHARMA PHARMACY,1,453.22929936305735,1,1,453.22929936305735,453.22929936305735
KUSHA PHARMACY,1,453.22929936305735,1,1,453.22929936305735,453.22929936305735
KRIPA PHARMA LIMITED,1,453.22929936305735,1,1,453.22929936305735,453.22929936305735
KRINSHAN PHARMACY,1,453.22929936305735,1,1,453.22929936305735,453.22929936305735
H FOCUS PHARMACY,1,453.22929936305735,1,1,453.22929936305735,453.22929936305735
HABMAY PHARMACY,1,453.22929936305735,1,1,453.22929936305735,453.22929936305735
ALTON PHARMACY LTD,1,453.22929936305735,1,1,453.22929936305735,453.22929936305735
LAWBEN PHARMACEUTICALS LIMI,1,453.22929936305735,1,1,453.22929936305735,453.22929936305735
LAUSKI PHARMACY,1,453.22929936305735,1,1,453.22929936305735,453.22929936305735
BETHEL CHEMISTS LTD.,1,453.22929936305735,1,1,453.22929936305735,453.22929936305735
BERNSWETT CO. LTD.,1,453.22929936305735,1,1,453.22929936305735,453.22929936305735
ASAK PHARMA LTD.,1,453.22929936305735,1,1,453.22929936305735,453.22929936305735
TRIPPLE 'B' PHARMACY LTD.,1,453.22929936305735,1,1,453.22929936305735,453.22929936305735
TRIDEM PHARMA GHANA LTD.,1,453.22929936305735,1,1,453.22929936305735,453.22929936305735
TRICON P'CEUTICALS LTD.,1,453.22929936305735,1,1,453.22929936305735,453.22929936305735
TREVIPHARM LTD.,1,453.22929936305735,1,1,453.22929936305735,453.22929936305735
LIFE CHEMIST,1,453.22929936305735,1,1,453.22929936305735,453.22929936305735
ABANKS CHEMIST,1,453.22929936305735,1,1,453.22929936305735,453.22929936305735
A. Q. PHARMACY LTD,1,453.22929936305735,1,1,453.22929936305735,453.22929936305735
TRIVE PHARMACY,1,453.22929936305735,1,1,453.22929936305735,453.22929936305735
KWARITAN (GH) LTD,1,453.22929936305735,1,1,453.22929936305735,453.22929936305735
DOVE PHARMACY,1,453.22929936305735,1,1,453.22929936305735,453.22929936305735
PESCA CHEMIST,1,453.22929936305735,1,1,453.22929936305735,453.22929936305735
PHILLIPS PHARMACEUTICAL (GHA,1,453.22929936305735,1,1,453.22929936305735,453.22929936305735
PHERSONS PHARMACY LTD. (ISRA,1,453.22929936305735,1,1,453.22929936305735,453.22929936305735
PHERSONS PHARMACY LTD.,1,453.22929936305735,1,1,453.22929936305735,453.22929936305735
DIVINE LIGHT PHARMACY,1,453.22929936305735,1,1,453.22929936305735,453.22929936305735
ADS PHARMACY,1,453.22929936305735,1,1,453.22929936305735,453.22929936305735
DUNIA PHARMACY,1,453.22929936305735,1,1,453.22929936305735,453.22929936305735
DRUGIX PHARMACY LIMITED,1,453.22929936305735,1,1,453.22929936305735,453.22929936305735
DRUGIX PHARMACEUTICALS LTD,1,453.22929936305735,1,1,453.22929936305735,453.22929936305735
ADDPHARMA GH. LTD.,1,453.22929936305735,1,1,453.22929936305735,453.22929936305735
REGENT PHARMACY,1,453.22929936305735,1,1,453.22929936305735,453.22929936305735
HOG PHARMACEUTICALS LTD,1,453.22929936305735,1,1,453.22929936305735,453.22929936305735
JUCAD PHARMACY LTD,1,453.22929936305735,1,1,453.22929936305735,453.22929936305735
KIN-ADA PHARMACY LTD.,1,453.22929936305735,1,1,453.22929936305735,453.22929936305735
KOF-SAM PHARMACY,1,453.22929936305735,1,1,453.22929936305735,453.22929936305735
HEALTHCARE SERVICES LTD,1,453.22929936305735,1,1,453.22929936305735,453.22929936305735
HEALTHBAG CENTRE PHARMACY,1,453.22929936305735,1,1,453.22929936305735,453.22929936305735
ALLON HEALTH AND PHARMACY,1,453.22929936305735,1,1,453.22929936305735,453.22929936305735
ALL-LIFE PHARMACY,1,453.22929936305735,1,1,453.22929936305735,453.22929936305735
BENDOZ PHARMACY LIMITED,1,453.22929936305735,1,1,453.22929936305735,453.22929936305735
BENDI CHEMIST LTD.,1,453.22929936305735,1,1,453.22929936305735,453.22929936305735
BENATASH PHARMACY,1,453.22929936305735,1,1,453.22929936305735,453.22929936305735
BENALICE PHARMACY,1,453.22929936305735,1,1,453.22929936305735,453.22929936305735
TWINS IMAGE PHARMACY LTD.,1,453.22929936305735,1,1,453.22929936305735,453.22929936305735
JOSDAV CHEMISTS LIMITED,1,453.22929936305735,1,1,453.22929936305735,453.22929936305735
JOROSES PHARMACY LIMITED,1,453.22929936305735,1,1,453.22929936305735,453.22929936305735
ASAK PHARM LTD.,1,453.22929936305735,1,1,453.22929936305735,453.22929936305735
DELALI G CHEMIST,1,453.22929936305735,1,1,453.22929936305735,453.22929936305735
PHEELIX PHARMACY LTD,1,453.22929936305735,1,1,453.22929936305735,453.22929936305735
PHARMASYMBIOSIS LTD,1,453.22929936305735,1,1,453.22929936305735,453.22929936305735
PHARMASOURCE PHARMACY LTD,1,453.22929936305735,1,1,453.22929936305735,453.22929936305735
DANNEX LIMITED,1,453.22929936305735,1,1,453.22929936305735,453.22929936305735
DANKAMA PHARMACY,1,453.22929936305735,1,1,453.22929936305735,453.22929936305735
RAYSS PHARMA LTD.,1,453.22929936305735,1,1,453.22929936305735,453.22929936305735
HEALTHPLUS PHARMACY,1,453.22929936305735,1,1,453.22929936305735,453.22929936305735
HEALTHLANE PHARMACY,1,453.22929936305735,1,1,453.22929936305735,453.22929936305735
BASELINE LTD.,1,453.22929936305735,1,1,453.22929936305735,453.22929936305735
WELLGIANT PHARMACY LTD,1,453.22929936305735,1,1,453.22929936305735,453.22929936305735
WELLBOX PRESTIGE PHARMACY L,1,453.22929936305735,1,1,453.22929936305735,453.22929936305735
WELCOME PHARMACY,1,453.22929936305735,1,1,453.22929936305735,453.22929936305735
ALMCO PHARMACY LTD.,1,453.22929936305735,1,1,453.22929936305735,453.22929936305735
HOVID PHARMACEUTICALS LTD.,1,453.22929936305735,1,1,453.22929936305735,453.22929936305735
HOUSE OF DRUGS,1,453.22929936305735,1,1,453.22929936305735,453.22929936305735
KELMED PHARMACEUTICALS LTD.,1,453.22929936305735,1,1,453.22929936305735,453.22929936305735
BEJACK PHARMACY LTD.,1,453.22929936305735,1,1,453.22929936305735,453.22929936305735
UNIROB PHARMACEUTICAL LTD.,1,453.22929936305735,1,1,453.22929936305735,453.22929936305735
UNIQUE AID PHARMACY LIMITED,1,453.22929936305735,1,1,453.22929936305735,453.22929936305735
UNICHEM GH. LTD,1,453.22929936305735,1,1,453.22929936305735,453.22929936305735
HALKOM PHARMACY,1,453.22929936305735,1,1,453.22929936305735,453.22929936305735
KROBEA PHARMACY,1,453.22929936305735,1,1,453.22929936305735,453.22929936305735
KRISDOF PHARMACY,1,453.22929936305735,1,1,453.22929936305735,453.22929936305735
HEALTHY HEALTH PHARMACY LTD,1,453.22929936305735,1,1,453.22929936305735,453.22929936305735
HEALTHVIEW PHARMACY,1,453.22929936305735,1,1,453.22929936305735,453.22929936305735
REECH OPTIONS PHARMACY LIMIT,1,453.22929936305735,1,1,453.22929936305735,453.22929936305735
DANS CHEMISTS LTD.,1,453.22929936305735,1,1,453.22929936305735,453.22929936305735
POTER'S PHARMACY,1,453.22929936305735,1,1,453.22929936305735,453.22929936305735
PNT PHARMACY LTD.,1,453.22929936305735,1,1,453.22929936305735,453.22929936305735
PNT PHARMACY LTD,1,453.22929936305735,1,1,453.22929936305735,453.22929936305735
PNT PHARMACY,1,453.22929936305735,1,1,453.22929936305735,453.22929936305735
BANS PHARMACY,1,453.22929936305735,1,1,453.22929936305735,453.22929936305735
HILLS PHARMACY,1,453.22929936305735,1,1,453.22929936305735,453.22929936305735
KAIZEN PHARMACY,1,453.22929936305735,1,1,453.22929936305735,453.22929936305735
KABY CHEMISTS,1,453.22929936305735,1,1,453.22929936305735,453.22929936305735
VEOK PHARMACY,1,453.22929936305735,1,1,453.22929936305735,453.22929936305735
VALUE HEALTH PHARMACY,1,453.22929936305735,1,1,453.22929936305735,453.22929936305735
VAFY PHARMACY LTD,1,453.22929936305735,1,1,453.22929936305735,453.22929936305735
VACCIPHARM GHANA LIMITED,1,453.22929936305735,1,1,453.22929936305735,453.22929936305735
HEALTHAID PHARMACY,1,453.22929936305735,1,1,453.22929936305735,453.22929936305735
HEALTH OPTION PHARMACY (ASO,1,453.22929936305735,1,1,453.22929936305735,453.22929936305735
KINGS DOMINION PHARMACY,1,453.22929936305735,1,1,453.22929936305735,453.22929936305735
KAPTPHARM LTD.,1,453.22929936305735,1,1,453.22929936305735,453.22929936305735
BALLIS PHARMACY LTD,1,453.22929936305735,1,1,453.22929936305735,453.22929936305735
VICDORIS P'CEUTICALS LTD.,1,453.22929936305735,1,1,453.22929936305735,453.22929936305735
KENT PHARMA LTD.,1,453.22929936305735,1,1,453.22929936305735,453.22929936305735
KENBOAT PHARMACY,1,453.22929936305735,1,1,453.22929936305735,453.22929936305735
DE-MENS PHARMACY LIMITED,1,453.22929936305735,1,1,453.22929936305735,453.22929936305735
ASHTEE CHEMIST LTD.,1,453.22929936305735,1,1,453.22929936305735,453.22929936305735
WONDAMED PHARMACY LTD,1,453.22929936305735,1,1,453.22929936305735,453.22929936305735
WONDA-MED PHARMACY,1,453.22929936305735,1,1,453.22929936305735,453.22929936305735
ISHARABI PHARMACY LTD,1,453.22929936305735,1,1,453.22929936305735,453.22929936305735
JISLORD PHARMACY LTD.,1,453.22929936305735,1,1,453.22929936305735,453.22929936305735
JILIS PHARMACY,1,453.22929936305735,1,1,453.22929936305735,453.22929936305735
DIRECT PHARMACY LIMITED,1,453.22929936305735,1,1,453.22929936305735,453.22929936305735
PILLS & TAB,1,453.22929936305735,1,1,453.22929936305735,453.22929936305735
PILLPOINT PHARMACY .,1,453.22929936305735,1,1,453.22929936305735,453.22929936305735
DASWAL PHARMACY LTD,1,453.22929936305735,1,1,453.22929936305735,453.22929936305735
DAROSE PHARMACY LTD.,1,453.22929936305735,1,1,453.22929936305735,453.22929936305735
PRO-HEALTH PHARMACY,1,453.22929936305735,1,1,453.22929936305735,453.22929936305735
HERONA PHARMACEUTICALS,1,453.22929936305735,1,1,453.22929936305735,453.22929936305735
HEMINS PHARMACY LIMITED,1,453.22929936305735,1,1,453.22929936305735,453.22929936305735
HEALTHY-VITA PHARMACY LTD.,1,453.22929936305735,1,1,453.22929936305735,453.22929936305735
NEEK ROYALE PHARMACY,1,453.22929936305735,1,1,453.22929936305735,453.22929936305735
NEDA CHEMISTS LTD.,1,453.22929936305735,1,1,453.22929936305735,453.22929936305735
NEB PHARMACY,1,453.22929936305735,1,1,453.22929936305735,453.22929936305735
NEA PHARM,1,453.22929936305735,1,1,453.22929936305735,453.22929936305735
FAIRFAX PHARMACY,1,453.22929936305735,1,1,453.22929936305735,453.22929936305735
CITAACO PHARMACY LTD,1,453.22929936305735,1,1,453.22929936305735,453.22929936305735
CHRISTODIA PHARMACY LTD,1,453.22929936305735,1,1,453.22929936305735,453.22929936305735
SADASKO PHARMACY LTD.,1,453.22929936305735,1,1,453.22929936305735,453.22929936305735
DAROSE PHARMACEUTICALS,1,453.22929936305735,1,1,453.22929936305735,453.22929936305735
RANKOF PHARMACY LTD.,1,453.22929936305735,1,1,453.22929936305735,453.22929936305735
RANDAN CHEMIST LTD.,1,453.22929936305735,1,1,453.22929936305735,453.22929936305735
DESTINY LINK PHARMACY LTD.,1,453.22929936305735,1,1,453.22929936305735,453.22929936305735
JASIE PHARMACYLTD.,1,453.22929936305735,1,1,453.22929936305735,453.22929936305735
DEKAYS PHARMACY,1,453.22929936305735,1,1,453.22929936305735,453.22929936305735
DINKAL PHARMACY,1,453.22929936305735,1,1,453.22929936305735,453.22929936305735
DECENT PHARMACY LTD,1,453.22929936305735,1,1,453.22929936305735,453.22929936305735
PURELIFE PHARMACY,1,0.0,0,1,0.0,
QUICK AID PHARMACY LTD,1,0.0,0,1,0.0,
DE-GEORGES PHARMACY LTD,1,0.0,0,1,0.0,
BANDEL PHARMACY LTD,1,0.0,0,1,0.0,
BANDY CHEMIST LTD. (ANNEX),1,0.0,1,1,0.0,0.0
BCODCO PHARMACY LIMITED,1,0.0,1,1,0.0,0.0
VICAMEG PLUS PHARMACY LIMIT,1,0.0,0,1,0.0,
KASBA PHARMACY,1,0.0,0,1,0.0,
UUU,1,0.0,1,1,0.0,0.0
BECK-SONS PHARMACY LTD,1,0.0,0,1,0.0,
KLINICAL KORNER PHARMACY,1,0.0,1,1,0.0,0.0
WELGREENS PHARMACY LTD,1,0.0,0,1,0.0,
BENAMP PHARMACY LTD,1,0.0,1,1,0.0,0.0
KRENSEN PHARMACY LIMITED,1,0.0,1,1,0.0,0.0
LIBAWS CHEMISTS LTD.,1,0.0,1,1,0.0,0.0
BEST CHOICE PHARMACY,1,0.0,1,1,0.0,0.0
KUNSU PHARMACY,1,0.0,1,1,0.0,0.0
BIG-BOSK PHARMACY LTD,1,0.0,1,1,0.0,0.0
GRAMOF PHARMACY LTD.,1,0.0,1,1,0.0,0.0
LUCKY DEVELOPMENT PHARMACY,1,0.0,0,1,0.0,
BONYARK PHARMACY LTD.,1,0.0,1,1,0.0,0.0
GREENHEAL PHARMACY LTD,1,0.0,0,1,0.0,
SURE SAVE PHARMACY,1,0.0,1,1,0.0,0.0
LYKAL PHARMACY LTD,1,0.0,1,1,0.0,0.0
AKWAABA PHARMACY LTD.,1,0.0,1,1,0.0,0.0
ARISTOMED PHARMACY LTD,1,0.0,0,1,0.0,
MEDLANE J. C. PHARMACY,1,0.0,1,1,0.0,0.0
MEDICAP PHARMACY(MIM BRAN,1,0.0,1,1,0.0,0.0
FREDYPHARMA LTD,1,0.0,1,1,0.0,0.0
FREEDOM LIFE PHARMACY LTD,1,0.0,1,1,0.0,0.0
CARDINAL HEALTH PHARMACY LT,1,0.0,0,1,0.0,
CARE CHANNEL PHARMACY LIMIT,1,0.0,0,1,0.0,
SHAPELIFE PHARMACY LTD,1,0.0,1,1,0.0,0.0
MEDISAVE PHARMACY LTD.,1,0.0,1,1,0.0,0.0
SERAPHIM PHARMACY,1,0.0,1,1,0.0,0.0
MENTOCARE PHARMACY LTD,1,0.0,1,1,0.0,0.0
FIRST RATE PHARMACY LTD,1,0.0,0,1,0.0,
AMAZING PHARMACY,1,0.0,1,1,0.0,0.0
MORTON CHEMISTS,1,0.0,0,1,0.0,
FALLING LEAF PHARMACY,1,0.0,1,1,0.0,0.0
ND PHARMACY LTD,1,0.0,1,1,0.0,0.0
WILLIE KINGS CHEMISTS,1,0.0,1,1,0.0,0.0
JOEPHIL PHARMACY LTD,1,0.0,0,1,0.0,
CINDIKE PHARMACY,1,0.0,1,1,0.0,0.0
CINDIKE PHARMACY LTD.(ASAMA,1,0.0,1,1,0.0,0.0
NEKOYOE PHARMACY LIMITED,1,0.0,0,1,0.0,
ESKAY THERAPEUTICS LIMITED 9T,1,0.0,0,1,0.0,
CLEMED PHARMACY LTD,1,0.0,1,1,0.0,0.0
NYA ASEM HWE PHARMACY LTD,1,0.0,1,1,0.0,0.0
CURE PHARMACY LTD,1,0.0,1,1,0.0,0.0
OSAA DINPA PHARMACY,1,0.0,1,1,0.0,0.0
RICH-ZION PHARMACY LTD,1,0.0,1,1,0.0,0.0
AF HELLELUYAH PHARMACY LTD,1,0.0,1,1,0.0,0.0
DE ROYAL CHEMIST LTD,1,0.0,0,1,0.0,
DASCHEN PHARMACY LIMITED,1,0.0,1,1,0.0,0.0
JKN PHARMACY,1,0.0,1,1,0.0,0.0
J & J PHARMACY LTD,1,0.0,0,1,0.0,
J & P WELL-CARE PHARMACY LTD,1,0.0,0,1,0.0,
WOEZOR PHARMACY LTD,1,0.0,0,1,0.0,
ASHBYS LIMITED,2,0.0,1,1,0.0,0.0
JENARK PHARMACY LTD.,1,0.0,1,1,0.0,0.0
